date,National,Labour,Green,ACT,NZ First,Te Pāti Māori,TOP
2023-10-14,37.751296658615644,26.759390865549186,12.251598318282303,8.83738507892094,6.233307123477172,3.111858053697585,2.5067016372165143
2023-10-15,37.730534264771876,26.728061483938426,12.29121464812757,8.863051215599649,6.248587211934246,3.1114792103555144,2.5277204326258165
2023-10-16,37.709312536653464,26.693313496275945,12.33159035830228,8.890983209149196,6.265006629245779,3.1107843541669697,2.5495785450906987
2023-10-17,37.68773450066943,26.655016674123292,12.372516594982326,8.921231690318809,6.282573544526191,3.1097431186621844,2.5722109116053433
2023-10-18,37.66591314144176,26.613069713729363,12.413766100230667,8.953826320794281,6.301284712122655,3.1083268877969075,2.595540479233347
2023-10-19,37.64396959423533,26.567404084658282,12.455096943449732,8.988773930614451,6.3211248685391785,3.1065095052333995,2.6194791318524597
2023-10-20,37.6152220023842,26.531835335238537,12.485963358421506,9.00890753157073,6.352734347793625,3.1157720586348345,2.643929024819596
2023-10-21,37.59228796817452,26.481676055895264,12.52445369251926,9.044954270398469,6.376597194018823,3.1152830092698194,2.6687842942566
2023-10-22,37.5694624432078,26.42842538872321,12.561831082061946,9.08256295089632,6.401738731354985,3.114709035263578,2.693933082950733
2023-10-23,37.53860729582438,26.348959002856432,12.613256944924544,9.123552562896085,6.425840957529052,3.1241515049858997,2.726159715675612
2023-10-24,37.51487814592772,26.286039151502187,12.650229810436985,9.163784696715197,6.45281133838099,3.1254920378189244,2.7527294421380204
2023-10-25,37.49135272058519,26.22017263284851,12.685594398050437,9.204835762141563,6.480782602436411,3.1272383870506606,2.7794148001633316
2023-10-26,37.468089190765625,26.151649168771097,12.7191224032102,9.24638639966999,6.509667590579791,3.1295118488578586,2.8061229319185017
2023-10-27,37.44512970105043,26.08080339577935,12.75061097623022,9.288084224116135,6.539370086406165,3.1324489966716005,2.832768346997263
2023-10-28,37.422498646853995,26.00801120352846,12.779886583374836,9.329546819216066,6.569786022069912,3.1362013528480603,2.85927498067158
2023-10-29,37.40020151340547,25.93368545502974,12.806808016021655,9.37036519673473,6.600804646997829,3.140934707369129,2.88557792311708
2023-10-30,37.378224326665126,25.85827125941796,12.831268510310224,9.410107655672508,6.632309591704275,3.146828049819992,2.911624767219494
2023-10-31,37.35653374219262,25.782240945561526,12.85319699135675,9.448324005583501,6.664179773868444,3.1540720763266794,2.937376544888754
2023-11-01,37.33507777618002,25.706088846109168,12.872558499685708,9.484550153836954,6.696290113692726,3.162867227986691,2.9628082431252114
2023-11-02,37.31378716455974,25.630325951851848,12.889353889379239,9.518313094874905,6.728512048732163,3.173421213171148,2.987908909526941
2023-11-03,37.2925773215832,25.55547444194331,12.903618905554657,9.549136374340932,6.760713863064197,3.18594596498058,3.012681371175107
2023-11-04,37.271350857969,25.482062043648657,12.91542275280807,9.576546126238524,6.792760870013841,3.200653989497871,3.0371416002058487
2023-11-05,37.25000060934945,25.41061613303213,12.924866257428336,9.600077791039654,6.824515509872113,3.2177540728185505,3.0613177638361204
2023-11-06,37.22841311656422,25.34165746202376,12.932079707016879,9.619283611597647,6.855837442445501,3.237446337486464,3.085248996690564
2023-11-07,37.20647248850172,25.275693393280104,12.937220425138415,9.633740967754232,6.886583727246462,3.259916673690809,3.108983929957264
2023-11-08,37.184064564097575,25.213210546303344,12.940470109877124,9.643061547485042,6.916609190175821,3.285330618128709,3.1325790064700896
2023-11-09,37.16108127185534,25.154666808426725,12.942031938021506,9.646901262718568,6.945767073296253,3.3138268130085877,3.15609660473141
2023-11-10,37.137425062979936,25.10048274181102,12.942127415265535,9.64497070534888,6.973910052648156,3.3455102464421205,3.1796029896536044
2023-11-11,37.1130132693206,25.05103251849464,12.940992941003367,9.63704581115594,7.000891687369022,3.38044554824507,3.2031661048482354
2023-11-12,37.08778221261316,25.006634631978987,12.938876056811596,9.622978268298793,7.026568331735987,3.418650684278892,3.226853221895637
2023-11-13,37.061690871062865,24.96754275410565,12.93603136202834,9.602705088612554,7.050801501299104,3.4600914481528013,3.2507284671711063
2023-11-14,37.03472389804281,24.933937215015543,12.932716107702138,9.57625667269841,7.07346063746456,3.5046771804245336,3.2748502570617193
2023-11-15,37.00689379066633,24.9059176646469,12.929185519344488,9.543762662863458,7.0944261656064045,3.5522581417788057,3.2992686877905113
2023-11-16,36.97824202747041,24.88349750955313,12.925687945067635,9.505454907910371,7.113592695198654,3.6026249197505136,3.32402294585273
2023-11-17,36.94883903678315,24.86660069488088,12.92245997273593,9.461666971014674,7.130872172539867,3.6555101546236397,3.34913882766337
2023-11-18,36.91878292006651,24.855061310415632,12.919721700511996,9.412829797337702,7.146196773356619,3.710592731765748,3.3746264798542396
2023-11-19,36.88819693374213,24.848626342837726,12.917672372390486,9.359463410667884,7.1595213188374816,3.7675044147875774,3.4004784912653996
2023-11-20,36.85722582149037,24.84696168521366,12.916486597952666,9.302164805228541,7.170825017251026,3.8258387034575603,3.426668479905838
2023-11-21,36.82603117696055,24.849661270594243,12.916311360076552,9.24159250696164,7.18011237405031,3.8851615141842393,3.4531503186955397
2023-11-22,36.79478609337152,24.85625894792173,12.91726397551063,9.178448560097756,7.187413172744596,3.94502312271512,3.4798581288965758
2023-11-23,36.76366941155223,24.866242496491626,12.919431114554092,9.113458912919794,7.192781500290811,4.004970699656677,3.506707137513459
2023-11-24,36.73285990420683,24.879069008478655,12.922868914316613,9.047353302524474,7.196293865739611,4.0645607242613675,3.53359544466958
2023-11-25,36.721164831954965,24.909382236164863,12.912741831614124,8.975725533297217,7.191117297477592,4.12110121761087,3.560406682117379
2023-11-26,36.695733871631965,24.929476544752802,12.915473343729014,8.908720733305282,7.189698447780499,4.177935401712506,3.5870134708007058
2023-11-27,36.67195592418133,24.95136369262682,12.91881709743263,8.842551370901345,7.186470270737123,4.233026823157054,3.613281512486243
2023-11-28,36.65011260242711,24.974629164130036,12.9226094721357,8.777785403112441,7.181521425604796,4.286023213282943,3.6390740878972823
2023-11-29,36.62528767413058,24.99201930177338,12.931374874951846,8.715189229014715,7.17883198238991,4.341123170654626,3.6726606702450724
2023-11-30,36.6090742659022,25.01835807764655,12.934577459421405,8.65442017332327,7.169961461312523,4.388357022132739,3.695809042701513
2023-12-01,36.595526507678954,25.044946584652024,12.937671353717496,8.596397697670314,7.159740131859136,4.432777530842916,3.718274804075706
2023-12-02,36.58497032794647,25.071675769205278,12.940333132720164,8.541365482480508,7.148207410300091,4.4741935631441505,3.739937706386858
2023-12-03,36.577746718284835,25.098511319549704,12.94220936746188,8.489497049784093,7.135388559654978,4.512447358445577,3.7606950412156155
2023-12-04,36.58033748632757,25.112079487886174,12.95389205641518,8.43686101046597,7.116478788338428,4.547205923968193,3.7858909999592423
2023-12-05,36.582308325486075,25.136073692802736,12.955565029066275,8.39088360674518,7.100057613351254,4.5785550816578535,3.805784438002365
2023-12-06,36.58905369688948,25.15980131315341,12.955759217004209,8.348104970312301,7.0821243996677365,4.6063512294230735,3.824816409619549
2023-12-07,36.60106490842982,25.183383685679974,12.954105253486498,8.308452309738724,7.062598831973271,4.630504307218536,3.8430066307113933
2023-12-08,36.618871822315036,25.206986785221265,12.950220577098117,8.271809462690618,7.041377560660399,4.6509297182309055,3.86040025980144
2023-12-09,36.64304147016007,25.230813042377278,12.943713510484145,8.238023310298319,7.018335816373834,4.667544590327489,3.87706703058619
2023-12-10,36.674172746652836,25.25509145318297,12.934189403365183,8.206909884489113,6.993330450087267,4.680265547535113,3.893100081057245
2023-12-11,36.71288604595574,25.280065769558547,12.921259468542557,8.17826011904837,6.9662046707,4.689008389589422,3.9086145532927747
2023-12-12,36.75980667331623,25.305980546265975,12.904552920243935,8.151845282924514,6.936794765920884,4.693690056784699,3.923745976288318
2023-12-13,36.8155409624629,25.33306488167467,12.883732913931361,8.127422207572629,6.904939063235176,4.694233206434581,3.9386483666981906
2023-12-14,36.880644330811826,25.361513853297957,12.858516547285834,8.104738472757063,6.870489292685602,4.690573623919251,3.9534918944544635
2023-12-15,36.95558108815739,25.391467938156566,12.828698776323423,8.083537739719162,6.833324328230913,4.682670510884239,3.968459869759681
2023-12-16,37.04067674500171,25.422991132594134,12.794179504918448,8.063565408308737,6.793365991575835,4.670519414571923,3.9837447270990154
2023-12-17,37.13606486297759,25.456049029924877,12.754992328948608,8.044574717153687,6.750596199244373,4.654167177413753,3.999542629441602
2023-12-18,37.24163208442782,25.490488720020494,12.71133252054551,8.026333298004584,6.705074246009786,4.633727812110848,4.016046318670158
2023-12-19,37.358910073352604,25.51092085883418,12.657394071187095,8.008132603585327,6.660529089299801,4.615981897462453,4.046623129335483
2023-12-20,37.48348976830139,25.549864506656576,12.606959588065845,7.990791239022853,6.609225784683627,4.586800504286905,4.063136343241443
2023-12-21,37.62810962727762,25.60274611390783,12.531765973007703,8.009049261149483,6.546497234280343,4.540680975394381,4.081040458357222
2023-12-22,37.76859496387204,25.643395696929854,12.472019645516637,8.00040461157463,6.490201410507838,4.502977250649994,4.100381015785795
2023-12-23,37.914234786497325,25.70574935130904,12.40800952739418,7.9865196056363,6.431267102572085,4.465864270144108,4.078513405829538
2023-12-24,38.06060275025806,25.747913485739872,12.346506612589243,7.979821624471894,6.373676700290531,4.424931821199485,4.090027211490212
2023-12-25,38.206605182060926,25.788032961496008,12.28613469878801,7.974858399857222,6.316512261049791,4.383122003614965,4.100637959837601
2023-12-26,38.34978924518051,25.82542473295388,12.22814927074986,7.971824872456846,6.260500163181004,4.341166641009626,4.10989341750484
2023-12-27,38.487778513355956,25.859494760590916,12.173708564360139,7.970929174664791,6.2063382807531875,4.299779762132056,4.117309890871955
2023-12-28,38.62418850887957,25.91507971393632,12.121858139803635,7.948958394759141,6.145109991441813,4.268722481944785,4.130154861665947
2023-12-29,38.72013670700492,25.921221306884224,12.098403694965498,7.9831125930333835,6.10627988840421,4.223779735417071,4.074595482207725
2023-12-30,38.823751897275464,25.936037462105713,12.06447390287215,7.998443874533303,6.064683594979473,4.185755917164426,4.061695049263095
2023-12-31,38.91458966453241,25.94702812623406,12.037293389855767,8.016570447961431,6.026957134251341,4.15066050451741,4.044386115377285
2024-01-01,38.992047250291954,25.954348281616948,12.016863825095461,8.0377301560498,5.993282560955493,4.118642219370937,4.022526515956077
2024-01-02,39.055935269036155,25.95831366277109,12.002955341047139,8.06211415570067,5.963716606139659,4.089733345814128,3.996097013817704
2024-01-03,39.10642728424222,25.959370358808275,11.995144936857098,8.08986563407528,5.938207176108358,4.063864364314504,3.965187110010312
2024-01-04,39.14399515947005,25.958060424169748,11.99286106980405,8.12108027428726,5.9166141307696805,4.040882944647577,3.929974254826578
2024-01-05,39.169339200993385,25.954987016280587,11.995429358680456,8.155807701751852,5.89873151779506,4.020574716553225,3.8907007202667003
2024-01-06,39.18332040159929,25.950781696827814,12.002115520587955,8.194053240702747,5.884308981558273,4.002683691044997,3.8476517382955957
2024-01-07,39.18689984401478,25.946075555272124,12.0121630489119,8.235779500408606,5.873070772193254,3.986930822635227,3.8011372997952324
2024-01-08,39.181088077097854,25.941474940890576,12.024824417898419,8.280907535319947,5.864731480217771,3.9730298265955675,3.751478705435997
2024-01-09,39.1669053921035,25.937541932343194,12.039385597861639,8.329317537789201,5.8590082079257755,3.9606998937406495,3.698999882941256
2024-01-10,39.14535255616521,25.93477925900015,12.055184329813367,8.380849197419673,5.855629313668271,3.9496753322307536,3.6440227757908272
2024-01-11,39.11739071240215,25.93361918826794,12.071622965155216,8.435301983587603,5.854340128861363,3.9397124086967126,3.5868657625031357
2024-01-12,39.08392875003967,25.934415852511243,12.088176793207685,8.492435674046321,5.854906176343078,3.930593782341072,3.5278440010206964
2024-01-13,39.04581636843602,25.93744054631874,12.10439873680046,8.551971466079943,5.857114448835042,3.922130958619426,3.4672707062262944
2024-01-14,39.00384119175165,25.942879625255323,12.119921166770192,8.613593974185822,5.860773273072074,3.914165166588755,3.405458570592716
2024-01-15,38.95872854117691,25.95083473947784,12.134455426785522,8.676954348246758,5.8657112174279655,3.9065670132596044,3.3427207652279853
2024-01-16,38.91114276897727,25.961325212827322,12.1477895091066,8.741674648250328,5.871775419225835,3.8992352088998117,3.279371173719809
2024-01-17,38.8616893561305,25.974292416813846,12.159784201949495,8.807353496471555,5.878829625548766,3.8920946014272335,3.2157236960875237
2024-01-18,38.8109172444933,25.989605986940298,12.170367949163165,8.873572907181153,5.886752165639084,3.885093711955976,3.152090608686446
2024-01-19,38.76091137075201,25.997299346015758,12.180339661432065,8.950691112842465,5.8944649203309964,3.8706989615108878,3.0833705186795504
2024-01-20,38.706940565410456,26.0177686407521,12.186808894268927,9.015703098103899,5.905933266918404,3.863709965271671,3.02018969521057
2024-01-21,38.65099638102032,26.046096924010058,12.198203642435981,9.076561247965806,5.918129396293111,3.856577809026947,2.9579185764300076
2024-01-22,38.603659834021705,26.079256892202547,12.195746611010371,9.13840546339724,5.930314997867652,3.8466336831934513,2.8927243387826302
2024-01-23,38.549711500475674,26.10176382344523,12.201728543663288,9.199848694295909,5.9431184735409746,3.8398226782110987,2.833829566167599
2024-01-24,38.49705800838548,26.125064500248282,12.206726287326767,9.259271277344531,5.956282661860323,3.8328328836953225,2.7765226635090046
2024-01-25,38.44582311192988,26.148764855790194,12.210988336662371,9.316326576726336,5.969789337113592,3.825707346888028,2.721034225963349
2024-01-26,38.395001557291295,26.163617433440816,12.218353803141293,9.37665898789691,5.98506370131762,3.8175858786798917,2.6668571136055896
2024-01-27,38.346838478178135,26.18524827516812,12.222543420952794,9.429053043228691,5.9994269554632975,3.8101458566579103,2.615717632642839
2024-01-28,38.30035298639304,26.20591761036927,12.226814835921331,9.478417947430188,6.014105883740956,3.802638891328113,2.566972983168987
2024-01-29,38.25558912016469,26.225294603785667,12.23138958389153,9.52459322875195,6.029086269383901,3.7950756405055306,2.520745589016445
2024-01-30,38.212573162709056,26.243084064208585,12.236469673246106,9.56746388062522,6.044355328670982,3.7874572739465924,2.477128129128737
2024-01-31,38.17131589733196,26.25902870885633,12.24223511152311,9.606958375642954,6.059901820079984,3.7797753011316635,2.436184660618839
2024-02-01,38.131815172916525,26.272910106740497,12.248842264418212,9.643045770628753,6.0757160088013995,3.7720116440290545,2.3979523371417275
2024-02-02,38.094058639471335,26.28454847731181,12.256422968772183,9.675732176770687,6.0917894832066475,3.7641389319057414,2.3624435889917117
2024-02-03,38.05802652249871,26.29380155686603,12.265084292203422,9.705056861212219,6.108114824879811,3.7561209941605664,2.3296486274047314
2024-02-04,38.023694318951044,26.300562760891967,12.274908816269074,9.731088222364015,6.124685138338518,3.7479135292908285,2.2995381394592713
2024-02-05,37.99103531410062,26.304758868324896,12.285955316433322,9.753919845277313,6.141493450769335,3.7394649327070884,2.272066050103188
2024-02-06,37.960022835777636,26.306347437003346,12.29825971889433,9.773666800307087,6.158531996261838,3.7307172722798323,2.2471722424302234
2024-02-07,37.9306321787379,26.305314132283005,12.31183622925861,9.790462302009432,6.175791403451901,3.721607407270979,2.2247851447035973
2024-02-08,37.90284214665404,26.30167011633892,12.32667854881354,9.804454798970795,6.193259810447327,3.7120682527043445,2.204824111309457
2024-02-09,37.87663617226322,26.295449607344494,12.34276111847037,9.815805521430153,6.2109219365663035,3.7020301963257705,2.1872015436618404
2024-02-10,37.85200298797415,26.286707678069057,12.360040356233746,9.82468647378784,6.2287581467502555,3.691422678208738,2.1718247152503767
2024-02-11,37.828936830557474,26.275518324594124,12.378455879389374,9.831278824547246,6.246743551256666,3.680175942954826,2.158597282015287
2024-02-12,37.807437175457885,26.26197279954435,12.397931725729086,9.835771617778908,6.264847189851746,3.6682229705938476,2.147420474803165
2024-02-13,37.78750800982426,26.246178171980084,12.418377607406764,9.838360708625347,6.283031355370131,3.655501584125527,2.138193984732259
2024-02-14,37.76915666937109,26.22825604935413,12.439690244892038,9.839247811516753,6.301251115088858,3.641956718814249,2.1308165648949733
2024-02-15,37.75239228302549,26.20834137715804,12.461754835563651,9.838639544543415,6.319454088605577,3.627542820855064,2.1251863829600337
2024-02-16,37.737223890654946,26.18658122051895,12.484446710635412,9.83674635767758,6.337580536534891,3.612226321379612,2.1212011688344714
2024-02-17,37.72365832187919,26.16313343035184,12.507633224683284,9.83378124682387,6.3555638042785185,3.5959881071312805,2.118758209390699
2024-02-18,37.71027251294828,26.1371440541969,12.535996862489124,9.823829616914823,6.373160266026702,3.5815133588907195,2.1161320650330495
2024-02-19,37.699617637434976,26.110672234126152,12.560785001611587,9.817977115417671,6.390545107354524,3.5641508796693033,2.1160895285445624
2024-02-20,37.69049228207218,26.0830248061903,12.585836846664755,9.811413677980466,6.407526588602502,3.546091944825471,2.1171937685285203
2024-02-21,37.68286182569721,26.05438832314499,12.61104105062492,9.804297211731487,6.424015675428696,3.5274338261643687,2.11932214553658
2024-02-22,37.67667779410203,26.024951017585682,12.636294409417292,9.796771215086547,6.439923086812139,3.5083029067726685,2.12234845469596
2024-02-23,37.66894186193489,25.99115622348854,12.662352632420816,9.79199445407545,6.452769380399029,3.49487185271875,2.1257141029025144
2024-02-24,37.65809724191363,25.955021998884753,12.693952406796265,9.788701993048257,6.468405486061034,3.476522227739402,2.130025965687766
2024-02-25,37.65621260368126,25.92422603317386,12.717876862367817,9.78075462442563,6.481058852636105,3.458913301372421,2.1348055535929205
2024-02-26,37.655079971238166,25.893076185526066,12.741750095448394,9.773059793223121,6.492709834522621,3.442037879278976,2.139907749725072
2024-02-27,37.654578242469135,25.861727917326395,12.765522379109822,9.76565445886624,6.503271206035823,3.4262229765243415,2.1451851664240595
2024-02-28,37.65456891050556,25.83032081664048,12.789166274360511,9.75855126303612,6.512664432807519,3.4118189764598084,2.1504892517731116
2024-02-29,37.654898345132935,25.798977614626335,12.812676455585924,9.751737880407479,6.520820260189284,3.399193459573994,2.1556715804218136
2024-03-01,37.65540034497543,25.767803819519447,12.836068852895837,9.745177123114198,6.527678834130158,3.388724152197769,2.1605852863470236
2024-03-02,37.65589882957753,25.736887990495134,12.85937913773043,9.73880779463991,6.533189390210833,3.3807912342415194,2.1650865956451626
2024-03-03,37.65621055654452,25.706302629354067,12.882660606067128,9.732546256528789,6.537309584153336,3.3757692547046263,2.1690364237541395
2024-03-04,37.6554262452683,25.68381949622327,12.90053829454364,9.730960249920356,6.5411377021506745,3.370897919491849,2.165512276795443
2024-03-05,37.65492544380228,25.65264395740897,12.924979481268705,9.723750257847176,6.54218133591127,3.373298257838735,2.169172653979214
2024-03-06,37.65364994322731,25.622175870222122,12.949459358895734,9.716424401443419,6.541777779005478,3.379541660789167,2.171714652557252
2024-03-07,37.6514165576614,25.592405637940768,12.974096929773468,9.708817000397284,6.539905164222347,3.3899057287601813,2.17306207237345
2024-03-08,37.64334141878956,25.575990523273934,13.001866541171847,9.69304758348656,6.529874285524838,3.4057523515483745,2.1693093195963424
2024-03-09,37.637568475487555,25.550681416791708,13.027748265656607,9.68257771411931,6.523453566712503,3.4251782258902996,2.1671966034351375
2024-03-10,37.63010640020579,25.52672000023743,13.054211940056877,9.670958987887374,6.51520355584536,3.449241972156046,2.1635622284947735
2024-03-11,37.620772188844185,25.504230745394967,13.081353003216217,9.65797795409701,6.505066167023464,3.4779761019131996,2.158360977741526
2024-03-12,37.609396170918885,25.483361495483457,13.109247787443337,9.64343076252495,6.492983719236395,3.511334120262269,2.1515655366680995
2024-03-13,37.59582618092445,25.46428484598071,13.13794905967084,9.627129086331678,6.4789009359503655,3.5491849860582843,2.1431689020189437
2024-03-14,37.579932288501276,25.44719842929244,13.167481756670266,9.60890641060518,6.4627676382236725,3.591309291997202,2.133186528466648
2024-03-15,37.56161197729813,25.432323887675437,13.197839138008865,9.58862450530179,6.444542045167751,3.6373977645109288,2.1216580062684307
2024-03-16,37.52939263006538,25.444315616251853,13.225021778023802,9.557915572240791,6.422828433099966,3.688356309453701,2.108648046007749
2024-03-17,37.50344177757668,25.44042987362819,13.255802965078288,9.53138671314719,6.4001116016140385,3.7411202212100667,2.0942465557944314
2024-03-18,37.47447823322158,25.44071598787784,13.286919628298943,9.502271152948031,6.375251524276537,3.796334495818971,2.0785676370079362
2024-03-19,37.44249345660976,25.445631196369206,13.318170084727274,9.47055791246025,6.348286837476739,3.85335116987769,2.0617473974831775
2024-03-20,37.40752588037925,25.45563969401567,13.349313068175237,9.436286586647045,6.319286290321469,3.911471767243856,2.043940580703635
2024-03-21,37.363376217275075,25.464354101624483,13.392418681584356,9.38742654307065,6.29198229793607,3.975721754806683,2.0253161247466576
2024-03-22,37.29920463326663,25.532609860150988,13.415693025911702,9.358515226345204,6.253382914134845,4.021323268929806,2.0101107510476677
2024-03-23,37.252712457746476,25.575910850813568,13.439909487162376,9.318137500718601,6.217393706749381,4.076043785203725,1.9904497455909191
2024-03-24,37.203077336285794,25.62749740998221,13.462695417394622,9.276003375594753,6.180031897404091,4.128413204561472,1.9707523182910016
2024-03-25,37.15053974904447,25.687900652172438,13.483619580149206,9.23241558182395,6.141505880145133,4.177752696572411,1.9511992987055036
2024-03-26,37.095371574827524,25.75755348532533,13.50227124381891,9.187699772519618,6.102049807569122,4.2234500839204925,1.9319624462348108
2024-03-27,37.03786735528062,25.836775009492648,13.518272959332355,9.142192651076112,6.061916615110936,4.264974385154316,1.913200224126819
2024-03-28,36.98269730617379,25.93881876514314,13.525413756876675,9.087560148121094,6.016955532974289,4.302891098751305,1.8929750459531347
2024-03-29,36.91739954331123,26.029786875941845,13.540735578838301,9.045997113798556,5.976929318152726,4.3367550389806295,1.8758451450318412
2024-03-30,36.85440902633044,26.13776573528772,13.547105842092042,9.0006837000489,5.936906045961806,4.363052487504364,1.8595610399148568
2024-03-31,36.790419176070195,26.255307957170896,13.549800831495297,8.955754962629655,5.897197442708416,4.3840401016035555,1.8441773272365747
2024-04-01,36.72568184974805,26.382067804550694,13.548739950604347,8.911454238187988,5.85804136750243,4.39967020375827,1.8297610497240366
2024-04-02,36.66043471564539,26.517573531724388,13.543900531542443,8.867993202347417,5.819658234362085,4.409973019022306,1.8163643622886998
2024-04-03,36.594900461484784,26.661235049736018,13.535314325391605,8.825552613913473,5.782248600879542,4.415049381434299,1.8040263660204507
2024-04-04,36.529287642551836,26.812353316901767,13.523062572709488,8.784284963251453,5.745992004969571,4.41506258495348,1.792775161927239
2024-04-05,36.463792742861486,26.970131110581143,13.507270207690803,8.744318467151608,5.711046823528724,4.410229924771914,1.782629929184333
2024-04-06,36.398602940311285,27.133685000869715,13.48809968914471,8.705761803621039,5.677550870601937,4.400814334063807,1.7736028637568126
2024-04-07,36.333899055555,27.302058480836276,13.465744848837904,8.668709003597748,5.6456224419239485,4.387116378046419,1.7657008514693415
2024-04-08,36.26985821447653,27.474236280993953,13.440425027230843,8.633243995944133,5.615361539736058,4.369466740230201,1.7589267901639607
2024-04-09,36.20665584989086,27.64915989420022,13.412379649357476,8.599444417437597,5.58685106520911,4.348219236666564,1.7532805150170372
2024-04-10,36.14446679132393,27.825744264288854,13.381863294818704,8.567384431638706,5.560157833320387,4.323744328026651,1.748759317107678
2024-04-11,36.08346532476464,28.002895464622007,13.349141244107685,8.537136433260011,5.53533333539104,4.296423066129793,1.745358076634843
2024-04-12,36.02382423176921,28.17952903782226,13.314485441135096,8.508771635738958,5.5124142387157855,4.266641406682842,1.7430690580985935
2024-04-13,35.96571292716992,28.35458851526776,13.278170796449459,8.48235964090096,5.491422664592076,4.234784836507038,1.7418814349564313
2024-04-14,35.90929489855404,28.527063512806286,13.240471761687155,8.457967166162769,5.472366322115317,4.201233293228189,1.7417806255278756
2024-04-15,35.854724704067024,28.696006729610836,13.201659126127673,8.435656154810335,5.4552385943227275,4.166356390077583,1.7427475300721091
2024-04-16,35.802144806966524,28.860549172926515,13.161997013555256,8.415481518888232,5.440018676600724,4.1305089908155725,1.7447577608806828
2024-04-17,35.75168251789597,29.019912994880794,13.121740085418711,8.39748876433596,5.426671857159782,4.094027204198378,1.7477809529368322
2024-04-18,35.70344728382893,29.173421450801456,13.081130979470672,8.38171172776166,5.4151500092339395,4.057224880268854,1.751780232505472
2024-04-19,35.65410975093514,29.32839396334495,13.044269828003097,8.364540347287338,5.40095500788082,4.023783252834982,1.755768657369205
2024-04-20,35.60608452238878,29.47036991569488,13.00036063285201,8.3547925386856,5.392257917335728,3.986449882292902,1.7617729266908615
2024-04-21,35.56605565682056,29.601318989287083,12.959033830361651,8.349722324705038,5.38734294071913,3.949861819445462,1.7653310589853708
2024-04-22,35.52864581935702,29.725030010182945,12.918926399539384,8.343953501065167,5.383335114107176,3.9140682512734917,1.772122022273159
2024-04-23,35.49349883823764,29.841200725339956,12.879517687735884,8.340431647365513,5.380622798062007,3.8792572663346996,1.7794278628019187
2024-04-24,35.46063205464181,29.949752807968107,12.840934611791111,8.339126030856221,5.379128055499762,3.8455635717773546,1.7871512814868042
2024-04-25,35.425266757148606,30.06378582268326,12.80175715397385,8.333043370414675,5.376300058983101,3.8137877265842177,1.7931928757677813
2024-04-26,35.396909380580375,30.148851560633563,12.770001365552204,8.339104386140477,5.377770827468845,3.7817041247928085,1.8042185886745863
2024-04-27,35.37138722615962,30.231397602697037,12.735819157998991,8.345585748342,5.379848835323797,3.7517457783847448,1.8133397329669958
2024-04-28,35.34787809833902,30.30675121541423,12.703045382043792,8.353926199750404,5.38272558666702,3.723269317160405,1.8224460502851338
2024-04-29,35.32633256460228,30.37502676766318,12.671787252488748,8.364093610952057,5.38632027672985,3.6963069083762377,1.8314305522905965
2024-04-30,35.30668918705938,30.436365142178516,12.642149769679655,8.376049978442179,5.390552522188793,3.6708805961986606,1.8401821503615974
2024-05-01,35.28887727257554,30.490922240953232,12.614238257601903,8.389754023953952,5.395343659327675,3.647004705370088,1.8485865295920418
2024-05-02,35.27281939534328,30.53885824336062,12.588161086575647,8.405163500130728,5.400617791234907,3.624688275236641,1.8565269567702227
2024-05-03,35.26439455526788,30.576891751364595,12.565206555422977,8.418406944086975,5.407901441969604,3.6031189140151314,1.8626004592560153
2024-05-04,35.25299569590657,30.611154594098974,12.543497511198513,8.436146827302807,5.41428299145625,3.5838112086526754,1.868928746266729
2024-05-05,35.24340290673532,30.639019044657452,12.52407835383362,8.45524621308452,5.421014131808627,3.566062661880064,1.8743644081207897
2024-05-06,35.23559101919903,30.660542474402977,12.507111978559308,8.475621448114156,5.428048057309703,3.54987991130173,1.878777739363699
2024-05-07,35.2295462104401,30.675746149672786,12.4927774954388,8.497181856719942,5.435344116681567,3.53527311487757,1.8820410992191747
2024-05-08,35.2252677300993,30.684612639195507,12.481270454277103,8.51982713877048,5.442867640569861,3.522256513047715,1.8840312682288187
2024-05-09,35.22276921397998,30.687085467370146,12.472801621872481,8.543444013897053,5.450589575521745,3.5108483373807213,1.88463253397681
2024-05-10,35.222079490196265,30.68307139685808,12.46759390819539,8.567902219332787,5.45848593098884,3.5010699548188153,1.883740596928082
2024-05-11,35.22324275349885,30.672445777844892,12.465877031734996,8.593050058060264,5.466537046484199,3.492944145315368,1.8812673185428535
2024-05-12,35.226317954805744,30.6550614204811,12.467879559489871,8.618709806627756,5.474726689798722,3.486492436995189,1.8771462301872894
2024-05-13,35.231377232071274,30.63076140316176,12.473818079014704,8.644673422646727,5.483041005364885,3.481731474612752,1.8713385831783311
2024-05-14,35.23850320444543,30.599396089451663,12.483883482530976,8.670699126912417,5.491467345239603,3.4786684805630013,1.8638395558455385
2024-05-15,35.2477849752365,30.56084435735909,12.498224681279348,8.696509549982757,5.4999930336667155,3.4772959856423253,1.8546840620760099
2024-05-16,35.25931275229837,30.515038621347546,12.516930516853824,8.72179219284797,5.508604138248495,3.4775861543611697,1.8439514589905421
2024-05-17,35.27317110698701,30.461992646118983,12.540011157772131,8.746202913923993,5.517284343006367,3.479485191116138,1.8317683704917576
2024-05-18,35.289431058511894,30.40183044488192,12.567380785493215,8.76937297996843,5.526014035693581,3.482908460276268,1.8183088717976843
2024-05-19,35.303687540025734,30.346334095945373,12.592757934951488,8.79575812097138,5.53244254123526,3.484354478670289,1.804520788425663
2024-05-20,35.325652500230746,30.270812442199706,12.629146120365139,8.81450887045832,5.541622815836452,3.4910365315935357,1.7890232185612869
2024-05-21,35.3499471975622,30.189773813925367,12.668701818185518,8.830991560154118,5.550702765690605,3.4986907879364115,1.7730455250537185
2024-05-22,35.38373783902741,30.09030869158214,12.710090049375086,8.845855125850086,5.566381804306919,3.507081131517507,1.7597016041586273
2024-05-23,35.411064640068865,30.013103146773695,12.753121042091232,8.849943089726638,5.576931120637831,3.5094332884261172,1.743390941874948
2024-05-24,35.43417395694003,29.89394594627237,12.803287327501456,8.867938915542764,5.590957294906686,3.5297766548969562,1.7410331716395293
2024-05-25,35.46696467784345,29.78921204128943,12.849876962066729,8.875767339771324,5.602143561658773,3.5420984490000063,1.7297203611450853
2024-05-26,35.501062648477415,29.68324278187466,12.896255136470486,8.880500545752444,5.613531533638738,3.5543776934037066,1.719858668195764
2024-05-27,35.5361563670992,29.577112246631952,12.94173825679164,8.882252886101288,5.625143520809683,3.56645580575978,1.7116856432552547
2024-05-28,35.57191103914034,29.471839131230514,12.985708962353065,8.881218119823563,5.6370078229677665,3.5782046884612857,1.7053936019728615
2024-05-29,35.60798267628709,29.368332715633116,13.027638993891202,8.87765821673507,5.649159554903936,3.589532768629807,1.701129584851577
2024-05-30,35.644031640881074,29.26734871874474,13.067103411059872,8.871889226856286,5.661641046011266,3.6003881242401476,1.6989984247582994
2024-05-31,35.679734285106164,29.16945869954707,13.10378600840115,8.864265975243981,5.674501809839433,3.6107588010518428,1.6990681246960158
2024-06-01,35.71479171854848,29.07503459604179,13.137476879115914,8.855167178388138,5.68779812033509,3.6206707395988103,1.7013766413694862
2024-06-02,35.74893523095728,28.98424794524184,13.168063814426146,8.84498220123499,5.7015922563651555,3.630183917159351,1.7059392053668665
2024-06-03,35.7819283881775,28.89708169077493,13.195519553826955,8.834100200600927,5.715951483833283,3.639387362454312,1.7127554427505949
2024-06-04,35.81356621875913,28.813351483023627,13.219886868534457,8.822901937154993,5.730946838495065,3.648393646025388,1.7218157466003647
2024-06-05,35.84367216726262,28.732733044667796,13.241263175094627,8.811754157317191,5.746651757778783,3.657333326483006,1.733106538651809
2024-06-06,35.87209360027842,28.654792397587187,13.259785960484079,8.801006182570877,5.763140592115343,3.6663496824096344,1.7466142319303493
2024-06-07,35.89841888063713,28.575120246725263,13.27357464250433,8.796044877047157,5.784949359269019,3.67552500549638,1.763935728141518
2024-06-08,35.92319131438156,28.501531365530056,13.287331754769053,8.786055785365395,5.802391428210596,3.685187326432154,1.7815713404399693
2024-06-09,35.94587904345672,28.42888687529357,13.298679164066247,8.777591964316318,5.820976673790166,3.6953769188097016,1.8014500355514487
2024-06-10,35.96638532446244,28.35659948009434,13.307825667921373,8.770890136223207,5.840742096495532,3.7062476003000735,1.8235634894885975
2024-06-11,35.98461375561607,28.284101961570116,13.314972836839575,8.766173073887181,5.861719980100279,3.717946144642674,1.8479060325160885
2024-06-12,36.00046730653306,28.210862588507183,13.320312807711494,8.763648578214664,5.883935481287946,3.7306096449960657,1.8744717647153057
2024-06-13,36.01384854671129,28.136398047971063,13.324027225543531,8.763507838057004,5.907404159773521,3.7443629893493293,1.9032511682211266
2024-06-14,36.02466100420457,28.060284241817474,13.326287035979593,8.765923152410721,5.932129528716444,3.7593164037772313,1.9342273906140799
2024-06-15,36.03820646356866,27.9688482669882,13.330802408365379,8.775781470808628,5.9579886648458835,3.774962831608888,1.9673723834147532
2024-06-16,36.04261155880114,27.89075954696762,13.329957637856,8.782862344144846,5.985258415511338,3.7927276072193865,2.0026430902737626
2024-06-17,36.044359544301486,27.809810094516283,13.328229003811966,8.793028529675862,6.013676801626353,3.8118796231120218,2.039977888826868
2024-06-18,36.04336397749582,27.725941251666338,13.32573264327326,8.80631711906985,6.043183964507355,3.8324535966960713,2.079293494863481
2024-06-19,36.039560425406854,27.6391743440271,13.322580247331379,8.822733955282759,6.073698712693313,3.8544583782038813,2.120482533601823
2024-06-20,36.042989817393796,27.529556423889453,13.316998365845505,8.840433378964352,6.106789803770023,3.880300568828876,2.1611014807515216
2024-06-21,36.02816720293376,27.433628165078563,13.32164165114997,8.861904181718936,6.1404969856598175,3.90688872729732,2.2083213526703065
2024-06-22,36.014871214311036,27.342895265098665,13.315875995227486,8.888012958158189,6.1728910018217045,3.9323018066381628,2.2543454904509064
2024-06-23,35.99896908963446,27.24958346830289,13.310081898325688,8.916781264688744,6.205819050408951,3.959011828756256,2.3015027260680907
2024-06-24,35.980529179964066,27.154153870557955,13.304315696698954,8.94804335283672,6.2391050960491,3.9868848309953284,2.3495769082361178
2024-06-25,35.95965654818772,27.057110404432525,13.298633395882387,8.981595289762287,6.27256353508267,4.015768080265071,2.398332356808628
2024-06-26,35.936491092956494,26.958988822102107,13.293089395312895,9.017199104904702,6.306003338387837,4.045493292189814,2.4475190210284943
2024-06-27,35.91120439544755,26.86034430787394,13.287735248896135,9.054588230028466,6.339232474715236,4.075880468998925,2.496878263538712
2024-06-28,35.89184705518007,26.77222228823886,13.273599469516258,9.087523910540554,6.374686508759583,4.10495444355488,2.5408984687769576
2024-06-29,35.86502124184693,26.677509341344905,13.2666985547091,9.125861556106742,6.4072607397040455,4.135419157304628,2.5881736687693366
2024-06-30,35.837248910642714,26.584817879403666,13.259685552845555,9.164617982992278,6.439091702494188,4.165769686681775,2.6344093060547937
2024-07-01,35.80889207832166,26.49485262713809,13.252511630847387,9.203376097287824,6.470016370814879,4.195771243087222,2.679272158443604
2024-07-02,35.78033764438395,26.408312406535067,13.245108712537315,9.241706602834535,6.4998872560675265,4.225188937519901,2.7224308394692573
2024-07-03,35.75199414970492,26.32588628488594,13.237387904946472,9.279172028531391,6.528574125737336,4.253789853766121,2.7635573557493087
2024-07-04,35.7242891127387,26.24825192876413,13.229238143944068,9.315329796731243,6.555964929539052,4.281344428032579,2.8023276209781414
2024-07-05,35.69766702533058,26.17607602095672,13.220525112648577,9.34973427944822,6.581965960796895,4.307627129258836,2.8384210014503264
2024-07-06,35.67258797057777,26.110016365137366,13.211090513276574,9.381937922291192,6.60650132847282,4.3324165084829,2.8715190793325767
2024-07-07,35.64952668916936,26.050725071341063,13.200751812476557,9.411491657690195,6.629511854503066,4.35549476082488,2.901303931874747
2024-07-08,35.62897177435601,25.99885199169548,13.189302631095565,9.437944972626907,6.65095354029649,4.376647016911815,2.927456333957894
2024-07-09,35.61142452636164,25.955047368149216,13.17651400892324,9.460846135042635,6.670795765309807,4.395660649174975,2.94965439418997
2024-07-10,35.59739685430131,25.919962473266487,13.16213683746694,9.479743209083486,6.689019390268457,4.412324939127603,2.9675732257217264
2024-07-11,35.58740749160101,25.894246890189237,13.145905809476647,9.494186590384746,6.705614938778601,4.426431499466476,2.9808863227269238
2024-07-12,35.581975710339364,25.87854101894508,13.127545268074753,9.503733850809013,6.720581024292511,4.437775871625275,2.989269346753099
2024-07-13,35.58161171012045,25.873462458264378,13.10677733087038,9.50795767195744,6.733923174237437,4.446160713251488,2.992407001163346
2024-07-14,35.5868029557253,25.879585153707747,13.083332590611917,9.50645753538625,6.745653177996765,4.45140093490134,2.99000355676107
2024-07-15,35.597995987405746,25.897410690028828,13.056963527319427,9.498875587689218,6.755789047706001,4.453331022426399,2.9817973537081714
2024-07-16,35.615573666749086,25.9273318954452,13.02746048548803,9.48491667758417,6.764355627557936,4.451814573924887,2.967579214329847
2024-07-17,35.63982846855048,25.969590040104983,12.994669666312403,9.464371955438704,6.771385816686113,4.446755779131518,2.9472141458216545
2024-07-18,35.670933263615154,26.024228303340443,12.958512078575295,9.437144656384602,6.776922284056196,4.438112184230114,2.920665013292836
2024-07-19,35.70891197503486,26.091045703232886,12.919001842086615,9.403275836457698,6.781019457876811,4.425907653997399,2.8880160962164796
2024-07-20,35.7536133716515,26.169557054200418,12.876261749178092,9.362967045516609,6.783745480546419,4.410244038054919,2.8494937413549963
2024-07-21,35.80654039283513,26.24461789292288,12.831129950838303,9.314845115649616,6.790597381406063,4.393097178671205,2.8146414254682077
2024-07-22,35.863337151243584,26.34670023978546,12.782491157199091,9.263085736488152,6.789896924169165,4.370774368135214,2.7638886650354717
2024-07-23,35.931963802788005,26.49151516986224,12.714602849512987,9.198983141878657,6.783933041257013,4.343090593668637,2.709184134956751
2024-07-24,35.99899274379973,26.614641563677214,12.658936550809543,9.13736364871486,6.780524309296048,4.31567008150245,2.6513290728537555
2024-07-25,36.074341750692895,26.73944376136829,12.592675009348776,9.073165960205229,6.782476181753511,4.29045081975124,2.5916759818775956
2024-07-26,36.16981790210134,26.849524933311766,12.535972694362643,9.010935219899363,6.780580910114091,4.262258371681269,2.5215149783282116
2024-07-27,36.246130253379285,26.977203746053227,12.480150479402436,8.945485666437575,6.774987746505208,4.231974176974251,2.4586519966706613
2024-07-28,36.32248839099925,27.102824157433684,12.425021382098276,8.881008594011591,6.769251038946202,4.202127189324474,2.396551902181152
2024-07-29,36.39782215922118,27.224564842992123,12.371212737329339,8.81855391569572,6.7634810164191785,4.173241970201502,2.3360846011617182
2024-07-30,36.47119750005111,27.34084264341674,12.31926034803483,8.75904243785594,6.757777102114326,4.1457819143010015,2.2780045081648943
2024-07-31,36.54185032697836,27.45036262566863,12.269589743612459,8.70323668622186,6.752225026567649,4.120134247266999,2.2229258111224737
2024-08-01,36.60920451830597,27.552141485511704,12.222507640114431,8.651726400186378,6.746895261419432,4.09660219817058,2.1713104599813335
2024-08-02,36.66714033080222,27.639653463141915,12.174652173280771,8.611862454691561,6.745048088703327,4.078754376098242,2.126256094479956
2024-08-03,36.728292574218294,27.725699164022608,12.133784344867955,8.56847557582006,6.739645046487082,4.059282433279478,2.081641082835051
2024-08-04,36.785196207303365,27.802443480233485,12.095691931791352,8.530501573219862,6.734716171854125,4.0425100008829755,2.0411861621929925
2024-08-05,36.83800765549374,27.87004594209387,12.060284202058684,8.49786155391238,6.730255252884996,4.028410618243621,2.0047874307053375
2024-08-06,36.88697638071297,27.92880729843473,12.02741613141441,8.470394404018425,6.726250543632113,4.016915703131308,1.9722682768721211
2024-08-07,36.93241817758134,27.97912739836185,11.996905625367592,8.447879384959329,6.722686901434279,4.0079254905968345,1.9433999449146082
2024-08-08,36.97469057111279,28.021467991046926,11.968549224330967,8.43005602101085,6.719547631661036,4.001318700062217,1.9179200424913598
2024-08-09,37.01417131637132,28.05632194526418,11.942135656238985,8.416640466105513,6.716815967648184,3.9969605124243652,1.8955482559563466
2024-08-10,37.05124042637045,28.08418939838098,11.917456963322994,8.407338096695149,6.714476161206471,3.9947087182019354,1.8759990033777239
2024-08-11,37.08626574061201,28.105560621176213,11.894317190383427,8.401852487673223,6.712514193523634,3.9944181053319507,1.8589910934730782
2024-08-12,37.11959178952464,28.12090491770326,11.872538785046943,8.399891195165168,6.710918138716725,3.9959432925541236,1.8442546735879042
2024-08-13,37.15153158334136,28.130664622851487,11.851966944209241,8.401168917057035,6.709678225365578,3.9991402921254022,1.8315358624643896
2024-08-14,37.18236092215696,28.13525315851077,11.83247216837036,8.405408658814025,6.708786648014667,4.003867117687633,1.8205995003589786
2024-08-15,37.21231485151162,28.135056110829748,11.81395127938116,8.412341525677336,6.708237183395811,4.009983752440687,1.8112304356820268
2024-08-16,37.24158594433982,28.13043435581723,11.79632713581222,8.421705714186684,6.708024666760249,4.017351769670685,1.8032337249266404
2024-08-17,37.27032415210062,28.121728361185617,11.779547257053691,8.433245201236995,6.708144383143169,4.025833859501975,1.796434066858156
2024-08-18,37.29863801948075,28.10926291277019,11.763581550302867,8.446708537409517,6.708591426829906,4.035293467463365,1.7906747331555113
2024-08-19,37.32659708941075,28.093351645864164,11.748419326899906,8.461848049695185,6.709360079472099,4.04559469565514,1.7858162020878872
2024-08-20,37.35423533564395,28.074300901437528,11.734065795202163,8.47841965215446,6.71044325272082,4.056602559080715,1.7817346524367756
2024-08-21,37.371865946055976,28.0670047968777,11.713408470696603,8.498771653951877,6.713317096175559,4.065983365014327,1.7792846966911013
2024-08-22,37.41192926658927,28.055218543534004,11.69330037736869,8.511183046669391,6.716645990208633,4.071049920018515,1.7672472627843783
2024-08-23,37.409922337823716,28.033834893439323,11.691222294514795,8.533120144979417,6.714435830450957,4.085469706198415,1.772744613613823
2024-08-24,37.42631486734544,28.006396585990082,11.68238744198525,8.55536362430587,6.71662258172908,4.097893616556341,1.7746848506137074
2024-08-25,37.4412802155235,27.978641307746617,11.674374387843871,8.577671217328133,6.7189780746895105,4.11007581900635,1.7769869782324934
2024-08-26,37.454497368770596,27.950872065313618,11.667267001644483,8.599900814381767,6.721475879428069,4.121910299794715,1.7796920325663135
2024-08-27,37.465638440883694,27.923411197968544,11.661136915771465,8.621916533449934,6.724085355383454,4.133293973672918,1.7828437904102201
2024-08-28,37.47437137866376,27.89659572197295,11.656042695761126,8.643591802047075,6.7267720538998255,4.144128396838149,1.7864885401124717
2024-08-29,37.48036215869849,27.870772867601154,11.652029605357102,8.66481181271094,6.729498160093359,4.15432111555579,1.7906747490432757
2024-08-30,37.483276485007714,27.84629599807259,11.649129918063394,8.685475261536338,6.732222943523603,4.163786619689341,1.7954526103928257
2024-08-31,37.48278108485037,27.82352101726784,11.64736368793832,8.705495339632296,6.734903192871574,4.1724469091787295,1.800873449972393
2024-09-01,37.47854478113414,27.802803281280372,11.646739864998864,8.724800003588639,6.737493618389461,4.180231716613861,1.8069889724639014
2024-09-02,37.47023958726482,27.78449493797066,11.647257626191859,8.743331597713139,6.739947216215267,4.1870784572405375,1.8138503269526378
2024-09-03,37.457542118502765,27.768942538002623,11.648907790967785,8.761045934827518,6.7422155995642195,4.192931997081475,1.8215069744905965
2024-09-04,37.440135639258386,27.756484697685067,11.65167419928406,8.777910962873804,6.744249312204034,4.197744339664505,1.8300053467729471
2024-09-05,37.41771306576285,27.74744955357658,11.655534946868798,8.793905152404777,6.745998148524764,4.201474332408546,1.8393872955212298
2024-09-06,37.38998121627905,27.74215173474869,11.660463395149078,8.809015737373239,6.747411511122609,4.204087485922303,1.8496883473008943
2024-09-07,37.356666544665664,27.740888593073283,11.666428899031041,8.823236931225923,6.748438840469638,4.205555984471843,1.8609357982183314
2024-09-08,37.31752250591181,27.743935476276665,11.673397222874332,8.836568224866282,6.749030151381688,4.2058589448188,1.873146706533537
2024-09-09,37.27233858296337,27.751539903373082,11.681330642243616,8.849012854854305,6.749136707151437,4.204982954556475,1.8863258671495353
2024-09-10,37.22095085306924,27.76391460690163,11.690187755478851,8.860576510871692,6.748711854016532,4.202922890956021,1.900463877739908
2024-09-11,37.163253792388936,27.781229538606897,11.699923054114981,8.871266331900236,6.747712025906375,4.19968298829198,1.9155354286153026
2024-09-12,37.09921281798946,27.803603089132775,11.710486323915765,8.881090221047643,6.746097912312814,4.195278087164635,1.9314979633319105
2024-09-13,37.028876861308625,27.831092937864806,11.721821967645674,8.890056489447973,6.743835761335612,4.18973496566867,1.9482908603676896
2024-09-14,36.952390078535466,27.86368711096076,11.733868355109797,8.898173820020839,6.740898766838315,4.183093622403505,1.9658352743355572
2024-09-15,36.87000165945751,27.901295963412053,11.746557313456155,8.905451522168086,6.737268465400147,4.175408359099827,1.9840347459675565
2024-09-16,36.7820726291056,27.94374589060918,11.759813869123874,8.911900029252974,6.732936048322907,4.16674850031105,2.0027766435322003
2024-09-17,36.68907857655204,27.99077559186116,11.773556340319145,8.91753157307417,6.727903479824788,4.157198593216697,2.0219344373145414
2024-09-18,36.5916074147547,28.04203563254879,11.787696854619584,8.92236095520603,6.7221843082183685,4.146857954959929,2.0413707391060516
2024-09-19,36.49035158087028,28.097091872991598,11.802142330883292,8.926406326050147,6.715804065128598,4.13583947873767,2.0609409685134765
2024-09-20,36.386094512548155,28.155433055707693,11.816795920647879,8.929689880675019,6.7088001699826805,4.124267670672904,2.0804974466674113
2024-09-21,36.2796917425437,28.216482491561894,11.831558856194258,8.932238387359206,6.701221292285907,4.1122759615389635,2.0998936744543393
2024-09-22,36.164915799746936,28.295112273224305,11.840270375036908,8.937583300912918,6.694133756043828,4.09737668813822,2.118988533309555
2024-09-23,36.05583468260533,28.362783622324926,11.853579835881197,8.939519072009716,6.68584313861408,4.084441781783972,2.137650154840102
2024-09-24,35.95572785537233,28.440849354029194,11.858811416043885,8.939662414860795,6.676707534487225,4.066748108407731,2.1514687745349743
2024-09-25,35.850772786144894,28.51222720969667,11.86937366427367,8.940411364737159,6.6677852759076774,4.052780010349951,2.167959367685264
2024-09-26,35.74792459667735,28.589054572574213,11.876180783677995,8.939410339829527,6.656676910111203,4.040087600057133,2.1826541018999284
2024-09-27,35.62298565139622,28.65480471453394,11.891791092063905,8.944603612547755,6.649073129645825,4.039648301610616,2.204532015034654
2024-09-28,35.525381253270076,28.725444146266266,11.899729697804899,8.943748789411849,6.6399165329769945,4.028734452316708,2.21835300939213
2024-09-29,35.431954456152624,28.795055707101742,11.906274743296429,8.942847910206813,6.630890063034886,4.018579375073934,2.2311827870799514
2024-09-30,35.343135408040126,28.863403682899236,11.911283469131646,8.941964072188915,6.622075324040491,4.009277976803862,2.242976705052469
2024-10-01,35.259241623444936,28.930338960597833,11.914612349695066,8.941163265354609,6.6135491224261775,4.000915812886675,2.2537026099687547
2024-10-02,35.18048037606695,28.99579909734984,11.91611635080746,8.940513510331813,6.605382874417204,3.993570195704552,2.263339025418683
2024-10-03,35.10695495479232,29.059804905352458,11.915648234501091,8.94008406179883,6.597642380565222,3.9873118313684985,2.2718731656495263
2024-10-04,35.03867379801838,29.122454020317697,11.913058141500018,8.939944661523784,6.590387898711906,3.9822068091733382,2.2792989186198223
2024-10-05,34.97556149816825,29.18391195454573,11.908193700450255,8.94016480458113,6.583674424873092,3.9783187509265754,2.2856149254395532
2024-10-06,34.91747074228587,29.24440110398543,11.900900919441689,8.940812965751167,6.577552078842523,3.9757109209951613,2.29082286520257
2024-10-07,34.86419439680933,29.304188106142668,11.891026108526933,8.941955722187496,6.5720664872572625,3.9744480995559446,2.29492603656509
2024-10-08,34.81547712534054,29.363569859237376,11.878419058751211,8.943656704569447,6.5672590604501,3.9745980286554534,2.2979283117919946
2024-10-09,34.77102612135817,29.42285843934528,11.862937658735271,8.945975313497168,6.563167069796764,3.976232252307724,2.299833525847119
2024-10-10,34.730520722972116,29.482365115032582,11.844454057653213,8.948965152181481,6.5598234490640035,3.9794261889424876,2.3006453517886487
2024-10-11,34.68194292253012,29.55015378635564,11.81709913336721,8.955983430395337,6.555494420225583,3.9937930040660716,2.300367702570502
2024-10-12,34.64575072235931,29.612488016929166,11.791100028346877,8.961185233816042,6.553329087730288,4.002502691194823,2.299005685819979
2024-10-13,34.60947149800623,29.681435395315603,11.766717056703929,8.963368685855206,6.549650280082473,4.013371970558144,2.2965671191494503
2024-10-14,34.57725015985287,29.74727283689918,11.735170277169345,8.969512521586772,6.548439531683929,4.026564095037933,2.2930645857849754
2024-10-15,34.54651786746951,29.814657057801547,11.700574196406302,8.976422520824284,6.547833920713006,4.042181096057546,2.2885179709535506
2024-10-16,34.51684860853644,29.883554265628366,11.663130544041497,8.984059251233246,6.547784687374245,4.06031389065122,2.282957367161419
2024-10-17,34.48783220071721,29.95381651791045,11.62313169611943,8.992359164390257,6.548227202453169,4.081025572669776,2.276426172396348
2024-10-18,34.46662154010743,30.01153530595941,11.56497502946457,9.011052532000681,6.543496130799068,4.1184848621137675,2.261339481576505
2024-10-19,34.43967561143368,30.080029528062955,11.517945587401847,9.02247740414073,6.543424155425385,4.147298618387081,2.251291874362462
2024-10-20,34.41272331879562,30.1479735403285,11.469318987083437,9.034579157431358,6.543331108464483,4.179075819625657,2.240169785750262
2024-10-21,34.3679973392193,30.197171790795647,11.429925462511331,9.061803107799717,6.547156571216925,4.218382959497885,2.2235430696211473
2024-10-22,34.339897655514925,30.260245301858884,11.380460956978064,9.076711217891532,6.546910136753205,4.25632133881333,2.2095082484671154
2024-10-23,34.31082628378347,30.319826589011882,11.331749367191874,9.092374827121013,6.546326403091968,4.296836840258784,2.1945061524539553
2024-10-24,34.272344869463105,30.39442077117125,11.277344956480595,9.106349823986621,6.542766256849542,4.340556725784548,2.1775125196536256
2024-10-25,34.230576436597914,30.45078427122282,11.23394878510676,9.124515068987487,6.540902790463705,4.383733128479439,2.164878448358572
2024-10-26,34.20236910415976,30.4906174941003,11.192099554796403,9.142054765973562,6.539022903650101,4.430593169757344,2.1470811320831853
2024-10-27,34.17275531985935,30.525161754387224,11.15314501042657,9.159889595284502,6.536222111085523,4.478694523777882,2.1289196038679226
2024-10-28,34.1419859231955,30.553924238121912,11.1174379429065,9.177975534420023,6.53244454532856,4.527709714222244,2.1104956414075122
2024-10-29,34.11032716297838,30.57655956209445,11.085219422952926,9.19629039074341,6.52765760596806,4.577319164487492,2.091896815113377
2024-10-30,34.07805121364233,30.592869000867896,11.05661837463511,9.214834111301569,6.521851946259306,4.627221348858578,2.0731910735004315
2024-10-31,34.045427750932554,30.60279144692578,11.031657860096628,9.23362750467338,6.515040322941165,4.67714022840932,2.054423128643271
2024-11-01,34.01271705347739,30.606388171010366,11.01026657934856,9.25270964726094,6.507255586670776,4.726829791455406,2.035612964256874
2024-11-02,33.98016483471542,30.603823714159844,10.992293826284047,9.272134331466976,6.498548120984612,4.776075868978981,2.0167565086578483
2024-11-03,33.9479987773054,30.595345145938467,10.977526161482059,9.29196593735101,6.488983020073153,4.82469565118614,1.9978282578358648
2024-11-04,33.91642656932379,30.581261568054142,10.965704291163402,9.312275084513814,6.478637244700443,4.8725354752491015,1.978785442779487
2024-11-05,33.885635139224654,30.56192525068495,10.956538989205422,9.333134364444351,6.467596928218483,4.919467494014395,1.959573230560512
2024-11-06,33.85579075025767,30.537715269695656,10.949725281339942,9.35461438275733,6.455954935704719,4.965385794231252,1.9401304284916259
2024-11-07,33.827039630823414,30.509024045853973,10.944954464655657,9.376780269534965,6.443808719345407,5.010202439706754,1.9203952066922392
2024-11-08,33.799508867404896,30.47624681695398,10.941923824182686,9.399688753266584,6.431258467995948,5.053843797128702,1.9003104411453728
2024-11-09,33.77330735430232,30.439773815241956,10.940344117647724,9.423385843760977,6.418405519902134,5.096247381635205,1.8798283822077855
2024-11-10,33.74852666570448,30.39998476934908,10.939945032213117,9.447905132327946,6.405350993471541,5.137359349848376,1.858914453958307
2024-11-11,33.725241781080456,30.35724528380008,10.940478885651917,9.47326669168641,6.392194588720454,5.177132677722072,1.8375500769071185
2024-11-12,33.70351164880358,30.311904647437373,10.941722865304802,9.499476540705638,6.379033517984963,5.21552599184279,1.815734476557415
2024-11-13,33.68337961281788,30.264294662773633,10.94348008743358,9.526526627457159,6.3659615351956225,5.252502975149957,1.7934854940170237
2024-11-14,33.664873752781816,30.21472915270947,10.945579730861972,9.554395275920603,6.353068045518721,5.288032238996455,1.770839455589579
2024-11-15,33.64800720068945,30.16350387489586,10.947876462339305,9.583048035575963,6.340437289197692,5.32208753990358,1.747850189726001
2024-11-16,33.63277849854371,30.110896647197062,10.950249333791508,9.612438868304503,6.328147603433281,5.354648218030828,1.7245873047292295
2024-11-17,33.61917205470311,30.057167553759225,10.952600297600673,9.642511603375754,6.316270773218678,5.385699742250382,1.7011338606398216
2024-11-18,33.607158743624026,30.002559156516792,10.954852457176768,9.673201589061774,6.3048714858523836,5.415234261092875,1.6775835839136148
2024-11-19,33.59669667735497,29.947296680087838,10.956948146762008,9.704437468988823,6.29400690448614,5.443251077360095,1.654037783042022
2024-11-20,33.58577094361837,29.890977787603788,10.959682126337807,9.73619702967959,6.2817591712839125,5.473448096217104,1.6283169210661899
2024-11-21,33.58235331996774,29.836277103422322,10.95678648029475,9.769437128896227,6.27141478195852,5.4984995662974505,1.6044906381630837
2024-11-22,33.57070168438293,29.78114597742716,10.95739497174687,9.804351548892942,6.264779682903052,5.5239096427630985,1.5794414369576786
2024-11-23,33.56642731370705,29.724719171306113,10.959474009783685,9.836377775783562,6.256510207643124,5.54498313345262,1.5578416118158622
2024-11-24,33.5632341854332,29.6686276492055,10.961165107071052,9.868647386880372,6.248939743675139,5.564820718109275,1.5366188632639126
2024-11-25,33.561046125933025,29.612969514958493,10.962512510869661,9.901072486266758,6.24207843485974,5.5834384333619935,1.5158765270375547
2024-11-26,33.55978129404139,29.557833073568446,10.963561611787028,9.933570686612553,6.23593012489496,5.600861418229401,1.4957054599530215
2024-11-27,33.5521386836647,29.50584164637052,10.961689698150543,9.967585518024578,6.233899618241973,5.616544867301059,1.4781094886671131
2024-11-28,33.55080275761093,29.452677727894258,10.961665214363668,10.000284525395463,6.229958884467978,5.631517765789345,1.4597952700708614
2024-11-29,33.54976326077167,29.40041925574643,10.961344638670163,10.032892129581048,6.2268832671531085,5.645372763364808,1.4423587537120754
2024-11-30,33.54710653452397,29.34774082546375,10.96164254999704,10.063582416779154,6.228485931731528,5.659553889758988,1.4260651805864382
2024-12-01,33.545735022546,29.297329282712727,10.960985852628877,10.095374023102918,6.228113245058401,5.671607250967604,1.4106581302250822
2024-12-02,33.54402844716601,29.24806570541343,10.960106778413618,10.126819460586287,6.2288830647850375,5.682734115563718,1.3963190032849198
2024-12-03,33.5406227131205,29.210082756803207,10.961182698229695,10.155438391635098,6.228719509946162,5.690703455801511,1.3830969041860082
2024-12-04,33.53725386145706,29.16603282976641,10.960396942614906,10.18533036296899,6.231486216645035,5.699546986479519,1.3710399439970988
2024-12-05,33.5327194794288,29.124099642875628,10.959493061886135,10.214513051605762,6.2355561435172975,5.707481775986833,1.360197614778985
2024-12-06,33.52669263390524,29.084569333461054,10.958470381664526,10.24287378303083,6.2410408844316905,5.714527385385796,1.350623183234433
2024-12-07,33.51880812590843,29.047781415459298,10.957321685149417,10.270282030836533,6.2480736931738114,5.720694904698488,1.3423760052780884
2024-12-08,33.50865814121129,29.014138705875325,10.956033138707383,10.29658464095858,6.256811667217658,5.725985552947291,1.3355236421416616
2024-12-09,33.495788637472806,28.98411737993436,10.95458442204583,10.32160072104073,6.2674372876329025,5.730389385529602,1.3301436279571444
2024-12-10,33.479697235741554,28.958276439010188,10.952949140177045,10.345116417203847,6.280158900030991,5.733884186922261,1.3263246979217305
2024-12-11,33.4598336611501,28.93726550036846,10.951095617847162,10.366879946089913,6.2952095827553,5.736434669533528,1.324167236651661
2024-12-12,33.43560408786419,28.921829344979564,10.948988199489497,10.386597444768723,6.312843699132079,5.737992153012237,1.3237826529226788
2024-12-13,33.40638104766629,28.912807111190055,10.946589193394196,10.403930442907416,6.3333302943920655,5.738494959158098,1.3252913392069665
2024-12-14,33.37152078537747,28.911123461722276,10.943861598644261,10.41849603343224,6.3569424173244355,5.737869817500051,1.3288188481759295
2024-12-15,33.33038996697652,28.917768606165055,10.940772724710737,10.429871077894244,6.383941487436222,5.736034620134211,1.334489936945674
2024-12-16,33.28240329818911,28.933763938945635,10.937298740835287,10.437601954096879,6.414556078644694,5.73290286702898,1.3424202231532467
2024-12-17,33.22707269078372,28.960110544380797,10.933430060213338,10.44122131900173,6.448955049766078,5.728390071533907,1.3527053970597227
2024-12-18,33.164066938346764,28.997719261347754,10.929177264271047,10.440272969797437,6.487215900917033,5.722422213431824,1.3654082655270747
2024-12-19,33.093278367198394,29.047323669227517,10.9245770140596,10.434344991463066,6.529290582213904,5.714946005395908,1.380544368724014
2024-12-20,33.01064151786503,29.117728640046227,10.928386199964987,10.421497641756707,6.574305861290557,5.7009640004398054,1.3933901094336973
2024-12-21,32.92063711788461,29.180522102606577,10.928932868749532,10.40586304881503,6.621445318579114,5.697752054614474,1.4118663050449822
2024-12-22,32.83344067967971,29.286903914189928,10.922309267551192,10.37730732656052,6.665958513978876,5.674843757290303,1.434639490808214
2024-12-23,32.73836504669126,29.392451008484933,10.919269977986962,10.347809773731901,6.716875250179745,5.6566986961432875,1.456716327958354
2024-12-24,32.619284000200864,29.501085962036974,10.922650135613582,10.319560858713986,6.768848579422072,5.647900837949678,1.4824838369017423
2024-12-25,32.52450152798708,29.626216314253142,10.920445622927973,10.279405922596665,6.818849646618385,5.624884178884498,1.5056606111992867
2024-12-26,32.44428249363512,29.76266076308967,10.910816671662852,10.240115359100194,6.86786938640122,5.5894750464988014,1.5198442987879222
2024-12-27,32.343387509226936,29.891322000475146,10.932644354883518,10.196773227154758,6.9083164354960065,5.556238481009488,1.5495912745213356
2024-12-28,32.254911246343504,30.022467798576105,10.940439676709383,10.14979732822799,6.9472963248886455,5.531164606960067,1.573509195311214
2024-12-29,32.17366237037583,30.150977266977435,10.950294999962088,10.102859126946285,6.981023371959732,5.505487094836037,1.5957223855157472
2024-12-30,32.10081284961362,30.274715535109287,10.962268428131372,10.056894414460952,7.008970133217465,5.4794223456160145,1.615881390992288
2024-12-31,32.03709377044142,30.391983867587378,10.97636878668354,10.012697829326813,7.030852638263172,5.453137937941531,1.6337319195820776
2025-01-01,31.98280920276025,30.501566780929856,10.992564735153628,9.970892998642624,7.0466128845187015,5.426744762848119,1.6491190001056724
2025-01-02,31.93788722674091,30.602725059673297,11.010796041484925,9.931924242633535,7.056383505211796,5.400295847924787,1.6619823429890146
2025-01-03,31.90195363164996,30.695147242989886,11.03098506942552,9.89606619332772,7.060442979398099,5.3737906567169125,1.6723451152632551
2025-01-04,31.874413937602,30.77887549075353,11.053046979943275,9.863445776854507,7.059169109708883,5.347183116455512,1.68029880478109
2025-01-05,31.85453224983005,30.85422102697681,11.07689775110309,9.834070739093303,7.052996556106445,5.320391589933626,1.6859867117944454
2025-01-06,31.84149946858219,30.92168112497181,11.102459689881101,9.807859767280318,7.0423818568032965,5.2933093061623575,1.6895880773965166
2025-01-07,31.83448726775468,30.98186545448289,11.12966453593865,9.784670672234965,7.027777246310672,5.265814211682879,1.6913041709404835
2025-01-08,31.83268728831459,31.035435743395077,11.158454512169715,9.764324554073491,7.009613028961403,5.237777651144847,1.6913469976532567
2025-01-09,31.835336944382572,31.08305973436994,11.18878178296472,9.746625084430866,6.988287344391919,5.209071646096166,1.6899307612852175
2025-01-10,31.843893166821193,31.12313519181758,11.223737492707428,9.730683894322251,6.966634724333679,5.174905615055507,1.6872658615148002
2025-01-11,31.846125135012823,31.16179943398158,11.25088156114205,9.723282456760725,6.942461860929402,5.149070954491206,1.6835550103132673
2025-01-12,31.85927338371443,31.195617961415728,11.286354130176596,9.711309675147966,6.912540096505212,5.117588303534593,1.6789909802016452
2025-01-13,31.874245210131566,31.22560232738046,11.323057273767375,9.701473290662415,6.880942180721997,5.085069854931544,1.6737555096594257
2025-01-14,31.89063515135969,31.252190363474746,11.36099455093317,9.693581444257005,6.847855275473506,5.051446501963992,1.6680189513906696
2025-01-15,31.908084803470867,31.275746151868955,11.40015718973744,9.68746978921394,6.813455774871846,5.016673157679812,1.6619403313302006
2025-01-16,31.926276388451548,31.29656800051752,11.440522923714148,9.682998108369821,6.777913147018628,4.98072923711047,1.655667572849227
2025-01-17,31.933166219734943,31.33736507203669,11.488381492819155,9.67107612471906,6.741565745730763,4.9420257055728225,1.6472343146149306
2025-01-18,31.95616174115466,31.35193142271922,11.528178178786064,9.669188586706678,6.702412724994744,4.905766057311304,1.6397406961545697
2025-01-19,31.97862838834695,31.365150994470874,11.569154296222534,9.668298859132122,6.662728632909189,4.868457905427987,1.632399840238122
2025-01-20,31.999502778099327,31.394740009883993,11.602945756417745,9.663013421943244,6.61946973847552,4.82774705111062,1.6268317403285555
2025-01-21,32.01973097962426,31.40499922258068,11.645400847265345,9.665263124129309,6.579154811909812,4.78886276363513,1.6196638465180904
2025-01-22,32.039168378760344,31.414732586621632,11.688073862452208,9.668040023836966,6.538627602603156,4.749414291905363,1.6128875896932247
2025-01-23,32.05773121201061,31.423985274862574,11.730734152729434,9.671289386401188,6.498031418520925,4.7096227942651145,1.6065257851164056
2025-01-24,32.07638691774752,31.423146312314437,11.779838071960153,9.669590164662557,6.458849557563019,4.6717748692469145,1.6081470704011618
2025-01-25,32.09314582934051,31.429606559035047,11.822972124647727,9.672428494178746,6.41896297997349,4.632594935279735,1.6041738183381653
2025-01-26,32.10884742089935,31.435475730269772,11.86547839288593,9.675276193339695,6.379556923622947,4.593986869930518,1.6008936550536894
2025-01-27,32.12344633236099,31.44083914699726,11.907069025742377,9.677989667312273,6.340798485996759,4.55626943727386,1.5983257810309808
2025-01-28,32.13691036065641,31.44580293545493,11.947442959264928,9.68040870807296,6.302851713323771,4.51977524160446,1.5964821083661604
2025-01-29,32.149221576109085,31.4504933437024,11.986289097401611,9.682357366656818,6.265875242119567,4.484847057265416,1.5953678604968824
2025-01-30,32.1603770932274,31.455055354864058,12.023289826795299,9.683645254771342,6.230020180186561,4.451833852034443,1.5949824308569727
2025-01-31,32.17038946429778,31.459650558005986,12.058124851607483,9.684069307681625,6.195428297356844,4.421086540800835,1.5953204559330834
2025-02-01,32.17928667834703,31.464454252850658,12.090475352360954,9.683416043039454,6.162230572963904,4.39295348560929,1.5963730513711794
2025-02-02,32.187111761443994,31.469651780861373,12.12002849122571,9.68146435299391,6.130546120295524,4.367775735405652,1.5981291564501796
2025-02-03,32.1939219860355,31.47543409364431,12.14648230102128,9.67798886746034,6.100481480453351,4.3458819784488,1.6005769318011167
2025-02-04,32.19978770656493,31.48199259174311,12.16955100167949,9.672763922176667,6.072130251588639,4.327583167487025,1.6037051568556746
2025-02-05,32.20479084601503,31.48951329475778,12.188970781104,9.665568153073155,6.045572996767838,4.313166777727914,1.6075045762382385
2025-02-06,32.209023063771745,31.498170439292547,12.204506052909144,9.65618971543812,6.02087735683071,4.302890675135003,1.6119691473386648
2025-02-07,32.21436629735955,31.510173206461268,12.210209582933068,9.643798211110179,6.001215142377561,4.2987997414851815,1.6176493678925652
2025-02-08,32.21775615396519,31.521975799569628,12.21608440936551,9.629387738439073,5.981171166661035,4.297846046576047,1.6235475453704649
2025-02-09,32.220764611158486,31.535368757924143,12.217351853657933,9.612278587227145,5.963279837451208,4.301628702322506,1.6301349688459208
2025-02-10,32.22351135193133,31.550415998173094,12.213925188691302,9.592367794645028,5.947585556059148,4.310221658490916,1.6374269525941076
2025-02-11,32.22611436774452,31.56713510703071,12.205779799424755,9.569597479450374,5.934122750959192,4.323632905069349,1.6454443180163825
2025-02-12,32.228687068383586,31.585492149996593,12.192959605707284,9.54396148614154,5.92291539579057,4.341798204042119,1.654212806110625
2025-02-13,32.231335450530565,31.60539810047301,12.175582035660156,9.515510956700062,5.913976293104624,4.364576278277971,1.6637620451631716
2025-02-14,32.24816099136017,31.62224749500228,12.144542869044288,9.484589369378428,5.914741384218918,4.388781482300756,1.6748692749313723
2025-02-15,32.25434817503361,31.643615426959023,12.116811298668804,9.451192919563479,5.912015685513959,4.419159113912375,1.6861579680109744
2025-02-16,32.261438573107085,31.66567297752663,12.08504964936516,9.415637204934997,5.91182588115785,4.452997966598584,1.6983076692064607
2025-02-17,32.26956367229733,31.688076146919943,12.049651861988519,9.37825682990305,5.914166621713932,4.489791356957394,1.7113319231438346
2025-02-18,32.27884247740859,31.71044121809839,12.011072560505475,9.339444846019788,5.919017430049674,4.528964170188104,1.7252325824886738
2025-02-19,32.28938055625469,31.732357160876862,11.969814370269463,9.29964323240048,5.926341992899801,4.569886498501829,1.7399961432164284
2025-02-20,32.30126971327864,31.753399947921057,11.926412398565308,9.259330703507406,5.936087997110499,4.611890290413829,1.7555903027868687
2025-02-21,32.311287780575384,31.764930091029495,11.886735830500706,9.218458642348157,5.955849713531967,4.6539007570083015,1.7742231261238075
2025-02-22,32.32535447309935,31.781176645794158,11.841964678580425,9.17863948605842,5.971806423816128,4.695795046643972,1.7917312972552908
2025-02-23,32.34082410936247,31.795033005009756,11.79692890386405,9.139844994416125,5.990197575171423,4.736665685949492,1.8098971999139386
2025-02-24,32.357717861296585,31.806134413885395,11.752154240824193,9.102557762791184,6.010944341881027,4.775873589894661,1.8285969250981617
2025-02-25,32.376046197793,31.814170350081312,11.708117174394891,9.067223886196091,6.033959738476151,4.812833830224952,1.847682977415278
2025-02-26,32.401938680028856,31.820906367027685,11.669980082705507,9.030371364279809,6.054677172963875,4.846035700660132,1.8663316694651335
2025-02-27,32.421986257667314,31.821745175771216,11.627610035227256,9.000777303348686,6.082858086964742,4.877270135487884,1.8858383910277219
2025-02-28,32.44364473506079,31.819035748890656,11.587213422696667,8.974052188340059,6.112848609534869,4.904877939875128,1.9051463668201032
2025-03-01,32.46680146379821,31.819001205150197,11.549056526311341,8.9503309828556,6.140109598918492,4.925619397007697,1.925108024903993
2025-03-02,32.491578563352526,31.807856005820987,11.512992021316514,8.929952919267647,6.174409303885481,4.945878813644348,1.9432788772498322
2025-03-03,32.51778997563478,31.793400260306747,11.479268253139626,8.912951186143136,6.210107526615575,4.961843563054234,1.9607052329742416
2025-03-04,32.544381374298005,31.770853527305572,11.446675588758854,8.899142109796825,6.24943536011239,4.974320220735593,1.9772172904357657
2025-03-05,32.573516855786465,31.750983130633024,11.417771390480219,8.888973764593263,6.287368359093972,4.981580677273226,1.9926639570068108
2025-03-06,32.60382590158477,31.72802260834086,11.391074556815491,8.882140074895723,6.326554996895551,4.984711394506651,2.0069171602329248
2025-03-07,32.635228506701374,31.70220020972064,11.366492858295139,8.878529527722318,6.36690326852502,4.983866347528263,2.019874997806069
2025-03-08,32.66762959122466,31.673764897560616,11.343922617598452,8.877994938100532,6.408311793205162,4.97923914350322,2.0314636691223695
2025-03-09,32.700917785152285,31.642979960880382,11.323255846126886,8.880358617174334,6.450669499063318,4.971056787436633,2.0416382140991307
2025-03-10,32.73496471347428,31.61011714589907,11.304386407173869,8.885417425026567,6.493855574848494,4.959573727288028,2.0503821508426734
2025-03-11,32.769624896218055,31.575451343635727,11.287215050779968,8.892947647790924,6.537739778973989,4.9450662269708685,2.057706150670704
2025-03-12,32.80473634334507,31.539255837161523,11.271653245299431,8.902709678682927,6.582183170470105,4.927827066452374,2.0636459177252724
2025-03-13,32.840121882522126,31.50179809254055,11.257625799604755,8.914452505424595,6.627039294532443,4.908160540724918,2.068259453521685
2025-03-14,32.87559121149666,31.46333607154992,11.245072327404612,8.927918013713446,6.6721558198667665,4.886377721655674,2.071623887525201
2025-03-15,32.91094361932368,31.424115047135533,11.23394765169479,8.942845111152915,6.717376588908232,4.862791954491297,2.073832046445106
2025-03-16,32.94597127569048,31.384364909894153,11.224221283386475,8.958973662671973,6.76254400832458,4.837714578863592,2.074988920139458
2025-03-17,32.98046294882482,31.34429796180097,11.215876134015199,8.97604821147585,6.807501678970986,4.811450886971261,2.075208163001199
2025-03-18,33.017846422624075,31.308457133037532,11.204067965545274,8.994982818705768,6.853354251818474,4.7822674255846565,2.070376415215258
2025-03-19,33.05133304778464,31.269366406550567,11.1974484515734,9.013418644482101,6.897590213170266,4.754143562457505,2.068220641967423
2025-03-20,33.08378614415784,31.23070338965752,11.192019134373352,9.03212117177438,6.9411840785913705,4.725626480025922,2.065335722310022
2025-03-21,33.117311874315426,31.19243992242028,11.18399402690494,9.049111240433435,6.985099688988467,4.6975135960590135,2.065141315281088
2025-03-22,33.14683610393481,31.15511670100701,11.181575240434213,9.068115185086993,7.026895369680339,4.668766841043443,2.0604201793676
2025-03-23,33.17338246019461,31.11516933631582,11.182373760317786,9.086928073320939,7.071606585514199,4.642092472327611,2.055671911749845
2025-03-24,33.200276114588796,31.080414445534167,11.181509269036098,9.105089323812821,7.11069904550577,4.613743770863885,2.05021248828328
2025-03-25,33.22548396553577,31.046740405519337,11.181649200443996,9.122646593817365,7.1487520327014,4.586077195319132,2.044486609885925
2025-03-26,33.24896180019724,31.01427747855205,11.182725414412504,9.139509665136687,7.185693655937544,4.559197831249453,2.038510886622303
2025-03-27,33.275938903451824,30.98690940429651,11.176479020477478,9.152113791218504,7.223780334442087,4.536093711124672,2.0313301316324615
2025-03-28,33.29126535477452,30.95243792101043,11.18127325118677,9.173973420294194,7.256396496090139,4.510445405618987,2.0272141452022097
2025-03-29,33.30788368143365,30.922931531993928,11.18591656733766,9.19024981023335,7.288957576675449,4.485957664740879,2.0210970404211563
2025-03-30,33.32278019376225,30.89510005629025,11.19085196140202,9.20583175812507,7.320186526061635,4.46258238251122,2.0147452717709147
2025-03-31,33.335984812003915,30.869043240540833,11.195943912082873,9.22078286480262,7.350042421023605,4.440319689099371,2.0081287426798986
2025-04-01,33.347547936747894,30.844872433532007,11.201028468506438,9.235186662960034,7.378486431960422,4.419157898218746,2.001204960660665
2025-04-02,33.35753847367726,30.82271220348283,11.205913197909192,9.249146657330888,7.40547901595256,4.399075017234348,1.993919731372445
2025-04-03,33.366041689045346,30.80270143834414,11.210377468379622,9.262786352946181,7.430977079867378,4.380040360949474,1.9862081637865843
2025-04-04,33.37315692701251,30.784993744533775,11.214173182724547,9.276249253379941,7.454931219811997,4.362016225695318,1.9779960416764115
2025-04-05,33.3789951959731,30.769756934566917,11.217026130501726,9.289698775752148,7.477283153413393,4.344959590806805,1.9692016319024779
2025-04-06,33.383676607921196,30.757171370226438,11.21863817800045,9.303317989458371,7.497963476275051,4.32882382418317,1.9597380120437207
2025-04-07,33.38732763524931,30.74742691047162,11.218690565167929,9.317309042867915,7.516889893347456,4.313560376197491,1.949516005731235
2025-04-08,33.39007813593468,30.74071820988547,11.216848616471797,9.331892099457566,7.533966098290843,4.2991204506724845,1.9384478096072124
2025-04-09,33.39205809396227,30.73723813435305,11.212768188896675,9.34730356656123,7.549081495835635,4.28545664209859,1.926451376406143
2025-04-10,33.39339403043651,30.737169118228955,11.20610416122044,9.363793372757241,7.562111978136727,4.27252452411228,1.9134555790715
2025-04-11,33.39616114356086,30.73505186056052,11.199115587037436,9.377159865454583,7.574300979523903,4.2584750388979895,1.897441057118668
2025-04-12,33.38711199572195,30.749848127913417,11.18854251569298,9.38505783384637,7.5886597498479,4.25109617952269,1.8830575398457505
2025-04-13,33.385276132362954,30.761242218102108,11.173596024657794,9.402109800213928,7.596379604970948,4.2408629297869185,1.8666985718133826
2025-04-14,33.382759726785224,30.776452852652177,11.155317651955873,9.420248782256866,7.601861184001016,4.231425267052714,1.8493161191124468
2025-04-15,33.37953335719505,30.79538942816359,11.13366910589307,9.439490897595862,7.605062409625851,4.222809853742968,1.831011461237321
2025-04-16,33.375532530488876,30.81785535375236,11.108726923437352,9.4597890035804,7.605977938490478,4.215056185994553,1.811940397883743
2025-04-17,33.37065689986014,30.843535265006995,11.080700196394478,9.48102140159083,7.604650138324679,4.208215483548138,1.7923162269154191
2025-04-18,33.36401570951961,30.861611229438765,11.053318186594224,9.508778753803586,7.60921951727257,4.194962480692979,1.776521294436736
2025-04-19,33.357065220724934,30.89409835134884,11.019678382722411,9.530260366573575,7.602404448681466,4.1913658838413115,1.7559057578797692
2025-04-20,33.3575218782728,30.916355122275352,10.988247959841056,9.550235527716367,7.599626106288032,4.187921754791257,1.735812265305962
2025-04-21,33.34609317233535,30.952680598559095,10.951687152752907,9.571931919240155,7.589015435781637,4.186422863440997,1.7166185633535755
2025-04-22,33.333115993872234,30.98839410344927,10.915408183242755,9.592711197591973,7.577640495290839,4.1860086574242645,1.6987125763226907
2025-04-23,33.31838577968594,31.02270071360546,10.880316179806883,9.611989324574038,7.565894479976647,4.186739548730961,1.682471229966464
2025-04-24,33.30537852791763,31.08344289312024,10.823131591058464,9.63427645197718,7.549832949320109,4.180238125475157,1.6606901888813181
2025-04-25,33.281384354547086,31.10381192188571,10.793760526629626,9.65403843543685,7.53872665652298,4.186502010515751,1.6556386792289508
2025-04-26,33.259448436603336,31.12940208210153,10.766966146286785,9.664892429685715,7.527067958144581,4.191170623316021,1.6488556232045797
2025-04-27,33.23540995199493,31.151536501155917,10.74397495078168,9.672251264272713,7.516682246302412,4.196818795848569,1.6447644320782808
2025-04-28,33.2093174805634,31.169896732665755,10.725294149938186,9.675690111183783,7.507921274784289,4.20339482773565,1.6434478000038675
2025-04-29,33.18128397762035,31.18433175317221,10.711254213863196,9.674885400434261,7.501076834242246,4.210824824999659,1.644899280637987
2025-04-30,33.145344176157934,31.209806145456163,10.70359116782269,9.660726123131289,7.499054541265841,4.207189010466627,1.649029583183682
2025-05-01,33.11297564903388,31.21951121193388,10.699443776529188,9.64920668621336,7.497180318981462,4.213626520492674,1.6556774924830784
2025-05-02,33.07922578327231,31.226223548810562,10.699889642907854,9.63294066065129,7.497726942663315,4.22021829731644,1.6646238521552088
2025-05-03,33.04438899783477,31.230392189321154,10.704590824731191,9.612046352995387,7.500689134311357,4.226799810349289,1.6756069986600857
2025-05-04,33.00877925442556,31.232542725124972,10.713095973060918,9.58674065193999,7.50599301997006,4.233202645612381,1.6883382122689492
2025-05-05,32.972719481308005,31.233248173082185,10.724868992961978,9.557326657566058,7.513504559073618,4.239258158936907,1.702516071328127
2025-05-06,32.93653206940352,31.2331017909185,10.739317128784968,9.524180278551045,7.523039143859045,4.244800644051654,1.717838968955873
2025-05-07,32.90053066753165,31.232693061697674,10.755816962977462,9.487736608848028,7.534371610304792,4.249670031782719,1.7340154044163072
2025-05-08,32.86501333872321,31.232587498350224,10.773737412149123,9.448476608410381,7.547246106719431,4.253714174940791,1.7507719501766696
2025-05-09,32.83005767724786,31.230261440830944,10.794724465668795,9.40693413720676,7.5624184452059975,4.254666393857702,1.7677650620167351
2025-05-10,32.796278723549236,31.23292208037289,10.813230286130157,9.363502582222516,7.577353099023413,4.257089229451542,1.7850198035480938
2025-05-11,32.76376159433813,31.237175056647494,10.831467983285597,9.31888900305451,7.592996322122714,4.258206693946747,1.8021702227542888
2025-05-12,32.73268890201947,31.2433864210021,10.84892659174922,9.273627392915621,7.609051508868465,4.257931869957433,1.8190597217738549
2025-05-13,32.70321334408703,31.25185010257574,10.865154150775759,9.228242828406039,7.625231232155904,4.256190183106185,1.835560585851719
2025-05-14,32.67545665077498,31.26278810698569,10.879761956675772,9.183242257228764,7.641262459500783,4.252920539488392,1.851572849686618
2025-05-15,32.647188522280025,31.28038124180142,10.892133280564062,9.136756839069346,7.657592034750977,4.2479345325867985,1.8680714498014628
2025-05-16,32.615391362755325,31.294171755284445,10.904857343873282,9.09454605885203,7.674097069598395,4.243527816979116,1.8821806035362059
2025-05-17,32.59520436833583,31.312932264836807,10.912554221111211,9.05364717689692,7.6878459774280214,4.235032908116642,1.896364715592214
2025-05-18,32.57655160648107,31.33444372863874,10.917788586562327,9.014820096144005,7.700641876399476,4.224998180507127,1.9098861507900946
2025-05-19,32.5594695913829,31.358619114410413,10.920483584952574,8.978364439973062,7.7123277331332565,4.213422779411902,1.9227563577535178
2025-05-20,32.54760774305215,31.38590888875329,10.916529940847687,8.944947656427216,7.728359970076652,4.198439975215798,1.9328667615714066
2025-05-21,32.53440544233235,31.415018501155703,10.91334373651071,8.914111984191885,7.738530407203077,4.183526798373487,1.9440409651176165
2025-05-22,32.524161141135075,31.463027088353208,10.904984486226914,8.883307706663157,7.742738429881809,4.165341599459406,1.9534081914155637
2025-05-23,32.51330336062572,31.49717295538675,10.898591482862942,8.858142078913843,7.750480315064586,4.1474544126218165,1.963555790403421
2025-05-24,32.5040474485259,31.533548087710333,10.889740311065555,8.836064851185172,7.756832480312192,4.1281793243784035,1.9730647209781917
2025-05-25,32.49629119669389,31.57191631255909,10.878646449729322,8.817057557700796,7.761851561260003,4.107598626688444,1.981973025149617
2025-05-26,32.48992944964331,31.61204545603934,10.865540604976667,8.801057684151138,7.765615896011508,4.085803593884886,1.990313892235054
2025-05-27,32.48485674331893,31.653710869157642,10.850664436616345,8.787962472918094,7.768223496990884,4.06289323345958,1.9981143397348295
2025-05-28,32.48096969085082,31.696698343843057,10.834266526303319,8.777633288269397,7.769789798838163,4.038973117379734,2.0053940500175433
2025-05-29,32.47816906884726,31.740806396234465,10.816598679374831,8.769900336972608,7.7704452706226705,4.014154328490037,2.0121643687810717
2025-05-30,32.47325348370191,31.784193524882976,10.799390682729246,8.768221055832651,7.773974327902061,3.9875240263711276,2.0158742299939454
2025-05-31,32.471715764897425,31.82954008514478,10.780288774916166,8.76583094322283,7.773998718057355,3.9611137553458873,2.021041782986405
2025-06-01,32.470887702000084,31.875380810558852,10.760738673694856,8.765525961789574,7.773710243647622,3.9341521893923863,2.0255560942380737
2025-06-02,32.47068082977611,31.921552325822645,10.740990933384682,8.767080700871482,7.773297981131925,3.906766363658584,2.029366348599358
2025-06-03,32.471013477867686,31.967902655796266,10.721289063174623,8.770264536226534,7.772956868193675,3.8790864238870006,2.0324075559887143
2025-06-04,32.471810642792946,32.014289885310134,10.701868319622815,8.774845803043236,7.7728855929041245,3.8512454850164444,2.0346002912634
2025-06-05,32.47300359408693,32.06058048888103,10.682954730060846,8.780595629194575,7.773284466641088,3.823379544589646,2.0358506945410864
2025-06-06,32.47452924846555,32.106647410713286,10.66476426664948,8.78729142753175,7.774353234216104,3.795627400563989,2.036050797170658
2025-06-07,32.47632934855696,32.152367980299054,10.647502087180792,8.79472005876241,7.7762887687630124,3.7681305153813267,2.035079256824554
2025-06-08,32.478349485461294,32.19762175485003,10.63136175956245,8.802680683428264,7.779282598803431,3.7410327620155606,2.0328026025653574
2025-06-09,32.48053800758538,32.24228838679093,10.616524392627763,8.81098732269022,7.783518221561502,3.7144799839612177,2.029077104621841
2025-06-10,32.482844862073684,32.28624562217673,10.603157606977806,8.819471143316017,7.789168170981481,3.688619300787756,2.0237513904735582
2025-06-11,32.48522041967828,32.32936754311737,10.591414296472552,8.827982473025948,7.7963908316539605,3.6635980952013822,2.0166699242464206
2025-06-12,32.48761433872937,32.37152317243778,10.581431154062523,8.836392539140329,7.805327021079975,3.6395626278446938,2.007677445212807
2025-06-13,32.48997452829499,32.41257555965854,10.57332696478984,8.844594907688121,7.816096401632645,3.6166562435086123,1.9966244180538324
2025-06-14,32.49224627363865,32.45238146137204,10.567200703190027,8.8525065836738,7.828793828252693,3.595017157787742,1.9833734779868748
2025-06-15,32.49437158742882,32.49079171361363,10.563129510234708,8.860068718431316,7.843485784919165,3.574775846454993,1.9678067556914964
2025-06-16,32.49628884644325,32.5276523667314,10.561166663470924,8.867246859645785,7.860207107307109,3.556052099792042,1.9498338421392347
2025-06-17,32.49378599027416,32.561549614117425,10.564222492091304,8.872795819033295,7.87990307133013,3.5382396039975914,1.9337651361942467
2025-06-18,32.49582732202047,32.595117966501526,10.56602281141576,8.879428169351746,7.900513684185749,3.5229533346749906,1.9100748995203036
2025-06-19,32.497334712456855,32.626610747738916,10.570015535432994,8.885674021118508,7.9230623857595965,3.509438827048984,1.8840732174133243
2025-06-20,32.5002570987548,32.65909546604082,10.572767507345677,8.888649659126772,7.94969063854765,3.4975047709866165,1.856587643046622
2025-06-21,32.50099133355545,32.68661724279664,10.580079929637453,8.893604376841598,7.976104183240839,3.487649454469271,1.8267497464922329
2025-06-22,32.49971934635852,32.71538358193573,10.590250853282633,8.895737783694459,8.007658310374905,3.482198676979057,1.7998195569011741
2025-06-23,32.49888777683604,32.738858638027644,10.601024210012216,8.899555140167354,8.037617494621381,3.4765793438208115,1.7682072673223836
2025-06-24,32.49732459977896,32.75998465666676,10.613141617627122,8.90308807883294,8.068749621322576,3.472809039303973,1.7359144255498247
2025-06-25,32.495002019490364,32.77876011328952,10.626370446793478,8.906387652329073,8.100804713934647,3.470812640056001,1.7034231526337669
2025-06-26,32.49378547436657,32.80241753332906,10.638829003780394,8.903632827985334,8.13662008591489,3.4685385532876567,1.6670329921271778
2025-06-27,32.48069005336306,32.81837461587945,10.661068078860113,8.911681084482172,8.166255676779603,3.4676574703571537,1.6422018414306416
2025-06-28,32.47379061761163,32.830011822558355,10.677907181207274,8.91625083317836,8.198302086278943,3.4700492023916336,1.6143340158273185
2025-06-29,32.4658339373858,32.83994015826856,10.69503395328929,8.92068175418475,8.23012167909791,3.473553388336561,1.5886028569329127
2025-06-30,32.45680651533423,32.84833098672401,10.71222330874167,8.924989952842997,8.261441248252902,3.478003682728131,1.5655346614091836
2025-07-01,32.44670822034788,32.85538996559064,10.729260248229698,8.929169183554256,8.292005749500612,3.483229063113068,1.5456026342854048
2025-07-02,32.43555205304234,32.86135288962579,10.745944046183212,8.933191128905126,8.321581791362822,3.4890582374536425,1.5292134321322435
2025-07-03,32.42336357136368,32.866480692954966,10.762091754808136,8.937006641956664,8.349959867207906,3.4953236249407125,1.5166972948489144
2025-07-04,32.41018005101568,32.87105377987538,10.777541002889965,8.940547901319231,8.37695540885076,3.5018647641518834,1.5083018128018553
2025-07-05,32.39604945592561,32.875365831351814,10.792152124038623,8.943731400675512,8.40240883293987,3.508531066318988,1.5041890692445925
2025-07-06,32.3810292848389,32.87971720539895,10.805809688688242,8.94646167430318,8.426184815398063,3.515183892513751,1.5044357040215226
2025-07-07,32.36518534403298,32.88440802418064,10.818423532926253,8.948635644397251,8.448171061727383,3.521697985395367,1.509035369046446
2025-07-08,32.34859047648227,32.889731028296524,10.829929374963406,8.950147460396694,8.468276842272166,3.5279623246494722,1.5179030699546425
2025-07-09,32.33132325822267,32.89596428614034,10.84028908964173,8.95089368137681,8.486431534741135,3.5338804986362446,1.5308809772347463
2025-07-10,32.313466656544165,32.903363876212126,10.849490678082228,8.950778627825011,8.502583366656902,3.539370693424818,1.5477454045601418
2025-07-11,32.29526833192056,32.92028066649768,10.853093557678857,8.95778680619675,8.51639789351072,3.5390871491352804,1.5667941497883564
2025-07-12,32.27639624279109,32.92916693882095,10.860907768575416,8.954203132736003,8.528560621777237,3.544534931335686,1.5909536803282545
2025-07-13,32.25722502084379,32.94003835798327,10.867523685543674,8.949824734374086,8.538637781783834,3.549217945364532,1.6179230776378528
2025-07-14,32.23783397105311,32.95295834144588,10.873052613119976,8.944599386256295,8.54665698394823,3.553135393599519,1.647317244065016
2025-07-15,32.218300126259244,32.96794423079732,10.877622176980836,8.9385079753239,8.552660807771375,3.5562944989360203,1.6787317332939908
2025-07-16,32.19869648705596,32.98496494820262,10.881374071909446,8.931565552320002,8.5567073999233,3.558709965399985,1.7117526997639214
2025-07-17,32.17909031084493,33.00394064636147,10.884461171254515,8.92382091171836,8.558870740374784,3.5604033650579994,1.7459669486716862
2025-07-18,32.162067669565,33.02682692219217,10.88654165007757,8.909404060293754,8.55800686213974,3.563386350315294,1.7786680062134936
2025-07-19,32.14322303104533,33.04965498896101,10.888671580909877,8.899100930074324,8.55643159531767,3.5641410525858186,1.8135021034212826
2025-07-20,32.124647545767324,33.07397653487045,10.890604839115825,8.888111282044381,8.553246784785998,3.564347497670199,1.8482661081277074
2025-07-21,32.106391208693374,33.099556362176436,10.892497349209755,8.876559439208403,8.548578428388085,3.564057680042328,1.882618284596259
2025-07-22,32.08849560288939,33.12613851344019,10.894495828202848,8.864578912303017,8.542561092785396,3.5633271492563736,1.9162530526570527
2025-07-23,32.06794351382076,33.15871581616572,10.894179741635426,8.847029142996433,8.539507017888955,3.563461089753863,1.9489036981611338
2025-07-24,32.04735206167715,33.19293465261528,10.901699404666342,8.827972659815561,8.538198538669418,3.5601266164421803,1.97857348085762
2025-07-25,32.030474639608755,33.21235962717898,10.90937117568173,8.811687072271434,8.527963253964865,3.5652299822993365,2.008689301827071
2025-07-26,32.0140596348998,33.23886058656092,10.912626931728006,8.798060930530832,8.518089015372093,3.565277281853997,2.0372585336767948
2025-07-27,31.997970902657368,33.26503523416698,10.91672462381689,8.784117998769066,8.507955321214506,3.5654035355893376,2.063999771259178
2025-07-28,31.98222645969784,33.29062892598148,10.921686098569236,8.769905039007812,8.497685163665361,3.5657180836812246,2.0888374937594802
2025-07-29,31.96676079205059,33.31368027513014,10.927334349379699,8.757349582724325,8.48863280245495,3.5702964593167774,2.1117161213430746
2025-07-30,31.951747757091038,33.33783537397839,10.934077153734322,8.742212678662996,8.478189655741797,3.5705611056546265,2.132596508333742
2025-07-31,31.937151885115632,33.360722979344,10.941650042268225,8.7268344725202,8.46801200792417,3.5714904203303766,2.1514523442206177
2025-08-01,31.922999303780028,33.38220886105844,10.950020714427362,8.711123333465304,8.45819918300998,3.5731789825655036,2.168266670169226
2025-08-02,31.909323188074787,33.40217839792544,10.959145724001782,8.694962396738035,8.448847817583992,3.5757270879743643,2.1830286834314205
2025-08-03,31.896164444590347,33.4205340357096,10.968971707058174,8.678212475430067,8.440052077897713,3.5792403265089394,2.1957309677822194
2025-08-04,31.88357207836031,33.4371925398774,10.979436521740777,8.66071569288672,8.43190396782008,3.5838288323380114,2.206367257690062
2025-08-05,31.871603197509046,33.45208230819635,10.990470272980133,8.64229981293379,8.42449360471976,3.5896061162246107,2.2149308185503416
2025-08-06,31.860322610193858,33.46514097527567,11.001996224315782,8.622783267895965,8.417909341350622,3.5966873930696894,2.2214135047331
2025-08-07,31.84980196840064,33.476313502339956,11.013931624953695,8.601980894865127,8.41223761951444,3.6051873275532045,2.225805539989874
2025-08-08,31.840118416531315,33.485550903297785,11.026188501327685,8.579710382639153,8.407562455692174,3.615217141706126,2.228096048631884
2025-08-09,31.831352712196885,33.49280971302665,11.03867447756221,8.555799400425418,8.40396448056219,3.626881062201297,2.2282743479832403
2025-08-10,31.82358680489084,33.49805225496118,11.051293697154279,8.53009332221671,8.40151948428806,3.6402721339209596,2.226331989896428
2025-08-11,31.816900887362944,33.50124771124309,11.063947917714648,8.502463378237918,8.400296458458328,3.6554674902624003,2.222265508817294
2025-08-12,31.81136997541568,33.502373939000606,11.07653784063874,8.472814961723754,8.40035517361704,3.672523247620759,2.2160797940263026
2025-08-13,31.807060123447734,33.50141991135125,11.088964717401943,8.441095705309897,8.401743386960932,3.691469276219325,2.2077919537304203
2025-08-14,31.804024441743618,33.49838859435723,11.101132243907172,8.407302831775361,8.404493834375593,3.7123041828164833,2.197435480245532
2025-08-15,31.802299140720045,33.493300007139716,11.11294871540965,8.371489198844873,8.408621218428777,3.7349909100327845,2.185064462959761
2025-08-16,31.801899877857384,33.486194160108845,11.124329370228061,8.33376741992559,8.414119450842978,3.759453396908256,2.1707575365476455
2025-08-17,31.802818713977707,33.477133535966,11.13519880585209,8.294311473372542,8.42095943462357,3.785574740630009,2.154621206290159
2025-08-18,31.805021986210324,33.46620477978669,11.145493312861582,8.253355326934345,8.429087668165344,3.8131972384907242,2.1367921723869014
2025-08-19,31.799132257120654,33.45176068039842,11.160582940015365,8.205628884819841,8.440921741043772,3.844116311640305,2.1180593004982717
2025-08-20,31.802822246243124,33.43193975441244,11.167437240924293,8.162500660931748,8.456399557088282,3.8744226903665333,2.0967319130832536
2025-08-21,31.807741017284794,33.4149015315072,11.176120036540441,8.118202695191,8.468945943135989,3.905416159170887,2.0743436939651647
2025-08-22,31.80810238165499,33.39926085307661,11.174372870517871,8.075863630029426,8.500860242722535,3.931817373691111,2.0476375504655557
2025-08-23,31.812737126847097,33.380165559935534,11.179747174049139,8.032447839692704,8.519227894300245,3.9621857213370406,2.0231420373149565
2025-08-24,31.817308723226724,33.36009038245623,11.184208993663594,7.989860047871581,8.539053516101292,3.9921886810831992,1.998233128227695
2025-08-25,31.82159072833826,33.33924627747689,11.187756245138312,7.948512234071572,8.560278401749352,4.0214891414315375,1.9731691226846293
2025-08-26,31.825350137388423,33.317844784830584,11.190393236997167,7.908787426576237,8.582854233385202,4.049761970960161,1.948200922929161
2025-08-27,31.82835341663709,33.29609272224586,11.192127687369554,7.87102869600022,8.606748284473458,4.076701864767951,1.9235631628017256
2025-08-28,31.831831415398604,33.27818473302418,11.19242796331926,7.830847935483417,8.630422119880523,4.103087566531651,1.9014321420327442
2025-08-29,31.83274030629229,33.24947340804622,11.194254140376376,7.799131375703904,8.659114340386926,4.12281482870118,1.8793778438978783
2025-08-30,31.831996139932446,33.22594614999367,11.193773305714213,7.7697029791947445,8.687558545686924,4.143248290080362,1.8570036575188742
2025-08-31,31.829710968631705,33.20268636513687,11.192450502982568,7.743023398029937,8.717398739244068,4.161286606730322,1.8357626668833473
2025-09-01,31.825712810530575,33.179781394871995,11.190283056624013,7.719195573219469,8.748729544742579,4.176755090593147,1.8157274747234493
2025-09-02,31.819851217180933,33.15730231584496,11.187259354053877,7.6982749030758155,8.781664808570252,4.189506948516851,1.7969356495762931
2025-09-03,31.811998638752993,33.13530511742718,11.1833589756991,7.680274711882657,8.816333219659104,4.199421118559938,1.779392115058713
2025-09-04,31.80205174063164,33.11383242367425,11.178553600420923,7.6651721146228375,8.85287249184864,4.206400119466696,1.7630727103150652
2025-09-05,31.789932884977425,33.092915552267534,11.17280867078158,7.6529137774514755,8.891422221158658,4.210368311038595,1.7479285763327115
2025-09-06,31.775591928608236,33.072576714963425,11.166085775608837,7.643421190685379,8.932115572432926,4.2112708756594195,1.7338910402309473
2025-09-07,31.759008402927517,33.05283118645858,11.158345679694781,7.636595199143333,8.975070006959426,4.209073722648853,1.7208767119349346
2025-09-08,31.74019403991971,33.03368929655264,11.149551899018189,7.632319660748205,9.020377339936058,4.203764395236427,1.708792561999086
2025-09-09,31.71919549882826,33.01515813077224,11.139674682555393,7.630464219516554,9.068093514022536,4.195353931307823,1.697540804488244
2025-09-10,31.696097040941236,32.997242855489034,11.12869521862889,7.630886277749634,9.118228586144522,4.1838795001259355,1.6870234564528612
2025-09-11,31.671022806785587,32.97994761453058,11.116609837742976,7.633432330711275,9.170737535363406,4.169407515700869,1.6771464808339922
2025-09-12,31.64413828460273,32.963275975547894,11.103433940948563,7.637938882526408,9.225512589384167,4.1520368234094525,1.6678234412367954
2025-09-13,31.61565053548437,32.94723093618647,11.089205351610019,7.64423319194087,9.282377810930166,4.131901482286425,1.6589786065625591
2025-09-14,31.585806771542142,32.93181453204805,11.073986779126441,7.652134098801677,9.341086657096541,4.109172634790015,1.6505494449908167
2025-09-15,31.554890976570324,32.917027119154035,11.057867105242666,7.661453155601215,9.401323104652063,4.084058981112651,1.642488445790204
2025-09-16,31.52321841299019,32.90286643064268,11.040961263478813,7.671996234368805,9.462706713927842,4.056805463694769,1.634764209996287
2025-09-17,31.491128062483,32.88932652744597,11.02340858056831,7.683565702117525,9.524801693056325,4.027689918351616,1.6273617626359183
2025-09-18,31.45897327703151,32.876396772260435,11.005369578719101,7.69596316638104,9.587129653031045,3.9970176490260214,1.6202820636401103
2025-09-19,31.421970983411484,32.8625417716262,10.990811745466877,7.706932756035428,9.653539485441167,3.966909567953064,1.611730605489087
2025-09-20,31.387965216547915,32.84978759691725,10.967756450096216,7.722165387794727,9.713635996138608,3.931439608978857,1.6007530954760796
2025-09-21,31.35820773603182,32.83941854305335,10.947972961318804,7.736725595568624,9.772542059656255,3.897668574488437,1.5954164895830605
2025-09-22,31.333352273819347,32.84136681249488,10.924040271441333,7.749613403758348,9.82543757662574,3.8603668306403356,1.590340562750672
2025-09-23,31.30686749577291,32.83434277839033,10.904095155448424,7.7637552208162415,9.87925517578754,3.8259540890147945,1.585585971418303
2025-09-24,31.28211313290699,32.82815581699315,10.884558718072523,7.777632684847101,9.93020910523863,3.7918584386989087,1.5812112467502815
2025-09-25,31.262904547736643,32.82095353221027,10.861309406294117,7.786806272652179,9.982696871095841,3.760329073922913,1.5735443814106493
2025-09-26,31.24467122314707,32.808049344318896,10.850347577909638,7.801072152783744,10.024144261950525,3.723938968520617,1.5735763565026568
2025-09-27,31.22623657510862,32.80306344279704,10.834571809336186,7.814335395982569,10.06336750544434,3.6911406459631504,1.5718069595501187
2025-09-28,31.210286636175052,32.79869769771626,10.819574466392202,7.826892645088036,10.098673183025667,3.6593581783750624,1.5705882078112114
2025-09-29,31.196837060310827,32.79497179492903,10.805401895353919,7.83872919044454,10.129918124557554,3.628648514652081,1.5699615356485164
2025-09-30,31.18587385852379,32.791910851311094,10.792075988177682,7.849840941282742,10.157011393395203,3.5990327562715785,1.5699555533420886
2025-10-01,31.17735935166967,32.789546691800794,10.779596306102011,7.860232679256187,10.179905676047172,3.570499139764142,1.5705865068196456
2025-10-02,31.17123824010012,32.78791885561862,10.76794277841705,7.869916175354271,10.198588010036767,3.543006769851572,1.5718591739912335
2025-10-03,31.167443416884275,32.78707528231271,10.7570787518336,7.878908295725746,10.213070545209819,3.51648977418308,1.573768067317957
2025-10-04,31.165901239486196,32.78707263507215,10.746954202281106,7.887229196689901,10.223381911972782,3.4908616063695876,1.5762988134843958
2025-10-05,31.166536061860203,32.78797622082956,10.737508966234962,7.8949006826070836,10.22955963823339,3.4660192925971254,1.579429594702197
2025-10-06,31.16927390575989,32.78985946476169,10.7286758952834,7.9019447757387695,10.231643932424006,3.441847487891616,1.5831325577701045
2025-10-07,31.1740452118316,32.79280289245773,10.720383879908505,7.908382526849238,10.229673043199426,3.418222273254825,1.5873751222519827
2025-10-08,31.18078665670272,32.79689256849229,10.712560722612155,7.9142330799777065,10.223680320959282,3.3950146793261005,1.5921211444927723
2025-10-09,31.18944205350002,32.80221793816946,10.705135864462601,7.919512994474892,10.213693040686898,3.372093963208775,1.597331917201912
2025-10-10,31.199962373564535,32.808869022928,10.69804298202368,7.924235821304761,10.199732994380451,3.349330691563273,1.602967003550928
2025-10-11,31.212304941005698,32.81693293265758,10.69122247348506,7.928411927593449,10.181818816987441,3.3265996949688685,1.6089849195494526
2025-10-12,31.226431863804457,32.82648968325478,10.684623844284511,7.932048562082191,10.159969963814923,3.303782956401487,1.6153436888478168
2025-10-13,31.242307779689288,32.837607347931375,10.678207984768047,7.935150153073025,10.134212201945413,3.280772481292379,1.6220013003485056
2025-10-14,31.259897015324377,32.850336627727835,10.671949307224828,7.937718828288282,10.104584407130313,3.257473169185623,1.628916101493738
2025-10-15,31.279160285407393,32.864705000045774,10.665837679480564,7.939755141648587,10.07114636805402,3.233805669251034,1.6360471592280224
2025-10-16,31.300051094089902,32.8807106905047,10.659880060629767,7.941258984520941,10.033987193469674,3.2097091565645255,1.643354616762988
2025-10-17,31.32961628346421,32.90132536501639,10.645996658352722,7.948961581240702,9.994425238534987,3.1774819121053097,1.647844717846921
2025-10-18,31.356557310950244,32.921815582039365,10.638536564183367,7.950105599036749,9.949200387448295,3.151442504756416,1.6540084233187848
2025-10-19,31.38530452380281,32.94386389633379,10.63095709108493,7.95101666989623,9.900844138422471,3.12462684427095,1.6600395687945884
2025-10-20,31.41584406106051,32.96734058259241,10.623266717278131,7.951737726375044,9.849626733498079,3.0970334006651283,1.6658590941584575
2025-10-21,31.44570540015421,32.98455884527912,10.617216605375418,7.956558543042882,9.791479310979351,3.0667835968046346,1.6711132060982874
2025-10-22,31.47871469492001,33.010237586403626,10.609246104872682,7.957261320909752,9.734791329808962,3.038103637654874,1.6761796674860698
2025-10-23,31.513195663417015,33.045028377965316,10.595756872163559,7.9561467011035205,9.679533336424267,3.00402080757332,1.6782340451267235
2025-10-24,31.545852184457498,33.07998155942023,10.583880931627533,7.958313857568878,9.620067768734907,2.968917124691004,1.6864311865203798
2025-10-25,31.58275971718252,33.10807332409693,10.575956917067336,7.959671868647982,9.558781720032,2.938904203229943,1.6906679905636581
2025-10-26,31.62047698318307,33.13623266638061,10.567765020526144,7.961498089999495,9.497609605193322,2.9083277613370853,1.6942563274562337
2025-10-27,31.658830829880593,33.16416764490143,10.559279288199077,7.963922679223419,9.437116207345507,2.8773185095570426,1.6971428758186244
2025-10-28,31.697639388016867,33.191606992793254,10.550449700415651,7.967081567480862,9.37786108758143,2.846005462371646,1.6992779313150117
2025-10-29,31.736717232874927,33.21831379546364,10.541199579516004,7.971113224502028,9.320379905625874,2.8145109738507896,1.7006161783386862
2025-10-30,31.775880118462123,33.24409756404365,10.5314243797507,7.976155133929317,9.265167309100534,2.782946441502762,1.701117418304353
2025-10-31,31.81494886007546,33.26882382408612,10.520992080134125,7.982340113812969,9.21266253981273,2.7514090553626684,1.7007472854492363
2025-11-01,31.853752044378563,33.29242057472512,10.50974529514684,7.989792598811707,9.163238581125693,2.719979864733169,1.699477990448051
2025-11-02,31.892127389146506,33.31488125974782,10.497505110530701,7.998624971362366,9.117195270261698,2.6887233025510477,1.697289133163299
2025-11-03,31.929921735581928,33.336264183596114,10.484076553843318,8.008933997255786,9.074756389282486,2.6576881665895007,1.694168617173879
2025-11-04,31.966989812409317,33.356688562878446,10.46925552838605,8.020797395645452,9.036070388848186,2.626909925763096,1.6901136805282377
2025-11-05,32.00319204418075,33.37632760170562,10.452836975046838,8.034270561965172,9.001214133107029,2.5964141121661366,1.6851320310843332
2025-11-06,32.03839177368469,33.39539910781446,10.434623975040948,8.049383468946662,8.970198903107244,2.5662204824613246,1.6792430436930554
2025-11-07,32.07245232375293,33.41415423181301,10.414437460569454,8.066137796415967,8.942977858765687,2.5363475873487182,1.6724789441298917
2025-11-08,32.10523433613923,33.432864929987026,10.392126153746583,8.08450438127441,8.919454217410852,2.50681737249487,1.6648858753970928
2025-11-09,32.136593797039005,33.4518107418293,10.367576303959593,8.104421127894248,8.899489532057508,2.477659444059954,1.6565247202636655
2025-11-10,32.16638109460797,33.47126545450216,10.340720742766198,8.125791566233303,8.882911613813242,2.448914662552793,1.6474715438347596
2025-11-11,32.194441358772195,33.49148420893324,10.31154673222208,8.148484279009516,8.86952181169338,2.4206377772202483,1.6378175248661908
2025-11-12,32.220616213798735,33.51269158852771,10.280102060966263,8.17233342916197,8.859101517045147,2.3928988780360885,1.6276682663639035
2025-11-13,32.244746937121974,33.53507121542578,10.24649885878486,8.197140595515206,8.851417883399655,2.3657835227230617,1.6171424146337243
2025-11-14,32.266678873779355,33.55875734863821,10.21091466969305,8.222678063108168,8.846228837721096,2.339391490489004,1.606369568856168
2025-11-15,32.28626681728448,33.58382891898932,10.173590454977509,8.248693615996158,8.843287503940502,2.313834218453412,1.5954875254304028
2025-11-16,32.30338094990084,33.61030633599532,10.134825390379548,8.27491675242172,8.842346167845903,2.2892310841274397,1.5846389656281834
2025-11-17,32.31791285360617,33.638151257116434,10.094968562504794,8.301066099850319,8.843159891356494,2.26570479773625,1.5739677532065959
2025-11-18,32.33572680032537,33.67264327913869,10.050170243806672,8.330618934832177,8.841668349763031,2.238678912726719,1.5635044324184948
2025-11-19,32.343755770243305,33.70191087169955,10.010061397760104,8.355096726227801,8.846025103198352,2.2185269395957814,1.5536023370796541
2025-11-20,32.36142101087093,33.728283667023426,9.972329175771371,8.37821772051291,8.837665386982252,2.192913173503753,1.544284791074633
2025-11-21,32.358484736408805,33.76424185797987,9.92975521017391,8.401934266922249,8.846018730546485,2.1752649874967362,1.5378615079739002
2025-11-22,32.35769126462738,33.796093870445034,9.890908019744883,8.423314342612938,8.854902534943326,2.1604739239112183,1.5295758296406048
2025-11-23,32.35467258480728,33.82822941805242,9.853384382268919,8.443200412960296,8.863804372568943,2.146995250708928,1.5222429004677425
2025-11-24,32.34950198866233,33.860390681123796,9.81750718904805,8.46145274522883,8.872655479979192,2.134889215334398,1.5159063277411307
2025-11-25,32.34228424828601,33.89232844519374,9.783554307372734,8.477968108242656,8.881395448410965,2.1241889067320274,1.5105946036302478
2025-11-26,32.33315021378398,33.92381023025533,9.751753189825942,8.492679867287883,8.889972942153456,2.1149014674388518,1.5063212809797728
2025-11-27,32.32288298870513,33.96140325979095,9.717810324948264,8.506548209969477,8.897165793805192,2.1062393911094883,1.5004236086872011
2025-11-28,32.310244621089325,33.990146722545205,9.691579840850924,8.517421797332771,8.905536498295552,2.099841463873208,1.4987085657058559
2025-11-29,32.29620599475208,34.01809839991291,9.667738335689936,8.526514716750736,8.91360157434475,2.0947272780822854,1.497906613255862
2025-11-30,32.28093888777281,34.04510664987212,9.646327938434599,8.533878632658544,8.921353299876897,2.0908300700106026,1.497996750606797
2025-12-01,32.26461367457266,34.07105438817729,9.627347580620407,8.539584791093164,8.928790002324755,2.088072798696736,1.4989485565779843
2025-12-02,32.250506998468715,34.08865460123311,9.607923725951872,8.539740248893105,8.94351193170044,2.090693542062599,1.5009969273147883
2025-12-03,32.2333552586071,34.110504566680284,9.593104156509375,8.541492631804234,8.95199879127064,2.090934066218694,1.5035941309528227
2025-12-04,32.215811066891185,34.13073577164644,9.580401028513181,8.541691126341592,8.960535210003785,2.0922516810803424,1.5069210975129663
2025-12-05,32.197211391633275,34.15166865028055,9.569763383740433,8.537750294547775,8.971551458954469,2.0971557761994433,1.5139712611960396
2025-12-06,32.17928757303214,34.168902784007905,9.560915190640884,8.534458332782185,8.980950791880845,2.1010583927687274,1.5192742341293488
2025-12-07,32.158185780445336,34.18668663772448,9.555002327575833,8.528189652317883,8.990811849603222,2.1085734238990455,1.5252762205239783
2025-12-08,32.13996580641387,34.20081167973358,9.549627648742824,8.52165084895782,9.001196220073927,2.1152015527695283,1.531941902229716
2025-12-09,32.12207673686891,34.21312249007004,9.545620975166461,8.513620889483041,9.012306859305674,2.1230454081417247,1.539238037423921
2025-12-10,32.104674313464514,34.223546996702645,9.542799227171967,8.5040863677495,9.02432328642033,2.1321680834374748,1.5471334876826923
2025-12-11,32.08791836004756,34.23199950555606,9.540974678305348,8.493014670611913,9.037445991296693,2.142656186732211,1.555598875915812
2025-12-12,32.07197504826327,34.238378426190096,9.539955607085773,8.48035399960792,9.051896339231073,2.154620118560346,1.564605847338015
2025-12-13,32.057018731664876,34.24256536788595,9.539546699726605,8.46603459563045,9.06791518166304,2.168193187254023,1.5741259076343177
2025-12-14,32.04323298469389,34.244426049229766,9.539549461228376,8.449971499187795,9.08575956882044,2.183529126010771,1.5841288238122193
2025-12-15,32.03081039976983,34.24381354950743,9.539762945850875,8.43206923896704,9.105696858826795,2.200797481724235,1.5945805996086222
2025-12-16,32.01995062050813,34.24057447939027,9.539985166585515,8.41222885975426,9.127995471367598,2.2201762916405157,1.6054410846328835
2025-12-17,32.01085604993602,34.23455861691839,9.540015572702456,8.390357640406826,9.152911597322351,2.241841493895794,1.6166613490416712
2025-12-18,32.00372471130166,34.22563238472769,9.539658971967196,8.366381668365875,9.180671419377294,2.265952688887667,1.628181053247053
2025-12-19,31.996297108744603,34.21329869066092,9.541392590430432,8.334526720618214,9.215953680323814,2.2947585928997483,1.638766092553577
2025-12-20,31.99828455230899,34.20091451110914,9.54140440534721,8.30408914810241,9.251271074519247,2.3216191084367126,1.6521168023431976
2025-12-21,31.993034858310562,34.16964013805827,9.54132217271852,8.276556090755681,9.293729748480096,2.3544248500605227,1.6633045764040557
2025-12-22,31.99413291670674,34.15044068435719,9.53834609336405,8.241824843608589,9.334363441715084,2.389968371966616,1.6743248780171038
2025-12-23,31.99751160021164,34.12844566471356,9.534603444834001,8.205335675408149,9.377862421355667,2.4277090537997585,1.6850319837321674
2025-12-24,32.003012290435315,34.10407365832708,9.53011608797245,8.167431151869922,9.423755865550243,2.4672874104626525,1.6952776636162605
2025-12-25,32.00745819218503,34.09581847003186,9.510267957656097,8.128934878648488,9.472805581123795,2.5097176955959317,1.7017396474602653
2025-12-26,32.013028053505344,34.05508017643243,9.532091556046334,8.08422592084583,9.529140194522387,2.546653068080916,1.718015287147521
2025-12-27,32.02252040382548,34.022647129275164,9.533723029543488,8.044340609672155,9.578800849867678,2.586694006649645,1.7279189566578175
2025-12-28,32.03238400534856,33.99076653895912,9.535698577411495,8.005255532181602,9.627701143251027,2.625756631032766,1.737003065734124
2025-12-29,32.04212874460405,33.96010378865197,9.53832754527338,7.967539921766889,9.674967138101188,2.6631309245875796,1.745251742930204
2025-12-30,32.05128667434481,33.931248974118304,9.541905044868896,7.9316890924104415,9.719822288985801,2.698184127306994,1.752682144939131
2025-12-31,32.059442534160326,33.90467799189293,9.546695672484095,7.898093030559079,9.76163744655544,2.7303999030863704,1.7593411350623454
2026-01-01,32.06625633470355,33.88072846781704,9.552921901024966,7.867018454346257,9.799961584870193,2.7594021656730576,1.7652994955474155
2026-01-02,32.07147582145905,33.859592132911494,9.560758169931685,7.838605275255973,9.83453122882255,2.784962054141794,1.770644820488291
2026-01-03,32.074938774318795,33.84132208230543,9.57033051302935,7.812875692004264,9.865260659301647,2.8069897850579353,1.7754742395247634
2026-01-04,32.07656683724754,33.825851134389815,9.581720641654748,7.789752348139325,9.892217830793182,2.825515345670951,1.779887885947141
2026-01-05,32.07635354982921,33.81301659676232,9.594972918168416,7.769081350136751,9.915592096630547,2.840662881268221,1.7839836690687438
2026-01-06,32.07434943753594,33.802587007890324,9.610102611263343,7.750656308189625,9.935659481366738,2.852623321650577,1.7878535582537338
2026-01-07,32.07064661369197,33.79428743236927,9.627104093309939,7.734240530790497,9.952749922820757,2.8616287309576878,1.7915813119119322
2026-01-08,32.06536464369615,33.78782116557185,9.64595805567329,7.71958565671704,9.967219247136626,2.867930542594419,1.7952414173227889
2026-01-09,32.058638676522435,33.78288688638569,9.666637240884464,7.706446037614245,9.979427108680143,2.8717826269874256,1.7988989377658788
2026-01-10,32.05061022182005,33.77919119095302,9.689110536229672,7.694588938178799,9.989720971609195,2.873429228350957,1.802609965179729
2026-01-11,32.04142050930781,33.77645699945215,9.713345510753271,7.683801073192376,9.998425489765324,2.873097240921797,1.8064224193840093
2026-01-12,32.031206108450725,33.77442859672796,9.739309612541932,7.673892200542423,10.005836296947585,2.8709920264035693,1.8103769942539554
2026-01-13,32.02009637322472,33.77287412776409,9.766970298959196,7.66469651370235,10.012217144042584,2.8672959171888044,1.8145081109473704
2026-01-14,32.00821226210034,33.77158630300821,9.796294376506005,7.656072499624368,10.01779940591941,2.8621686192809137,1.8188447897886886
2026-01-15,31.99566612528966,33.7703819418109,9.827246802548093,7.647901805285662,10.02278314480072,2.8557488578369994,1.8234113926243587
2026-01-16,31.968189797254208,33.7683043748042,9.86603430198603,7.635744118081867,10.028419581759584,2.852750197258198,1.8317129493605413
2026-01-17,31.95467923587838,33.76749493421139,9.899312987015904,7.629005576555689,10.032192398977147,2.8434337000754373,1.8361507730029296
2026-01-18,31.940291742652985,33.766307415795424,9.934283042331005,7.622317494325617,10.035847166378312,2.8333400863783096,1.8409994374621832
2026-01-19,31.9251333390034,33.76466624445225,9.97084743617333,7.615666694698688,10.039464078670463,2.8225247869438377,1.8462429276348995
2026-01-20,31.912262331128495,33.76587591404531,10.00767357223236,7.607039077307608,10.04612921915403,2.8105928188785048,1.8523972826714719
2026-01-21,31.89539748725686,33.76492836714936,10.04929505420206,7.599661082337194,10.051119381154711,2.7964015019184094,1.8597443865113576
2026-01-22,31.881199670581687,33.75429609844338,10.094099832755,7.592516632319294,10.0566278253757,2.784757266989609,1.8662784897873972
2026-01-23,31.85191085067199,33.753983471673294,10.134920300072306,7.59048214703423,10.061978843189744,2.7716597823196167,1.8771790208472523
2026-01-24,31.83162179157186,33.75073732917911,10.17842513784006,7.584907625993972,10.066271120832022,2.7573864360148637,1.8857161437267416
2026-01-25,31.81069786180903,33.74694935119548,10.222778210702515,7.579484431550447,10.070954330509482,2.7427489873837354,1.8947548557679839
2026-01-26,31.78907805428261,33.74268337101904,10.267825934421502,7.574265018402356,10.076016455166425,2.7278033466010596,1.9043133552945042
2026-01-27,31.766690229950626,33.73801662355777,10.31339899102917,7.56930487917042,10.08144354867025,2.7126122965982966,1.9144093126460113
2026-01-28,31.74345015471092,33.733039995994496,10.359313614266542,7.5646622168373305,10.087220149056524,2.697245097100102,1.925059899109358
2026-01-29,31.719260730020466,33.727858034026085,10.405373193856835,7.560397572476739,10.093329770482024,2.681776942464843,1.93628181822812
2026-01-30,31.69246189211477,33.725842814420155,10.450761134801475,7.5556086979817,10.10062254026851,2.6672133670142775,1.948214824527183
2026-01-31,31.665744640927453,33.72134206733328,10.496248836511748,7.552084256432207,10.107523571121895,2.652024708564688,1.9606187800340933
2026-02-01,31.637665986661403,33.7171743416415,10.541167609942095,7.549088460727594,10.114738955833424,2.6370430377367255,1.9736290011495847
2026-02-02,31.608074205858134,33.713518455268336,10.585275368777971,7.546679132769247,10.122258434766417,2.622369817180009,1.9872550273362788
2026-02-03,31.576807807243497,33.71056549829563,10.628326280866112,7.544912682389382,10.130074101492587,2.608109361921256,2.001504047965562
2026-02-04,31.543698218801403,33.70851690961114,10.670073377999387,7.543843289617725,10.13818090447437,2.594367688978993,2.016380248740096
2026-02-05,31.508573373243372,33.70758204893102,10.710271300014922,7.543522005584294,10.146577033311054,2.5812512548645894,2.031883997103232
2026-02-06,31.47126225201749,33.707975223275604,10.748679178061094,7.543995762363214,10.155264153357884,2.568865578014424,2.048010869863878
2026-02-07,31.431600412064316,33.70991213447275,10.78506367042431,7.545306284506237,10.164247454593161,2.55731374211161,2.064750542948307
2026-02-08,31.38943646929786,33.71360572920802,10.81920216815969,7.547488900512423,10.17353548490617,2.5466947774857487,2.082085583189786
2026-02-09,31.344639446983283,33.719261457789145,10.85088618440481,7.550571261549139,10.183139744894122,2.537101922353645,2.0999902040804606
2026-02-10,31.29710681601596,33.727071983888344,10.879924928488958,7.55457198756834,10.193074031138147,2.5286207744207414,2.1184290693483754
2026-02-11,31.246772960086325,33.7372114357315,10.906149042397331,7.559499277240303,10.203353527990295,2.521327356736926,2.137356247232337
2026-02-12,31.193617697434437,33.74982934844813,10.92941444272994,7.565349536891008,10.213993664093572,2.5152861394911077,2.15671443099159
2026-02-13,31.137674391550096,33.76504451417278,10.949606167703909,7.572106103147336,10.225008768697194,2.5105480805868594,2.1764345439460233
2026-02-14,31.079037098570584,33.782939024860156,10.966642079811123,7.579738151764066,10.236410583270816,2.5071487703298128,2.196435837131412
2026-02-15,31.017866144873494,33.803552853790244,10.980476226482162,7.588199898001875,10.248206704254178,2.5051067863574215,2.2166265626806845
2026-02-16,30.95183422705978,33.82593370956195,10.984032455717431,7.600537275498783,10.267797183083971,2.504634110924749,2.237925911361534
2026-02-17,30.885946075367706,33.851628029505214,10.989835639340413,7.6111478367052205,10.282049098024816,2.50533530405352,2.2583362640491624
2026-02-18,30.818391321594284,33.87978753241643,10.992218008392182,7.6224873930947314,10.296999965000403,2.5073412949760203,2.2786224390195824
2026-02-19,30.74960643888237,33.91023309259501,10.991249690115591,7.634469594536163,10.312675049933612,2.5105933196377626,2.2986661057579125
2026-02-20,30.68008276131256,33.94273390450894,10.987036682280234,7.646998211661436,10.329094222470907,2.515014030771691,2.3183492593282438
2026-02-21,30.610354011136014,33.97701220950803,10.979717614349433,7.659969683505162,10.346271930312378,2.5205092888558673,2.3375574728535597
2026-02-22,30.540981161897847,34.01275016795427,10.969459058959938,7.673276161887159,10.364217655182852,2.526970661570561,2.3561830196029057
2026-02-23,30.4725354777641,34.04959854694511,10.956449557457223,7.686808905514071,10.382936849775287,2.5342785224240334,2.3741276647250853
2026-02-24,30.405580761379113,34.08718672674288,10.94089264158611,7.700461838888722,10.402432312709932,2.542305583385929,2.3913049608178865
2026-02-25,30.340655930385736,34.12513340834892,10.922999228448964,7.7141350713611185,10.422705919041256,2.550920655449393,2.4076419320848728
2026-02-26,30.278259011550315,34.1630573481769,10.902979823750764,7.7277381732555845,10.443760592241121,2.559992411152338,2.423080091016555
2026-02-27,30.208135426857513,34.20639750283405,10.88155972220035,7.745508937171551,10.466801952609702,2.567939351541596,2.443541248953478
2026-02-28,30.14997405182963,34.24429666396888,10.858125880785071,7.7596388692761415,10.489584996168386,2.5771648588525142,2.458248159080369
2026-03-01,30.095118193668142,34.281300777550285,10.833212094874282,7.77366303927273,10.513176130614218,2.5863971503611767,2.472173012495516
2026-03-02,30.041215560610127,34.321219062181484,10.79775637512371,7.78808751585534,10.548408803284028,2.593832295379327,2.4848531761937673
2026-03-03,29.98288421350378,34.36266575279093,10.7744663670448,7.802312932963787,10.576145528409539,2.600948418218689,2.500758965903618
2026-03-04,29.939916947833005,34.39543539041528,10.742456479610231,7.816099906222716,10.60513691573743,2.6093197251477314,2.5117425365693244
2026-03-05,29.896019391462104,34.42559336562952,10.711582049248356,7.830335059255558,10.637243744363806,2.6163448118530166,2.5226988017479384
2026-03-06,29.860024855160027,34.455668402668586,10.676768879962626,7.844071049665983,10.66887148597633,2.6236756661168967,2.5326338253419016
2026-03-07,29.82683695822847,34.48409165054993,10.64083412787924,7.85792948645218,10.702163193433798,2.6302566957970295,2.5421896810034643
2026-03-08,29.793744227282808,34.50984105476669,10.604957502650215,7.871735362439927,10.740827166360177,2.635266550541739,2.5514449878057324
2026-03-09,29.76583981970751,34.53518169195532,10.566284440172774,7.886185705833717,10.777232184961537,2.640283583355151,2.560485753973652
2026-03-10,29.739861992337584,34.558881591946005,10.526339150448402,7.901028609096603,10.81576459404506,2.644317812517209,2.5694039810819422
2026-03-11,29.71546534537822,34.58103102742414,10.485043563622655,7.916369245871874,10.856526227550999,2.6473082915251576,2.578296130919021
2026-03-12,29.69228150404434,34.60174365835907,10.442334487464088,7.932309103423102,10.89960480947596,2.6491940708769732,2.58726140704746
2026-03-13,29.66992774681916,34.62115399372476,10.398170860593318,7.948941864510446,10.945066698973628,2.649914692190285,2.596399802789648
2026-03-14,29.64801590178189,34.63941484718957,10.352541019317085,7.966349035265039,10.992949106032894,2.649411245201029,2.6058098768147127
2026-03-15,29.626161559986052,34.65669470522311,10.305469647955226,7.984595428732263,11.043252096868489,2.6476280110333317,2.6155862377786203
2026-03-16,29.603993617497395,34.673174897305586,10.257024010052657,8.003724666548097,11.09593081562012,2.644514671115478,2.625816750839092
2026-03-17,29.58116408086207,34.68904644965078,10.207318993971759,8.023754919012243,11.150888453187754,2.6400290087389098,2.636579520300009
2026-03-18,29.5573579610642,34.70450651921442,10.156520466934534,8.044675158395702,11.20797057772887,2.6341399718404976,2.6479397513075686
2026-03-19,29.532302951308452,34.71975434491639,10.104846434507767,8.066442240897779,11.266961483358031,2.6268309058485073,2.659946644443525
2026-03-20,29.50206934938944,34.736299392313526,10.05205405575532,8.091850513906817,11.329294013088635,2.6175199595034373,2.6752827405304282
2026-03-21,29.475875775164855,34.74425367352068,9.998725141951574,8.110463727681305,11.391786241319139,2.611271936449166,2.688475731700172
2026-03-22,29.44566211260146,34.76164416073492,9.943570725153124,8.129588141895141,11.461539890680175,2.599065599140161,2.7021487279193654
2026-03-23,29.414801556356437,34.77647074683608,9.891161292047984,8.151314554780532,11.525922814487059,2.5870995216623034,2.7165096662140575
2026-03-24,29.382288608491244,34.791704356812716,9.839615020136547,8.172837348741126,11.590439545827659,2.574092968123996,2.7314839215137225
2026-03-25,29.34827969348688,34.807408174269575,9.7893415290704,8.193873153829877,11.654600398741382,2.5601909562097696,2.7469750499078502
2026-03-26,29.312997643450046,34.8236108232562,9.740738290305087,8.214125665844605,11.717913273804408,2.5455615220699475,2.762867376679107
2026-03-27,29.265087336867076,34.829830763970676,9.688916182695982,8.241331227001728,11.787579659753604,2.5326433318741857,2.7885572789223114
2026-03-28,29.23149317560799,34.84073854499899,9.648408110837472,8.25938141899394,11.845690231063152,2.5166472339754575,2.8062677594668877
2026-03-29,29.197344507791648,34.85152777459276,9.610540510525853,8.275998936943562,11.901690532288569,2.5006441157985617,2.8242694124734204
2026-03-30,29.163098333705953,34.86194120280071,9.575594495086975,8.290941742321214,11.955215632697122,2.484832683996461,2.8424475189480547
2026-03-31,29.12921317769082,34.87168901067966,9.543785857516772,8.30399862526702,12.005967956810867,2.4694110591326472,2.8606947385171866
2026-04-01,29.096136131952548,34.880453559553146,9.515263436074626,8.314993988181989,12.053722716389672,2.454571432143864,2.8789157905183114
2026-04-02,29.0642915577748,34.88789473374838,9.49011106727123,8.323790648418168,12.09832920891324,2.44049546506251,2.8970313819212348
2026-04-03,29.03407197835654,34.89365554649831,9.468352625362261,8.330290726358951,12.139708302866543,2.4273506352252827,2.914981213815499
2026-04-04,29.00583142670586,34.89736773334124,9.449959436740192,8.334434849871847,12.177846720087606,2.4152876069850713,2.932725995573605
2026-04-05,28.97988125252395,34.898657139206726,9.434859253928828,8.336200020275786,12.212788906395561,2.4044386074482635,2.9502484841612633
2026-04-06,28.956488176182994,34.89714879832358,9.422945971616166,8.335596542018598,12.244627349699671,2.3949166959722663,2.967553635210597
2026-04-07,28.935874224963918,34.892471694946714,9.414089346281104,8.332664421652467,12.273492174115788,2.386815758361809,2.9846679972556704
2026-04-08,28.918218102416954,34.884263265763856,9.408144114020262,8.327469601950645,12.299540735056725,2.3802110275167596,3.0016385006266106
2026-04-09,28.90365752078992,34.87217375415802,9.404958059974053,8.320100328138519,12.322947793632466,2.375159929845379,3.018530791260011
2026-04-10,28.89229205659707,34.85587054902074,9.404378753306741,8.310663859472356,12.343896686727316,2.371703075428766,3.035427242613125
2026-04-11,28.884186155185855,34.83504263685707,9.406258806880087,8.299283653029937,12.362571753593684,2.369865242987053,3.052424752174703
2026-04-12,28.879371996389004,34.80940526834102,9.410459640806398,8.28609706666677,12.379152144993627,2.369656251666719,3.0696323985605223
2026-04-13,28.877852027036692,34.778704893679325,9.41685382059395,8.27125356040991,12.3938070338951,2.371071655071164,3.0871690056384877
2026-04-14,28.879601057375677,34.7427243604006,9.42532610487189,8.254913323030758,12.406692168753041,2.374093234645169,3.105160635029588
2026-04-15,28.88456790053929,34.701288298250425,9.435773378704198,8.237246213991032,12.417947658782229,2.378689306619891,3.123738009907308
2026-04-16,28.892676602980195,34.654268544803536,9.448103671349655,8.218430889907392,12.427696850505182,2.3848148873746475,3.1430338624335707
2026-04-17,28.904769524547447,34.60196637084669,9.460293844526388,8.199960461447963,12.441162549189634,2.3909015945281262,3.165794095969181
2026-04-18,28.918685292928327,34.54345036034722,9.476535662915062,8.179140919965766,12.447259221687295,2.400193629730252,3.1864872836668057
2026-04-19,28.93540095027774,34.47933830983383,9.494362094526673,8.15780670976708,12.452281697851385,2.4107488220741367,3.2083484812253222
2026-04-20,28.954744894012244,34.40973064130041,9.513716179213482,8.13615266480695,12.456266740768832,2.422478664506095,3.2314805958416177
2026-04-21,28.97652629657219,34.33479444417963,9.534539137063835,8.114377793401836,12.459242885379247,2.4352817456701605,3.255975311113265
2026-04-22,28.997076924342018,34.24785641522035,9.56735441158298,8.088734618610959,12.460498699271238,2.452442336799659,3.283793678323028
2026-04-23,29.029278320513793,34.162759669263274,9.591762071162709,8.062104348143624,12.46284294458188,2.4661498976705336,3.309206112765936
2026-04-24,29.06196214322883,34.05535071341578,9.63074492864597,8.04322190551693,12.455392185523054,2.4818422769482695,3.3464901469657486
2026-04-25,29.09262164978812,33.958104270288246,9.663529975937687,8.022328291900777,12.451351741340103,2.4980231395315453,3.378480507055078
2026-04-26,29.124631348700408,33.856940659083925,9.698282944453899,8.002162884651352,12.446080213790784,2.5146211927272897,3.4121875013212306
2026-04-27,29.157733792784654,33.75237026923931,9.735065035533134,7.982888358553803,12.439512712382152,2.5314795599629,3.447582518155805
2026-04-28,29.19166658009461,33.64495088711822,9.773935977309684,7.964651127392024,12.431585847262314,2.548439039887799,3.4846026959613186
2026-04-29,29.226166000371098,33.53527932375846,9.81495456850249,7.947578325344358,12.422238728093554,2.5653405956003335,3.523149272424713
2026-04-30,29.260970642667015,33.423982665888744,9.858179029974371,7.931775163448258,12.411413894641441,2.582027837527931,3.5630866905879115
2026-05-01,29.292102047137643,33.303940423115044,9.910842076482172,7.914466754479371,12.399227221072795,2.595198544795096,3.611457676113828
2026-05-02,29.327087198009586,33.191597386217865,9.960382701236355,7.900038739784691,12.383884558898885,2.6107595801343737,3.6535891602438246
2026-05-03,29.361451203825347,33.079542560133035,10.012532999908371,7.886907413212639,12.366902823890982,2.625521906332595,3.6966431312571904
2026-05-04,29.394973809086743,32.96846137161554,10.067380028530543,7.8750302146271345,12.348216137297955,2.6393510422788653,3.740339906259311
2026-05-05,29.42744533955768,32.859035952828805,10.125000082699472,7.8643360014797405,12.327770427952574,2.652122066833836,3.784371691869126
2026-05-06,29.458668367828178,32.751939562163294,10.185452376604877,7.854725989909662,12.305526098306206,2.6637212580159866,3.8284074316145866
2026-05-07,29.488459163818522,32.647831101440545,10.24877115340434,7.846075598629667,12.281461272470732,2.674047667026825,3.8720988778098167
2026-05-08,29.516649061046326,32.54734929900369,10.314956420815689,7.838237234519462,12.25557557341938,2.6830146770744236,3.915087886086359
2026-05-09,29.543085876167577,32.45110608700476,10.383963713746956,7.831044044444377,12.227894281195223,2.6905515828639923,3.957014873157465
2026-05-10,29.567635501873237,32.3596787406666,10.45569351908924,7.824314629582278,12.198472613846352,2.6966051971956215,3.9975282917210704
2026-05-11,29.590183749845433,32.273600481659216,10.529981232527366,7.817858670719499,12.167399759405559,2.701141448096879,4.036294859939423
2026-05-12,29.610638452777124,32.19334948000496,10.606588717252194,7.811483342563039,12.134802187951658,2.704146878069096,4.073010144278829
2026-05-13,29.628931748569794,32.11933650556326,10.685198653664228,7.805000304046738,12.100845709796747,2.7056299042771714,4.107408951365657
2026-05-14,29.64502237693673,32.05189184692168,10.765412858057397,7.798232948504262,12.065735742949936,2.7056216554849013,4.1392748639879
2026-05-15,29.658897734505977,31.991252477131685,10.846755565405742,7.7910234982332485,12.02971533034302,2.7041761800667814,4.168448190712421
2026-05-16,29.670575377395714,31.93755073131019,10.928682297802458,7.783239453763265,11.993060614495738,2.7013698300767652,4.1948316177752645
2026-05-17,29.679817470457586,31.88720364954033,11.018257658696442,7.771854440723892,11.952149891708325,2.69753191678958,4.223621654801203
2026-05-18,29.687343647805253,31.847923648481842,11.098226075157276,7.763186308931986,11.915821925952448,2.6922589999507003,4.243443310457494
2026-05-19,29.694985031072694,31.81439489502762,11.175065190971763,7.751436585482562,11.876902417950365,2.687831882800988,4.257359184157919
2026-05-20,29.699107459355332,31.787846926017625,11.251504848245602,7.740629488067222,11.84085970374082,2.6810860402771373,4.271467826943197
2026-05-21,29.70161469643769,31.767114778441943,11.325421507417568,7.728961345935262,11.80561217551017,2.6736887753818555,4.283213579370654
2026-05-22,29.699911719873263,31.757922350068306,11.393212804969119,7.716733233455011,11.770683330121317,2.664781754445267,4.294290996199192
2026-05-23,29.699188344303888,31.748536653816725,11.459634939044307,7.703663649695364,11.737770958440077,2.65636649950709,4.3021858281775724
2026-05-24,29.69732972178268,31.743508567242863,11.521921587537314,7.690026149160644,11.706365467398655,2.6477258141347155,4.308409628187824
2026-05-25,29.694517697416252,31.74224992750236,11.579761512505712,7.675939222600756,11.676609424467355,2.6389888864022573,4.313199372868822
2026-05-26,29.690926046985403,31.744181511809337,11.632944841112419,7.66152278266815,11.648595261423834,2.6302709111998572,4.316783374115836
2026-05-27,29.686716409471458,31.748751465387844,11.681357970964335,7.646892388560468,11.622367351584105,2.6216717741851387,4.319373982740453
2026-05-28,29.689668008160208,31.751353470318236,11.726297019792062,7.626920508315965,11.598104979753144,2.612569935594748,4.321922490225815
2026-05-29,29.6875711647617,31.737278162088575,11.770138727031307,7.6162498023274,11.571561572639032,2.6052968602723503,4.335693077182482
2026-05-30,29.68218110418657,31.74688119365465,11.804583989188139,7.602564230405235,11.548643377371215,2.5969520792244842,4.337690664636166
2026-05-31,29.68019079834847,31.75941885256621,11.827948573204345,7.587583011586729,11.528375520044253,2.5899837192625608,4.3408447214432435
2026-06-01,29.677271252670543,31.761347822598214,11.861606317922602,7.573150674518628,11.502074874624592,2.5839458702041784,4.34817044161784
2026-06-02,29.6733129043422,31.772402709712107,11.880207117212853,7.559871094345517,11.484831664427126,2.5768269099082914,4.349914076538193
2026-06-03,29.669961796354684,31.782582000967576,11.89514058317354,7.546833124227035,11.468414324994217,2.570235709466695,4.352234561543836
2026-06-04,29.667276952571015,31.791802819787762,11.90652937168677,7.534077594637796,11.452687785827063,2.56417008191734,4.355174850003244
2026-06-05,29.665319359688088,31.79999887144499,11.914491233939215,7.521637118161056,11.437513811198698,2.5586283131108525,4.358775621483497
2026-06-06,29.664153190028685,31.80711620089349,11.919134083012912,7.509538536425405,11.422753816674726,2.5536099738218567,4.363076957058459
2026-06-07,29.66384680478837,31.813109148999622,11.920552835667534,7.497805277363542,11.408271194800196,2.549116473764551,4.368119784295572
2026-06-08,29.66447346875105,31.817936673041263,11.918827936773665,7.486459531506504,11.39393324375798,2.545151354208525,4.373947024795613
2026-06-09,29.666111712854114,31.821559152971304,11.914025441816461,7.475524178458711,11.379612805810714,2.5417203221467037,4.380604388234451
2026-06-10,29.668845284998433,31.823935771741755,11.906198517668969,7.465024410732551,11.365189722739764,2.538831032979989,4.388140766005513
2026-06-11,29.672762633831177,31.82502253471704,11.89539021406337,7.454989012452309,11.350552205823233,2.536492631849832,4.396608186433631
2026-06-12,29.677955876994965,31.82477097721668,11.881637349746102,7.445451256578558,11.335598200195202,2.534715067393938,4.406061304057717
2026-06-13,29.68451921684949,31.823127597055723,11.864975341949098,7.436449388287955,11.320236799261668,2.533508196935161,4.416556409575434
2026-06-14,29.692546785153763,31.820034036812455,11.845443781631715,7.428026666269648,11.304389735490856,2.5328807097238073,4.4281499662658925
2026-06-15,29.702129925402748,31.815428024792688,11.823092518757951,7.420230940300002,11.287992940644326,2.5328389051730182,4.440896703895555
2026-06-16,29.713353958268485,31.80924506121029,11.797987973551045,7.413113754636408,11.270998133039043,2.5333853758182294,4.454847332022723
2026-06-17,29.726294521295287,31.80142080498021,11.770219336387864,7.406728984094192,11.253374354072838,2.534517659083093,4.470045969615007
2026-06-18,29.741013626132105,31.7918940763531,11.739904269152754,7.401131033813183,11.235109344198237,2.5362269362132612,4.486527423825017
2026-06-19,29.76030698947442,31.771795390528208,11.703634599093853,7.396159249483881,11.211524333313204,2.536197145780199,4.50844917126011
2026-06-20,29.78032971706902,31.748735407870583,11.676161192500688,7.394449164847404,11.185019150600791,2.5368764442307845,4.531706411276446
2026-06-21,29.80109847742239,31.732873470244016,11.636870808073283,7.391059941596733,11.164777825834985,2.5398470168354725,4.55250057673856
2026-06-22,29.822105269577325,31.719219133706318,11.58862028736186,7.387894203933789,11.147499220288035,2.5440391898789674,4.576289370687793
2026-06-23,29.846238014219693,31.699480458940357,11.544864939076138,7.386377907524957,11.126554691844701,2.5477142758211917,4.60034518097158
2026-06-24,29.87205968333646,31.67747395712747,11.499789367650271,7.385846566154331,11.10512607031155,2.5515680652204167,4.625847996661245
2026-06-25,29.898439303550937,31.66180969500135,11.451930436982359,7.3819358684356695,11.083487325333248,2.555612227254988,4.650224371693576
2026-06-26,29.92773591465798,31.61537134745297,11.414681491306714,7.393496098641674,11.048253983953513,2.554550951364047,4.696836828831094
2026-06-27,29.957793514880297,31.581722772174814,11.36988140274602,7.398432777224758,11.023342068226466,2.5572821671450248,4.73023511159825
2026-06-28,29.988736178236703,31.545705835395506,11.325380508537016,7.404425892609974,10.998028588119103,2.559616179880886,4.765219486148994
2026-06-29,30.020315959230814,31.507352801080597,11.281537140525137,7.4114534983679095,10.972391206621257,2.5614258045132186,4.8017506321630155
2026-06-30,30.05226878882428,31.466713067897945,11.23869140565744,7.419483821168671,10.94649629498471,2.5625842239508816,4.839787464486292
2026-07-01,30.084320592054098,31.423849534836663,11.197156430372944,7.428478033042176,10.920395560427815,2.5629675713362956,4.879290296603406
2026-07-02,30.116193272785637,31.37883473291542,11.15721150321135,7.438393325240986,10.894123437485387,2.562457250296525,4.920223619593556
2026-07-03,30.147610230005,31.33174708477533,11.119097435843456,7.449186056760057,10.867695400734204,2.560941919523926,4.962558285848201
2026-07-04,30.175691410074794,31.284887798567933,11.080877144286287,7.461393639281918,10.843670061442596,2.5593880904117823,5.007017774989145
2026-07-05,30.204736754852085,31.23453462322577,11.046615722132254,7.473911817210691,10.817538958926475,2.555811025967834,5.052119252816731
2026-07-06,30.232409340116362,31.182512218567837,11.01461135950553,7.487204906591559,10.791322424512643,2.551006251393888,5.09854902855351
2026-07-07,30.258455696370174,31.128933073665497,10.984941800412265,7.501249295023364,10.764988804120902,2.5449155732080153,5.146294627541376
2026-07-08,30.282637792931656,31.073914160048954,10.957652915485154,7.516029568372758,10.73849735163295,2.5374955164114135,5.195344549694794
2026-07-09,30.304734506425213,31.017579134550537,10.932763820505093,7.531538329103222,10.711802155787202,2.528718284211793,5.2456847584522155
2026-07-10,30.3245429961901,30.96006135000476,10.910272178572763,7.547775269742719,10.684856499646067,2.518572763344391,5.297294511963945
2026-07-11,30.341880206532434,30.901507401595683,10.890159283278841,7.5647455588041925,10.657617464530805,2.507065592927949,5.350141738462447
2026-07-12,30.35658466779316,30.842080871877858,10.87239459430542,7.582457631629417,10.63005057992641,2.4942222708018518,5.404178203544267
2026-07-13,30.36851869572876,30.781965891594382,10.856939482373726,7.600920510428198,10.602134310604287,2.480088224752093,5.459334759486004
2026-07-14,30.37757099899707,30.721370110470247,10.843750030080761,7.620140806627855,10.573864162886474,2.4647297326277764,5.515517001588552
2026-07-15,30.383659606472577,30.660526677016307,10.832778823786173,7.640119583923389,10.545256186602735,2.4482345410681026,5.572601677685382
2026-07-16,30.386734929981053,30.59969486394765,10.823975755646993,7.660849280197113,10.5163496526254,2.4307120132670916,5.630434196816266
2026-07-17,30.386782695212908,30.539159049671994,10.817287931122898,7.682310897600524,10.487208703392414,2.412292636961202,5.688827554149744
2026-07-18,30.38382641565404,30.479225876870178,10.812658842686025,7.704471668710845,10.457922810396301,2.393126747994141,5.747562925946389
2026-07-19,30.377929061787857,30.42021955198966,10.81002702153859,7.727283389162268,10.42860593090306,2.3733823730664234,5.806392089074778
2026-07-20,30.369193597924795,30.362475413982423,10.809324412073837,7.750681571237735,10.399394335313682,2.3532421647808595,5.865041688415033
2026-07-21,30.360534804362942,30.29878924686954,10.80600350497683,7.778209392279723,10.367115460349899,2.332354041358829,5.928594333636817
2026-07-22,30.346487302374463,30.24237748201893,10.808518172327135,7.801887780961155,10.337256412930367,2.310655079636814,5.990120525545564
2026-07-23,30.328485369731656,30.20046903960283,10.809279061647194,7.823025534888958,10.309818263085976,2.2895516972954044,6.0439713005233076
2026-07-24,30.312350108401787,30.141827407990323,10.818641422669645,7.847703836036873,10.280208100132109,2.2707747323387415,6.097730604665082
2026-07-25,30.29152599322487,30.09675872440999,10.82734962756621,7.8727668108285025,10.255235283774283,2.251883629468502,6.1499807568301605
2026-07-26,30.269307001766183,30.054500373269743,10.837168115999432,7.8976945140409684,10.231218067387786,2.2337146003408965,6.200440438433009
2026-07-27,30.245948266038212,30.015254240346792,10.847992959844559,7.922370301496842,10.208335790622813,2.2164224876172365,6.248857944446214
2026-07-28,30.22170549532116,29.979175501210214,10.859710052559002,7.946678867919771,10.18674823601239,2.2001416541295797,6.295016765697363
2026-07-29,30.196827957055145,29.946371269680878,10.872197647392328,7.97050979889786,10.166592499648475,2.184983818486091,6.3387393364365785
2026-07-30,30.17155226325531,29.916901359098507,10.885329120240003,7.993760573034196,10.147981065035268,2.171036969135291,6.379888869471649
2026-07-31,30.148107329687974,29.887081651181234,10.895290885927666,8.019875254798503,10.129476977983673,2.1589938362579737,6.421558505066924
2026-08-01,30.122255924200903,29.864948482972125,10.910037580249158,8.041066694706561,10.114455452539623,2.1475043192170853,6.456764237861984
2026-08-02,30.096676205090265,29.845971781703426,10.924916413820528,8.061542286287256,10.101125658145367,2.137379953145558,6.489306836000897
2026-08-03,30.071501230809872,29.830075334033488,10.939828653777347,8.081232249464652,10.08950914015831,2.1286158141381546,6.519188066671423
2026-08-04,30.046840601024755,29.817158354208836,10.954679208347432,8.100081268779222,10.079608078429052,2.1211916113539915,6.546437969918111
2026-08-05,30.022781014810025,29.807101307305903,10.96937807085703,8.118047690538814,10.071408003106425,2.1150742326713474,6.5711102172733655
2026-08-06,29.999387558904893,29.799771411584103,10.983841366187875,8.135102380369377,10.06488063078573,2.110220317667252,6.593277420228204
2026-08-07,29.97670552672489,29.795027617544562,10.997992028413798,8.151227361427074,10.059986660908331,2.1065787298167606,6.613026622388313
2026-08-08,29.954762579492964,29.792724936957203,11.011760154767638,8.16641434096842,10.05667840935951,2.1040928336664577,6.630455147415839
2026-08-09,29.933571083186024,29.792718061947465,11.025083090048648,8.180663215302243,10.054902193564184,2.102702515482895,6.645666915126096
2026-08-10,29.91313048379992,29.7948642685356,11.037905298281512,8.193980623360742,10.05460041756085,2.102345914828441,6.65876928528315
2026-08-11,29.893429614367935,29.79902563955504,11.050178076397634,8.206378599555304,10.055713334436183,2.1029608581996344,6.669870445412881
2026-08-12,29.874448856993727,29.80507066919975,11.061859159467588,8.217873358815913,10.058180486211526,2.104486003799602,6.679077326200325
2026-08-13,29.856162109784314,29.812875327260965,11.072912259943406,8.228484231660076,10.061941837778452,2.106861718950656,6.686494005317723
2026-08-14,29.838538530874512,29.822323667655883,11.083306575575083,8.238232755154083,10.066938632367348,2.1100307192766965,6.6922205465834335
2026-08-15,29.82154404937255,29.833308065484772,11.093016292955612,8.2471419166735,10.073114002209849,2.113938502502985,6.696352214530301
2026-08-16,29.805142646206637,29.845729161757674,11.102020106555132,8.255235541145773,10.080413370542109,2.1185336104809873,6.698979003038295
2026-08-17,29.789297417013575,29.85949558695015,11.110300766927057,8.262537808537905,10.088784680880023,2.1237677517264317,6.700185419059136
2026-08-18,29.772280082914033,29.87073682413205,11.11951695359343,8.27226227088497,10.096543527939088,2.1266362875487155,6.70797120601385
2026-08-19,29.75766437348165,29.887556049102695,11.126073457207955,8.277581577771121,10.107181535332728,2.1334779123063563,6.705363972189207
2026-08-20,29.746414460524523,29.89383720930473,11.13425608140244,8.283608970958223,10.11480996543434,2.1403138308951952,6.7073844690270015
2026-08-21,29.732149650651465,29.914361483345807,11.13903257571354,8.287448997106633,10.12778429658028,2.1481001038739596,6.701943434966148
2026-08-22,29.71831515345551,29.935563407494648,11.143114596671213,8.290687680272713,10.141491934677994,2.156264912870146,6.695672062736551
2026-08-23,29.704873507758645,29.957431186496212,11.146493969478428,8.293337261555356,10.155910982982777,2.1647863554023603,6.688592130782587
2026-08-24,29.691790703384562,29.979951368440986,11.149165355017683,8.295410340568285,10.171019233857047,2.173643474641005,6.680726001659198
2026-08-25,29.679036018639685,30.003108902514086,11.151126046644666,8.29691983618997,10.186794144447257,2.1828161744595227,6.672096581717825
2026-08-26,29.666581841807396,30.026887193225583,11.152375787965601,8.297878961371033,10.203212808612554,2.19228513476361,6.662727294077088
2026-08-27,29.645513561426313,30.068517674171005,11.14402105237393,8.29753676058981,10.226771764346472,2.2027974393127843,6.647535510540824
2026-08-28,29.634636824550967,30.091454825353647,11.14494469814502,8.29752906769979,10.243668769850192,2.2127432812304257,6.637347534173283
2026-08-29,29.61695144409116,30.100668344655478,11.155833225550277,8.303526501602434,10.252470211532557,2.219024600341849,6.636119884770633
2026-08-30,29.607059302979955,30.12693862980505,11.153865303614783,8.301729401340479,10.27173899517905,2.229945288526147,6.62332014760422
2026-08-31,29.597196374052892,30.153696121651624,11.15125355540444,8.299527344438498,10.291464846429575,2.2410169839951797,6.609988163778265
2026-09-01,29.587367698154306,30.1809195284801,11.148007286656478,8.296927811984544,10.311629818435723,2.252230399931739,6.5961414358474775
