date,National,Labour,Green,ACT,NZ First,Te Pāti Māori,TOP
2023-10-14,37.877359085555284,26.945054812366635,12.050312040026016,8.731021651904314,6.1970048509127915,3.0692775043594884,2.45409724987585
2023-10-15,37.86269609590734,26.939252739355886,12.079821445835476,8.744395191909295,6.209513858322912,3.0667261289987136,2.4714619285515638
2023-10-16,37.847400635889926,26.932136765211276,12.110275278552068,8.759293600350443,6.2232281490180315,3.063816708383085,2.489635047313805
2023-10-17,37.831515585461425,26.923561151589603,12.141537002146107,8.775822787468776,6.2382129784820135,3.0605187675907244,2.5085749174185685
2023-10-18,37.81509607545669,26.9133780899982,12.173443289540671,8.79408365574966,6.254527480746388,3.0568023504362998,2.5282257285559133
2023-10-19,37.798209906102436,26.901440399305777,12.20580396213861,8.814169461526896,6.2722227266516235,3.0526386826263674,2.5485169117400646
2023-10-20,37.77577013313057,26.89531950185154,12.232600042154177,8.825528343458053,6.298636148232045,3.055875553741115,2.569362874312158
2023-10-21,37.75720381348895,26.881149126746553,12.263817003750646,8.84714576159392,6.3206379170641105,3.0524205010165817,2.5906631804905036
2023-10-22,37.73827766220934,26.86517400154945,12.294471500451934,8.8703054492201,6.344349179950132,3.0487767618312245,2.6123032374142627
2023-10-23,37.7145580545512,26.839012680134182,12.329525652353974,8.893913212382886,6.369149289532992,3.051580509592552,2.6354751605190425
2023-10-24,37.6943053967055,26.817625447001816,12.359043570764985,8.919610264116985,6.396094119383709,3.0491300994187887,2.657586522245681
2023-10-25,37.673830945018175,26.79410096702583,12.387118212483609,8.946470371732506,6.424707098192313,3.046933093496953,2.6796376975341096
2023-10-26,37.6532160708357,26.7684599703914,12.41340292077979,8.974297846365836,6.454946593574166,3.045117334943898,2.7014736270586925
2023-10-27,37.632538360696664,26.740763188175308,12.43755590840997,9.002850195081862,6.486748339904728,3.0438312533278777,2.7229359314904444
2023-10-28,37.611868376263615,26.711114519057116,12.459248993822849,9.031837273754624,6.520024907024346,3.0432441561489765,2.7438664235477934
2023-10-29,37.59126640725808,26.67966319174495,12.47817660898527,9.060921720846872,6.554665705417467,3.0435459453268203,2.7641107826437725
2023-10-30,37.570779391754364,26.6466047501279,12.494064728975793,9.089720795428677,6.590537531936308,3.044946174617501,2.7835222332640854
2023-10-31,37.55043818689136,26.61218073073263,12.506679363892209,9.117809700387891,6.62748563187142,3.0476723744375263,2.8019650639383125
2023-11-01,37.53025536998923,26.576676950926625,12.515834267886511,9.14472642820666,6.665335228640388,3.051967583562855,2.8193178321804857
2023-11-02,37.51022373496153,26.54042037698919,12.521397556127953,9.16997812503683,6.703893454618672,3.0580870424151354,2.835476121350477
2023-11-03,37.490315622620834,26.503774589521374,12.52329697338776,9.193048930921913,6.74295160787485,3.066294020484504,2.850354745823017
2023-11-04,37.47048318765767,26.467133906714448,12.521523621081974,9.21340921983152,6.7822876607283655,3.0768547718589274,2.8638893377837866
2023-11-05,37.450659661918365,26.43091626254174,12.516134015695036,9.230526130579673,6.821668956538992,3.090032639441784,2.876037288378823
2023-11-06,37.43076162544153,26.3955549678138,12.507250413914097,9.243875244801202,6.8608550488537405,3.106081362222331,2.8867780537295884
2023-11-07,37.410692245701355,26.361489509891182,12.495059393792667,9.252953226099113,6.899600658566025,3.1252376827991326,2.896112868886994
2023-11-08,37.39034539352418,26.329155575487544,12.479808724804451,9.257291180657084,6.93765874580606,3.147713405360651,2.9040639374605557
2023-11-09,37.369610492834234,26.298974514313866,12.461802593695424,9.256468431225578,6.97478370933244,3.1736871170752776,2.9106731799391032
2023-11-10,37.348377912423096,26.271342502043968,12.441395281174794,9.250126313940964,7.010734733095801,3.203295855622762,2.9160006293804237
2023-11-11,37.32654466338145,26.24661970954631,12.418983411966343,9.237981515971299,7.04527929436086,3.236627076877006,2.9201225600854066
2023-11-12,37.30402012846683,26.22511983850853,12.394996933139963,9.21983838166414,7.078196828987643,3.2737113410635694,2.923129424880889
2023-11-13,37.280731523152575,26.207100434752554,12.36988901724739,9.195599540586018,7.109282518045014,3.314516182180342,2.925123662104615
2023-11-14,37.25662877676617,26.192754429696887,12.344125139129645,9.165274170604299,7.138351119091518,3.358941642031058,2.926217416991789
2023-11-15,37.23168853045897,26.18220337562222,12.31817163607352,9.128983221322471,7.165240720660793,3.4068179256157007,2.926530206578005
2023-11-16,37.20591698044298,26.17549281990587,12.292484123886721,9.086961002717842,7.189816256836453,3.4579055608354006,2.926186544870396
2023-11-17,37.179351351729416,26.172590198366812,12.267496196565181,9.039552698344359,7.211972588070795,3.5118983202361527,2.9253135378257116
2023-11-18,37.15205986824658,26.17338551502017,12.243608872778657,8.98720758877395,7.231636941742016,3.5684289912435854,2.924038456852959
2023-11-19,37.124140184750374,26.177694919118824,12.22118125708159,8.930468053323219,7.248770516465221,3.627077877814823,2.9224863055065216
2023-11-20,37.095716355758334,26.18526710277995,12.200522849317792,8.869954728921908,7.263369089720378,3.687383701814581,2.9207774061275695
2023-11-21,37.06693452544288,26.19579224323788,12.181887859252166,8.806348508128158,7.275462526803173,3.748856372443083,2.9190250497347456
2023-11-22,37.03795761750687,26.208913026536205,12.165471768862973,8.740370314988196,7.285113164371565,3.8109909327908964,2.9173332707697837
2023-11-23,37.00895937404879,26.224237138102502,12.151410242444056,8.672759773159525,7.292413124816016,3.873281895758557,2.915794824930852
2023-11-24,36.980118128960875,26.24135050968433,12.139780330266667,8.604253951792504,7.297480697692694,3.9352371602771936,2.914489459542785
2023-11-25,36.969029876972215,26.269039180769273,12.119284952717855,8.532402376048584,7.293139367287443,3.9946851877358944,2.9134825683226317
2023-11-26,36.94503221552112,26.2904054745188,12.11006108166873,8.463866288789033,7.292553065581095,4.053915403072643,2.912824313650872
2023-11-27,36.92250968930226,26.312667985103527,12.10269974964736,8.39645357348306,7.289892667007639,4.111331788035,2.912549278878777
2023-11-28,36.901747224637354,26.335504636805133,12.097004006758993,8.330728932081414,7.285285248437624,4.166560463259855,2.9126766821580126
2023-11-29,36.87444349851556,26.35460632128629,12.096197783053679,8.264509530270148,7.287384239108665,4.227451597088507,2.921278592076801
2023-11-30,36.859546277369574,26.37867048039255,12.092422725730646,8.203694865527156,7.277629880698573,4.276173893590264,2.920862351857696
2023-12-01,36.84706310784552,26.402436161076395,12.089606543121047,8.145877828868548,7.266542437093371,4.3220150986830035,2.9210316522346718
2023-12-02,36.837328429862715,26.425811656531067,12.087389370257611,8.091293903437656,7.254160540566199,4.3647866349978885,2.92172829111643
2023-12-03,36.830688398028,26.448757103460487,12.085391319977816,8.040115601315796,7.2405065057132125,4.404335837277524,2.922889825822172
2023-12-04,36.83473456211054,26.463345641640405,12.090316006726969,7.9865575563430715,7.221163331227807,4.4399606028884495,2.9286714176161674
2023-12-05,36.83706919564608,26.483559537083636,12.089206714549686,7.941344466578249,7.20401301746001,4.472416168039342,2.931602971375167
2023-12-06,36.84398664047399,26.50309017875461,12.087432425393274,7.899521181184479,7.185364335337816,4.501266861381604,2.935033290171572
2023-12-07,36.85597665599892,26.522009264306458,12.084617811598262,7.861027858904655,7.165129961161194,4.526432408411769,2.9389462606129886
2023-12-08,36.87356451197338,26.540417722634707,12.080384890173729,7.82576648789701,7.143198401509974,4.547839113140611,2.9433376143172723
2023-12-09,36.89730995082387,26.558440050224313,12.07435610544582,7.793606519246054,7.11943585441049,4.565415824461627,2.9482168528942316
2023-12-10,36.927802424159104,26.5762177822963,12.06615875883684,7.764389895564046,7.093689546342011,4.5790913733561025,2.9536088607823654
2023-12-11,36.96565148937443,26.593902010328524,12.055431342603601,7.737935385152504,7.065792827139583,4.588793868203242,2.9595551483933287
2023-12-12,37.01147121980327,26.611644844228053,12.041832318690936,7.714042220365677,7.0355723189044,4.594452214128834,2.9661146406751357
2023-12-13,37.065857573448206,26.629589747366836,12.025051796573646,7.692493122900603,7.002857383838581,4.596000173494369,2.9733638826748603
2023-12-14,37.12935795191588,26.647860760547054,12.004826375827523,7.6730568768950285,6.967492075221808,4.593383186870996,2.981396476057105
2023-12-15,37.202432739317864,26.666550788708836,11.980957101142037,7.6554906793324635,6.929349540921435,4.586568003269407,2.99032149467322
2023-12-16,37.28540950398695,26.685709356065523,11.953330010340347,7.63954254967447,6.888348541481642,4.575554904271091,3.0002605645703304
2023-12-17,37.37843179393123,26.705330530807686,11.92193814475864,7.624954106543255,6.844471323080241,4.560391940449169,3.011343253214529
2023-12-18,37.481405997142524,26.72534204646105,11.886903182824069,7.611464005378364,6.7977815770140975,4.541190145466691,3.023700422069532
2023-12-19,37.59826969901165,26.73769340371473,11.832778351776941,7.595446203799849,6.752161319560384,4.524915607160989,3.030499711868449
2023-12-20,37.71948786400397,26.75940844563493,11.793924645638155,7.583900543887572,6.699571145923797,4.497013135031666,3.047012925774409
2023-12-21,37.858044244132394,26.786887826422948,11.741157257065344,7.611213924418625,6.635394327761619,4.45194915222019,3.064917040890188
2023-12-22,37.99456364296048,26.80853228257901,11.695431808340953,7.609081357079552,6.5777835098142186,4.415462944059593,3.084257598318761
2023-12-23,38.136583610697784,26.828592713812053,11.656173531231175,7.607540910268933,6.5134360457672145,4.380463402007802,3.084267499205969
2023-12-24,38.279139734730215,26.847445459337077,11.610921348415213,7.608401138126415,6.453722644314814,4.340817935164548,3.100989352807131
2023-12-25,38.42147591634462,26.86434491982439,11.566820895464767,7.610915914012872,6.394376178755058,4.300215877972566,3.1177529030100084
2023-12-26,38.56120659567732,26.878890878227434,11.524941016069391,7.615180294665884,6.336138005993158,4.259362237254674,3.1341800986145807
2023-12-27,38.696015450554526,26.890739096277816,11.486274189953683,7.621313909746307,6.279718904314267,4.218947293473081,3.1498414758522686
2023-12-28,38.827982957551676,26.916583777725446,11.45537455493901,7.608822208453876,6.2155663863605914,4.189305969285259,3.1727574554789952
2023-12-29,38.91492254909594,26.90735464947191,11.443051078857838,7.649227352453374,6.177955917892702,4.147117677941266,3.1426884285298264
2023-12-30,39.015347566031394,26.904946730629852,11.421738617178844,7.670042375916527,6.134841728239637,4.109920187368524,3.1438088047854484
2023-12-31,39.103138357834176,26.899629969626417,11.40662972738999,7.693322545544818,6.095664438410688,4.075561892229501,3.141729074893216
2024-01-01,39.1776661518069,26.891492143289373,11.397765669462558,7.719330430017904,6.060606262614509,4.044201669071661,3.136217502144852
2024-01-02,39.23870115751868,26.880714036398924,11.39500085798749,7.748305147499847,6.029719634380615,4.0158876688701275,3.127152819355893
2024-01-03,39.28636476794153,26.867552085127397,11.398032634957211,7.780456669425379,6.002944638684116,3.990570919823059,3.114518042018052
2024-01-04,39.32106795632058,26.852319213632317,11.406435717983657,7.815961148871865,5.9801308944191955,3.968123143875793,3.098386207697639
2024-01-05,39.34344458914799,26.83536582715376,11.419697292689895,7.854957028113858,5.961060945377258,3.948356320202166,3.078901663458356
2024-01-06,39.354286737638674,26.817062376575876,11.437249699691645,7.897541663494206,5.945472782622611,3.931041953806265,3.056260375360358
2024-01-07,39.35448689708024,26.797784323636105,11.458498794768659,7.943768261789738,5.933079855220068,3.915928592875183,3.030691924673126
2024-01-08,39.344989848214084,26.777899825842518,11.48284709778766,7.993643023966092,5.923587652975936,3.90275673433219,3.002444783944063
2024-01-09,39.32675506148006,26.757760084209366,11.509711655699789,8.04712251166573,5.916706552206655,3.891270764791498,2.9717754608819775
2024-01-10,39.30072920709634,26.737692067186494,11.53853708370162,8.104111365335067,5.912161055695434,3.8812279587857246,2.9389413443030703
2024-01-11,39.26782750059724,26.717993222194956,11.56880453664366,8.164460593356415,5.90969583105107,3.872404793878174,2.9041966337514697
2024-01-12,39.22892220870239,26.698927779075827,11.60003745357069,8.227966708004391,5.909079085372469,3.864600963877072,2.867790544308032
2024-01-13,39.18483655457639,26.680724302060703,11.631804874739002,8.294372000902497,5.910103846484191,3.857641507708967,2.8299669748228617
2024-01-14,39.13634238549117,26.6635742275703,11.663723009911104,8.363366226635595,5.912587688921492,3.8513774535445484,2.790964934327107
2024-01-15,39.08416020853739,26.647631210608274,11.695455584280026,8.434589900692018,5.916371376215864,3.845685331194308,2.7510191770102588
2024-01-16,39.02896049374647,26.63301117686023,11.726713335585254,8.507639322785854,5.921316811108383,3.8404658491558012,2.710360660705106
2024-01-17,38.97136544304126,26.619793031810463,11.757252902421868,8.582073317859285,5.927304605400127,3.8356419776632884,2.669216594654862
2024-01-18,38.911950699361626,26.60802000877283,11.786875239544472,8.657421556444746,5.934231508363506,3.831156631705966,2.6278099690582355
2024-01-19,38.852130452457374,26.58724001237217,11.81950857941492,8.744485854560946,5.941223533099879,3.8190833717017,2.587720423175262
2024-01-20,38.78841973422291,26.578755620687307,11.846503908871721,8.819470483965453,5.951882795961711,3.8149550546383626,2.546923398783831
2024-01-21,38.72305842745677,26.568501169786206,11.882203887624527,8.892663125490339,5.96151292414821,3.8108260708097954,2.506609532014003
2024-01-22,38.664423414549624,26.566036614937126,11.904248240125874,8.96671377822045,5.972479401232562,3.804365052423246,2.4650613499899796
2024-01-23,38.60019897485129,26.558925631888055,11.93047641442827,9.038435746836452,5.984609754171383,3.8007191164927256,2.4266445847629536
2024-01-24,38.53707654698117,26.552712376121992,11.955536594005872,9.108169517697752,5.997210485373436,3.7969895612068294,2.3892707032170155
2024-01-25,38.47525224859111,26.54722923559931,11.97952798609016,9.1754892768974,6.01027000842109,3.7931944930005,2.353113025589742
2024-01-26,38.41517008459002,26.539727222149097,12.001824837883367,9.243866503279035,6.025651649584919,3.787982322568211,2.314791343911621
2024-01-27,38.3566862569334,26.534701646121587,12.023821238502057,9.305790626105718,6.039888300367398,3.7838373383196227,2.281070308710155
2024-01-28,38.3000241817292,26.52979487529721,12.045080308353942,9.364368945431393,6.054567177609808,3.7796016063460267,2.248942580106901
2024-01-29,38.24529999134519,26.52481909394753,12.065737463778943,9.41938430166623,6.069666607193993,3.7752590335848963,2.2185103713544545
2024-01-30,38.19260881746029,26.51959068845755,12.085930999800704,9.470674346836319,6.085162471578801,3.7707847670085606,2.1898575394360242
2024-01-31,38.14202674859551,26.513932535402734,12.105799329697252,9.518129637136433,6.101028463717732,3.766145160136385,2.163050002250367
2024-02-01,38.09361329517512,26.507675884185208,12.125478433893157,9.561690516434965,6.117236263008272,3.761297911499788,2.1381365201521043
2024-02-02,38.04741418854488,26.500661868646343,12.145099542595052,9.601343110981851,6.133755620092945,3.756192360306761,2.1151497544880447
2024-02-03,38.00346434099064,26.492742707836697,12.164787052597047,9.6371147530409,6.150554344370618,3.7507699268705395,2.0941075116874015
2024-02-04,37.96179080247776,26.483782673875524,12.184656659503498,9.669069127924248,6.167598195342813,3.7449646899647187,2.0750140827800476
2024-02-05,37.92241556399269,26.47365891412237,12.204813673507596,9.69730140056618,6.184850686172742,3.738704099458018,2.0578615940677727
2024-02-06,37.885358074729126,26.462262215819894,12.22535148046699,9.721933529933818,6.20227281491763,3.731909829585712,2.0426312940963696
2024-02-07,37.85063735922357,26.449497794418303,12.246350110452738,9.743109927229673,6.219822745697129,3.7244987852042417,2.029294714138806
2024-02-08,37.818273639929146,26.435286172628864,12.26787488290922,9.760993561063424,6.237455468462868,3.716384279500669,2.0178146532895584
2024-02-09,37.78828939038759,26.41956419666927,12.289975110387811,9.775762562609897,6.25512247185404,3.7074774060259235,2.008145954340429
2024-02-10,37.76070976453405,26.402286210074276,12.312682860515102,9.787607338355905,6.272771468563585,3.697688629715135,2.000236052379499
2024-02-11,37.73556236962122,26.383425374967715,12.3360117970942,9.796728158778262,6.290346216254119,3.6869296198749026,1.994025294178316
2024-02-12,37.71287637484895,26.362975097288107,12.359956144297403,9.803333159124122,6.307786478753451,3.675115342112755,1.9894470426229074
2024-02-13,37.69268097597393,26.340950478083986,12.38448984065406,9.807636664073081,6.3250281713085394,3.66216641511701,1.9864275963945954
2024-02-14,37.675003268399436,26.317389680213477,12.409565969416764,9.809857732054839,6.3420037293259695,3.6480117215388694,1.984885970396873
2024-02-15,37.659865617129455,26.292355071801794,12.435116566036768,9.810218807958812,6.358642731610522,3.6325912398350186,1.9847335964411879
2024-02-16,37.6472826500079,26.26593398832788,12.461052908934164,9.808944375397774,6.374872796226394,3.615859036229985,1.9858740155908459
2024-02-17,37.63725803809751,26.23823894808763,12.487266393824568,9.80625951181253,6.3906207498010605,3.597786324181172,1.9882026422168633
2024-02-18,37.628082419115955,26.20798085592503,12.520671209153758,9.796596822482915,6.405719008476018,3.5807195867783386,1.9926834685530923
2024-02-19,37.622752580307974,26.177933019003692,12.548571946319438,9.790453799930457,6.420224018373889,3.5605986069612356,1.997272463566665
2024-02-20,37.61981445818822,26.147065731548352,12.576615779294984,9.783303120349247,6.434017266672529,3.539344245793864,2.0027273779725125
2024-02-21,37.61918187889808,26.11557971569332,12.604683400908458,9.775311071906623,6.447033972953467,3.5170604033224357,2.0089180381462683
2024-02-22,37.620742727839904,26.083690532081796,12.6326557442064,9.766628986997514,6.45921649891707,3.4938860202690982,2.015709168074572
2024-02-23,37.62282366594986,26.05430382866098,12.656855918600792,9.758293666530745,6.468575822972389,3.47548683918219,2.0194297783796915
2024-02-24,37.62119919595066,26.018229946665787,12.689797496217773,9.752756374703745,6.480242465370086,3.45215314082519,2.0261567277707733
2024-02-25,37.6291793740602,25.988174390882886,12.714653916940659,9.74229572560308,6.488797829243894,3.429259697094787,2.0328845793159465
2024-02-26,37.63835006002878,25.958700019604837,12.738978195168722,9.731733040581846,6.496317861554933,3.4067794816460286,2.039446260330044
2024-02-27,37.64849151784289,25.930068410920505,12.76266322700164,9.721101284318951,6.502775314563614,3.3850819224035913,2.0456777147269016
2024-02-28,37.659364105336245,25.902527071249935,12.785626920178961,9.710409539446303,6.508153053064471,3.3645649277956258,2.0514207744725512
2024-02-29,37.67071277239828,25.876305660904908,12.807814174213943,9.699642607504828,6.512443235782803,3.3456477185541207,2.056525978073643
2024-03-01,37.68227172931967,25.851613142218373,12.829197842002593,9.688761293359107,6.515646120877744,3.3287625828065637,2.0608552031026734
2024-03-02,37.69376905048329,25.82863594280611,12.849778634227269,9.67770337341503,6.517768587181594,3.31434585651731,2.0642839963688364
2024-03-03,37.70493101968401,25.807537137221704,12.869583989148696,9.666385222218882,6.518822482347928,3.302828451077274,2.0667035126348137
2024-03-04,37.71381567592596,25.790904828683733,12.886884330057818,9.661076102078118,6.519500689441334,3.291824642959142,2.063892056357659
2024-03-05,37.723809313377856,25.773498866308003,12.905662848011408,9.647767797027843,6.518343065721537,3.287799992827153,2.064764894427987
2024-03-06,37.73261769961598,25.758408819754784,12.923820519701012,9.634033609888036,6.516184170725349,3.2877776322780163,2.064289864205128
2024-03-07,37.740003903633756,25.745698090288993,12.941473578406404,9.619704626304916,6.513037809968308,3.292077441164094,2.0624481366998424
2024-03-08,37.73722226823636,25.74723673650803,12.961902165614688,9.598049214590741,6.503741702672227,3.3040398161849835,2.0565156506573805
2024-03-09,37.73907797578885,25.742238939037446,12.979605703192112,9.58052767235343,6.497449296262667,3.318396943855285,2.051341026582703
2024-03-10,37.738464052042055,25.740317746075405,12.99730833658725,9.56161764442157,6.489954261592813,3.337792085605662,2.0447334823112038
2024-03-11,37.735138019180944,25.741586093293087,13.015145485033882,9.54112610692323,6.481222584891183,3.3622947629879447,2.0367262507786457
2024-03-12,37.728873388623214,25.74615701501296,13.03324110116246,9.51887477481063,6.471215591852164,3.391891085618945,2.0273673446664877
2024-03-13,37.71946365671565,25.754142725006513,13.051702313988297,9.494706506002222,6.4598916135006395,3.4264782098392783,2.01671904778789
2024-03-14,37.706727094536944,25.765652509228023,13.07061426850579,9.468492033952028,6.447208228641766,3.465860544031425,2.004857271410791
2024-03-15,37.69051225969747,25.780789429489328,13.090035372217637,9.440136789311621,6.4331250173125545,3.509748277064215,1.9918707136381661
2024-03-16,37.659763947614245,25.815593875535093,13.108910986724732,9.403323332859397,6.414615840761794,3.5598111345305234,1.9778597503611395
2024-03-17,37.633793031353896,25.84193218501322,13.129061354983635,9.369221103819243,6.3969952351633115,3.611671558301043,1.9629349916673589
2024-03-18,37.60366385944155,25.872832697139,13.149607548319246,9.332731895936808,6.377791786106051,3.6665859873915654,1.947215459218549
2024-03-19,37.56934664040276,25.908419817074222,13.170450839033833,9.293932260201808,6.356997051998024,3.723911200822029,1.930826376523081
2024-03-20,37.53086832635626,25.94878771999924,13.191455227413298,9.252955370154385,6.334622107717715,3.782948889611802,1.9138966107520226
2024-03-21,37.48292534391772,25.988910527890283,13.22168842797416,9.197004129262002,6.3142111812958905,3.8487192684851044,1.8965558547534191
2024-03-22,37.41315952506101,26.088526914072673,13.23147631619217,9.159167142717278,6.285383611424819,3.895474134441991,1.8808504295549195
2024-03-23,37.35989608925084,26.15540104761082,13.247653802632664,9.114045881508906,6.2567821760133615,3.952942600210285,1.8634499110905316
2024-03-24,37.30249621309745,26.22843400037684,13.262893102056882,9.067829496728976,6.226975595651194,4.008572378217508,1.8461694352462155
2024-03-25,37.24127462800901,26.307662922906893,13.276866863589074,9.020910177782829,6.19607060025804,4.061659984976298,1.8291313593927687
2024-03-26,37.17659320210818,26.393056917044138,13.289258735004651,8.973692309357235,6.164198340603877,4.111564354077856,1.812449790545322
2024-03-27,37.10885079415149,26.484516255386605,13.299774814277711,8.9265779682137,6.131510167169049,4.157721738835214,1.7962292896459215
2024-03-28,37.04150220660227,26.58913360702973,13.306871293715833,8.873270483036592,6.093402485749602,4.200968986677866,1.7815840697271677
2024-03-29,36.96876492404988,26.687652637813795,13.31675468118622,8.830145189450876,6.059148481336008,4.238566849271992,1.76531817532002
2024-03-30,36.89355545808264,26.795967435409207,13.31976846561884,8.78612108268249,6.025906805891792,4.270839571424415,1.750977448492347
2024-03-31,36.81723997506976,26.90924459269088,13.320197536492866,8.743477289034374,5.9924377900215235,4.298007857548318,1.7374383232578088
2024-04-01,36.74019284940922,27.027113179990984,13.317963992991869,8.702434302888024,5.958929737866222,4.319988167444649,1.7247487651229003
2024-04-02,36.66277499759855,27.149154431442703,13.31303786789092,8.663165190740104,5.92556388132806,4.3367717507878405,1.712951901190554
2024-04-03,36.58533081077778,27.274906287931625,13.30543378821877,8.625797544742706,5.892512100445276,4.348417693856002,1.7020867927207675
2024-04-04,36.50818695514611,27.40386761735466,13.295206240406012,8.590417633040765,5.859935518843789,4.355045136907833,1.692189139416043
2024-04-05,36.43165261638535,27.535502254917173,13.282443971904232,8.557076085026692,5.827983840532894,4.356825223320467,1.68329182829113
2024-04-06,36.35602065944554,27.669243133798716,13.267264024665453,8.525794420786244,5.796795239848227,4.3539732013957755,1.6754252618519228
2024-04-07,36.28156915455467,27.80449683868548,13.249805814686782,8.496571781553278,5.766496595681758,4.3467409538837565,1.6686174247817258
2024-04-08,36.20856277325569,27.940648905515687,13.230225567070105,8.4693913200381,5.737203870660518,4.335410097710783,1.6628936733966748
2024-04-09,36.137253665722,28.077070116320755,13.208691306764466,8.44422584244051,5.709022468578029,4.320285689567215,1.6582762562947402
2024-04-10,36.067881570145055,28.21312391356077,13.18537850584354,8.421042436625374,5.682047450559207,4.301690497993935,1.6547835968046245
2024-04-11,36.000673054500155,28.348174904978027,13.160466407824051,8.399805956868834,5.656363543625367,4.2799597601353785,1.652429387207948
2024-04-12,35.93583993128776,28.481598271092857,13.134134991992397,8.380481353695112,5.632044927122129,4.255436328080816,1.651221560521818
2024-04-13,35.87357700220665,28.61278974531161,13.106562505717116,8.363034931450224,5.609154827183651,4.2284661197159705,1.651161217159668
2024-04-14,35.81405937257462,28.741175729600798,13.077923477266594,8.34743468413306,5.587744983234241,4.19939381487447,1.6522415903143894
2024-04-15,35.757439620307714,28.866223049293424,13.048387121230904,8.333649902148014,5.567855071526791,4.168558771622749,1.6544471347966367
2024-04-16,35.70384511180929,28.98744784429113,13.018116058333618,8.321650261402198,5.549512178598295,4.136291172613057,1.6577528189109425
2024-04-17,35.65337573162669,29.104423139000183,12.987265286594562,8.311404604998115,5.532730413383547,4.10290844172329,1.662123687752935
2024-04-18,35.60610224158984,29.216784721760845,12.955981357621836,8.302879610734708,5.517510732724709,4.068711992490649,1.6675147495804894
2024-04-19,35.55885027682951,29.33233214172205,12.92593496459331,8.29198726842355,5.499478051685636,4.0376900961445745,1.6706800129006505
2024-04-20,35.51275033940796,29.44105034273897,12.889237081284232,8.287136754286273,5.488160437251561,4.001905802355194,1.6785556258050638
2024-04-21,35.47614329728383,29.5348824641139,12.86005779732701,8.28834505175167,5.478666521923816,3.9660005705591073,1.6866421460328922
2024-04-22,35.443051458210164,29.623941486940787,12.829320218830556,8.287734000867934,5.470132925695271,3.930717341878895,1.695744829513536
2024-04-23,35.41284281629644,29.707843774127472,12.798793645382162,8.288656641944728,5.462911668385336,3.8959446812909495,1.7053946218998275
2024-04-24,35.385460219587536,29.786543003469653,12.768597514911477,8.291090469111888,5.456955318462993,3.8618352633069377,1.7155065504666525
2024-04-25,35.35497011275477,29.867920171340362,12.74104721439926,8.289898785728562,5.4494727407476535,3.829673165614732,1.7266746462550708
2024-04-26,35.334466358073534,29.93529277761002,12.71145397042683,8.295758069793745,5.447042701066408,3.79568608097476,1.7364595900653688
2024-04-27,35.31603345502173,29.997352043033732,12.682649152582213,8.303216512105536,5.445089129086373,3.763902209852858,1.7470717267830012
2024-04-28,35.299865972158244,30.05465378962236,12.65471687388335,8.31188509131444,5.444098540157671,3.7332395096122957,1.7577164908211322
2024-04-29,35.28585548844384,30.107310447854715,12.627751774245349,8.321746902483943,5.4440142586519205,3.703753709971699,1.7682820033276934
2024-04-30,35.27388418717583,30.155453514882417,12.601852996452173,8.332782122003787,5.444778115985709,3.6754905296450793,1.778655698323805
2024-05-01,35.263828130344244,30.199226353677435,12.577125595457451,8.34496955644995,5.446331885503769,3.6484875317721706,1.7887248864316316
2024-05-02,35.255560135973774,30.23877757197061,12.553682040936815,8.358287954716575,5.448618519353006,3.6227760994280436,1.7983771086281952
2024-05-03,35.25224034862359,30.271214454579976,12.533078125712045,8.36984598739098,5.454397601852839,3.5986676095859407,1.8070126535329418
2024-05-04,35.24793230428378,30.301979758451264,12.51298084552641,8.384643184819813,5.458635437407019,3.5757619049602845,1.8153447730764956
2024-05-05,35.245196928860715,30.328770026133927,12.494661591274864,8.400341109729302,5.463586413351405,3.5542689369170124,1.8228885501059386
2024-05-06,35.243945560403105,30.35166966562434,12.478295165289422,8.416885258676,5.469230882097142,3.5342249142944744,1.8295276327815453
2024-05-07,35.2440993922064,30.37074180063267,12.464071351173395,8.434214164404464,5.475556631402368,3.515670330828795,1.835146716749626
2024-05-08,35.245590446827144,30.38602638293021,12.452194157232586,8.452256944406711,5.48255885544416,3.49865097219859,1.8396326702739907
2024-05-09,35.2483621813155,30.397539505839227,12.442879752638499,8.470930286258985,5.49023975090069,3.4832183416751135,1.8428762844875355
2024-05-10,35.25236970699335,30.40527409078707,12.436352738419105,8.490134968080895,5.498607686822804,3.4694293563840257,1.8447747787365951
2024-05-11,35.2575795928498,30.40920215119868,12.432840398515344,8.5097520895279,5.507675896600541,3.457345161345765,1.8452351453483289
2024-05-12,35.263969208435356,30.40927885533607,12.432564629829997,8.529639284782979,5.517460649607696,3.4470289197478876,1.844178342306141
2024-05-13,35.271525553427985,30.405448597823757,12.435731376417575,8.549627298724788,5.5279788837342245,3.4385424748133007,1.8415442333043583
2024-05-14,35.28024352114785,30.39765323169601,12.442517611614564,8.569517418252541,5.539245322095173,3.4319418507605617,1.8372970352839042
2024-05-15,35.29012355719966,30.385842491444617,12.453056233368422,8.589080341179784,5.551269159853622,3.42727167468933,1.831430875575447
2024-05-16,35.30116870705752,30.369986438767413,12.467419653115384,8.608057104989497,5.564050488444596,3.424558758172583,1.8239749070573288
2024-05-17,35.31338110132533,30.35008948228186,12.485603327969914,8.626162651707133,5.577576716581213,3.423805266133542,1.8149973137730449
2024-05-18,35.32675800484144,30.326205173815673,12.507510933411584,8.643092440746267,5.591819334885016,3.4249820955801913,1.8046075006264188
2024-05-19,35.337411438916774,30.310135696988805,12.523812846758721,8.662611739310318,5.604425330168475,3.4248445406061476,1.791014920909296
2024-05-20,35.353747779721616,30.27669031596848,12.554119464159571,8.675576076067388,5.620379699286664,3.4302073537225772,1.7786085672137943
2024-05-21,35.371069023459214,30.240140244479775,12.58697476322565,8.686533353316438,5.636778714744546,3.4370967964886545,1.7653037197320987
2024-05-22,35.395858032139834,30.186519304375285,12.625040019807377,8.697232286447775,5.660141150059171,3.445054265528245,1.7574160458735721
2024-05-23,35.412012244177575,30.15002312167541,12.666717383117165,8.699182743369793,5.678504988087718,3.448203871641609,1.747262650647925
2024-05-24,35.42614367240471,30.08904468903468,12.702017398485403,8.709769022837312,5.701359163673279,3.46887829266272,1.7416317011303923
2024-05-25,35.44744243451497,30.035786652957878,12.73900319368456,8.713114633725887,5.721223693290428,3.4825342830318475,1.7303721196010813
2024-05-26,35.46909737203542,29.98088672403467,12.775616732422378,8.713914419962565,5.741347690283091,3.4966814554642274,1.7201328541087695
2024-05-27,35.490961721986785,29.924806937618296,12.811247831883149,8.712287904629969,5.761655637504906,3.5111169293194764,1.7111565400275444
2024-05-28,35.51288076512146,29.8679891193369,12.845355309438988,8.708421163298487,5.78208547055045,3.525658644374342,1.7036542658184246
2024-05-29,35.53469820331782,29.810828248472845,12.877486421367163,8.70255653889801,5.80259249349234,3.540154033058182,1.69780339069755
2024-05-30,35.55626203515039,29.75365002767567,12.907288034426694,8.694980046013896,5.823151742482694,3.554485883112441,1.6937480308731825
2024-05-31,35.57742935312308,29.696694610548647,12.934509604110376,8.686007984894061,5.84375875552639,3.5685752154703128,1.691601701408911
2024-06-01,35.59806968450649,29.640107486820366,12.958999019931035,8.675974115230876,5.864428897053496,3.582381386451007,1.69145145263859
2024-06-02,35.618066733359335,29.583937542785204,12.980693008784389,8.66521839577625,5.885195513914773,3.5958998973166145,1.6933628110291394
2024-06-03,35.63731860348266,29.52814149665421,12.99960403120801,8.654077879744683,5.906107256520132,3.6091585338508847,1.6973848974340717
2024-06-04,35.655736752829625,29.472593374058217,13.01580552098909,8.642879957733216,5.92722489385647,3.6222124746904076,1.703555214751886
2024-06-05,35.673244031072,29.41709746857306,13.029417013606338,8.631937819666426,5.948617903014588,3.6351389323258494,1.7119037378318123
2024-06-06,35.6897721845005,29.361403282228125,13.040590299013942,8.621547791368304,5.970361044098641,3.648031764909248,1.7224560750814477
2024-06-07,35.70784753093823,29.30365676892759,13.046632208606614,8.615673634413039,5.996189838125806,3.6597458633139444,1.7362817531875063
2024-06-08,35.721768386450876,29.24684854309735,13.054032125576299,8.606462385933794,6.01819661955142,3.673169405366468,1.7511382357411822
2024-06-09,35.73460797137407,29.188909773024676,13.059418636751886,8.598726544571607,6.04089082624914,3.686835132755712,1.7682943228809702
2024-06-10,35.74629950879168,29.12951803699265,13.062994369415964,8.592663505720854,6.06431997935239,3.7008678247514255,1.7877635647734775
2024-06-11,35.756775859144334,29.06836902811613,13.064950268718933,8.58845692299218,6.08852469571097,3.715386007106846,1.8095568313026367
2024-06-12,35.765969264502836,29.005186840754916,13.065463774743709,8.586275869452805,6.113536308212407,3.730499374982988,1.8336796854518451
2024-06-13,35.773811684047395,28.939733142151674,13.064698085354124,8.586273468510841,6.139374643666765,3.7463064832161908,1.8601292860533851
2024-06-14,35.780235699215275,28.871815277997108,13.062802228111137,8.588584988329352,6.166045996333904,3.7628926536613863,1.888890984573126
2024-06-15,35.78918746728516,28.796116971151054,13.060676474010393,8.596344413328342,6.195425832821427,3.7796057112726786,1.9199347971192966
2024-06-16,35.79183986637618,28.723719327862046,13.056762312869193,8.603054109445202,6.223426579358581,3.7981193645811007,1.9532119484040136
2024-06-17,35.79301774749581,28.64850360039537,13.052115388935833,8.612450065910672,6.252222644146784,3.8175330924042377,1.9886516964821896
2024-06-18,35.792655220941484,28.570532705025688,13.04683318146687,8.624551809935975,6.281746971691949,3.83786964652521,2.0261586524154325
2024-06-19,35.79069991056821,28.489936199732234,13.041004828436632,8.639350315732884,6.311914509420533,3.8591302789413917,2.0656108039161234
2024-06-20,35.79355208230935,28.391254348563915,13.036913418337358,8.656912280337,6.34440905727812,3.88426601725964,2.1071980841123055
2024-06-21,35.783559066194144,28.304179609010582,13.03496520224148,8.674693788370028,6.377486837902494,3.9093416619772974,2.150139340547029
2024-06-22,35.776320495394366,28.219830085097442,13.026669570074693,8.697690160397618,6.408349366456711,3.9323437965359394,2.194522730223719
2024-06-23,35.7675178653609,28.13363882295942,13.018348964634876,8.722926457753383,6.439425717072718,3.9561888147974145,2.240041838202221
2024-06-24,35.757184105408115,28.046067752712773,13.01002813911666,8.750242887195114,6.470554808603186,3.980761006698963,2.28645999157122
2024-06-25,35.74537331220613,27.9576093190425,13.001733075812302,8.779448155779619,6.501570559692352,4.0059325205094884,2.3335219959582942
2024-06-26,35.732159845690916,27.8687755830982,12.993490404946902,8.81032340856991,6.532305643558032,4.031566096570818,2.38095974492555
2024-06-27,35.71763668781281,27.780086398777986,12.985326784976083,8.842627222161415,6.562595367215096,4.057518191317222,2.42849840694998
2024-06-28,35.708464774763335,27.704728457443075,12.964469209521532,8.869677911633259,6.5957934136690035,4.082759250187744,2.4681572818913318
2024-06-29,35.693332721952316,27.6215575587969,12.953633305953069,8.902257693714644,6.625288370507418,4.1084846548972935,2.5128813545361703
2024-06-30,35.67765258875406,27.54096293106487,12.94235495103368,8.935008245243996,6.653960528693899,4.133951976666527,2.5563514767256716
2024-07-01,35.6616485650031,27.46358218205005,12.930547931736672,8.967558221638908,6.6816939890080915,4.15898978872292,2.598210104091894
2024-07-02,35.64556314488395,27.39004193699888,12.91810728812381,8.999526861726034,6.708390344352263,4.183429383858397,2.6381018478722806
2024-07-03,35.629655655601866,27.320955592417384,12.90490731574848,9.03052718884124,6.733969909809356,4.2071061148653195,2.6756747576259183
2024-07-04,35.6142010931132,27.256923135517074,12.890799724437674,9.0601683455631,6.7583722516283595,4.229860164843564,2.710580519612437
2024-07-05,35.59948929733494,27.198532804270037,12.87561206379165,9.088057043842173,6.781556050460211,4.251536758123437,2.7424736826505622
2024-07-06,35.58582442324361,27.14636415124525,12.859146565734124,9.113798231270318,6.803498367096161,4.271985876562036,2.771010142918206
2024-07-07,35.57352457616089,27.10099186688509,12.841179605744301,9.136995199703025,6.824193401969576,4.291061599240575,2.7958452388775306
2024-07-08,35.562921382910964,27.06298952076566,12.821462045973751,9.157249488865874,6.8436508522546795,4.308621234265487,2.816631923663125
2024-07-09,35.55435917011069,27.03293219932273,12.79972079165538,9.174161059072832,6.861893973334764,4.324524457914846,2.8330195906907583
2024-07-10,35.54819332338421,27.011396865975943,12.775661959621404,9.187329316191889,6.878957446538208,4.338632716893606,2.8446542224044578
2024-07-11,35.5447873170536,26.998959162771392,12.748976111840234,9.196355657356035,6.894885144813222,4.350809180866097,2.8511806008438016
2024-07-12,35.544507848193575,26.996185341396142,12.719346028909756,9.200848250879607,6.9097278751508675,4.360919549455844,2.8522473441210163
2024-07-13,35.54771750343765,27.00361809941578,12.686457463074072,9.200429744640575,6.923541163699111,4.368834012368581,2.8475154887992566
2024-07-14,35.554764459247124,27.02175536126779,12.650013187008502,9.194748483352345,6.93638313886593,4.374430622008355,2.8366711908840414
2024-07-15,35.5659688975493,27.05102154472196,12.60975041187498,9.183493572887393,6.9483125608253475,4.377600251747834,2.819442830697252
2024-07-16,35.581606136586295,27.091731643464275,12.565461262025416,9.16641373000937,6.959387043292496,4.378253167541162,2.7956223483058316
2024-07-17,35.60188694496053,27.14404955016811,12.517015460704624,9.143339287386825,6.969661514581575,4.37632702925812,2.7650899965175806
2024-07-18,35.62693610908348,27.207943387570385,12.464383734083023,9.114206011050905,6.979186967791734,4.3717958669668695,2.727840908417053
2024-07-19,35.6567709990505,27.283142052196563,12.407659763805688,9.079078608166288,6.988009551167085,4.3646792721608865,2.6840110262367354
2024-07-20,35.69128250909193,27.36909843489132,12.347077951007947,9.038171097382035,6.996170045106202,4.355050754731396,2.633899187062056
2024-07-21,35.73263964035207,27.456595691935224,12.276847562641397,8.988091302113375,7.00981849632888,4.345189908233735,2.5827445041279304
2024-07-22,35.77534653649109,27.56308610249174,12.210692100213382,8.937392825091404,7.015707176992149,4.3305712352341805,2.520611958212507
2024-07-23,35.830695243838555,27.689607394640827,12.133597025776872,8.8798701446105,7.0121664457481785,4.311812168573437,2.4543546595638523
2024-07-24,35.88143028062069,27.810433560004615,12.062176111400937,8.82148673582618,7.015156815330991,4.293418482154515,2.384922954049321
2024-07-25,35.9364856657219,27.924228085900772,11.98635447609304,8.763945772474386,7.023800795369364,4.27852133951016,2.3174493348598744
2024-07-26,36.01836105166153,28.030597702123107,11.916683904140264,8.704829074965227,7.026939605548307,4.25807886557267,2.2371127105392774
2024-07-27,36.07828946867243,28.151907640018965,11.847534764413934,8.643738833916983,7.027112206435687,4.2369262809533055,2.163449579468292
2024-07-28,36.13860950356468,28.269225167202926,11.780752865177805,8.584101724153244,7.026679963399799,4.216023465340579,2.0913142293227676
2024-07-29,36.19860722343849,28.38077775902682,11.717149204189159,8.526884184213483,7.02561087436114,4.195730899152243,2.021675092979758
2024-07-30,36.25766772023586,28.48504113661573,11.657402805453653,8.47292713322345,7.023879279126312,4.176367219779045,1.9553614241730848
2024-07-31,36.315299446218035,28.580783506022502,11.602040514574192,8.422920315835407,7.021466044944084,4.158198539171672,1.8930376356722056
2024-08-01,36.37114706002556,28.66708359749061,11.551430144818104,8.377390390052849,7.01835830619626,4.14143275180979,1.8351922973060422
2024-08-02,36.42354027212071,28.742752402530527,11.499051760560086,8.341152534663388,7.016786621947027,4.128043387160679,1.7826450045513804
2024-08-03,36.475770903523596,28.808940740784696,11.459677071161424,8.304491320910728,7.0118029515884075,4.11405601424555,1.7342698431604373
2024-08-04,36.52580541245006,28.86449378875071,11.425114639572664,8.273200321715178,7.006207371669224,4.101849292649906,1.6909634332173658
2024-08-05,36.573801113807605,28.90956335252376,11.395241977457955,8.247199562512598,6.999991543119425,4.091404082315822,1.6525974149933056
2024-08-06,36.61998164925695,28.94444001083291,11.369868218656416,8.226332811727657,6.993152463041974,4.0826713180583845,1.6189647737891832
2024-08-07,36.66461634959251,28.96951406371885,11.348754914361278,8.210388294906235,6.9856925722175625,4.07557974733513,1.589803365874347
2024-08-08,36.7080007708461,28.985242087908272,11.331634136328562,8.199116679780394,6.977620072502463,4.070042851820061,1.564816775024096
2024-08-09,36.7504391745377,28.992120356353293,11.318223249591442,8.19224563073064,6.968949438451506,4.0659646467213175,1.5436917143097595
2024-08-10,36.79222932969868,28.9906653810957,11.30823620366213,8.189490757013818,6.959702077718743,4.063244245372161,1.5261117161694333
2024-08-11,36.833649737611296,28.981401112478565,11.301391538351487,8.190563163237913,6.949907070912227,4.061779220810783,1.511767233391398
2024-08-12,36.87494921677813,28.96485185826047,11.297417516516571,8.195174059164444,6.939601904045148,4.0614678914001034,1.500362512575662
2024-08-13,36.91633871496333,28.941539728680564,11.296054905826816,8.203037021532479,6.928833095892437,4.06221071132368,1.4916197258373918
2024-08-14,36.95798520900293,28.911985316119242,11.297057963632797,8.213868550373613,6.91765661900685,4.063910968737679,1.4852808876285286
2024-08-15,37.00000758235858,28.876710334895048,11.300194159096954,8.227387550896442,6.906138017664709,4.066474993793196,1.481108071199444
2024-08-16,37.042474409304674,28.83624104363029,11.305243115003899,8.24331431858684,6.894352139361164,4.069812063260135,1.4788823971040534
2024-08-17,37.08540360299952,28.791111426648115,11.311995182026225,8.26136952305441,6.88238241897838,4.07383416361498,1.4784022109109738
2024-08-18,37.12876388905439,28.741865307410965,11.320249979493308,8.281273584362989,6.870319685839468,4.078455743974943,1.4794808089870515
2024-08-19,37.172478040354974,28.6890567953057,11.329815154277187,8.30274672080429,6.85826050172778,4.083593556761212,1.4819440146505012
2024-08-20,37.21642775373885,28.633248716145285,11.340505526884836,8.325509825562163,6.846305079422075,4.089166649451782,1.485627853221494
2024-08-21,37.25071834741674,28.58918415586159,11.3458823614711,8.352050569036816,6.836001456219213,4.092793791002396,1.492185626917973
2024-08-22,37.30573752081234,28.534503177719987,11.356835993118974,8.372838921427373,6.825890828598253,4.092508244763247,1.4931463392818327
2024-08-23,37.31901647119458,28.484361579378223,11.376757522628514,8.399195103611191,6.812426234459741,4.101334987341725,1.5073220842993085
2024-08-24,37.35193917720521,28.425092728664445,11.392330363716816,8.426430070972911,6.802323906809524,4.107686828246725,1.5192699517633816
2024-08-25,37.38298380633226,28.367067868420623,11.408052526869236,8.453438552406354,6.792845193466154,4.113866280639908,1.53182343928604
2024-08-26,37.411683816901665,28.3108447166973,11.423841132745238,8.480044072543196,6.7840680647405955,4.119814490057535,1.5449651070181174
2024-08-27,37.43757351735795,28.256971639579625,11.439617449069871,8.506082189198795,6.776058215270587,4.125473617555784,1.5586773723206757
2024-08-28,37.460193141605025,28.205979164692376,11.455308969128245,8.531404080132836,6.768867823827844,4.130787700387718,1.5729442119152104
2024-08-29,37.4790927894917,28.158373238410146,11.470851105823343,8.55587923316632,6.762534876854889,4.1357033408645565,1.5877527872190167
2024-08-30,37.493835212046946,28.114630384637458,11.486188433145527,8.57939716182579,6.757083032489765,4.140170211228684,1.603094839173124
2024-08-31,37.5039975663669,28.075194726043627,11.501275443800852,8.601868146597017,6.752521963906943,4.1441413823978905,1.6189677071718662
2024-09-01,37.509172396174314,28.040476647847363,11.516076826509096,8.623223070602801,6.748848093317878,4.1475735025588705,1.6353748491957951
2024-09-02,37.5089681994886,28.01085273623701,11.530567295700886,8.643412472085323,6.746045612657219,4.150426866114905,1.6523257741154178
2024-09-03,37.50301001700132,27.986666518749015,11.54473102796934,8.662404971481477,6.744087683761788,4.152665423369824,1.6698353384375253
2024-09-04,37.49094050973832,27.9682294768918,11.558560773050102,8.680185247993835,6.742937718229013,4.154256786098961,1.6879224043533143
2024-09-05,37.47242199114381,27.955821791726223,11.572056712931367,8.696751741482233,6.742550652705518,4.155172283829248,1.706607900224014
2024-09-06,37.44713983699197,27.94969231777186,11.58522514242342,8.712114243715396,6.742874156304499,4.155387120529316,1.7259123660301519
2024-09-07,37.41480761702899,27.95005735505446,11.598077040083634,8.726291522523981,6.7438497304263505,4.15488067192862,1.7458531033017999
2024-09-08,37.37517417536964,27.957097898915368,11.610626591793213,8.739309096972484,6.745413685025103,4.153636950296529,1.7664410808610123
2024-09-09,37.32803273296049,27.970955188380422,11.622889722247091,8.75119725441433,6.747497997322819,4.151645246673241,1.787677773753104
2024-09-10,37.273231896674474,27.99172454244756,11.63488268340167,8.761989373392021,6.750031077552822,4.148900940782915,1.8095521320505124
2024-09-11,37.21068824061346,28.019447664392207,11.646620744181213,8.771720591054748,6.752938480289628,4.1454064469209975,1.8320378870520553
2024-09-12,37.14039988586852,28.054103799005354,11.65811702249861,8.780426830597147,6.756143608347752,4.141172241136466,1.855091402240769
2024-09-13,37.06246026221913,28.095600333892097,11.669381498344618,8.788144183196048,6.759568458388332,4.136217892730047,1.8786502622466528
2024-09-14,36.97707101390541,28.14376362522861,11.680420244322375,8.794908619877749,6.763134452828367,4.13057300379718,1.9026327623573862
2024-09-15,36.884552843781904,28.19833097688478,11.69123490626252,8.800755991633922,6.766763391381787,4.124277947139809,1.9269384125294369
2024-09-16,36.785353012068505,28.258944782268422,11.701822460149454,8.805722261194166,6.770378538157584,4.117384288471654,1.9514495043935074
2024-09-17,36.68004825214647,28.325149823930225,11.712175261520326,8.809843897854462,6.773905838067864,4.109954786271306,1.9760337114441404
2024-09-18,36.569342061507015,28.396394596628994,11.722281389376734,8.813158358726904,6.777275231612343,4.102062883719971,2.000547608556876
2024-09-19,36.45405567808003,28.472037267969892,11.73212526894926,8.815704576954284,6.780422012960633,4.093791641984443,2.0248409166739267
2024-09-20,36.335112542711514,28.55135652833854,11.741688537821096,8.817523380890604,6.783288156186874,4.0852321104661495,2.0487612123602887
2024-09-21,36.21351663159132,28.63356714141027,11.750951100254683,8.818657778491513,6.785823521990772,4.076481182886054,2.072158799375764
2024-09-22,36.08436072763366,28.724517632696806,11.756655051258212,8.824555280207225,6.787004808662267,4.065284184623075,2.0948914268981382
2024-09-23,35.95985111314022,28.811113213669923,11.7645153815789,8.825635932704257,6.7885435106444385,4.055973891788181,2.1168285586253632
2024-09-24,35.844082386195645,28.90562593112677,11.767302577868481,8.825775923239236,6.788948031212029,4.041714614345739,2.136137851494153
2024-09-25,35.723911263014166,28.993699688517257,11.773085040606366,8.826166974440257,6.789387253554277,4.031476516555948,2.1557175315483263
2024-09-26,35.60461156021642,29.080759131153307,11.779397129043256,8.826895751167507,6.7871090313913625,4.02295886676071,2.176005279860514
2024-09-27,35.47011271137787,29.16893569624542,11.784942947883616,8.828638661334658,6.787359230545163,4.024631639337219,2.1962806989336867
2024-09-28,35.35891735684712,29.25352628827625,11.787618843788906,8.827597122630067,6.786385247510087,4.017389285582493,2.211529196058075
2024-09-29,35.25279066126495,29.335318305329658,11.78938018013451,8.826722834748216,6.784858666251013,4.010758164928032,2.2255680153854014
2024-09-30,35.15226433553556,29.41396717108505,11.79013859336862,8.826082537686196,6.782799341641978,4.004803299293737,2.2383627477229626
2024-10-01,35.05774596343743,29.489227275846478,11.789802810256482,8.825745767616066,6.780229378500326,3.9995829096062074,2.2498937683363165
2024-10-02,34.969522034801244,29.56095061378319,11.788277933435932,8.825784157751487,6.777172016831964,3.995149505779657,2.260153860417757
2024-10-03,34.88776530308431,29.629081788924957,11.785464828432138,8.826270728484307,6.773650661247794,3.991551359842902,2.2691456711286264
2024-10-04,34.81254529435664,29.693650141610465,11.781259758609938,8.827279127211613,6.769688114757021,3.9888342270603783,2.2768791598495657
2024-10-05,34.7438407587983,29.754759775279968,11.775554426400458,8.828882761415308,6.765306059724697,3.98704316882191,2.2833691756309284
2024-10-06,34.681552931344505,29.81257821022648,11.768236585255082,8.831153756423692,6.760524811685889,3.986224327406035,2.288633276582114
2024-10-07,34.62551862328189,29.867324282286567,11.759191385857259,8.834161663681368,6.7553633559181465,3.9864265038944793,2.292689881274668
2024-10-08,34.5755223694231,29.91925576831076,11.748303609560791,8.837971848117144,6.749839662335801,3.9877023946337524,2.295556823108891
2024-10-09,34.53130707873594,29.968657082266848,11.735460917802415,8.84264349627245,6.743971260854513,3.990109348070685,2.2972503636658925
2024-10-10,34.49258285986073,30.015827267068225,11.720558203194837,8.848227212190988,6.737776045954614,3.993709513498263,2.297784709781778
2024-10-11,34.44896278985873,30.06009043898107,11.70056413170941,8.859851535397084,6.727345295517564,4.008218188321617,2.2971720698077425
2024-10-12,34.41805583852726,30.10330308806934,11.680684750989082,8.868499666935229,6.719682819167649,4.016594070545313,2.295423274729088
2024-10-13,34.39150864883221,30.14288081463723,11.66545771930262,8.87626222815998,6.707168714986821,4.028220816783082,2.292548976311278
2024-10-14,34.36844717341001,30.182679004592067,11.64253911308927,8.886798992487805,6.697701409005922,4.040636664162279,2.2885614137084365
2024-10-15,34.34858022706979,30.221230006079416,11.617641351670398,8.898420875324524,6.6876505807787385,4.055155934492269,2.283476708721854
2024-10-16,34.33143672532455,30.258631846094726,11.590911618894054,8.911070109523077,6.6770107845907996,4.071888078131285,2.2773176058827036
2024-10-17,34.31653203362487,30.294925610000547,11.562562362296104,8.924657427098335,6.665782961300221,4.090922140824858,2.2701165166272403
2024-10-18,34.307193366875495,30.313696422963954,11.520483282916244,8.95068620555674,6.649553818982088,4.12732584471128,2.2578938358435003
2024-10-19,34.2962222116465,30.3437776043414,11.487318520535876,8.968194394636216,6.636308874977356,4.1542254630523985,2.2478733377432962
2024-10-20,34.28619637238884,30.371784035367497,11.453192380178832,8.986586155177935,6.622400460283072,4.1839797173273245,2.2368439841534915
2024-10-21,34.25977677033621,30.39421649273881,11.421365117301699,9.01632500082192,6.614028481167204,4.220503906788451,2.216667815649076
2024-10-22,34.25034526650289,30.415774406642722,11.386497579351275,9.037558642816723,6.598992488566205,4.2563018069687475,2.2020012891861356
2024-10-23,34.24009954414969,30.434224598708912,11.352201256081813,9.059465164150778,6.583640075690559,4.294748282748323,2.1862904660753633
2024-10-24,34.21885452383655,30.46186196241094,11.316538043937259,9.081788436637733,6.5650727339116175,4.337037465392098,2.172063081585421
2024-10-25,34.19616161377635,30.480740319677803,11.283466201709153,9.105119141092809,6.548965478929874,4.378704653686857,2.1552496892738566
2024-10-26,34.18585042171244,30.484034341336596,11.254158468772932,9.12812387599342,6.533557880456055,4.423961491715898,2.136419009462347
2024-10-27,34.17320921525978,30.483851316384637,11.22695367179979,9.151236794211822,6.5179521118565935,4.47080931370478,2.1171480948286914
2024-10-28,34.158306925435014,30.47994811583678,11.202105356942718,9.174392203367928,6.502211103524778,4.5189596953493405,2.097545914988245
2024-10-29,34.14126347136899,30.472155079388596,11.179787318851847,9.197555874954258,6.4863931125665095,4.568122408872961,2.077712440086531
2024-10-30,34.12224252322292,30.460376226751514,11.16009269769249,9.220724666433863,6.470550961120611,4.618015085634675,2.0577327882036274
2024-10-31,34.10144284337033,30.44458578700403,11.143037849307989,9.243923984810175,6.454731969474194,4.668370736452465,2.0376728135833884
2024-11-01,34.079089087137156,30.424821983976443,11.128569969408973,9.267203542281532,6.438978490098548,4.71894284785995,2.0175765377370403
2024-11-02,34.055422822334215,30.40117911514494,11.116577257635102,9.290631951282172,6.423328893113713,4.769508095327633,1.99746557056427
2024-11-03,34.030694332195296,30.373798898704425,11.106900410933367,9.31429071614137,6.407818827280026,4.8198669658760105,1.9773404186536683
2024-11-04,34.005155548044876,30.342861887728677,11.099344388086868,9.338268122152975,6.392482580683507,4.869842740366861,1.957183377281659
2024-11-05,33.97905425594933,30.308579518297474,11.093689625263364,9.362653426561794,6.377354385271064,4.919279350672667,1.9369625769041812
2024-11-06,33.952629561042016,30.27118712028732,11.089702146953305,9.387531644987597,6.362469541457966,4.968038615100531,1.9166367085161748
2024-11-07,33.92610848454673,30.23093801097978,11.087142262933316,9.412979120258159,6.347865276006176,5.015997290386514,1.896159972671102
2024-11-08,33.89970351036192,30.18809863241679,11.085771743199102,9.439059970047644,6.33358128283943,5.06304428415723,1.8754868626657795
2024-11-09,33.87361088168037,30.142944589338846,11.085359508741277,9.465823439745584,6.319659929017601,5.109078267906023,1.8545764805544276
2024-11-10,33.848009461601315,30.09575739163805,11.085685968133003,9.493302137211618,6.306146135078398,5.154005831452213,1.8333961765437565
2024-11-11,33.823060003071014,30.046821694100064,11.086546176771138,9.521511093215901,6.293086959940198,5.197740234099007,1.8119243857773881
2024-11-12,33.79890471254729,29.996422845277884,11.087752008780637,9.550447571079316,6.280530935825087,5.240200739272627,1.7901526058386992
2024-11-13,33.7756670308447,29.944844595341337,11.089133522565644,9.580091537169695,6.268527208785346,5.281312469132774,1.7680865126525807
2024-11-14,33.75345158861157,29.892366859882962,11.090539679618661,9.610406697233072,6.257124546030114,5.321006682402664,1.7457462538235105
2024-11-15,33.73234432002658,29.83926348515633,11.091838549969786,9.641341999912383,6.246370272921033,5.359221360410436,1.7231659897547984
2024-11-16,33.712412735601774,29.785800004399732,11.092917111666251,9.67283350714084,6.236309200735987,5.395901980622812,1.7003927767938813
2024-11-17,33.693706363766154,29.732231411004143,11.093680728916565,9.704806531087739,6.226982601556959,5.431002361289574,1.6774849048368308
2024-11-18,33.67625737238289,29.67880000025254,11.094052375379066,9.737177939152419,6.218427279415073,5.464485472796113,1.6545098149368098
2024-11-19,33.66008137722152,29.625733346521162,11.09397165572059,9.769858532495315,6.2106747776785785,5.496324128670925,1.6315417303164883
2024-11-20,33.64360085118541,29.572309768535312,11.093032280982351,9.802733977122687,6.201566837046051,5.530466834565931,1.6043835627682843
2024-11-21,33.633321155004126,29.517653584202503,11.090330675720642,9.838291501118473,6.194451793561319,5.559340573535318,1.5839796759043399
2024-11-22,33.61738224413564,29.468376839442207,11.087604392154706,9.873248004064182,6.19087043163392,5.5874524799801,1.5586956402928547
2024-11-23,33.606461386319396,29.419004841454626,11.08597300403328,9.905486301317115,6.186822048166277,5.611644284056243,1.5373752725900565
2024-11-24,33.596637900052976,29.37083572044872,11.083688290202405,9.937691702362764,6.183587138971609,5.634381501851433,1.5163162112177664
2024-11-25,33.587859767254166,29.32397971982041,11.080781513722272,9.969766449705636,6.181167326284752,5.655672594172569,1.4956020001114425
2024-11-26,33.58006784169023,29.278528443128206,11.077288057892126,10.001621386114275,6.179557298229778,5.675537569656795,1.4753063932954307
2024-11-27,33.56559384130272,29.237402896620775,11.072083911229122,10.034787320649853,6.182365038307299,5.6930577435968495,1.4597532966722115
2024-11-28,33.55784312182837,29.19571169008729,11.06727891209906,10.06627227508668,6.183165312374511,5.709913999669227,1.4414853182961676
2024-11-29,33.55049610996483,29.155773461473796,11.061957816803865,10.09737622003516,6.184903529641795,5.725398952409668,1.4240154611434495
2024-11-30,33.54251429932447,29.120992687817196,11.05395656850199,10.124703965217192,6.191771676950844,5.740495485215226,1.404875320071345
2024-12-01,33.53530589542413,29.08561831891323,11.047191207918974,10.154059737019846,6.196412707093939,5.753557501238802,1.3887011505735096
2024-12-02,33.527955114511926,29.05238481267003,11.039894179923479,10.182720919441559,6.20225710307927,5.765413164892796,1.3734467541604365
2024-12-03,33.51973330569221,29.027104402853723,11.035711758002646,10.209063342857924,6.206199089588531,5.773758021637217,1.3591703840986529
2024-12-04,33.51132807619318,28.999972284603555,11.028283685873365,10.235682273142256,6.2138760446782815,5.782736626541447,1.3459323370566607
2024-12-05,33.5020487257457,28.975705532826183,11.020537520146776,10.261281583541855,6.222833503004369,5.790503491844179,1.3337972034361953
2024-12-06,33.49159896969207,28.954549901231765,11.012501167031157,10.285752121183123,6.2331631755506915,5.797067121267718,1.3228361364391872
2024-12-07,33.479648277824666,28.93679953581959,11.004201260779203,10.308966974513725,6.2449757154439265,5.802424679775533,1.3131290363954033
2024-12-08,33.465828499713965,28.922805484472196,10.995663819123516,10.330776774379828,6.258402222445246,5.806560171923469,1.3047665186413884
2024-12-09,33.44973123550049,28.912983751556233,10.986915227229785,10.351004817397172,6.273595008950661,5.8094428305813155,1.297851494341968
2024-12-10,33.43090664958943,28.907822125299457,10.977983594763204,10.369442269717473,6.290727236245476,5.811025853992239,1.2925001438098294
2024-12-11,33.408864667072564,28.90788466367875,10.968900524122635,10.385843856292885,6.3099909124064135,5.81124569178308,1.2888420031488104
2024-12-12,33.383079759450716,28.913812311637077,10.959703309375124,10.399924632312121,6.33159262357219,5.810022155572295,1.2870188232205828
2024-12-13,33.353000780369484,28.926317670773184,10.950437548770587,10.411358664228446,6.3557462727306975,5.807259710482831,1.2871818063574751
2024-12-14,33.31806748518578,28.946171525049614,10.941160092213911,10.419780696392303,6.3826620657219015,5.802850375767887,1.289486799609944
2024-12-15,33.277735351602736,28.97417847306679,10.931942153177669,10.424792099308709,6.412531073389058,5.796678700914712,1.2940870506951243
2024-12-16,33.23150996230949,29.011139128551047,10.922872291162417,10.425972506670503,6.44550498953541,5.788629250678117,1.301123248512539
2024-12-17,33.178991339877285,29.057797086489686,10.914058824276712,10.422898433344328,6.481671278651894,5.778596880836512,1.310710810418889
2024-12-18,33.11992708749602,29.114770487869734,10.905631085512583,10.41516968276638,6.521024821996565,5.766499767354659,1.322924770362673
2024-12-19,33.05427094583756,29.182470735887524,10.897738834507358,10.402443368751245,6.563438407836597,5.752294635355423,1.337783164926709
2024-12-20,32.97735752494424,29.268392981961576,10.902912875237329,10.3834550033514,6.608088604539413,5.730419175428144,1.3546057544365966
2024-12-21,32.89366237030474,29.354032651625833,10.90031149922296,10.35960828929404,6.655849366540047,5.719181445567844,1.3742105109249725
2024-12-22,32.81020136179742,29.469672458928937,10.895534689861352,10.32669838584024,6.699718677777033,5.689499951774606,1.3995902893236574
2024-12-23,32.72352951763558,29.582895845866027,10.89531778195923,10.292163241330972,6.747739558993638,5.663122420654239,1.4237410748717203
2024-12-24,32.61409339995343,29.697482823142714,10.899451539299738,10.258830733502844,6.7959781338184895,5.64645475715436,1.448362698826436
2024-12-25,32.528533300957996,29.824476125434938,10.903085170072444,10.214974402661186,6.841766033958719,5.615133142782663,1.4748904335324473
2024-12-26,32.45592794770972,29.95165371241263,10.906220873230598,10.175496860371503,6.885465444020333,5.572313919824024,1.4970784219766868
2024-12-27,32.36658658161031,30.088420848509365,10.927058409943097,10.125999369026019,6.921715165684735,5.530666231404803,1.5239646001517717
2024-12-28,32.28746430213161,30.216738042985607,10.940528748043585,10.076508536184095,6.9556945199632185,5.498414271075314,1.5496518482328
2024-12-29,32.21487674947807,30.340298015829596,10.95638386402299,10.02782744667856,6.984401374761659,5.466284645251951,1.5735885679866088
2024-12-30,32.149798316518904,30.457362506211915,10.97447041901795,9.980844344761426,7.007462983063741,5.434570574499826,1.5953773221039975
2024-12-31,32.0928063489401,30.56665360010959,10.994607067804326,9.936286812581024,7.024733493396398,5.403481219085963,1.6147299433341258
2025-01-01,32.04409729503091,30.66737345649914,11.01660219073635,9.894698566363571,7.036271026408735,5.373136219110575,1.6314725130013232
2025-01-02,32.003535315050144,30.75917550553451,11.04026925714132,9.856437723482765,7.042300004751885,5.343569543952178,1.6455400513972014
2025-01-03,31.9707202258128,30.842101199018867,11.065438326025518,9.821692081334028,7.043166709112015,5.314740231553363,1.6569634491930934
2025-01-04,31.945061981045885,30.916498211158046,11.09196316982105,9.790505399620606,7.039295061961638,5.286547150157592,1.665851726958398
2025-01-05,31.92585157888576,30.982934208162437,11.119724294410299,9.762808743664642,7.03114761132328,5.258845152871534,1.672372571894516
2025-01-06,31.912321937326407,31.042116544988378,11.14862861101886,9.738452068413805,7.019194415523848,5.231460633109779,1.6767335037012687
2025-01-07,31.90369575705846,31.094824033278602,11.17860670224376,9.717232775929997,7.0038905892640555,5.204205243361576,1.679165234589144
2025-01-08,31.89922006587582,31.141853280524717,11.209608594025486,9.698919483998223,6.985661922214309,5.176887212564481,1.6799080273491531
2025-01-09,31.898188831007133,31.18397948425155,11.241598793321876,9.683270435544593,6.9648972371201125,5.149320193164983,1.6792012467522701
2025-01-10,31.90156229768591,31.225700865913478,11.275835148775197,9.668009175850091,6.945672799354044,5.116381948109839,1.6772758873301188
2025-01-11,31.897048699267568,31.26467288597596,11.302918097374267,9.661503987589551,6.924151763077866,5.091051916333712,1.674349632189262
2025-01-12,31.904169351444054,31.294597663751848,11.339004162638808,9.651927510869504,6.896154323470703,5.062013176249652,1.6706239122831068
2025-01-13,31.912257709063347,31.322400800463807,11.375703621212422,9.644267181274031,6.867136500299016,5.032110997314409,1.6662824463105146
2025-01-14,31.920971466539548,31.34848405497985,11.41304146857233,9.638325372895734,6.8372523632262645,5.001255776606377,1.6614908066708205
2025-01-15,31.9300135618162,31.373184446171773,11.451021797423255,9.633929720541616,6.806647440909621,4.969383031622494,1.6563966457403667
2025-01-16,31.939127197358467,31.396780002801318,11.489627746207846,9.630929964317481,6.775461567756339,4.936453480134147,1.6511303088550728
2025-01-17,31.938995038632342,31.442370503944176,11.535549931458924,9.61951154606172,6.742934527865174,4.899826476067084,1.6436774222720845
2025-01-18,31.95100657266732,31.4626193342911,11.573304282964871,9.618895185593246,6.709456302532427,4.866868156603972,1.6382320864836917
2025-01-19,31.962142126761517,31.483103951845926,11.611664722636105,9.6189637786305,6.6758623032646875,4.832872424028347,1.6328549750907404
2025-01-20,31.971238406996846,31.50998402140954,11.647784628307267,9.617363997061105,6.637225152896298,4.796013831046657,1.6316922566812664
2025-01-21,31.979982871418603,31.530073105845258,11.686308838395039,9.619932890121953,6.603492303122135,4.760401870774942,1.6258033095189808
2025-01-22,31.98776901559591,31.550646627727144,11.724745141972624,9.622820856784898,6.569789838056662,4.724202303356138,1.620301012000993
2025-01-23,31.99459524711009,31.571675348750208,11.76287801028203,9.625970727276323,6.536213095950141,4.68761612112547,1.615182386104529
2025-01-24,32.002960443766135,31.589508496100212,11.802784671069336,9.621905236814762,6.504561278576215,4.652476350514961,1.6147634583850228
2025-01-25,32.00841980089229,31.610533712172163,11.839985972648552,9.623802905783243,6.471970368513408,4.616250853039624,1.6112609775920756
2025-01-26,32.01308513620833,31.63175898173604,11.876212359578142,9.625441275332005,6.439879146183166,4.580468753432939,1.6082557103244637
2025-01-27,32.01702184844618,31.653131393077413,11.911212107655956,9.62668317486747,6.408383696127991,4.545423745800645,1.6057454465716048
2025-01-28,32.02031036575594,31.674598562954863,11.944730583742361,9.627379702187232,6.377572874965592,4.5114234774723725,1.6037259572223723
2025-01-29,32.0230456734215,31.696109292283627,11.976513381505622,9.627371184995793,6.347526866354096,4.478786231932654,1.6021918382193592
2025-01-30,32.02533646237956,31.717614016870165,12.006309509489071,9.626488446450486,6.3183160723646195,4.447837304182341,1.6011374241362306
2025-01-31,32.02730389747109,31.739065004642885,12.03387459878034,9.6245543997226,6.290000396547055,4.418905100251635,1.6005577328785492
2025-02-01,32.02908001037179,31.76041626367374,12.058974119826189,9.621386002218918,6.26262895381621,4.392316974087468,1.6004494032174748
2025-02-02,32.03080572627865,31.781623142092975,12.081386620549255,9.616796605285385,6.236240219671362,4.368394794478851,1.6008115882527607
2025-02-03,32.03262853626097,31.802641621156013,12.100907017127971,9.610598737906834,6.210862607613582,4.3474502161537165,1.6016467700611323
2025-02-04,32.034699829863165,31.82342732543479,12.117349980596336,9.602607360660219,6.186515440292248,4.329779617442165,1.6029614631516782
2025-02-05,32.03717190667381,31.84393429840032,12.130553462994186,9.592643616269827,6.163210258079156,4.315658666911406,1.6047667764939464
2025-02-06,32.04019469299298,31.864113616345293,12.1403823930217,9.58053908294754,6.140952389418401,4.305336497665173,1.6070788055956455
2025-02-07,32.04694612685936,31.881579409201283,12.142158306377675,9.566780829466483,6.121848208760134,4.300292707922616,1.611238121179203
2025-02-08,32.05216906525516,31.90034482897394,12.143909806509587,9.550154618283583,6.102228491223777,4.298472397358891,1.6149179065331856
2025-02-09,32.05846948006052,31.918472609564432,12.141884951862153,9.531056907563217,6.083772465086554,4.301019126081204,1.619236019904253
2025-02-10,32.06596818447569,31.9358653678196,12.13607043078769,9.509429981665331,6.066499069594223,4.308010347647748,1.624235195231998
2025-02-11,32.07476551155318,31.952414932132125,12.126498625331058,9.485256958605785,6.050431466572152,4.319461850829785,1.6299618299408514
2025-02-12,32.0849375186165,31.96800272208062,12.113250986769375,9.458567150550955,6.035597860080019,4.335321657151217,1.6364645812796272
2025-02-13,32.09653266293632,31.982500956008007,12.096460403978275,9.429440448024183,6.022031765687393,4.355465272674266,1.6437925849756978
2025-02-14,32.120329300518854,31.98856389298566,12.070432511100156,9.399916611522228,6.018163809479471,4.377512814660252,1.6560190730347792
2025-02-15,32.13709828822685,31.998791133466696,12.046007205508285,9.367027266576649,6.009200362466255,4.404865532298292,1.6659858328210406
2025-02-16,32.15564693943465,32.007193725701164,12.018591492577782,9.332459957074924,6.002003283699832,4.435472126008211,1.6770474540689844
2025-02-17,32.17594290734662,32.01359479018882,11.988509917326011,9.29655141204671,5.996668034830063,4.4688668669711005,1.6892436517693825
2025-02-18,32.197925079888535,32.01782576368963,11.95612609240793,9.259688127427937,5.993289835739915,4.504518983124739,1.7025997559061379
2025-02-19,32.22150653644623,32.019732295027794,11.921833415824905,9.222297483137801,5.991960129131469,4.541845330240309,1.7171231962849431
2025-02-20,32.24657876454615,32.019179934645095,11.88604399997694,9.184836593314083,5.9927629686892825,4.580225940027762,1.7328003772040843
2025-02-21,32.271105052011755,32.01381381526992,11.85015194679055,9.145194176598627,6.003805904925136,4.618234175577156,1.7487686062592256
2025-02-22,32.29828292772955,32.00758442325453,11.812940333432598,9.10857837793554,6.010772421885027,4.656520206898181,1.7663654175450687
2025-02-23,32.326442193786306,31.99859188171351,11.775541095182314,9.073254754528115,6.020330340862936,4.693885046640969,1.784861871926835
2025-02-24,32.35542559572303,31.98681881107206,11.73833392827515,9.039660817286682,6.0325357087933185,4.72973037111245,1.8041318627666987
2025-02-25,32.385080818935734,31.972283080632156,11.701661023067604,9.00819795430521,6.04742606313513,4.763507991103436,1.8240254246672123
2025-02-26,32.421872603953155,31.95757465778817,11.66851753270845,8.974974019842795,6.060416623477821,4.793902525321583,1.8415840336448563
2025-02-27,32.45123359884548,31.9371780675744,11.633175025850731,8.949560865401114,6.081637398735997,4.8223693467433675,1.862773214828702
2025-02-28,32.48108120623127,31.91436738592579,11.599229176420048,8.927059869500397,6.10537396388913,4.84747868524431,1.8839280777816627
2025-03-01,32.51033778278708,31.890723937625385,11.570273128062116,8.909167144918955,6.1267540997920324,4.866262138541831,1.908365352902998
2025-03-02,32.54101849016918,31.86316492382048,11.53873529837076,8.892712621562962,6.156453889230375,4.884550492156813,1.9282692946039504
2025-03-03,32.571797128282846,31.83370634084834,11.508988168472545,8.879653759741418,6.188388926214234,4.8988567654332815,1.9476996173759273
2025-03-04,32.60113423159591,31.80263776679692,11.478188610974241,8.868700321482166,6.225871595547705,4.909737421699976,1.9664795871233498
2025-03-05,32.63224030598255,31.769851982663806,11.452454507989636,8.86265350090333,6.261544080779008,4.916010922413806,1.984449116416394
2025-03-06,32.66317616457442,31.735770632736294,11.42831610404454,8.859848061314908,6.299362900692092,4.918452802386379,2.001468106060874
2025-03-07,32.69389990711953,31.700604195717986,11.405711644701277,8.860159845074241,6.339211898347608,4.917210314003249,2.017418713532255
2025-03-08,32.72436632812059,31.664570950222622,11.384571706499932,8.863428670679198,6.38095796700891,4.912468082055529,2.032206572563241
2025-03-09,32.75452466159553,31.627894378579303,11.364823752273702,8.869462820015507,6.424451864411535,4.904442097605234,2.045761053373266
2025-03-10,32.78431686871562,31.590800612704832,11.34639600958902,8.878043552084385,6.469529209024454,4.893373960463966,2.0580346964647704
2025-03-11,32.813676560617466,31.55351587468294,11.329220585923727,8.888929612674852,6.516011744164417,4.879525424580377,2.0690019754601376
2025-03-12,32.842528604459986,31.51626387994385,11.31323578791021,8.901861736652478,6.563708941630204,4.863173254516007,2.078657549561708
2025-03-13,32.870789417033755,31.479263194322836,11.298387657258603,8.916567149606548,6.61241999145412,4.844604375193727,2.0870141585469377
2025-03-14,32.898367908778326,31.442724563733762,11.284630772675571,8.932764070634128,6.661936191343692,4.824111289146802,2.0941002974947995
2025-03-15,32.92516700376248,31.40684826255393,11.27192839553357,8.950166201843393,6.71204371207612,4.801987741687592,2.099957788722562
2025-03-16,32.95108562987272,31.371821530244908,11.260252057700265,8.968487167508245,6.762526677577619,4.77852462986781,2.104639347689892
2025-03-17,32.97602104986257,31.337816182110057,11.249580703264092,8.987444841748768,6.813170464724039,4.754006170686085,2.10820621981074
2025-03-18,33.003085576227676,31.30909884617546,11.237135446019641,9.00816582527141,6.865144640179064,4.7265141705721785,2.108372882860079
2025-03-19,33.02638328579891,31.278555786587262,11.227861758985698,9.027836147440002,6.915645632532375,4.700292219096457,2.1094323916686895
2025-03-20,33.04851629617164,31.249641293576214,11.219453487582761,9.047397923245978,6.965704159623669,4.673734073958658,2.1095053322970276
2025-03-21,33.071979419737005,31.22253133972029,11.206417008692599,9.064662854346892,7.016167383977104,4.647757952973197,2.1105136684044767
2025-03-22,33.09115041214239,31.197196851519788,11.200674559442563,9.083755768732901,7.064691867481525,4.620991806232414,2.1084345599653047
2025-03-23,33.10972445290208,31.170640641949216,11.197676412500927,9.10167870182933,7.1153223278326525,4.595443519222614,2.105689804783537
2025-03-24,33.12626435621543,31.149910104606583,11.192751886565718,9.119161856332234,7.16135202200694,4.569197975326303,2.1021464131122833
2025-03-25,33.141517481175825,31.1312189772749,11.188483924375486,9.135584017357187,7.206270116679542,4.543556187042212,2.09794141287148
2025-03-26,33.15549046112628,31.114635380921605,11.184829801296887,9.150860101280147,7.249973388459975,4.518607948603879,2.0931051452583165
2025-03-27,33.172294093697644,31.099231847160034,11.176895528003984,9.163122866782102,7.294452779157321,4.497621577127436,2.0888999708979155
2025-03-28,33.180642190603116,31.088315767341122,11.17213855895161,9.180354999258643,7.333840236463276,4.473292365400112,2.0824088863598793
2025-03-29,33.189828312559655,31.078817367710368,11.16998874254934,9.193091382178824,7.372770913922778,4.450245645223356,2.0755744250948
2025-03-30,33.197924730267,31.07168891924907,11.16790793778909,9.204703366831207,7.410161489776376,4.428150528658303,2.068200936072686
2025-03-31,33.20499555278875,31.06699850954345,11.165787220261379,9.215259730152978,7.4459535294397385,4.4069902440635715,2.060280377524625
2025-04-01,33.211120708398596,31.0648214165054,11.163497990566665,9.22485224950084,7.480092166636955,4.386736353787518,2.0517989418125997
2025-04-02,33.216394572694945,31.06524219841646,11.160891621828611,9.233595351484057,7.512523055327276,4.367350171966756,2.0427372736269787
2025-04-03,33.22092446711971,31.068356224792794,11.157799263225092,9.241625756423023,7.543189276846258,4.348784292743306,2.033070916705313
2025-04-04,33.22482901449195,31.074270461981293,11.154031887829,9.249102112788702,7.5720283288679795,4.3309842029133225,2.0227710239475125
2025-04-05,33.22823631412571,31.083103311599675,11.149380712243609,9.256204576957664,7.598969333953277,4.313889965529913,2.011805372206288
2025-04-06,33.23128187638701,31.09498328534559,11.143618157175881,9.26313424989402,7.623930621148221,4.2974379723452865,2.000139727405183
2025-04-07,33.23410623769447,31.11004629114481,11.136499558852817,9.270112335848887,7.646817854076868,4.281562771702454,1.9877396060451396
2025-04-08,33.23685216513233,31.1284313102355,11.127765875861556,9.277378841865952,7.667522901400204,4.2661989830450615,1.9745724731806478
2025-04-09,33.23966135888715,31.150274272069417,11.117147657123724,9.285190595459301,7.685923666550865,4.251283308061122,1.9606104017558876
2025-04-10,33.24267057512058,31.175699995158944,11.104370534375528,9.2938183280711,7.701885107103324,4.236756640151754,1.9458331908403896
2025-04-11,33.244441831872756,31.19729189573576,11.092311027469338,9.300323592303677,7.7177847452112545,4.22218308838446,1.9287209998840271
2025-04-12,33.239564569599814,31.230515473356547,11.07863913047967,9.302086303985758,7.733094803856489,4.2122169215351475,1.913983087392334
2025-04-13,33.24124992401748,31.265023708811142,11.059868148461204,9.311561735398923,7.742582841390883,4.199609463646589,1.8969875225291324
2025-04-14,33.242930266790005,31.302665004844673,11.038514010102654,9.322179981244126,7.749438717005815,4.187504266209944,1.8793507189449175
2025-04-15,33.244526146629006,31.343174571425862,11.014556277731634,9.3340248496643,7.753619983703391,4.175950239716637,1.8611812395401242
2025-04-16,33.245908610937526,31.38617298097631,10.988062829476743,9.347121980110169,7.755126224647206,4.165018840990571,1.8426235314721473
2025-04-17,33.24689707534661,31.431156617024904,10.959204427161584,9.361426765670075,7.7540110552116035,4.154803747991278,1.8238590373466435
2025-04-18,33.246766866718445,31.46939461578443,10.928243258567672,9.381828047531913,7.758704000793313,4.13825734753866,1.806946394499456
2025-04-19,33.2463092653437,31.517824159298698,10.895543741431451,9.397285873436235,7.751361411454046,4.131015635175714,1.7880904594196827
2025-04-20,33.25199097414947,31.565069833204774,10.862041982021147,9.409487282033636,7.750226663432427,4.123499867358622,1.7698288253125938
2025-04-21,33.24746746413578,31.611880198067215,10.82753946254017,9.426617290149501,7.738116671536393,4.11849903551267,1.7524392836256342
2025-04-22,33.24121276366548,31.656274634367573,10.79327756507811,9.44343853527571,7.72509583508653,4.11473912993393,1.7362014190605042
2025-04-23,33.232878166502374,31.69731968995305,10.76000858311709,9.459436506997422,7.711601631913271,4.112363935708419,1.7213825068671365
2025-04-24,33.223220852135476,31.752591585272985,10.714600353000252,9.482893150932792,7.693213145341507,4.10327033834264,1.707367576426048
2025-04-25,33.20708456053788,31.783555432352344,10.679787267427615,9.49787591060811,7.680464887120402,4.106577217538594,1.6988192732750638
2025-04-26,33.190376595982286,31.811281600304365,10.652359379161712,9.507122898680274,7.6670285076911,4.109115824215032,1.691492561105039
2025-04-27,33.17073381871078,31.833312731387288,10.628209944897659,9.513736310879347,7.654935100347606,4.113132257571306,1.686383685024784
2025-04-28,33.14813953905224,31.849377947109343,10.607802594781775,9.517287610556037,7.6445691524575405,4.118604660080254,1.6835507287128175
2025-04-29,33.12266456833567,31.859396041886985,10.591466023785037,9.517438377917257,7.636247582906733,4.125473447631561,1.6829923620754483
2025-04-30,33.09111957205447,31.867468609774562,10.583666201272273,9.507833707907261,7.630178454435753,4.124283581954629,1.684652562120632
2025-05-01,33.05994772629502,31.86667016148003,10.576787726800204,9.49940883049972,7.626593873083518,4.1317146799054685,1.6884281005938722
2025-05-02,33.02655341172011,31.86077040896694,10.574237584042212,9.487052306086449,7.625505839117442,4.139868122152028,1.694177743130926
2025-05-03,32.99128443659546,31.85032462048133,10.57581032539217,9.47083859123562,7.626896560511091,4.148546681318108,1.7017321138571206
2025-05-04,32.95452416152404,31.835975203105743,10.581199265831208,9.450934516108957,7.630674272401396,4.15754102162062,1.7109033310754367
2025-05-05,32.91667798212697,31.818422375634942,10.590016741970663,9.427587490499551,7.6366830495003875,4.166635515728637,1.7214937531982082
2025-05-06,32.87816097501888,31.798397217396538,10.601814526661872,9.401112527484829,7.644713784551023,4.1756134116817085,1.7333034296840597
2025-05-07,32.83938703628553,31.776638039553067,10.61610323904395,9.371878965865141,7.654515490526663,4.184261292299411,1.746136083733899
2025-05-08,32.80075961511886,31.75387045830289,10.632370028615338,9.340297495726853,7.665806317819717,4.192372853900991,1.7598036352092317
2025-05-09,32.76137436610849,31.732924460177472,10.650858079782859,9.305360778639127,7.680418054265817,4.198075950062951,1.7733322019115385
2025-05-10,32.72435416517814,31.709694820319537,10.669408507702805,9.270640812019534,7.6933571359452975,4.204901596261893,1.7883505316863189
2025-05-11,32.68854386258358,31.68752033378271,10.68841648949826,9.23490786469364,7.706927298406048,4.210568596361134,1.8036702262329507
2025-05-12,32.65423881609499,31.6669232763211,10.707408825393228,9.198625653992625,7.720805058245377,4.214940700182959,1.8191667978420507
2025-05-13,32.62169929809441,31.648365219770547,10.725946636594243,9.162246284698483,7.73468031485845,4.217897651603301,1.834729285841618
2025-05-14,32.59114812895309,31.632243462562997,10.743631217175594,9.12620248361457,7.748261586284257,4.21933667919881,1.8502599769785566
2025-05-15,32.56075539641047,31.62413240958389,10.756902021634124,9.088100437562879,7.762088804238667,4.219298966748338,1.864617634058709
2025-05-16,32.52968055294062,31.61207960445915,10.774262408527516,9.053805249701373,7.77483355197099,4.218436749173194,1.8791002093427798
2025-05-17,32.50740478054208,31.604227495649365,10.787676605194907,9.021557129888153,7.78579475696887,4.2146571430073125,1.8944953273722278
2025-05-18,32.48737545182608,31.59990216733251,10.799056053694216,8.990993166979562,7.795591728763004,4.2091856317017555,1.9094938319281567
2025-05-19,32.469658596426285,31.59913879471375,10.808262190268684,8.962368762442622,7.804072593587651,4.202010349473243,1.9240747302464467
2025-05-20,32.45763145657609,31.60164107116742,10.813912231647397,8.936649921193723,7.81663812958278,4.19093517925141,1.9382134857168807
2025-05-21,32.445276673046834,31.607834176992352,10.818273015942944,8.912713318444471,7.823213454622828,4.179999524710506,1.9518663797892462
2025-05-22,32.43661354012689,31.62185680444689,10.823599494286151,8.891423779393389,7.821588466962932,4.166131438577508,1.9660722855653547
2025-05-23,32.42858166455867,31.63505374387792,10.824990028391973,8.872006505615877,7.825090976395541,4.151781081516298,1.9786042562635584
2025-05-24,32.422886631580525,31.651373131301938,10.824217444194568,8.85522629290485,7.826991556713661,4.13586206057282,1.9906842194036312
2025-05-25,32.419412978452804,31.670594981161813,10.821432577189077,8.841059073834222,7.827354868164635,4.118457891808931,2.0023074521372517
2025-05-26,32.41803285186255,31.6924757317401,10.816814050803824,8.829446929021898,7.82626715542359,4.099663039801642,2.013471416580553
2025-05-27,32.41860937023403,31.716753023157175,10.810564734192356,8.820301334428015,7.823834048981376,4.0795812862022265,2.024175182616492
2025-05-28,32.42099983445787,31.743150343822844,10.802908073544067,8.813506799570302,7.820178172955759,4.058324154739052,2.0344188405411963
2025-05-29,32.42505870043384,31.771381419545328,10.794084416967426,8.808924733474973,7.815436650746268,4.036009442221311,2.0442029201662466
2025-05-30,32.428705307199856,31.804986969466682,10.78214404227963,8.808106121558232,7.813729205826148,4.01127069752218,2.0483391370879147
2025-05-31,32.43525006572472,31.836717527593777,10.771330164494099,8.807813819964336,7.808106782629901,3.9869674237890393,2.0560332823283565
2025-06-01,32.44294985095419,31.869513913170948,10.760064648687097,8.809279304152643,7.802031811011421,3.961955258461855,2.063023656924277
2025-06-02,32.45165528559546,31.903101109335463,10.748610441492223,8.81231839923139,7.795701434730915,3.9363638920160033,2.0692619796317957
2025-06-03,32.46122148145915,31.937211644290798,10.73722966781503,8.816743094856283,7.789318827243648,3.9103246751661436,2.074690843871226
2025-06-04,32.471508643653884,31.971587626876882,10.726180715550518,8.822364572218389,7.783091286480089,3.883970210397697,2.0792426370268293
2025-06-05,32.48238235186528,32.00598245812417,10.715715406961097,8.828995922972434,7.777228352100755,3.857434059007418,2.0828385718668003
2025-06-06,32.49371356082961,32.040162282601685,10.70607619904544,8.83645456575829,7.771939893916048,3.830850520988397,2.0853878913566626
2025-06-07,32.505378369056665,32.073907248047234,10.697493352523484,8.84456437757187,7.767434112231827,3.804354437453287,2.08678732570029
2025-06-08,32.51725761061752,32.107012641646264,10.690182013797571,8.853157564760588,7.763915388234622,3.7780809592004525,2.0869208996216138
2025-06-09,32.52923632959513,32.13928996634046,10.684339167152759,8.862076301859616,7.7615819262183505,3.752165221018704,2.085660207020685
2025-06-10,32.541203200588356,32.170568010616726,10.680140436035467,8.871174165977774,7.760623140516962,3.7267418601384885,2.0828652865834547
2025-06-11,32.55304996120636,32.20069395033568,10.677736742562042,8.880317390248038,7.761216759311687,3.7019443197966293,2.0783862419896586
2025-06-12,32.56467092326093,32.2295345014827,10.677250872792913,8.889385952404758,7.763525645477372,3.6779038862092737,2.0720657492397825
2025-06-13,32.57596262760277,32.25697711881722,10.67877404004765,8.898274504485611,7.767694371035353,3.65474842030356,2.0637425756443637
2025-06-14,32.58682370234472,32.28293120836242,10.682362586571244,8.906893137904634,7.7738456252195975,3.6326007650123096,2.053256194291953
2025-06-15,32.59715497466954,32.307329293343756,10.688035010619977,8.91516796594026,7.782076583867698,3.6115768348847412,2.0404525093418195
2025-06-16,32.60685987184846,32.33012804615496,10.695769545499573,8.92304149456682,7.79245541546829,3.591783426433217,2.025190608831948
2025-06-17,32.61232401235723,32.34983738478386,10.7068248522963,8.929118233277137,7.805688842216823,3.5729214057663934,2.009708080010932
2025-06-18,32.621139942959175,32.36970105236096,10.718233986222197,8.936334683036877,7.8203414721688995,3.5559033385253427,1.9887536697983654
2025-06-19,32.628956434510044,32.38793021121481,10.731421279714363,8.943031681843538,7.837157799829863,3.5403578077328306,1.965144361154542
2025-06-20,32.63345435568316,32.40848034717742,10.744468987652729,8.94704573558308,7.8601705120108,3.5266412989061293,1.9425554809235654
2025-06-21,32.63854094126057,32.424470095303214,10.760101872767033,8.952217426477327,7.881878171482687,3.514302503963412,1.914822690707101
2025-06-22,32.64132654113733,32.43731774176766,10.779488839884186,8.955456394821955,7.908009424869076,3.506191218711133,1.890811796006963
2025-06-23,32.64357759681775,32.45052934036784,10.797322310791726,8.959214583096061,7.933934466343227,3.497635396642552,1.8604983533804975
2025-06-24,32.64442239007091,32.462729416090205,10.815581682860067,8.96241046238654,7.961516658699384,3.4907367371105438,1.828889578767016
2025-06-25,32.64382824121853,32.47407641279215,10.833940023754094,8.965069257645558,7.990541645130291,3.485456461498115,1.7964164255179613
2025-06-26,32.64297155351095,32.48637115236472,10.854184141063422,8.963135366490393,8.02329179553058,3.4801753331066645,1.7628704065065555
2025-06-27,32.631280962351944,32.506720334847564,10.873621130222386,8.967182846982526,8.051914969919771,3.4752385967682966,1.731308744050614
2025-06-28,32.624363750242594,32.51856842501855,10.890499974819917,8.969342383996398,8.082916504616662,3.4739821598103555,1.6998223928652607
2025-06-29,32.61572090153037,32.53067242628637,10.906378795166331,8.971004026395168,8.114315044621035,3.4738677902926915,1.6697680348224795
2025-06-30,32.605341137217295,32.54322799709092,10.921022761195479,8.97219390805595,8.145847506216581,3.4747792901392303,1.6417326757220299
2025-07-01,32.59322335122397,32.5564192871495,10.934236919192957,8.972928100949916,8.177262292659842,3.4765960134236633,1.6162797023620687
2025-07-02,32.57937604560424,32.57041573695956,10.945869889482692,8.973212384082055,8.208322947463417,3.479196137640289,1.593931993804649
2025-07-03,32.56381683186144,32.585369399928155,10.955815941427002,8.973042582568674,8.238810636469257,3.48245957917191,1.57515722692593
2025-07-04,32.546572114097835,32.60141276100856,10.964015536547668,8.972405471902738,8.268525488940801,3.486270424327081,1.56035577905001
2025-07-05,32.52767704421854,32.618656990907624,10.970454500801784,8.971280217900505,8.297286925995143,3.490518798545885,1.5498513577703392
2025-07-06,32.50717580190385,32.6371905584497,10.975162024183037,8.969640301307962,8.324933180781288,3.495102147995336,1.543884289272674
2025-07-07,32.4851222058659,32.6570781268937,10.978207692003426,8.967455856723733,8.351320263618865,3.4999259547493704,1.5426072895535108
2025-07-08,32.46158061197793,32.678359681387825,10.97969773417706,8.964696337067748,8.376320645018016,3.5049039455498234,1.5460835218307418
2025-07-09,32.43662700267001,32.701049870268605,10.979770646258245,8.961333396163125,8.399821921062976,3.5099578828173734,1.5542867837767764
2025-07-10,32.41035012543376,32.72513758647527,10.97859229965831,8.957343862766376,8.421725692026264,3.5150170444952082,1.5671037358285118
2025-07-11,32.38544515694611,32.761532135699696,10.971354486241296,8.959060009846368,8.44084140863072,3.5142479774178983,1.5815789852389912
2025-07-12,32.35625066337595,32.78632508837406,10.96917798169834,8.952575962264117,8.459585951091867,3.520229168080677,1.6036322262166518
2025-07-13,32.326204550704546,32.81264385264115,10.966200731954075,8.945661665886428,8.476448932138977,3.525850510390935,1.6293534346731764
2025-07-14,32.29543158974787,32.840333512752586,10.962666036401078,8.938310283164089,8.491401233494004,3.5310929261565307,1.65836200032247
2025-07-15,32.264071963769396,32.86922352986605,10.95881187372512,8.930534464603525,8.504425766484166,3.5359376925660997,1.6902304384638784
2025-07-16,32.23227877676336,32.89913040659322,10.95486536646026,8.922366318694678,8.515519258746778,3.5403664114956914,1.7244964914878413
2025-07-17,32.200214670477614,32.929861154789904,10.95103752356099,8.913856477406274,8.524693918038443,3.544361193899213,1.7606763061174553
2025-07-18,32.170015783408786,32.963194722116405,10.949365669900603,8.899463832776243,8.530993090758903,3.549584749881088,1.7984032277257576
2025-07-19,32.13843372468153,32.99529089293818,10.946719923122426,8.889334195594673,8.53620925232187,3.5530058912283105,1.8368090216301107
2025-07-20,32.10719682804034,33.027649120199065,10.944756059001364,8.87890828073197,8.539609432089646,3.5560067763071452,1.8756259692520465
2025-07-21,32.07648004245116,33.06008345506759,10.943590471122254,8.86826000151409,8.541271543549682,3.558584773827559,1.9144026280942747
2025-07-22,32.046446942952116,33.09242116714046,10.943309804064707,8.857463985595118,8.541288957092775,3.5607412724585954,1.9527240848589524
2025-07-23,32.01512786262951,33.12344477471066,10.943487309007464,8.842654367171017,8.542471903131108,3.563872164642878,1.9902186142470037
2025-07-24,31.982808864378644,33.155413350008935,10.95202753507056,8.826822763627943,8.545721659277877,3.563974737952992,2.0254312620037545
2025-07-25,31.958210347029393,33.18066785721221,10.955901110831842,8.811116209017717,8.53993181633518,3.5705837587331724,2.057937452469643
2025-07-26,31.93296453750246,33.20943655272209,10.958758834466188,8.799050964565701,8.534215937221152,3.5728084836941894,2.090708655491114
2025-07-27,31.908962448657235,33.237160939230904,10.962801098157637,8.786677616438583,8.527748738293504,3.574889123820751,2.1214181312743383
2025-07-28,31.886286559351433,33.2637405063652,10.967950082348281,8.77398332663011,8.520650503709067,3.5768993581463313,2.149928911429031
2025-07-29,31.86348084057831,33.2907940000484,10.973089857788077,8.761931917782656,8.515291987719745,3.5819616554145894,2.1761368636374696
2025-07-30,31.84390456044891,33.31454075002451,10.980416758183324,8.748246670235462,8.506847175023546,3.583499595191282,2.199966716552608
2025-07-31,31.825794214244144,33.336929266073724,10.988560434237371,8.734111896561679,8.498217457331696,3.5853353012746423,2.2213676793026202
2025-08-01,31.809195805421822,33.3578793486576,10.997447038405351,8.719419625522308,8.48950448701219,3.5875536446389162,2.2403089566452983
2025-08-02,31.794152778900752,33.377308692899625,11.007006179044318,8.704045368133276,8.480807972025858,3.5902481441169525,2.256775415511546
2025-08-03,31.78070823633585,33.39513027174856,11.017171723449522,8.687850625333247,8.472225211626858,3.593520139007029,2.2707636105710356
2025-08-04,31.76890667813345,33.411250179247354,11.027882071500883,8.670685955858499,8.463850891280693,3.5974776979893455,2.2822783305748073
2025-08-05,31.758795132897802,33.42556611827544,11.039079949685647,8.65239462509948,8.455777039501017,3.6022342060986308,2.2913297865074767
2025-08-06,31.750423562892294,33.4379667008365,11.050711793101765,8.632816866704719,8.44809304070134,3.607906564074527,2.2979315280052104
2025-08-07,31.743844462765757,33.44833171065857,11.062726795617078,8.61179478674662,8.440885597060102,3.614612934717552,2.3020991454383974
2025-08-08,31.7391116001305,33.45653345449568,11.075075717562235,8.589177920866339,8.434238538261068,3.622469981527367,2.3038497896731376
2025-08-09,31.736277883361886,33.46243929567597,11.087709547731246,8.564829414667066,8.428232390649844,3.6315895682906274,2.303202517170524
2025-08-10,31.735392387074125,33.46591541622079,11.100578122906281,8.53863273530667,8.422943637067128,3.6420749261768353,2.300179441765805
2025-08-11,31.736496621125195,33.466831787976616,11.113628813530568,8.510498739114299,8.418443625742308,3.6540163477823495,2.294807643342016
2025-08-12,31.7396201948343,33.465068246412685,11.126805387426641,8.480372821257422,8.414797121236758,3.667486533871739,2.287121745525214
2025-08-13,31.744776101620072,33.46052145438626,11.14004716259113,8.448241768749138,8.41206053177604,3.6825357938991456,2.277167028656549
2025-08-14,31.751955924180248,33.45311242361674,11.15328855250126,8.41413984198428,8.410279893301775,3.6991873779648223,2.2650028917904605
2025-08-15,31.761125326656053,33.442794141018304,11.16645909042854,8.378153541141785,8.40948873734942,3.717433284538018,2.2507064220126636
2025-08-16,31.77222024510425,33.429558743126506,11.179483991089675,8.340424492598316,8.40970601175803,3.737230931506388,2.2343757774673545
2025-08-17,31.785144197232956,33.41344361594288,11.19228526826943,8.301149935392448,8.410934253261631,3.7585010839592634,2.2161330512124238
2025-08-18,31.799767094954806,33.394535790878216,11.204783377812124,8.260580410324273,8.41315822198637,3.7811273892806905,2.1961262670699186
2025-08-19,31.806518717518184,33.371205817701856,11.222699678256753,8.213502620932362,8.418877955791844,3.806910505838916,2.1754835105103725
2025-08-20,31.82234804210755,33.34673916840854,11.231303428759732,8.170214375716277,8.429227455362753,3.831774204212281,2.1525402126346442
2025-08-21,31.840201593441712,33.31827590084431,11.243894141677801,8.127240842464417,8.4351589160748,3.857572049810199,2.1285204161298434
2025-08-22,31.852148354186028,33.281033880928824,11.248991027293,8.089388171679236,8.459447048368606,3.881397571575382,2.100508719513724
2025-08-23,31.869051320723155,33.247710634791225,11.258968000302842,8.04824432626538,8.471056180577772,3.9072981937737423,2.074474695568863
2025-08-24,31.885505316219366,33.21283602949395,11.26812402793667,8.008170382031716,8.484196413899516,3.9330759682499266,2.048069441495495
2025-08-25,31.901173319617854,33.176714622447925,11.27642461285943,7.969568036899619,8.498864700584921,3.95844730370449,2.021566326964639
2025-08-26,31.915720217232224,33.13965423930113,11.283845445439441,7.932808020301412,8.515065421987345,3.983136974541966,1.9952327418720366
2025-08-27,31.928820341335115,33.10195463366105,11.290372355932469,7.8982206685461405,8.532814134959313,4.006885343422303,1.969322305631236
2025-08-28,31.9409171183853,33.062917000071344,11.298739489437093,7.8630100416156825,8.550130701266692,4.030726766519151,1.9483521863763564
2025-08-29,31.95131891503121,33.02510063666878,11.30062318992275,7.832533027851281,8.573961092002776,4.047857388883342,1.9219342053498472
2025-08-30,31.958433155472562,32.98732697844876,11.303547138499635,7.806157206227505,8.597395058318698,4.066417407000145,1.8977198608008778
2025-08-31,31.96305848466418,32.94989828370479,11.305585634966995,7.782671175241795,8.622603963204227,4.083109349432516,1.874784418529912
2025-09-01,31.96499076948381,32.912975487408424,11.30673372822776,7.762161982608704,8.649704776303485,4.097779760076142,1.853214814172451
2025-09-02,31.96405495223447,32.87668539911844,11.306988105456568,7.744673319961549,8.678828131232432,4.110299879869609,1.8330668607984346
2025-09-03,31.960105473654163,32.84112337612492,11.306345650958871,7.730210647050153,8.71011453386077,4.12056378175211,1.8143670248545494
2025-09-04,31.95302683975882,32.80635734349435,11.30480236474516,7.718746435186928,8.743709176493685,4.128486371783657,1.7971151145769035
2025-09-05,31.94273465131264,32.772432752435165,11.302352723763535,7.7102250740596325,8.77975540107182,4.134001603141047,1.781287556437402
2025-09-06,31.929177316205045,32.73937808029853,11.298989537901756,7.7045671091854535,8.818386910636889,4.137061182259205,1.7668409569721437
2025-09-07,31.912338539332964,32.70721050568578,11.294704322041074,7.701672609804803,8.85971890201224,4.137633960527692,1.7537156940318253
2025-09-08,31.892240540939063,32.675941430352715,11.289488174373671,7.70142359726956,8.90383838745054,4.135706107694689,1.7418393419944573
2025-09-09,31.868947802644865,32.645581559242274,11.283333119176792,7.70368558381484,8.950794087806797,4.131282060193559,1.731129799919808
2025-09-10,31.84257099230576,32.616145288453986,11.276233838819312,7.7083083752463954,9.000586407251939,4.124386134251988,1.7214980523647803
2025-09-11,31.81327058862087,32.58765418934273,11.268189685448794,7.715126373846593,9.053158125110796,4.11506459577076,1.7128505444690265
2025-09-12,31.781259631261296,32.560139418921445,11.259206829518128,7.723958675135097,9.108386542680003,4.10338789399289,1.7050911930480461
2025-09-13,31.746804980763088,32.53364293705464,11.2493003736542,7.734609279274075,9.166077875663701,4.089452703110704,1.698123082635886
2025-09-14,31.71022650184049,32.5082174735188,11.238496241316051,7.746867730545571,9.225964659368602,4.073383385399197,1.6918499097933264
2025-09-15,31.671893695711816,32.48392526420031,11.226832645770797,7.760510453875802,9.28770681271502,4.055332500681054,1.686177241511511
2025-09-16,31.63221950257939,32.46083566280265,11.214360960943617,7.775302976806141,9.35089677958807,4.0354800460160085,1.681013645845453
2025-09-17,31.59165126119248,32.43902182517728,11.201145854227327,7.791003114713415,9.41506884175243,4.014031216385989,1.6762717372701448
2025-09-18,31.550659119313185,32.41855674661256,11.187264601292378,7.807365068366933,9.479712307639556,3.9912126235000036,1.671869158519944
2025-09-19,31.507379576754815,32.39676542699439,11.175502632962196,7.821746721325114,9.54729608254648,3.9685858723982568,1.6637748216830288
2025-09-20,31.46266161586571,32.382606332958154,11.156657378563645,7.8398755500511585,9.611485306963758,3.9408414242193626,1.6569072462696846
2025-09-21,31.423229262232873,32.3671158815694,11.140674703568791,7.857795292530857,9.673354574238926,3.915021079798069,1.65472985766182
2025-09-22,31.38939686703122,32.36104549330656,11.121317621387655,7.8744330015493365,9.728354153217268,3.885539228535518,1.652436976592855
2025-09-23,31.353853975804824,32.3504544994968,11.104280207859816,7.891275917599789,9.785088374209428,3.8586197779469944,1.6500233408899367
2025-09-24,31.320443844023295,32.34179936711557,11.087046303460589,7.907435392664784,9.838959041276317,3.83168844252654,1.6474895353679306
2025-09-25,31.292288516108883,32.328250539689996,11.068614603056819,7.920079290301134,9.89387929159446,3.807323435233565,1.6439543672812946
2025-09-26,31.267459108079883,32.321726949199764,11.054460524743206,7.933577156460464,9.938765528428698,3.776756889136603,1.6408885481236084
2025-09-27,31.242301114939433,32.3194523889775,11.037833148586799,7.947167277296859,9.980912360308961,3.7496685030782944,1.638097742267195
2025-09-28,31.220276482630663,32.318858644689,11.021320915476247,7.95959599765187,10.019041903888638,3.723083433534322,1.6352100419723241
2025-09-29,31.20143244943075,32.31995621480455,11.004968855433006,7.970845106350021,10.052997358895068,3.6970350205648077,1.6322544906960905
2025-09-30,31.185774828993203,32.322748574523544,10.98881093497376,7.98091283861921,10.082676648985718,3.671528679530444,1.629263411365405
2025-10-01,31.17327539641433,32.32723535045116,10.972870743657264,7.989811247673451,10.108023525696701,3.6465438110003814,1.6262717599221175
2025-10-02,31.163879593823488,32.333415209712975,10.957162625327099,7.997563412953593,10.129017936799714,3.6220363335841936,1.6233165066687574
2025-10-03,31.1575140462226,32.341288293247864,10.941693145592634,8.004200673547915,10.145666388421489,3.5979416088474685,1.6204360695822373
2025-10-04,31.154093488763305,32.350858065852805,10.92646279431243,8.009760034760745,10.157992905312225,3.574177567345517,1.6176698097225715
2025-10-05,31.153526819534342,32.36213249313037,10.91146783584716,8.014281853565471,10.166031057439142,3.550647895287059,1.6150575854945899
2025-10-06,31.15572209435206,32.37512448548338,10.896702236568347,8.017807869780436,10.169817391833634,3.527245194379388,1.6126393511088224
2025-10-07,31.160590364727046,32.389851571719575,10.882159615122458,8.020379617235514,10.169386497289029,3.5038540767939996,1.610454775922796
2025-10-08,31.168048324798946,32.40633478153094,10.867835173703742,8.022037224136723,10.164767840206691,3.480354198604752,1.6085428558129038
2025-10-09,31.178019779080287,32.424596730249405,10.85372757643872,8.022818594074653,10.155984441155567,3.456623265758337,1.6069414854604562
2025-10-10,31.19043597433875,32.44465891474006,10.83984074312401,8.022758947515804,10.143053408072069,3.432540065042607,1.6056869614517513
2025-10-11,31.205234861253107,32.466538250167275,10.826185522932581,8.021890696509644,10.125988295589968,3.407987577730503,1.6048133903980568
2025-10-12,31.222359370356674,32.49024290742824,10.81278120395208,8.02024362091289,10.104803211917403,3.3828562251291756,1.6043519839070173
2025-10-13,31.241754807576047,32.515767553129436,10.799656801873383,8.017845310937078,10.079518536579167,3.3570472730551066,1.6043302331937783
2025-10-14,31.26336550160502,32.54308814930004,10.786852056857924,8.014721836810518,10.050168037669808,3.3304763867397518,1.604770970289753
2025-10-15,31.287130870863926,32.57215653738263,10.774418054369113,8.010898600801534,10.016807082777607,3.3030772802609807,1.6056913397763826
2025-10-16,31.31298112190023,32.60289510600132,10.762417377019641,8.006401319356788,9.9795215250134,3.27480534821607,1.607101723847855
2025-10-17,31.34556443987772,32.638219684290874,10.741253814159522,8.008428236849296,9.940625542820172,3.2390666344159302,1.6045082326265203
2025-10-18,31.377561435345015,32.673389771746905,10.728692599036453,8.00352530555296,9.89519310985648,3.2081594256641233,1.6061153302381785
2025-10-19,31.411590347035062,32.70991571406874,10.71637283959265,7.998367006362401,9.846486382181512,3.176165476894952,1.6079794818501918
2025-10-20,31.44757044600276,32.74760460560804,10.704324953783608,7.99303189760316,9.794794917460381,3.143127542266947,1.6100431045735577
2025-10-21,31.48190211921251,32.78327927150224,10.694841782512409,7.991129022738758,9.737321117333822,3.1068062598154857,1.6150045958627766
2025-10-22,31.520383879124445,32.82178090159436,10.684026494899822,7.986119860098843,9.679893605225278,3.0722287534787007,1.617872685802682
2025-10-23,31.559310315623264,32.86374158634725,10.67162709427294,7.9811423366337735,9.623421526504186,3.032575952977433,1.6212317436591386
2025-10-24,31.598829230229995,32.916578562251665,10.653516425632587,7.975850823460216,9.563414089183352,2.992376364153662,1.6235224685284761
2025-10-25,31.641188667096685,32.95737459228805,10.642880834607253,7.971663541224219,9.501442703538407,2.9563855029276778,1.6261518141080713
2025-10-26,31.683951439061737,32.9978608818644,10.632256827771508,7.968174685373635,9.439708552091925,2.9200228439885674,1.6285333137848188
2025-10-27,31.726853166471596,33.03776647446787,10.621544210806041,7.965540676732775,9.378824584186143,2.883498442777116,1.630560429055682
2025-10-28,31.769622240200608,33.07685163984856,10.610614264250879,7.963920698334349,9.319399681029461,2.847019740931322,1.6321292974692623
2025-10-29,31.811987409795194,33.11491965020248,10.59931064132449,7.963473175003117,9.262018478753308,2.8107843484429855,1.6331422951765546
2025-10-30,31.853684820404162,33.15182636456193,10.587451758208465,7.964352162098498,9.20722272578513,2.7749736680581805,1.6335114241625421
2025-10-31,31.894463976549442,33.18748691608494,10.574834641874606,7.966703764347886,9.155495401249858,2.739747854370902,1.633161348237749
2025-11-01,31.93409225246804,33.22187906522631,10.561240116331291,7.970662665383696,9.107248483219049,2.7052424554459455,1.632031942943906
2025-11-02,31.97235775304634,33.25504307643676,10.54643914642915,7.97634880238215,9.0628148359925,2.671566906227624,1.6300802738703084
2025-11-03,32.00907052675129,33.2870782535665,10.530200121573873,7.983864178847593,9.022444254388082,2.6388048579087298,1.6272819667638592
2025-11-04,32.04406231359568,33.31813649557928,10.51229684575734,7.993289781972137,8.986303324833179,2.607016160984801,1.6236319737412388
2025-11-05,32.077185154230534,33.34841339091692,10.49251699624771,8.004682566189528,8.954478484671611,2.576240190124503,1.6191447680490325
2025-11-06,32.10830927691447,33.37813745380144,10.470670810046286,8.018072484556466,8.926981505260347,2.5465001154493203,1.61385401369801
2025-11-07,32.13732071293809,33.40755813028105,10.446599745000317,8.033459592990312,8.903756590057373,2.5178076879626317,1.6078117576693112
2025-11-08,32.16411907141091,33.436933185016336,10.42018483548441,8.05081131350726,8.884688346241106,2.4901681110520526,1.6010871854280981
2025-11-09,32.18861583965577,33.46651604211002,10.391354421016347,8.070060012259098,8.869610026541613,2.46358460634843,1.5937649706214585
2025-11-10,32.21073347695529,33.49654361104217,10.36009087686567,8.09110111466492,8.858311612397992,2.4380623414844607,1.5859432425281355
2025-11-11,32.230405449077274,33.52722509075335,10.32643593140038,8.113792030327838,8.850547488187186,2.4136114616124162,1.5777311944048782
2025-11-12,32.24757722089996,33.558732211245804,10.290494132302767,8.137952182083358,8.846043613271545,2.390249050155258,1.569246364736989
2025-11-13,32.26220809643187,33.59119133541746,10.252434040373977,8.163364416042857,8.844504216316734,2.367999933108346,1.5606116415638724
2025-11-14,32.27427368132688,33.624677792426695,10.212486799792728,8.18977800684156,8.845618105664656,2.34689633186488,1.5519520651326446
2025-11-15,32.283768654009464,33.65921273558968,10.170941864473109,8.216913364853646,8.849064709575904,2.326976458097379,1.5433915317860532
2025-11-16,32.29070947787879,33.69476270453763,10.128139847992271,8.244468408055589,8.854519937065984,2.3082822255168733,1.5350495267260058
2025-11-17,32.295136676138135,33.73124192260355,10.084462693565161,8.272126396510421,8.861661895656457,2.290856320873932,1.5270380295748527
2025-11-18,32.3034248819518,33.77433528374677,10.034016271496366,8.303011635027833,8.866267068639166,2.270385966036419,1.5169784086055942
2025-11-19,32.30183693296374,33.811182523500854,9.990971158340427,8.329297356361836,8.876620633596097,2.256421344225145,1.5103888607108589
2025-11-20,32.30824203804204,33.85459650522777,9.947388762151173,8.352009615033138,8.876439441651721,2.236104004262008,1.5043150849705316
2025-11-21,32.29976523672809,33.8957744691696,9.902643943494825,8.377302472553543,8.888719984778232,2.2239127563199883,1.5004121970731958
2025-11-22,32.29102628579902,33.93200108347564,9.861945395528366,8.401007264577718,8.902397742964585,2.2152970616336503,1.4952448634330457
2025-11-23,32.28091415770971,33.96830402432501,9.822651235624495,8.423052809938588,8.915689056299222,2.2076995203187786,1.4908177902853141
2025-11-24,32.269554907661885,34.00440526518317,9.785077108270045,8.443281263093816,8.928494983089498,2.2011443407846216,1.4871400946125335
2025-11-25,32.257088637224854,34.0400487919692,9.749487042834676,8.461572939242545,8.940735044164047,2.1956361110420892,1.4842079183500994
2025-11-26,32.24366423042123,34.07500654405197,9.716089898235564,8.477847173198986,8.952347597773347,2.1911613038378333,1.482005849297239
2025-11-27,32.22888092520971,34.11101932527095,9.68395437513226,8.494756628571976,8.961852487632363,2.1874595166760593,1.4804995968581927
2025-11-28,32.21407745152302,34.14374040194981,9.655505403097361,8.506416634345177,8.972384115682763,2.184988843608554,1.479673669722646
2025-11-29,32.198756929124556,34.17533423118359,9.629532618223587,8.516114683528144,8.982153932109924,2.18342020468276,1.4794810150178905
2025-11-30,32.18305931303638,34.20570347861229,9.606037249661243,8.52389233017571,8.991175643042354,2.1826918758165106,1.4798766458216928
2025-12-01,32.16711404322721,34.23478260060298,9.58498173909359,8.529814941487409,8.999472939185258,2.182736950592485,1.4808130042672316
2025-12-02,32.1552380928138,34.26009474595516,9.562118429876877,8.528373981030178,9.014935008537998,2.186598374215275,1.482085393871332
2025-12-03,32.140172398883486,34.28580859973282,9.544863942296978,8.529584293442957,9.023607612652235,2.1886705639556525,1.4839068059949614
2025-12-04,32.125410539726744,34.310021936228424,9.529597422215804,8.528972544686889,9.032023252200117,2.191444789193325,1.4861054393860904
2025-12-05,32.11137243208367,34.33089189287876,9.517473878808174,8.525152854928008,9.041686358259282,2.1965515680664374,1.4927166657257125
2025-12-06,32.097718419401836,34.351588529041386,9.506016329626174,8.520772117977687,9.050236567853116,2.2009818972706907,1.4964454614647233
2025-12-07,32.082478071785864,34.36604986468148,9.499719318403585,8.514547206086695,9.05735151715685,2.2084889186404673,1.5005959249629537
2025-12-08,32.0698985099169,34.3823029813412,9.492018423350157,8.506787708180612,9.066026732631503,2.2148178037354747,1.50515732928904
2025-12-09,32.05821660097929,34.39659274965901,9.485663077965976,8.497384082575435,9.075142773529805,2.2219469975682,1.510126013666507
2025-12-10,32.04756650479716,34.40880977278262,9.480496521948314,8.4863398140379,9.084883509229957,2.2299232549702084,1.5155056593587863
2025-12-11,32.03809184166293,34.418815943452884,9.476365828319386,8.473641647622523,9.095448968300182,2.2388107048174732,1.5213073338452723
2025-12-12,32.02994759189915,34.426440533786526,9.473123259935063,8.459260047834963,9.107055101295431,2.2486909114841693,1.5275492345651145
2025-12-13,32.023301143550846,34.43147764025494,9.470627401218195,8.443150985135926,9.119932430109667,2.259662126741831,1.53425603728834
2025-12-14,32.01833206312385,34.433685615517696,9.468744214847677,8.425259350400506,9.1343230363097,2.2718374197699194,1.5414577302355101
2025-12-15,32.01523007767584,34.432789301873264,9.467348173953646,8.405524334620981,9.150475257433751,2.285341304976242,1.5491878002758972
2025-12-16,32.01419069378022,34.428486041050895,9.46632361017791,8.383887098824678,9.168635427148107,2.3003044482597788,1.5574806421285252
2025-12-17,32.01540787725325,34.42045651239234,9.465566390871128,8.36030096224063,9.189036060933688,2.3168560533949876,1.56636809885768
2025-12-18,32.019063328260366,34.40838136025154,9.464985987251449,8.334744114496829,9.211880115514951,2.335113652015532,1.5758751266779372
2025-12-19,32.02207991199278,34.39058457449209,9.470698271618293,8.302024941566465,9.241963075885518,2.356631904925359,1.5886704909835223
2025-12-20,32.03614982794287,34.37277292523005,9.469872266334683,8.270146392324136,9.271438027100327,2.3764762813679337,1.5986709529113596
2025-12-21,32.04172083283202,34.34142796080845,9.470656142981804,8.240366386848782,9.309532417115935,2.4008120497010843,1.6110050493109516
2025-12-22,32.05472603004149,34.31081853712979,9.472955433240735,8.20574289774273,9.343332404952053,2.4271315824226463,1.6239451490438164
2025-12-23,32.07003865399432,34.27559648006863,9.475619846058121,8.169793200673894,9.379675899008083,2.454980462749464,1.6374146910138498
2025-12-24,32.08736054323658,34.236105949675206,9.478730771798059,8.132915866731008,9.41813850869528,2.484105033356203,1.651304190336968
2025-12-25,32.10213224628734,34.20343838179128,9.472765681702485,8.098483152615852,9.458930152880898,2.5162539630853287,1.6662013815000931
2025-12-26,32.11664851028117,34.146964507842405,9.499794572055546,8.055446807101175,9.508925196151624,2.544442741776553,1.6836849710466382
2025-12-27,32.136213502193534,34.095854429845836,9.510733382844462,8.017804321685565,9.551264253446533,2.5738953649432745,1.698357810692148
2025-12-28,32.15525618346549,34.04393550310894,9.522879382308313,7.981525692926186,9.59298846309013,2.602681123554758,1.712849546805253
2025-12-29,32.17316804650582,33.99222597370581,9.536337086295903,7.947122443809146,9.633332730752569,2.630293286983651,1.7270015637258995
2025-12-30,32.189397881213836,33.94170091960372,9.551177291965997,7.915015037061319,9.671619941098529,2.65627962229187,1.7406794195630957
2025-12-31,32.20348576017565,33.89322627370963,9.567436855524114,7.8855073254748635,9.707304971112636,2.680270540381894,1.753780289759859
2026-01-01,32.21508482204835,33.847509678261574,9.585121990995964,7.858775076693423,9.740001555351148,2.7019963252135506,1.7662363867676638
2026-01-02,32.22396928702848,33.80507303344215,9.604214167135385,7.83486853492515,9.769490266084834,2.721292332506616,1.7780145034658927
2026-01-03,32.23002983507275,33.76624699144216,9.624677348995709,7.813726492321347,9.795709495663782,2.738093360186528,1.7891124570165025
2026-01-04,32.233259408641736,33.73118386756716,9.646465336907633,7.795197884230762,9.818733842676764,2.752420001028501,1.7995535328284373
2026-01-05,32.23373334310383,33.699883280992545,9.669528219093035,7.779066634694483,9.838745312187745,2.7643604349994573,1.8093800482776843
2026-01-06,32.23158757149101,33.67222438590323,9.693817339713013,7.765076110642326,9.856002408713637,2.774050909316415,1.818646961230768
2026-01-07,32.22699784294811,33.64799938259177,9.719288564457177,7.752950661522528,9.870811023387656,2.7816574036755353,1.827416154842419
2026-01-08,32.22016183612925,33.6269444866174,9.745903919611148,7.742412913071919,9.883499542561157,2.7873600367106754,1.8357517347090897
2026-01-09,32.21128505124593,33.6087661307472,9.773631859588546,7.733196475438159,9.894399248979616,2.7913409027196607,1.843716435769073
2026-01-10,32.200570597910094,33.5931615256793,9.802446492823524,7.7250544017556,9.903830067121637,2.7937753748365917,1.8513690753376866
2026-01-11,32.18821250625623,33.57983366388122,9.832326096216974,7.717764098265678,9.91209107118774,2.7948265042181024,1.8587629006696738
2026-01-12,32.17439194324212,33.568501416975536,9.863251206221442,7.711129509312607,9.919454873911228,2.794641950358023,1.8659446473722987
2026-01-13,32.15927564832274,33.55890562911971,9.89520251603943,7.70498136518168,9.926164951752341,2.793352834738309,1.8729541292340501
2026-01-14,32.14301594446838,33.55081214699594,9.928158750121826,7.699176162572455,9.93243504214037,2.791073958078908,1.8798242038210833
2026-01-15,32.12575177669238,33.54401264154778,9.962094637847613,7.693594400380713,9.938449896280986,2.7879049126647133,1.8865809895006913
2026-01-16,32.094902454657166,33.53761186448307,10.005014634715765,7.683495238226776,9.94476115680374,2.7875911068202717,1.898362590548072
2026-01-17,32.07544818186545,33.53365300525123,10.040281803769416,7.679000768654448,9.950475617511815,2.7823702789735902,1.9047031436867876
2026-01-18,32.054922468525916,33.53046666853603,10.076663521560503,7.6743084087096465,9.956343768020075,2.776639853668992,1.911152927122522
2026-01-19,32.03342848295322,33.527958779850984,10.114072466540945,7.669409343076283,9.962443873514735,2.7704363622942387,1.9177017638409706
2026-01-20,32.01449378135456,33.529206695209126,10.149954235379681,7.662197064248038,9.971641744709165,2.763469797798654,1.9234739322762477
2026-01-21,31.991154877805698,33.525660745916234,10.192814078410331,7.65692188395061,9.978820185225695,2.754495415669495,1.9326583015962868
2026-01-22,31.969405429352676,33.51864365812701,10.236867266715755,7.650466221752995,9.987974916528358,2.747392274916722,1.9400353506234882
2026-01-23,31.933401355969696,33.52182964256682,10.276016012048226,7.649103974389471,9.99667273167302,2.739789783638088,1.9507932627866302
2026-01-24,31.906319146316857,33.52334148857699,10.3171224497628,7.643867769122029,10.004543946375291,2.7311062582594134,1.9587389342235972
2026-01-25,31.878501141160143,33.52517429713899,10.358605136027052,7.638568480482169,10.012985736526627,2.722151238264033,1.9669293149745304
2026-01-26,31.849921822520354,33.5273559046064,10.400324381406262,7.633257748828713,10.021964606216784,2.7129549355405174,1.9753870452284596
2026-01-27,31.820548026143854,33.52991749153556,10.44213127277239,7.627991855444123,10.031441877757429,2.703551399381858,1.9841390129198018
2026-01-28,31.79033778031207,33.53289391436783,10.483869107099968,7.6228314093532825,10.041374189614897,2.6939782277299726,1.9932166564876437
2026-01-29,31.759239280647186,33.536324005194125,10.525374998099524,7.61784094900843,10.05171413396554,2.684276188648411,2.0026561515081283
2026-01-30,31.72612694229605,33.5415407599643,10.566336646460096,7.612741747796189,10.062877710261986,2.675028942511867,2.0130560935708752
2026-01-31,31.692890015998838,33.5462853881535,10.606756518617836,7.608231411363979,10.073957612299933,2.665341091521104,2.0234391918026873
2026-02-01,31.658530342816313,33.55167698708782,10.646394952515196,7.604090939637041,10.085296577448718,2.6556933322416807,2.034329860926888
2026-02-02,31.622954990677936,33.55777925968171,10.68507205901302,7.600392713583991,10.096839981900631,2.6461403601554285,2.045780369254216
2026-02-03,31.586062887828447,33.56466053052237,10.722609113756697,7.597209361165016,10.108533606828066,2.6367380992817484,2.0578446419816094
2026-02-04,31.547746964525672,33.57239313475968,10.75883018300383,7.594612771270447,10.120324615141818,2.6275430527790458,2.0705766824483383
2026-02-05,31.50789711691879,33.58105249541315,10.793563704358519,7.592673002837398,10.132162483053213,2.61861162191391,2.0840286157827617
2026-02-06,31.466404040820784,33.590715846926415,10.826644035077793,7.591457083074343,10.143999855178349,2.6099993979593608,2.0982483702044745
2026-02-07,31.423163946029096,33.601460571165525,10.857912993798669,7.5910276907275325,10.155793294225509,2.6017604300668915,2.113277040188669
2026-02-08,31.37808411250554,33.61336212605685,10.887221431442367,7.591441725191874,10.167503899599511,2.59394647131533,2.129146010163846
2026-02-09,31.331089187581405,33.62649156765969,10.914430871611787,7.5927487706685675,10.179097773397809,2.586606205463047,2.14587395562908
2026-02-10,31.28212804926152,33.64091269422358,10.93941525810825,7.594989476867551,10.190546317165152,2.579784458841858,2.1634638774226698
2026-02-11,31.23118097753894,33.65667887550127,10.962062835813928,7.598193893819778,10.201826348374407,2.5735214055973525,2.1819003598109483
2026-02-12,31.17826678892132,33.67382967100103,10.982278170475103,7.602379817401677,10.21292003191894,2.567851780115777,2.201147268364173
2026-02-13,31.123449507612424,33.69238738427796,10.999984283385812,7.607551222561609,10.223814628953035,2.5628041176562872,2.2211461129474706
2026-02-14,31.066844081373162,33.71235374253012,11.015124840574673,7.613696880496528,10.234502073170649,2.558400052206295,2.241815288754723
2026-02-15,31.0086206144046,33.73370692595008,11.027666296424638,7.620789270936355,10.244978392912497,2.554653708272978,2.2630503701608946
2026-02-16,30.946019851257663,33.75538223638144,11.03249941101836,7.632080928133925,10.262796616959156,2.5513977315559737,2.2876786494007226
2026-02-17,30.884777956549833,33.77903903816085,11.038648673298246,7.641650993847236,10.274562712241865,2.548943653789473,2.310217347000783
2026-02-18,30.822709280899385,33.80377700805729,11.04201913674896,7.6521207219774325,10.286456287152038,2.5471337114186454,2.332976866298588
2026-02-19,30.76020084478702,33.829448189062724,11.042649830535675,7.663415564651256,10.298532864476698,2.5459475643705933,2.3557955314723906
2026-02-20,30.697680249490777,33.85587682808836,11.040604732692644,7.675448777510612,10.310852696278987,2.545356834804991,2.3785070358976124
2026-02-21,30.63560420569632,33.88286268111469,11.035971535668143,7.688123896013492,10.323479950099342,2.545325827138302,2.4009461634811813
2026-02-22,30.574444964422295,33.910185567212075,11.028859439528798,7.701337781235995,10.336481978899197,2.5458125181832902,2.422954479382244
2026-02-23,30.51467542745613,33.93761093717768,11.01939600632573,7.714984090921622,10.349928724683814,2.5467697759304224,2.4443856228646714
2026-02-24,30.456753860583163,33.96489612555206,11.007723193990552,7.728956987971507,10.36389229495219,2.5481467443035433,2.4651098817997346
2026-02-25,30.4011091845325,33.9917968901439,10.993992765185395,7.743154872987346,10.378446735747229,2.5498903154978865,2.485017806921481
2026-02-26,30.348127766237983,34.01807382058849,10.978361324884975,7.757483923884467,10.393668006714599,2.5519466036436276,2.5040227217911943
2026-02-27,30.285439661988487,34.055394004705576,10.95748709193106,7.774818095189068,10.412611126843137,2.5533550520387562,2.5255622221817906
2026-02-28,30.23613068685391,34.0822921814404,10.937840253863534,7.789753721194043,10.429976711574255,2.5556589163827677,2.543240317442546
2026-03-01,30.189833272156946,34.108399103525876,10.916646783208543,7.804706344979585,10.448333011553059,2.5580746764990296,2.5600022486829146
2026-03-02,30.144495623495157,34.13269123053477,10.886466039245141,7.821212619645962,10.477518824954391,2.5590697756121292,2.5761470686727743
2026-03-03,30.093792197685612,34.15809888129503,10.868464500223316,7.838127394257814,10.49967889119155,2.560238836119044,2.5954395717886913
2026-03-04,30.05796119374595,34.180836073420885,10.839920577220067,7.853134362554906,10.524263235728368,2.5624569263443444,2.6089101177743723
2026-03-05,30.020100482220645,34.20360130206568,10.811855036445712,7.867948852768063,10.552733135532652,2.564020930834448,2.6219557934164746
2026-03-06,29.989824764523267,34.22412135142155,10.78046012838671,7.8832918208580205,10.580711917045967,2.565883214125312,2.6343116513810827
2026-03-07,29.961474736440554,34.243699683807925,10.747834820720843,7.89882145857685,10.610855800441259,2.5674355166449496,2.6462341510051703
2026-03-08,29.931995052702586,34.26553633194211,10.713791205031551,7.91347327291542,10.647771071555058,2.567637363483079,2.6578206975647203
2026-03-09,29.907032384257434,34.28297142540288,10.67846966626607,7.929825982773463,10.681978168766047,2.5686113612351003,2.669174491187632
2026-03-10,29.88292522125468,34.29987525071708,10.641727153078502,7.946547131022461,10.718941346082746,2.5691011998809388,2.6804017307118646
2026-03-11,29.85928325346008,34.316390918221906,10.603489791905071,7.963724079697051,10.758781948413102,2.5690624219257177,2.6916087656603054
2026-03-12,29.835699580334897,34.33268003698094,10.5636926666567,7.981439019224588,10.801603316692086,2.568449158511972,2.70289918496783
2026-03-13,29.811760441687984,34.34891917989648,10.522285755253305,7.999765022509156,10.847483031221524,2.5672147812785107,2.7143708359762653
2026-03-14,29.787055552974323,34.36529581819079,10.479240232201928,8.018761960748321,10.89646442428352,2.565312898022369,2.7261127833970087
2026-03-15,29.761189055059663,34.38200366641634,10.434554884016393,8.03847240448978,10.948547704601275,2.5626987023460233,2.738202244784605
2026-03-16,29.733791007262923,34.399237404641,10.388262306624874,8.058917679161535,11.003681168831388,2.559330661085396,2.750701574589143
2026-03-17,29.70452923030665,34.41718679511927,10.340434478118157,8.080094291997812,11.061753105149716,2.555172490789572,2.7636554094621135
2026-03-18,29.673121153467473,34.43603028522455,10.291187239455908,8.101970988882,11.122585101368319,2.5501953374445248,2.7770881278026858
2026-03-19,29.639345156584913,34.45592828104951,10.240683186240949,8.124486725138622,11.185927530427543,2.5443800352094708,2.7910018095485607
2026-03-20,29.599954619125253,34.478008000635825,10.186970006120745,8.150300212628625,11.2528769943735,2.5372323793041285,2.8067713955823916
2026-03-21,29.562175689222755,34.49338592828266,10.136203911413459,8.169377287424645,11.321187494357808,2.5334731195480003,2.8231527540712977
2026-03-22,29.520710316969456,34.51324717531479,10.083219844643915,8.189746869709214,11.395644212606678,2.524732685739416,2.8384474389452556
2026-03-23,29.477489968110152,34.535777730411674,10.031028943069046,8.211595673481566,11.466044195396428,2.516443128201644,2.8540809485942242
2026-03-24,29.432086031619143,34.5591859551782,9.97919714485968,8.233061339783976,11.536792355372244,2.507576656479502,2.869945507817305
2026-03-25,29.38481599105038,34.583326693075364,9.928137654519812,8.253881502366042,11.607301453347429,2.498229567933312,2.8859191752283233
2026-03-26,29.336072452175113,34.608004230431014,9.878267566299504,8.273787333663252,11.676977494289945,2.488514041645482,2.9018707510084933
2026-03-27,29.276624190626706,34.62671324303402,9.823128924975503,8.298755078940031,11.752691828534198,2.478822009764615,2.926380668771982
2026-03-28,29.229786205141114,34.647481787005255,9.778944196917871,8.315709544374561,11.817170340327717,2.468514197757363,2.942306134882111
2026-03-29,29.182813058229925,34.66760684507124,9.737018051368153,8.331147193042867,11.879227680361277,2.458278764686227,2.9580877130683083
2026-03-30,29.13631197901383,34.686658814641746,9.697684714793168,8.344856996724248,11.938418589258124,2.4482518177787362,2.973623547933401
2026-03-31,29.090877644598795,34.70419243751245,9.661226925986815,8.356659149036815,11.994374085152085,2.4385688052679213,2.9888311869821282
2026-04-01,29.04707608617981,34.71975653887271,9.627871430597008,8.366408467241902,12.046808642554254,2.429360931967,3.0036506864814307
2026-04-02,29.005431351420974,34.73290312680871,9.597787646910495,8.373995911445922,12.095522614558078,2.4207520804163742,3.018046532316584
2026-04-03,28.966415468393823,34.74319543046535,9.571089235758055,8.379348356309835,12.140400218078156,2.412856365384397,3.0320083749896063
2026-04-04,28.9304418852628,34.75021463545222,9.547838079543263,8.382426892365103,12.181403746905492,2.4057763719274345,3.045550675196521
2026-04-05,28.897862224755027,34.75356525814256,9.528050034247242,8.383224024455028,12.21856489899734,2.3996020555139754,3.058711426807541
2026-04-06,28.86896593121157,34.75287926073395,9.511701767089743,8.38176017050477,12.251974195750458,2.3944102254903883,3.071550163008212
2026-04-07,28.843982219756427,34.747819128916746,9.49873802021222,8.37807985055713,12.281769446721501,2.390264495134554,3.084145460091628
2026-04-08,28.823083663027163,34.738080205526444,9.489078727158587,8.372247905408823,12.308124101924914,2.3872155636251637,3.0965921374251772
2026-04-09,28.80639075870255,34.72339259662494,9.482625530733767,8.364346010205669,12.331236169398746,2.385301695383196,3.1089983192090407
2026-04-10,28.79397689074064,34.703522946949604,9.479267386268658,8.354469664381586,12.351318190330662,2.384549276528987,3.1214824819523037
2026-04-11,28.785873206533598,34.67827632879017,9.478885066245399,8.342725756245231,12.368588583392128,2.3849733520652823,3.1341705683092878
2026-04-12,28.782073060567875,34.64749841238423,9.481354499214758,8.329230725933254,12.383264511333106,2.3865780764433744,3.1471932085352603
2026-04-13,28.782535806164155,34.61107799671913,9.486548972004055,8.314109288755299,12.395556295392524,2.3893570406868543,3.160683058933623
2026-04-14,28.78718983873161,34.56894988589739,9.494340297717258,8.297493633957805,12.4056633089925,2.393293468406743,3.1747722441584796
2026-04-15,28.795934899364894,34.52109800538359,9.504599104154334,8.279522981665767,12.413771219137988,2.3983602988475723,3.1895898776423173
2026-04-16,28.808643732631218,34.46755857086279,9.517194430657876,8.260343362267509,12.4200504069212,2.404520196227735,3.2052596313266677
2026-04-17,28.826330898472015,34.408630793201205,9.52843383620498,8.241272507673512,12.429628885526595,2.410488484472235,3.2231112084086657
2026-04-18,28.84629614471159,34.343911417613754,9.545987140862232,8.219890267261688,12.431776340059818,2.418924402511226,3.2406352189274266
2026-04-19,28.86972247045673,34.27399116587681,9.565341444926538,8.197825343435484,12.432670678791785,2.4282361303466056,3.259352964520801
2026-04-20,28.896378834174488,34.19913146773797,9.586368421831313,8.175239832411549,12.432398073425713,2.43835290266892,3.2793388181485628
2026-04-21,28.9260135153486,34.11965349059161,9.608930284971626,8.15230153444057,12.431035928828322,2.4491938294630815,3.300650451630423
2026-04-22,28.954724667264113,34.02806460647425,9.645876290749726,8.125680327111816,12.42785577448819,2.463769937250773,3.3273127570315535
2026-04-23,28.99485161291237,33.933202922292004,9.676376877291721,8.099475788357728,12.425032789579673,2.4752385116559372,3.3524629257099305
2026-04-24,29.03939541963672,33.82695568215175,9.71386599491039,8.077453754749188,12.41271131992291,2.4884089104010236,3.3839115821227908
2026-04-25,29.080202190939694,33.72885668420145,9.747860603554443,8.05422669797584,12.404104202221106,2.5015176002282318,3.412305079756376
2026-04-26,29.122602118901103,33.627941727582545,9.783577958815767,8.031453253023022,12.394373226366442,2.514872871146882,3.44229132042618
2026-04-27,29.16628666113292,33.52475910798413,9.821003662148238,8.009293542217288,12.38348045068928,2.528356843318177,3.4738114374094633
2026-04-28,29.210942324081802,33.41987757973581,9.860132572473038,7.98789901862922,12.371385265630247,2.541851528817517,3.5067797742514126
2026-04-29,29.256255031303013,33.31387674176218,9.900971342914794,7.967409702557427,12.358044889476705,2.5552408998684717,3.5410838994068055
2026-04-30,29.301914413335158,33.20733759715346,9.943540501561307,7.947951649788036,12.343414900487142,2.5684129178526662,3.5765852633970203
2026-05-01,29.340218664452003,33.09547947517137,9.994406611065962,7.926698756738206,12.329399915990157,2.5795318042010655,3.620229961902513
2026-05-02,29.385362468915446,32.98945595548808,10.042390843315683,7.90854694204301,12.310896924838183,2.5918763558696725,3.6578122101228265
2026-05-03,29.429613002975987,32.884558289373764,10.09247945463877,7.89157989936585,12.291031019742242,2.6036204514460364,3.696211965937185
2026-05-04,29.472688153997037,32.781303987054,10.144793727345464,7.875815802930293,12.269736672836334,2.614680650394243,3.735207569119811
2026-05-05,29.51431592978219,32.680185154209546,10.199461395233008,7.861250738239517,12.246956792317288,2.6249829821206774,3.7745631949145557
2026-05-06,29.55423628361075,32.58166605475947,10.256609506413845,7.8478586825452314,12.222645784439148,2.63446386242388,3.814032415299732
2026-05-07,29.59220278567408,32.48618162604288,10.316355136281883,7.835592096008786,12.196773294409496,2.643070823634669,3.853362167263617
2026-05-08,29.627984339994544,32.39413656684833,10.378794110709045,7.824383132049667,12.169328552564844,2.650763086314717,3.892297102182566
2026-05-09,29.66136715399578,32.305904551449004,10.44398811906394,7.814145471283454,12.140325153635105,2.657511996952479,3.9305842903860184
2026-05-10,29.692157141844937,32.2218271094109,10.511950852906459,7.804776775990567,12.109805983827926,2.663301344951597,3.9679782408378856
2026-05-11,29.72018287882699,32.14221176161495,10.58263407879056,7.796161746805869,12.07784789443012,2.6681275548027017,4.00424616296769
2026-05-12,29.745299123389913,32.06732912227064,10.655914807620874,7.788175736524099,12.04456561928403,2.671999728523609,4.039173345529631
2026-05-13,29.76739079372171,31.997408860650292,10.731584909864347,7.780688835855954,12.010114369571633,2.674939493387434,4.072568461153445
2026-05-14,29.78637714212326,31.93263464917063,10.809344588893378,7.77357029428894,11.974690537432632,2.676980595610256,4.104268536382327
2026-05-15,29.80221573578385,31.87313847750981,10.88880101025742,7.766693081797752,11.938530021035524,2.6781681770118433,4.13414327178734
2026-05-16,29.814905754375037,31.818994945257625,10.969473058226766,7.759938344054367,11.90190385807822,2.6785576824796067,4.162098373144402
2026-05-17,29.82502410515876,31.766571284293736,11.056329687206006,7.7499440256149095,11.860814948990994,2.6787025875079995,4.190832765885205
2026-05-18,29.83150117653662,31.72371114620349,11.136808847552983,7.743734090229459,11.824916827275624,2.67760096637525,4.214351706783795
2026-05-19,29.836306414293894,31.68521675645736,11.217096356909957,7.735405966865804,11.786983661106486,2.6774800054524133,4.2352574215366205
2026-05-20,29.837438101422133,31.652353092578224,11.295720701851478,7.7282950455244235,11.751761050256944,2.6756408625408024,4.254776864239277
2026-05-21,29.836109679224368,31.624180376413904,11.372436183794148,7.720820557851594,11.71750575574621,2.6734409390450047,4.272468243621938
2026-05-22,29.83029025683408,31.60340638976988,11.44450213191461,7.71435765323005,11.683244036823174,2.669342774780703,4.290848726680391
2026-05-23,29.82433325305088,31.58435682986554,11.514931771505196,7.706446204980623,11.651578230011143,2.6663487398033356,4.305603939254021
2026-05-24,29.81660815194074,31.56911153655088,11.581650411224667,7.698242229873819,11.621586297271769,2.663177515630833,4.3189321215421135
2026-05-25,29.807372461899543,31.557298870818304,11.644264029228445,7.6897814992668465,11.59341081313575,2.659889117375756,4.330975333778787
2026-05-26,29.796876026911974,31.54854245635763,11.70248153771681,7.6811063808330955,11.56714262806686,2.656535735286727,4.34187727761763
2026-05-27,29.78535460604378,31.54247252727864,11.756113926398353,7.672262662255982,11.542822834110092,2.653161522287305,4.351778694576764
2026-05-28,29.779890179047776,31.52945865199113,11.80975359044026,7.659729126753719,11.520126904950724,2.6495188630487814,4.364073000729414
2026-05-29,29.77338357384105,31.5123036016027,11.854355833777852,7.651946539428285,11.49543699485758,2.645796682850116,4.381213287910467
2026-05-30,29.75967842582262,31.514319319463368,11.892889448656675,7.643305300603108,11.47528396343558,2.641965932538462,4.389298526708811
2026-05-31,29.749815546671936,31.515045445289722,11.921921560374928,7.634190351991075,11.456824985937711,2.639189869829325,4.399337261101162
2026-06-01,29.738254057201836,31.513411600693832,11.958573244156147,7.623830358853771,11.434088458683805,2.636991527228219,4.4117631141952645
2026-06-02,29.726176328851572,31.516970462166885,11.98161188691248,7.615358079599687,11.419471477721201,2.6333478920805873,4.4193291880824574
2026-06-03,29.71479286645381,31.520394724330433,12.000830079220663,7.606881524388362,11.405752683849837,2.629851990603246,4.427237487242416
2026-06-04,29.704202803658287,31.523583281682782,12.016348891388834,7.598440729758529,11.392779202296792,2.62648992176178,4.435543602508542
2026-06-05,29.694507588153932,31.526439389764647,12.028291105520994,7.590071023600355,11.380392978945746,2.6232487841079863,4.444304553213013
2026-06-06,29.685813081679665,31.52886922443096,12.036774539167284,7.5818043173286105,11.368433601148345,2.620116894563637,4.4535787752411595
2026-06-07,29.678231391040107,31.530780366478925,12.0419071715274,7.573670403793959,11.356740609246458,2.6170839142954545,4.4634259820216515
2026-06-08,29.671882307037134,31.532080340826045,12.043784018996858,7.5656981918129365,11.345155408728816,2.6141408957820547,4.473906851193576
2026-06-09,29.666894236914555,31.53267532682855,12.042485660202178,7.557916820590418,11.333522909439388,2.611280265122147,4.4850824941132075
2026-06-10,29.66340452215557,31.532469145143345,12.038078286454535,7.550356606907053,11.321693021334037,2.608495752624806,4.497013672525369
2026-06-11,29.66155903959488,31.53136261665832,12.030615142149104,7.543049784898724,11.309522128351611,2.605782283262786,4.509759737370261
2026-06-12,29.661510993011557,31.52925337929403,12.020139212217542,7.536031003313111,11.296874644811874,2.603135837045358,4.523377279551212
2026-06-13,29.6634188183594,31.526036236993857,12.00668700300792,7.529337549448242,11.283624733551566,2.600553288044211,4.53791850202794
2026-06-14,29.667443152322058,31.521604099610226,11.990293243677506,7.523009273955656,11.26965823256177,2.598032229839378,4.553429346779288
2026-06-15,29.673742854156778,31.51584955026774,11.97099630457287,7.517088197779033,11.2548747980068,2.595570794597277,4.569947438159902
2026-06-16,29.682470126735662,31.508667046181067,11.948844087231896,7.511617792999245,11.239190227474571,2.593167472817411,4.5874999340992115
2026-06-17,29.69376485409624,31.499955718869103,11.923900090830713,7.5066419441814265,11.222538880350974,2.590820940878565,4.6061014054903096
2026-06-18,29.707748356511196,31.489622690853103,11.896249308624254,7.502203616222434,11.204876065816432,2.5885299037058207,4.625751888038266
2026-06-19,29.726900154388087,31.469215503685515,11.864163777488224,7.498163359003346,11.181704443357976,2.5836067148302857,4.652106942288093
2026-06-20,29.747782449999956,31.44877330708014,11.836893952801688,7.496395536932007,11.15575138312492,2.5794873234944786,4.677140004304946
2026-06-21,29.77076340477963,31.4317521793558,11.800426834470997,7.493475865198222,11.13477464560677,2.576868875898322,4.700759121230905
2026-06-22,29.795613845196012,31.413060004118126,11.755919784461968,7.491209080862714,11.115352811252276,2.575103948588431,4.72754458193338
2026-06-23,29.824107088940174,31.391480726099363,11.714581298731895,7.489699250381117,11.092605494771538,2.5724466938777186,4.753778854554331
2026-06-24,29.85528732007266,31.36754848996199,11.67159664354624,7.488889818519546,11.068911574467773,2.5696734285360288,4.781071712765203
2026-06-25,29.887112410515478,31.344972505282843,11.62870243257304,7.486058293233836,11.04416330500359,2.5672031180203825,4.809011462587409
2026-06-26,29.922363193921075,31.303483881701098,11.588178374867974,7.494937078887312,11.007381426337014,2.559449214498009,4.853632406299153
2026-06-27,29.960208031324786,31.269595107156768,11.543049628170547,7.4982229646688525,10.979314708549007,2.5551507444049664,4.886748435018297
2026-06-28,29.999538525329683,31.233275583880324,11.49780390707874,7.502323560946363,10.950531373114003,2.5504942777793627,4.921039148873085
2026-06-29,30.03998183592666,31.194583420393737,11.452791898726213,7.507231905217107,10.921161350119938,2.545434009080037,4.956472891733227
2026-06-30,30.081136490550136,31.153593965890103,11.408358246219818,7.512936095673754,10.89132934415186,2.5399226065528424,4.993026442511785
2026-07-01,30.122582162598466,31.110395771032874,11.364832726993633,7.519421447437621,10.861149943355956,2.5339116641637394,5.03068747968707
2026-07-02,30.16388946973197,31.06508645234718,11.322522758788534,7.526672790424481,10.830723413885755,2.527352180238975,5.069456312101754
2026-07-03,30.204629234563818,31.01776884144369,11.281707605652503,7.534676734150726,10.800132435072092,2.520195073753892,5.109346742897259
2026-07-04,30.24237065086766,30.968344246476224,11.241037630683493,7.54480238284913,10.771526721758555,2.513054288719605,5.151391436403522
2026-07-05,30.280175185454127,30.917430149170332,11.203679297282083,7.5545625311185365,10.74132294386272,2.504727567777438,5.193703162238447
2026-07-06,30.31607815096256,30.864882010410238,11.168428649108664,7.565106403434309,10.71120598937424,2.495702162544513,5.2372337804915645
2026-07-07,30.349701452380508,30.810820721452554,11.135429014501062,7.57644768321203,10.681201719931211,2.4859441318514564,5.282028958234457
2026-07-08,30.380694791385096,30.75537081206428,11.104792411694254,7.588607086775511,10.651322408544551,2.4754250448396706,5.328134700477778
2026-07-09,30.408738579798403,30.69866306520233,11.076602409692393,7.601611517888769,10.62157005635188,2.464123417741148,5.37559231662548
2026-07-10,30.43354646579927,30.64083791468112,11.05091727974243,7.615492555921765,10.591940260721296,2.452026302233409,5.424432823013112
2026-07-11,30.45486777093658,30.582049313321686,11.027773088796721,7.630284328069649,10.562426407010557,2.439130982752766,5.474670997845506
2026-07-12,30.472490072308762,30.522468699254187,11.007186453575775,7.6460208501627065,10.533023951512053,2.425446712912215,5.526299351019654
2026-07-13,30.486242064848827,30.462288649202417,10.989156756735428,7.662732954596429,10.50373456403221,2.4109963933822622,5.579282318007676
2026-07-14,30.495996715441425,30.40172579361228,10.97366771679052,7.680444957412219,10.474569904152212,2.395818068474073,5.633551028614411
2026-07-15,30.501674587714277,30.34102258405431,10.960688293560533,7.699171247882916,10.44555481639395,2.3799661001160914,5.688999029847722
2026-07-16,30.503247089516933,30.280447553043086,10.9501729946154,7.718913009908875,10.41672974872739,2.3635118701614846,5.745479347551442
2026-07-17,30.500739290829898,30.220293793297206,10.942061719746622,7.739655300634053,10.388152229277651,2.3465438689345177,5.802803244103956
2026-07-18,30.494231894015932,30.160875507064496,10.93627933456866,7.761364712891156,10.359897280459618,2.3291670524266657,5.860740961926489
2026-07-19,30.48013972600947,30.093001683925483,10.941365521002997,7.7902532633168615,10.327927767594591,2.31053220354271,5.917505047345805
2026-07-20,30.46533394132944,30.034150980264233,10.941819671984724,7.815005258389158,10.299790647333342,2.2925491592935083,5.975349899291557
2026-07-21,30.44937188441746,29.97311474130513,10.93885844095894,7.843521177618351,10.269683614660327,2.2737693941353667,6.03759327084968
2026-07-22,30.42822037716052,29.91407836150869,10.942319040588403,7.869544147306053,10.240895574447062,2.2546961300771446,6.097337332996385
2026-07-23,30.40109246198917,29.86460889883635,10.949550095460914,7.895281895527539,10.214504944438158,2.2363810343924775,6.1526805300869425
2026-07-24,30.374075182801548,29.810836323396735,10.96515527520456,7.922753178799948,10.186466821054841,2.2184995594483663,6.208313822675497
2026-07-25,30.337144116178685,29.756904935931985,10.986272910069316,7.9548320576470175,10.168987888452296,2.2025695868412023,6.259065628802347
2026-07-26,30.30410432942161,29.71169348364272,11.002557216815937,7.98444965494143,10.147751469255878,2.186974431142149,6.308136241184824
2026-07-27,30.26953257991633,29.668975310602107,11.02075233284354,8.014364703800416,10.127739953851464,2.1721551083692643,6.354772556316134
2026-07-28,30.233776195021886,29.628824954875103,11.04081119855539,8.044469189379747,10.109072572929653,2.1582202377638997,6.398674317752486
2026-07-29,30.19716510905062,29.591261514632496,11.062692480892908,8.074661763004453,10.091849957303017,2.1452594845204183,6.439585430784122
2026-07-30,30.16000385566493,29.556249825962908,11.086363708636377,8.104851112643747,10.076152848908206,2.1333423156033815,6.477297185556433
2026-07-31,30.12926708363601,29.51307744758218,11.114628641555719,8.141924066812928,10.059883636918444,2.1217596349282464,6.5125766983135955
2026-08-01,30.09161573786922,29.482289347629937,11.143700802042233,8.172058710185874,10.047933716717553,2.1119644928156442,6.542442933665701
2026-08-02,30.05441484187441,29.45332275733334,11.17460686283797,8.202201425012756,10.037574336507172,2.1032853102056044,6.568758356717615
2026-08-03,30.017818692571,29.425957758736633,11.20741249855643,8.232317943225194,10.028823447714299,2.0957101110565275,6.591475406104598
2026-08-04,29.981950688251803,29.399944508371647,11.242195501041195,8.262389885168629,10.021683149034457,2.0892113721883874,6.610583695823544
2026-08-05,29.946905584162142,29.37501068049075,11.279043966226551,8.292412944299485,10.016141773936313,2.083747953003539,6.62610583591072
2026-08-06,29.912752778012077,29.350868940121163,11.318053433225112,8.322394472374496,10.012175960565955,2.079267092425579,6.63809332736838
2026-08-07,29.879540322583722,29.327224288775707,11.359323002742574,8.352350603972916,10.00975256844312,2.075706371580456,6.646622824746316
2026-08-08,29.847299373840126,29.30378119393717,11.402950495898116,8.382303057914436,10.008830343106649,2.0729955720285034,6.651792971253352
2026-08-09,29.816048807438985,29.280250463866874,11.449026752757439,8.412275748608698,10.009361267829721,2.0710583900377255,6.653721919099764
2026-08-10,29.78579976753059,29.256355857019418,11.497629215070056,8.442291335915076,10.011291577834298,2.0698139945720824,6.652545558850255
2026-08-11,29.750752004038695,29.22921103839496,11.557570469978206,8.47786348600202,10.013558220022315,2.0682762607264316,6.647487507727782
2026-08-12,29.72134576994304,29.203336922956794,11.613127048608147,8.509123029963744,10.017879262691721,2.0679698343208996,6.640390428990253
2026-08-13,29.69275882422116,29.176331599368734,11.671584537451798,8.540645182416323,10.023360806936294,2.0680624730015102,6.630670132557592
2026-08-14,29.657685847175557,29.14873482049788,11.740221926937117,8.574218192450147,10.030558747463795,2.0678656829043995,6.616684592009629
2026-08-15,29.62922042499122,29.119222781727803,11.805790288533561,8.606584204573709,10.038226717685566,2.06835313259515,6.601978071587225
2026-08-16,29.601296263786757,29.088258654576627,11.874289005435198,8.639241240095922,10.046806142268249,2.068944099788812,6.5852460167097835
2026-08-17,29.573885045280036,29.055822190292776,11.945572171668754,8.672158132008054,10.05619742175363,2.0695500762719288,6.566731808498244
2026-08-18,29.54579192626679,29.01825836692541,12.02049915282981,8.707908472829885,10.06505490674362,2.0682192625620255,6.550590885989364
2026-08-19,29.516192713899333,28.981581004590314,12.104096644315117,8.741807650112083,10.076791414736189,2.066944859355536,6.52974432863443
2026-08-20,29.49050050902822,28.93892163044705,12.186191411147254,8.775894301997548,10.08635641535479,2.0669403034516125,6.509816882760565
2026-08-21,29.46409945302624,28.902631371349553,12.267225505773695,8.80894646728487,10.098599602785198,2.0665619427881174,6.4861704107443
2026-08-22,29.437996636943293,28.865222763503606,12.349801617435677,8.841968521736634,10.111001082619504,2.065713719416427,6.462370270511563
2026-08-23,29.412142420743567,28.826992317176295,12.433519966711074,8.874854061939223,10.123456964705806,2.0643476788801145,6.438664713346657
2026-08-24,29.386480052649954,28.78825740179437,12.51796773494963,8.907497386471606,10.135862987672912,2.0624243635916684,6.415293557200073
2026-08-25,29.360943593182597,28.74934680777211,12.602732937849671,8.939797648731236,10.148116763983522,2.0599130706089057,6.392482198105004
2026-08-26,29.335456358038574,28.710590860611045,12.687418291748457,8.971662726532776,10.160119953461134,2.0567917624758856,6.370436217593882
2026-08-27,29.30525381836211,28.67311588016969,12.773164313259432,9.005035386404307,10.173935985166464,2.053408373924357,6.348410122462653
2026-08-28,29.280444845035408,28.635421520266892,12.856432356489613,9.03545718351813,10.184773102603177,2.048959370366398,6.328563374299011
2026-08-29,29.25192995890764,28.59530090342079,12.94384120020804,9.067928145545784,10.193049807389114,2.0422422654841466,6.311938439298036
2026-08-30,29.22682726558675,28.560683874909486,13.023899840716453,9.09669606187999,10.20335343746264,2.0368704376413764,6.294189502841566
2026-08-31,29.201020194678865,28.527521390320707,13.102640512340923,9.124898771504832,10.213004609226562,2.030841483337237,6.277884276185473
2026-09-01,29.17440293610811,28.495995509443976,13.179935210408411,9.15252220653521,10.221963900830364,2.0241752058687696,6.263047588072428
2026-09-02,29.146863053446843,28.46624980426333,13.255711297095589,9.179567405526557,10.23020128499372,2.016892634377485,6.24968127576126
2026-09-03,29.118284749700962,28.438390017378637,13.329947352309176,9.206048200127043,10.237695756082031,2.009015199660898,6.237767169872706
2026-09-04,29.088552336540555,28.412486015637132,13.402667218564217,9.2319884880654,10.244434774668035,2.000564094424325,6.2272704631654285
2026-09-05,29.057553786999318,28.388574725599824,13.473932756777813,9.25741927656732,10.250413601918483,1.991559838483359,6.218143225538465
2026-09-06,29.02518426483268,28.366663729371624,13.54383582452665,9.282375667342881,10.25563458889902,1.9820220519957872,6.210327859167531
2026-09-07,28.991349538255086,28.34673521941775,13.612489946368575,9.30689393195286,10.260106474008039,1.9719694249502675,6.203760329320631
2026-09-08,28.955969199247285,28.328750050807585,13.680022080474695,9.331008799058987,10.26384372739276,1.9614198595809864,6.19837305172785
2026-09-09,28.918979620563647,28.31265168033777,13.746564809310783,9.354751046503765,10.266865966293583,1.9503907542886245,6.194097361325332
2026-09-10,28.880336590476794,28.298369836732373,13.812249204322335,9.378145464032357,10.269197451319815,1.9388993928160727,6.190865526252799
2026-09-11,28.840017570513847,28.285823818850307,13.877198542383354,9.401209228362095,10.27086666173083,1.9269634004144962,6.188612303202834
2026-09-12,28.798023524920023,28.2749253656722,13.941522989051165,9.423950711872457,10.271905938488624,1.914601229018919,6.18727605493986
2026-09-13,28.754380273639132,28.265581080636213,14.005315311802908,9.446368729368649,10.272351177404587,1.9018326355263917,6.18679946831051
2026-09-14,28.709139324625596,28.257694422875023,14.06864764495814,9.468452213665678,10.272241551094021,1.8886791207013582,6.1871299222182135
2026-09-15,28.662378147560677,28.251167299301226,14.131569295354682,9.490180299463063,10.271619237455132,1.8751643006808751,6.188219560965608
2026-09-16,28.61419986047897,28.245901305148987,14.19410555201782,9.511522785468253,10.270529133664125,1.861314188256796,6.190025130250123
2026-09-17,28.561026520003082,28.242701017700814,14.261595744173878,9.535946727896016,10.270848196234574,1.84794277650634,6.191442346963847
2026-09-18,28.51099764948296,28.23950381824054,14.322494399472061,9.555811105591552,10.26864486186661,1.8333537688891415,6.1947565766406125
2026-09-19,28.45992036940042,28.237307271221777,14.383063256518389,9.575242294344218,10.266174094839997,1.8185521511788507,6.198649309831182
2026-09-20,28.40799593486424,28.236014108751057,14.443222042280116,9.59417110909086,10.263480146252839,1.803569127611877,6.203095759655882
2026-09-21,28.35397510998526,28.229921468657817,14.512013096848646,9.615953401226095,10.257054385060815,1.7864255999442562,6.209073857543974
2026-09-22,28.301193234086657,28.231113859607646,14.569569197291935,9.6331045410192,10.254654943753481,1.7715073028135182,6.214395362465226
2026-09-23,28.248223207938253,28.232785577880986,14.62661272243572,9.649628022081075,10.252076190529966,1.7564678241384823,6.220228626852849
2026-09-24,28.19061915749653,28.234864636131352,14.68871340805914,9.666097942848793,10.256325681134104,1.7424399645210182,6.2197775566607
2026-09-25,28.138611005680012,28.237321012028048,14.743475527662444,9.681074098274243,10.252418894038813,1.7270754988813508,6.2276891878343985
2026-09-26,28.087050113151935,28.240074674863752,14.797357538394465,9.6952113314418,10.248684451952617,1.7117666110729597,6.235860261072373
2026-09-27,28.03616653796128,28.24306841580713,14.850207074709628,9.708455301485534,10.24514743589539,1.6965493075662201,6.2442908593209125
2026-09-28,27.986178973741744,28.24624710720471,14.901881180363041,9.720759936367283,10.241831945510656,1.6814586467329566,6.252977636172249
2026-09-29,27.93729175990034,28.249558012151518,14.952248637429443,9.732088035005608,10.238760492060049,1.6665281225868522,6.261914103027102
2026-09-30,27.889692363823837,28.252951078427554,15.001191865876917,9.74241161927476,10.23595348694349,1.6517891273242242,6.271090964197752
2026-10-01,27.843549385241655,28.256379204611015,15.048608363347318,9.751712041565934,10.233428833481604,1.6372705039872781,6.280496486631988
2026-10-02,27.79503736345287,28.253339725462013,15.10551370193403,9.764032595219962,10.227755391474542,1.6201359506298016,6.291945832615291
2026-10-03,27.752734002075993,28.257680087043404,15.14807019679532,9.770677850766326,10.226347781711135,1.6065303996727942,6.30151342225326
2026-10-04,27.712214999212552,28.26179649719787,15.189091793776932,9.776376202119694,10.22518833200702,1.593162889001756,6.31129618875011
2026-10-05,27.673567878354145,28.265673257179944,15.22851910362111,9.781134160558786,10.224291646299296,1.5800551181700393,6.321272815277797
2026-10-06,27.63685938235773,28.269296286506673,15.266310338620242,9.784965997899555,10.223668377064868,1.567224967274532,6.331421832701702
2026-10-07,27.60213629853668,28.27265325950738,15.302440325762348,9.787892890353586,10.223325433007469,1.5546866081443056,6.341721914865142
