Level,Description,SeriesRefSNDQ,Quarter,Weight,Amount
Industry groups,Agriculture,SG01RSC04B01AA1,1987Q2,0.0499960,1596.686
Industry groups,Forestry and logging,SG01RSC04B01AA2,1987Q2,0.0042006,120.463
Industry groups,"Fishing, aquaculture and agriculture, forestry and fishing support services",SG01RSC04B01AA3,1987Q2,0.0067661,201.055
Industry groups,Mining,SG01RSC04B01BB1,1987Q2,0.0140206,530.698
Industry groups,"Food, beverage, and tobacco manufacturing",SG01RSC04B01CC1,1987Q2,0.0564287,1145.595
Industry groups,"Textile, leather, clothing, and footwear manufacturing",SG01RSC04B01CC2,1987Q2,0.0140132,345.986
Industry groups,Wood and paper products manufacturing,SG01RSC04B01CC3,1987Q2,0.0191522,363.417
Industry groups,Printing,SG01RSC04B01CC4,1987Q2,0.0073460,216.291
Industry groups,"Petroleum, chemical, polymer, and rubber product manufacturing",SG01RSC04B01CC5,1987Q2,0.0381132,745.851
Industry groups,Non-metallic mineral product manufacturing,SG01RSC04B01CC6,1987Q2,0.0060588,175.066
Industry groups,Metal product manufacturing,SG01RSC04B01CC7,1987Q2,0.0187164,541.967
Industry groups,"Transport equipment, machinery and equipment manufacturing",SG01RSC04B01CC8,1987Q2,0.0286368,920.375
Industry groups,Furniture and other manufacturing,SG01RSC04B01CC9,1987Q2,0.0054366,185.029
Industry groups,"Electricity, gas, water, and waste services",SG01RSC04B01DD1,1987Q2,0.0297694,1125.359
Industry groups,Construction,SG01RSC04B01EE1,1987Q2,0.0500788,1565.783
Industry groups,Wholesale trade,SG01RSC04B01FF1,1987Q2,0.0574564,1556.707
Industry groups,Retail trade,SG01RSC04B01GH1,1987Q2,0.0502522,1180.378
Industry groups,Accommodation services,SG01RSC04B01GH2,1987Q2,0.0169034,700.890
Industry groups,"Transport, postal, and warehousing",SG01RSC04B01II1,1987Q2,0.0535779,941.055
Industry groups,Information media and telecommunications,SG01RSC04B01JJ1,1987Q2,0.0433400,433.118
Industry groups,Financial and insurance services,SG01RSC04B01KK1,1987Q2,0.0538671,1487.323
Industry groups,"Rental, hiring, and real estate services",SG01RSC04B01LL1,1987Q2,0.0424050,1764.566
Industry groups,Ownership of owner-occupied dwellings,SG01RSC04B01LL2,1987Q2,0.0630485,1975.353
Industry groups,"Prof, scientific, and technical services",SG01RSC04B01MN1,1987Q2,0.0408455,1804.574
Industry groups,Administrative and support services,SG01RSC04B01MN2,1987Q2,0.0120257,485.093
Industry groups,Local Government administration,SG01RSC04B01OO1,1987Q2,0.0063093,190.872
Industry groups,"Central government administration, defence, and public safety",SG01RSC04B01OO2,1987Q2,0.0372983,1191.156
Industry groups,Education and training,SG01RSC04B01PP1,1987Q2,0.0388231,1379.994
Industry groups,Health care and social assistance,SG01RSC04B01QQ1,1987Q2,0.0421132,1285.675
Industry groups,Arts and recreation services,SG01RSC04B01RS1,1987Q2,0.0078630,318.910
Industry groups,Other services,SG01RSC04B01RS2,1987Q2,0.0170951,473.424
Industry groups,"GST, import duties, stamp duty",SG01RSC04B01UZ9,1987Q2,0.0680429,1781.153
Industry groups,Agriculture,SG01RSC04B01AA1,1987Q3,0.0499960,1656.703
Industry groups,Forestry and logging,SG01RSC04B01AA2,1987Q3,0.0042006,135.736
Industry groups,"Fishing, aquaculture and agriculture, forestry and fishing support services",SG01RSC04B01AA3,1987Q3,0.0067661,199.914
Industry groups,Mining,SG01RSC04B01BB1,1987Q3,0.0140206,446.346
Industry groups,"Food, beverage, and tobacco manufacturing",SG01RSC04B01CC1,1987Q3,0.0564287,1111.293
Industry groups,"Textile, leather, clothing, and footwear manufacturing",SG01RSC04B01CC2,1987Q3,0.0140132,331.637
Industry groups,Wood and paper products manufacturing,SG01RSC04B01CC3,1987Q3,0.0191522,371.735
Industry groups,Printing,SG01RSC04B01CC4,1987Q3,0.0073460,225.063
Industry groups,"Petroleum, chemical, polymer, and rubber product manufacturing",SG01RSC04B01CC5,1987Q3,0.0381132,709.974
Industry groups,Non-metallic mineral product manufacturing,SG01RSC04B01CC6,1987Q3,0.0060588,186.740
Industry groups,Metal product manufacturing,SG01RSC04B01CC7,1987Q3,0.0187164,533.481
Industry groups,"Transport equipment, machinery and equipment manufacturing",SG01RSC04B01CC8,1987Q3,0.0286368,907.026
Industry groups,Furniture and other manufacturing,SG01RSC04B01CC9,1987Q3,0.0054366,188.183
Industry groups,"Electricity, gas, water, and waste services",SG01RSC04B01DD1,1987Q3,0.0297694,1108.420
Industry groups,Construction,SG01RSC04B01EE1,1987Q3,0.0500788,1633.710
Industry groups,Wholesale trade,SG01RSC04B01FF1,1987Q3,0.0574564,1514.564
Industry groups,Retail trade,SG01RSC04B01GH1,1987Q3,0.0502522,1168.877
Industry groups,Accommodation services,SG01RSC04B01GH2,1987Q3,0.0169034,700.726
Industry groups,"Transport, postal, and warehousing",SG01RSC04B01II1,1987Q3,0.0535779,971.482
Industry groups,Information media and telecommunications,SG01RSC04B01JJ1,1987Q3,0.0433400,448.299
Industry groups,Financial and insurance services,SG01RSC04B01KK1,1987Q3,0.0538671,1500.103
Industry groups,"Rental, hiring, and real estate services",SG01RSC04B01LL1,1987Q3,0.0424050,1800.063
Industry groups,Ownership of owner-occupied dwellings,SG01RSC04B01LL2,1987Q3,0.0630485,1997.435
Industry groups,"Prof, scientific, and technical services",SG01RSC04B01MN1,1987Q3,0.0408455,1882.315
Industry groups,Administrative and support services,SG01RSC04B01MN2,1987Q3,0.0120257,503.498
Industry groups,Local Government administration,SG01RSC04B01OO1,1987Q3,0.0063093,193.414
Industry groups,"Central government administration, defence, and public safety",SG01RSC04B01OO2,1987Q3,0.0372983,1185.795
Industry groups,Education and training,SG01RSC04B01PP1,1987Q3,0.0388231,1383.244
Industry groups,Health care and social assistance,SG01RSC04B01QQ1,1987Q3,0.0421132,1284.962
Industry groups,Arts and recreation services,SG01RSC04B01RS1,1987Q3,0.0078630,327.531
Industry groups,Other services,SG01RSC04B01RS2,1987Q3,0.0170951,466.704
Industry groups,"GST, import duties, stamp duty",SG01RSC04B01UZ9,1987Q3,0.0680429,1803.761
Industry groups,Agriculture,SG01RSC04B01AA1,1987Q4,0.0499960,1735.783
Industry groups,Forestry and logging,SG01RSC04B01AA2,1987Q4,0.0042006,133.521
Industry groups,"Fishing, aquaculture and agriculture, forestry and fishing support services",SG01RSC04B01AA3,1987Q4,0.0067661,206.836
Industry groups,Mining,SG01RSC04B01BB1,1987Q4,0.0140206,640.364
Industry groups,"Food, beverage, and tobacco manufacturing",SG01RSC04B01CC1,1987Q4,0.0564287,1118.102
Industry groups,"Textile, leather, clothing, and footwear manufacturing",SG01RSC04B01CC2,1987Q4,0.0140132,293.936
Industry groups,Wood and paper products manufacturing,SG01RSC04B01CC3,1987Q4,0.0191522,379.885
Industry groups,Printing,SG01RSC04B01CC4,1987Q4,0.0073460,223.299
Industry groups,"Petroleum, chemical, polymer, and rubber product manufacturing",SG01RSC04B01CC5,1987Q4,0.0381132,680.676
Industry groups,Non-metallic mineral product manufacturing,SG01RSC04B01CC6,1987Q4,0.0060588,188.404
Industry groups,Metal product manufacturing,SG01RSC04B01CC7,1987Q4,0.0187164,537.932
Industry groups,"Transport equipment, machinery and equipment manufacturing",SG01RSC04B01CC8,1987Q4,0.0286368,927.937
Industry groups,Furniture and other manufacturing,SG01RSC04B01CC9,1987Q4,0.0054366,188.839
Industry groups,"Electricity, gas, water, and waste services",SG01RSC04B01DD1,1987Q4,0.0297694,1114.319
Industry groups,Construction,SG01RSC04B01EE1,1987Q4,0.0500788,1641.194
Industry groups,Wholesale trade,SG01RSC04B01FF1,1987Q4,0.0574564,1436.549
Industry groups,Retail trade,SG01RSC04B01GH1,1987Q4,0.0502522,1170.321
Industry groups,Accommodation services,SG01RSC04B01GH2,1987Q4,0.0169034,691.694
Industry groups,"Transport, postal, and warehousing",SG01RSC04B01II1,1987Q4,0.0535779,1015.037
Industry groups,Information media and telecommunications,SG01RSC04B01JJ1,1987Q4,0.0433400,450.058
Industry groups,Financial and insurance services,SG01RSC04B01KK1,1987Q4,0.0538671,1501.024
Industry groups,"Rental, hiring, and real estate services",SG01RSC04B01LL1,1987Q4,0.0424050,1767.263
Industry groups,Ownership of owner-occupied dwellings,SG01RSC04B01LL2,1987Q4,0.0630485,1997.684
Industry groups,"Prof, scientific, and technical services",SG01RSC04B01MN1,1987Q4,0.0408455,1889.635
Industry groups,Administrative and support services,SG01RSC04B01MN2,1987Q4,0.0120257,518.277
Industry groups,Local Government administration,SG01RSC04B01OO1,1987Q4,0.0063093,198.380
Industry groups,"Central government administration, defence, and public safety",SG01RSC04B01OO2,1987Q4,0.0372983,1177.514
Industry groups,Education and training,SG01RSC04B01PP1,1987Q4,0.0388231,1387.804
Industry groups,Health care and social assistance,SG01RSC04B01QQ1,1987Q4,0.0421132,1285.658
Industry groups,Arts and recreation services,SG01RSC04B01RS1,1987Q4,0.0078630,341.034
Industry groups,Other services,SG01RSC04B01RS2,1987Q4,0.0170951,471.942
Industry groups,"GST, import duties, stamp duty",SG01RSC04B01UZ9,1987Q4,0.0680429,1825.991
Industry groups,Agriculture,SG01RSC04B01AA1,1988Q1,0.0499960,1769.547
Industry groups,Forestry and logging,SG01RSC04B01AA2,1988Q1,0.0042006,128.670
Industry groups,"Fishing, aquaculture and agriculture, forestry and fishing support services",SG01RSC04B01AA3,1988Q1,0.0067661,200.597
Industry groups,Mining,SG01RSC04B01BB1,1988Q1,0.0140206,658.536
Industry groups,"Food, beverage, and tobacco manufacturing",SG01RSC04B01CC1,1988Q1,0.0564287,1127.333
Industry groups,"Textile, leather, clothing, and footwear manufacturing",SG01RSC04B01CC2,1988Q1,0.0140132,302.262
Industry groups,Wood and paper products manufacturing,SG01RSC04B01CC3,1988Q1,0.0191522,355.954
Industry groups,Printing,SG01RSC04B01CC4,1988Q1,0.0073460,213.270
Industry groups,"Petroleum, chemical, polymer, and rubber product manufacturing",SG01RSC04B01CC5,1988Q1,0.0381132,712.469
Industry groups,Non-metallic mineral product manufacturing,SG01RSC04B01CC6,1988Q1,0.0060588,174.815
Industry groups,Metal product manufacturing,SG01RSC04B01CC7,1988Q1,0.0187164,521.497
Industry groups,"Transport equipment, machinery and equipment manufacturing",SG01RSC04B01CC8,1988Q1,0.0286368,883.324
Industry groups,Furniture and other manufacturing,SG01RSC04B01CC9,1988Q1,0.0054366,186.035
Industry groups,"Electricity, gas, water, and waste services",SG01RSC04B01DD1,1988Q1,0.0297694,1120.915
Industry groups,Construction,SG01RSC04B01EE1,1988Q1,0.0500788,1661.185
Industry groups,Wholesale trade,SG01RSC04B01FF1,1988Q1,0.0574564,1520.610
Industry groups,Retail trade,SG01RSC04B01GH1,1988Q1,0.0502522,1160.034
Industry groups,Accommodation services,SG01RSC04B01GH2,1988Q1,0.0169034,672.304
Industry groups,"Transport, postal, and warehousing",SG01RSC04B01II1,1988Q1,0.0535779,1040.746
Industry groups,Information media and telecommunications,SG01RSC04B01JJ1,1988Q1,0.0433400,448.656
Industry groups,Financial and insurance services,SG01RSC04B01KK1,1988Q1,0.0538671,1477.570
Industry groups,"Rental, hiring, and real estate services",SG01RSC04B01LL1,1988Q1,0.0424050,1735.041
Industry groups,Ownership of owner-occupied dwellings,SG01RSC04B01LL2,1988Q1,0.0630485,1978.358
Industry groups,"Prof, scientific, and technical services",SG01RSC04B01MN1,1988Q1,0.0408455,1881.519
Industry groups,Administrative and support services,SG01RSC04B01MN2,1988Q1,0.0120257,521.138
Industry groups,Local Government administration,SG01RSC04B01OO1,1988Q1,0.0063093,201.152
Industry groups,"Central government administration, defence, and public safety",SG01RSC04B01OO2,1988Q1,0.0372983,1176.955
Industry groups,Education and training,SG01RSC04B01PP1,1988Q1,0.0388231,1393.707
Industry groups,Health care and social assistance,SG01RSC04B01QQ1,1988Q1,0.0421132,1261.760
Industry groups,Arts and recreation services,SG01RSC04B01RS1,1988Q1,0.0078630,342.261
Industry groups,Other services,SG01RSC04B01RS2,1988Q1,0.0170951,465.322
Industry groups,"GST, import duties, stamp duty",SG01RSC04B01UZ9,1988Q1,0.0680429,1742.538
Industry groups,Agriculture,SG01RSC04B01AA1,1988Q2,0.0512230,1700.598
Industry groups,Forestry and logging,SG01RSC04B01AA2,1988Q2,0.0065686,149.492
Industry groups,"Fishing, aquaculture and agriculture, forestry and fishing support services",SG01RSC04B01AA3,1988Q2,0.0073041,230.955
Industry groups,Mining,SG01RSC04B01BB1,1988Q2,0.0125354,622.559
Industry groups,"Food, beverage, and tobacco manufacturing",SG01RSC04B01CC1,1988Q2,0.0569065,1211.261
Industry groups,"Textile, leather, clothing, and footwear manufacturing",SG01RSC04B01CC2,1988Q2,0.0115823,294.312
Industry groups,Wood and paper products manufacturing,SG01RSC04B01CC3,1988Q2,0.0178904,366.954
Industry groups,Printing,SG01RSC04B01CC4,1988Q2,0.0072324,215.022
Industry groups,"Petroleum, chemical, polymer, and rubber product manufacturing",SG01RSC04B01CC5,1988Q2,0.0397232,710.640
Industry groups,Non-metallic mineral product manufacturing,SG01RSC04B01CC6,1988Q2,0.0059639,183.693
Industry groups,Metal product manufacturing,SG01RSC04B01CC7,1988Q2,0.0177585,545.051
Industry groups,"Transport equipment, machinery and equipment manufacturing",SG01RSC04B01CC8,1988Q2,0.0254239,854.060
Industry groups,Furniture and other manufacturing,SG01RSC04B01CC9,1988Q2,0.0049409,176.877
Industry groups,"Electricity, gas, water, and waste services",SG01RSC04B01DD1,1988Q2,0.0309242,1084.626
Industry groups,Construction,SG01RSC04B01EE1,1988Q2,0.0468183,1538.195
Industry groups,Wholesale trade,SG01RSC04B01FF1,1988Q2,0.0583804,1467.245
Industry groups,Retail trade,SG01RSC04B01GH1,1988Q2,0.0486346,1137.968
Industry groups,Accommodation services,SG01RSC04B01GH2,1988Q2,0.0154779,659.067
Industry groups,"Transport, postal, and warehousing",SG01RSC04B01II1,1988Q2,0.0542121,1057.423
Industry groups,Information media and telecommunications,SG01RSC04B01JJ1,1988Q2,0.0440380,450.899
Industry groups,Financial and insurance services,SG01RSC04B01KK1,1988Q2,0.0499487,1441.762
Industry groups,"Rental, hiring, and real estate services",SG01RSC04B01LL1,1988Q2,0.0455318,1761.762
Industry groups,Ownership of owner-occupied dwellings,SG01RSC04B01LL2,1988Q2,0.0713577,1945.577
Industry groups,"Prof, scientific, and technical services",SG01RSC04B01MN1,1988Q2,0.0448051,1936.092
Industry groups,Administrative and support services,SG01RSC04B01MN2,1988Q2,0.0127790,533.075
Industry groups,Local Government administration,SG01RSC04B01OO1,1988Q2,0.0070176,205.967
Industry groups,"Central government administration, defence, and public safety",SG01RSC04B01OO2,1988Q2,0.0385776,1169.437
Industry groups,Education and training,SG01RSC04B01PP1,1988Q2,0.0394615,1400.964
Industry groups,Health care and social assistance,SG01RSC04B01QQ1,1988Q2,0.0425844,1317.574
Industry groups,Arts and recreation services,SG01RSC04B01RS1,1988Q2,0.0087499,334.820
Industry groups,Other services,SG01RSC04B01RS2,1988Q2,0.0168296,449.926
Industry groups,"GST, import duties, stamp duty",SG01RSC04B01UZ9,1988Q2,0.0588185,1706.650
Industry groups,Agriculture,SG01RSC04B01AA1,1988Q3,0.0512230,1632.216
Industry groups,Forestry and logging,SG01RSC04B01AA2,1988Q3,0.0065686,155.138
Industry groups,"Fishing, aquaculture and agriculture, forestry and fishing support services",SG01RSC04B01AA3,1988Q3,0.0073041,240.994
Industry groups,Mining,SG01RSC04B01BB1,1988Q3,0.0125354,588.714
Industry groups,"Food, beverage, and tobacco manufacturing",SG01RSC04B01CC1,1988Q3,0.0569065,1107.752
Industry groups,"Textile, leather, clothing, and footwear manufacturing",SG01RSC04B01CC2,1988Q3,0.0115823,297.306
Industry groups,Wood and paper products manufacturing,SG01RSC04B01CC3,1988Q3,0.0178904,359.284
Industry groups,Printing,SG01RSC04B01CC4,1988Q3,0.0072324,218.235
Industry groups,"Petroleum, chemical, polymer, and rubber product manufacturing",SG01RSC04B01CC5,1988Q3,0.0397232,740.491
Industry groups,Non-metallic mineral product manufacturing,SG01RSC04B01CC6,1988Q3,0.0059639,169.344
Industry groups,Metal product manufacturing,SG01RSC04B01CC7,1988Q3,0.0177585,553.848
Industry groups,"Transport equipment, machinery and equipment manufacturing",SG01RSC04B01CC8,1988Q3,0.0254239,881.151
Industry groups,Furniture and other manufacturing,SG01RSC04B01CC9,1988Q3,0.0049409,174.708
Industry groups,"Electricity, gas, water, and waste services",SG01RSC04B01DD1,1988Q3,0.0309242,1088.059
Industry groups,Construction,SG01RSC04B01EE1,1988Q3,0.0468183,1539.338
Industry groups,Wholesale trade,SG01RSC04B01FF1,1988Q3,0.0583804,1519.964
Industry groups,Retail trade,SG01RSC04B01GH1,1988Q3,0.0486346,1162.064
Industry groups,Accommodation services,SG01RSC04B01GH2,1988Q3,0.0154779,657.107
Industry groups,"Transport, postal, and warehousing",SG01RSC04B01II1,1988Q3,0.0542121,1067.839
Industry groups,Information media and telecommunications,SG01RSC04B01JJ1,1988Q3,0.0440380,449.755
Industry groups,Financial and insurance services,SG01RSC04B01KK1,1988Q3,0.0499487,1436.139
Industry groups,"Rental, hiring, and real estate services",SG01RSC04B01LL1,1988Q3,0.0455318,1762.471
Industry groups,Ownership of owner-occupied dwellings,SG01RSC04B01LL2,1988Q3,0.0713577,1915.919
Industry groups,"Prof, scientific, and technical services",SG01RSC04B01MN1,1988Q3,0.0448051,1910.067
Industry groups,Administrative and support services,SG01RSC04B01MN2,1988Q3,0.0127790,531.187
Industry groups,Local Government administration,SG01RSC04B01OO1,1988Q3,0.0070176,211.834
Industry groups,"Central government administration, defence, and public safety",SG01RSC04B01OO2,1988Q3,0.0385776,1145.310
Industry groups,Education and training,SG01RSC04B01PP1,1988Q3,0.0394615,1409.758
Industry groups,Health care and social assistance,SG01RSC04B01QQ1,1988Q3,0.0425844,1330.370
Industry groups,Arts and recreation services,SG01RSC04B01RS1,1988Q3,0.0087499,317.394
Industry groups,Other services,SG01RSC04B01RS2,1988Q3,0.0168296,454.737
Industry groups,"GST, import duties, stamp duty",SG01RSC04B01UZ9,1988Q3,0.0588185,1756.889
Industry groups,Agriculture,SG01RSC04B01AA1,1988Q4,0.0512230,1522.648
Industry groups,Forestry and logging,SG01RSC04B01AA2,1988Q4,0.0065686,158.893
Industry groups,"Fishing, aquaculture and agriculture, forestry and fishing support services",SG01RSC04B01AA3,1988Q4,0.0073041,236.793
Industry groups,Mining,SG01RSC04B01BB1,1988Q4,0.0125354,440.721
Industry groups,"Food, beverage, and tobacco manufacturing",SG01RSC04B01CC1,1988Q4,0.0569065,1131.126
Industry groups,"Textile, leather, clothing, and footwear manufacturing",SG01RSC04B01CC2,1988Q4,0.0115823,301.438
Industry groups,Wood and paper products manufacturing,SG01RSC04B01CC3,1988Q4,0.0178904,340.445
Industry groups,Printing,SG01RSC04B01CC4,1988Q4,0.0072324,209.166
Industry groups,"Petroleum, chemical, polymer, and rubber product manufacturing",SG01RSC04B01CC5,1988Q4,0.0397232,743.748
Industry groups,Non-metallic mineral product manufacturing,SG01RSC04B01CC6,1988Q4,0.0059639,160.764
Industry groups,Metal product manufacturing,SG01RSC04B01CC7,1988Q4,0.0177585,538.122
Industry groups,"Transport equipment, machinery and equipment manufacturing",SG01RSC04B01CC8,1988Q4,0.0254239,849.437
Industry groups,Furniture and other manufacturing,SG01RSC04B01CC9,1988Q4,0.0049409,169.171
Industry groups,"Electricity, gas, water, and waste services",SG01RSC04B01DD1,1988Q4,0.0309242,1125.813
Industry groups,Construction,SG01RSC04B01EE1,1988Q4,0.0468183,1507.277
Industry groups,Wholesale trade,SG01RSC04B01FF1,1988Q4,0.0583804,1592.269
Industry groups,Retail trade,SG01RSC04B01GH1,1988Q4,0.0486346,1158.155
Industry groups,Accommodation services,SG01RSC04B01GH2,1988Q4,0.0154779,652.918
Industry groups,"Transport, postal, and warehousing",SG01RSC04B01II1,1988Q4,0.0542121,1050.655
Industry groups,Information media and telecommunications,SG01RSC04B01JJ1,1988Q4,0.0440380,450.727
Industry groups,Financial and insurance services,SG01RSC04B01KK1,1988Q4,0.0499487,1462.409
Industry groups,"Rental, hiring, and real estate services",SG01RSC04B01LL1,1988Q4,0.0455318,1780.223
Industry groups,Ownership of owner-occupied dwellings,SG01RSC04B01LL2,1988Q4,0.0713577,1887.729
Industry groups,"Prof, scientific, and technical services",SG01RSC04B01MN1,1988Q4,0.0448051,1900.547
Industry groups,Administrative and support services,SG01RSC04B01MN2,1988Q4,0.0127790,531.452
Industry groups,Local Government administration,SG01RSC04B01OO1,1988Q4,0.0070176,217.229
Industry groups,"Central government administration, defence, and public safety",SG01RSC04B01OO2,1988Q4,0.0385776,1141.757
Industry groups,Education and training,SG01RSC04B01PP1,1988Q4,0.0394615,1419.666
Industry groups,Health care and social assistance,SG01RSC04B01QQ1,1988Q4,0.0425844,1340.522
Industry groups,Arts and recreation services,SG01RSC04B01RS1,1988Q4,0.0087499,314.705
Industry groups,Other services,SG01RSC04B01RS2,1988Q4,0.0168296,450.410
Industry groups,"GST, import duties, stamp duty",SG01RSC04B01UZ9,1988Q4,0.0588185,1755.387
Industry groups,Agriculture,SG01RSC04B01AA1,1989Q1,0.0512230,1471.447
Industry groups,Forestry and logging,SG01RSC04B01AA2,1989Q1,0.0065686,169.905
Industry groups,"Fishing, aquaculture and agriculture, forestry and fishing support services",SG01RSC04B01AA3,1989Q1,0.0073041,245.794
Industry groups,Mining,SG01RSC04B01BB1,1989Q1,0.0125354,669.802
Industry groups,"Food, beverage, and tobacco manufacturing",SG01RSC04B01CC1,1989Q1,0.0569065,1102.483
Industry groups,"Textile, leather, clothing, and footwear manufacturing",SG01RSC04B01CC2,1989Q1,0.0115823,298.178
Industry groups,Wood and paper products manufacturing,SG01RSC04B01CC3,1989Q1,0.0178904,341.895
Industry groups,Printing,SG01RSC04B01CC4,1989Q1,0.0072324,208.508
Industry groups,"Petroleum, chemical, polymer, and rubber product manufacturing",SG01RSC04B01CC5,1989Q1,0.0397232,803.915
Industry groups,Non-metallic mineral product manufacturing,SG01RSC04B01CC6,1989Q1,0.0059639,162.509
Industry groups,Metal product manufacturing,SG01RSC04B01CC7,1989Q1,0.0177585,559.526
Industry groups,"Transport equipment, machinery and equipment manufacturing",SG01RSC04B01CC8,1989Q1,0.0254239,873.915
Industry groups,Furniture and other manufacturing,SG01RSC04B01CC9,1989Q1,0.0049409,160.343
Industry groups,"Electricity, gas, water, and waste services",SG01RSC04B01DD1,1989Q1,0.0309242,1094.090
Industry groups,Construction,SG01RSC04B01EE1,1989Q1,0.0468183,1522.701
Industry groups,Wholesale trade,SG01RSC04B01FF1,1989Q1,0.0583804,1668.257
Industry groups,Retail trade,SG01RSC04B01GH1,1989Q1,0.0486346,1165.427
Industry groups,Accommodation services,SG01RSC04B01GH2,1989Q1,0.0154779,647.381
Industry groups,"Transport, postal, and warehousing",SG01RSC04B01II1,1989Q1,0.0542121,1027.573
Industry groups,Information media and telecommunications,SG01RSC04B01JJ1,1989Q1,0.0440380,458.475
Industry groups,Financial and insurance services,SG01RSC04B01KK1,1989Q1,0.0499487,1455.241
Industry groups,"Rental, hiring, and real estate services",SG01RSC04B01LL1,1989Q1,0.0455318,1765.221
Industry groups,Ownership of owner-occupied dwellings,SG01RSC04B01LL2,1989Q1,0.0713577,1862.448
Industry groups,"Prof, scientific, and technical services",SG01RSC04B01MN1,1989Q1,0.0448051,1949.273
Industry groups,Administrative and support services,SG01RSC04B01MN2,1989Q1,0.0127790,544.275
Industry groups,Local Government administration,SG01RSC04B01OO1,1989Q1,0.0070176,220.563
Industry groups,"Central government administration, defence, and public safety",SG01RSC04B01OO2,1989Q1,0.0385776,1157.891
Industry groups,Education and training,SG01RSC04B01PP1,1989Q1,0.0394615,1431.087
Industry groups,Health care and social assistance,SG01RSC04B01QQ1,1989Q1,0.0425844,1359.582
Industry groups,Arts and recreation services,SG01RSC04B01RS1,1989Q1,0.0087499,333.946
Industry groups,Other services,SG01RSC04B01RS2,1989Q1,0.0168296,469.115
Industry groups,"GST, import duties, stamp duty",SG01RSC04B01UZ9,1989Q1,0.0588185,1853.394
Industry groups,Agriculture,SG01RSC04B01AA1,1989Q2,0.0533860,1407.245
Industry groups,Forestry and logging,SG01RSC04B01AA2,1989Q2,0.0068865,167.968
Industry groups,"Fishing, aquaculture and agriculture, forestry and fishing support services",SG01RSC04B01AA3,1989Q2,0.0074142,242.402
Industry groups,Mining,SG01RSC04B01BB1,1989Q2,0.0120160,485.271
Industry groups,"Food, beverage, and tobacco manufacturing",SG01RSC04B01CC1,1989Q2,0.0562192,1048.857
Industry groups,"Textile, leather, clothing, and footwear manufacturing",SG01RSC04B01CC2,1989Q2,0.0119892,313.793
Industry groups,Wood and paper products manufacturing,SG01RSC04B01CC3,1989Q2,0.0190756,350.831
Industry groups,Printing,SG01RSC04B01CC4,1989Q2,0.0071954,214.363
Industry groups,"Petroleum, chemical, polymer, and rubber product manufacturing",SG01RSC04B01CC5,1989Q2,0.0377425,805.932
Industry groups,Non-metallic mineral product manufacturing,SG01RSC04B01CC6,1989Q2,0.0055041,166.736
Industry groups,Metal product manufacturing,SG01RSC04B01CC7,1989Q2,0.0195566,562.536
Industry groups,"Transport equipment, machinery and equipment manufacturing",SG01RSC04B01CC8,1989Q2,0.0239928,903.040
Industry groups,Furniture and other manufacturing,SG01RSC04B01CC9,1989Q2,0.0049279,168.706
Industry groups,"Electricity, gas, water, and waste services",SG01RSC04B01DD1,1989Q2,0.0311955,1132.648
Industry groups,Construction,SG01RSC04B01EE1,1989Q2,0.0476383,1637.109
Industry groups,Wholesale trade,SG01RSC04B01FF1,1989Q2,0.0522401,1668.656
Industry groups,Retail trade,SG01RSC04B01GH1,1989Q2,0.0467609,1226.630
Industry groups,Accommodation services,SG01RSC04B01GH2,1989Q2,0.0154254,654.854
Industry groups,"Transport, postal, and warehousing",SG01RSC04B01II1,1989Q2,0.0536872,1031.226
Industry groups,Information media and telecommunications,SG01RSC04B01JJ1,1989Q2,0.0404773,475.465
Industry groups,Financial and insurance services,SG01RSC04B01KK1,1989Q2,0.0472555,1399.530
Industry groups,"Rental, hiring, and real estate services",SG01RSC04B01LL1,1989Q2,0.0478143,1808.708
Industry groups,Ownership of owner-occupied dwellings,SG01RSC04B01LL2,1989Q2,0.0728304,1840.335
Industry groups,"Prof, scientific, and technical services",SG01RSC04B01MN1,1989Q2,0.0442026,1966.592
Industry groups,Administrative and support services,SG01RSC04B01MN2,1989Q2,0.0124781,539.028
Industry groups,Local Government administration,SG01RSC04B01OO1,1989Q2,0.0072256,227.729
Industry groups,"Central government administration, defence, and public safety",SG01RSC04B01OO2,1989Q2,0.0393886,1159.811
Industry groups,Education and training,SG01RSC04B01PP1,1989Q2,0.0399625,1444.130
Industry groups,Health care and social assistance,SG01RSC04B01QQ1,1989Q2,0.0408506,1326.896
Industry groups,Arts and recreation services,SG01RSC04B01RS1,1989Q2,0.0088215,319.262
Industry groups,Other services,SG01RSC04B01RS2,1989Q2,0.0164347,472.610
Industry groups,"GST, import duties, stamp duty",SG01RSC04B01UZ9,1989Q2,0.0694051,1900.571
Industry groups,Agriculture,SG01RSC04B01AA1,1989Q3,0.0533860,1412.029
Industry groups,Forestry and logging,SG01RSC04B01AA2,1989Q3,0.0068865,174.860
Industry groups,"Fishing, aquaculture and agriculture, forestry and fishing support services",SG01RSC04B01AA3,1989Q3,0.0074142,246.427
Industry groups,Mining,SG01RSC04B01BB1,1989Q3,0.0120160,539.925
Industry groups,"Food, beverage, and tobacco manufacturing",SG01RSC04B01CC1,1989Q3,0.0562192,1038.415
Industry groups,"Textile, leather, clothing, and footwear manufacturing",SG01RSC04B01CC2,1989Q3,0.0119892,303.605
Industry groups,Wood and paper products manufacturing,SG01RSC04B01CC3,1989Q3,0.0190756,353.064
Industry groups,Printing,SG01RSC04B01CC4,1989Q3,0.0071954,200.988
Industry groups,"Petroleum, chemical, polymer, and rubber product manufacturing",SG01RSC04B01CC5,1989Q3,0.0377425,788.430
Industry groups,Non-metallic mineral product manufacturing,SG01RSC04B01CC6,1989Q3,0.0055041,152.638
Industry groups,Metal product manufacturing,SG01RSC04B01CC7,1989Q3,0.0195566,560.769
Industry groups,"Transport equipment, machinery and equipment manufacturing",SG01RSC04B01CC8,1989Q3,0.0239928,866.910
Industry groups,Furniture and other manufacturing,SG01RSC04B01CC9,1989Q3,0.0049279,162.309
Industry groups,"Electricity, gas, water, and waste services",SG01RSC04B01DD1,1989Q3,0.0311955,1143.797
Industry groups,Construction,SG01RSC04B01EE1,1989Q3,0.0476383,1605.692
Industry groups,Wholesale trade,SG01RSC04B01FF1,1989Q3,0.0522401,1574.269
Industry groups,Retail trade,SG01RSC04B01GH1,1989Q3,0.0467609,1140.493
Industry groups,Accommodation services,SG01RSC04B01GH2,1989Q3,0.0154254,656.723
Industry groups,"Transport, postal, and warehousing",SG01RSC04B01II1,1989Q3,0.0536872,1012.290
Industry groups,Information media and telecommunications,SG01RSC04B01JJ1,1989Q3,0.0404773,474.148
Industry groups,Financial and insurance services,SG01RSC04B01KK1,1989Q3,0.0472555,1370.285
Industry groups,"Rental, hiring, and real estate services",SG01RSC04B01LL1,1989Q3,0.0478143,1812.311
Industry groups,Ownership of owner-occupied dwellings,SG01RSC04B01LL2,1989Q3,0.0728304,1833.219
Industry groups,"Prof, scientific, and technical services",SG01RSC04B01MN1,1989Q3,0.0442026,1961.046
Industry groups,Administrative and support services,SG01RSC04B01MN2,1989Q3,0.0124781,529.280
Industry groups,Local Government administration,SG01RSC04B01OO1,1989Q3,0.0072256,230.849
Industry groups,"Central government administration, defence, and public safety",SG01RSC04B01OO2,1989Q3,0.0393886,1192.886
Industry groups,Education and training,SG01RSC04B01PP1,1989Q3,0.0399625,1456.892
Industry groups,Health care and social assistance,SG01RSC04B01QQ1,1989Q3,0.0408506,1344.301
Industry groups,Arts and recreation services,SG01RSC04B01RS1,1989Q3,0.0088215,316.566
Industry groups,Other services,SG01RSC04B01RS2,1989Q3,0.0164347,461.092
Industry groups,"GST, import duties, stamp duty",SG01RSC04B01UZ9,1989Q3,0.0694051,1847.385
Industry groups,Agriculture,SG01RSC04B01AA1,1989Q4,0.0533860,1422.192
Industry groups,Forestry and logging,SG01RSC04B01AA2,1989Q4,0.0068865,174.271
Industry groups,"Fishing, aquaculture and agriculture, forestry and fishing support services",SG01RSC04B01AA3,1989Q4,0.0074142,241.899
Industry groups,Mining,SG01RSC04B01BB1,1989Q4,0.0120160,450.382
Industry groups,"Food, beverage, and tobacco manufacturing",SG01RSC04B01CC1,1989Q4,0.0562192,1064.039
Industry groups,"Textile, leather, clothing, and footwear manufacturing",SG01RSC04B01CC2,1989Q4,0.0119892,288.976
Industry groups,Wood and paper products manufacturing,SG01RSC04B01CC3,1989Q4,0.0190756,355.608
Industry groups,Printing,SG01RSC04B01CC4,1989Q4,0.0071954,202.018
Industry groups,"Petroleum, chemical, polymer, and rubber product manufacturing",SG01RSC04B01CC5,1989Q4,0.0377425,794.415
Industry groups,Non-metallic mineral product manufacturing,SG01RSC04B01CC6,1989Q4,0.0055041,151.073
Industry groups,Metal product manufacturing,SG01RSC04B01CC7,1989Q4,0.0195566,562.415
Industry groups,"Transport equipment, machinery and equipment manufacturing",SG01RSC04B01CC8,1989Q4,0.0239928,860.277
Industry groups,Furniture and other manufacturing,SG01RSC04B01CC9,1989Q4,0.0049279,163.546
Industry groups,"Electricity, gas, water, and waste services",SG01RSC04B01DD1,1989Q4,0.0311955,1099.588
Industry groups,Construction,SG01RSC04B01EE1,1989Q4,0.0476383,1602.461
Industry groups,Wholesale trade,SG01RSC04B01FF1,1989Q4,0.0522401,1617.027
Industry groups,Retail trade,SG01RSC04B01GH1,1989Q4,0.0467609,1143.484
Industry groups,Accommodation services,SG01RSC04B01GH2,1989Q4,0.0154254,638.199
Industry groups,"Transport, postal, and warehousing",SG01RSC04B01II1,1989Q4,0.0536872,1023.264
Industry groups,Information media and telecommunications,SG01RSC04B01JJ1,1989Q4,0.0404773,478.286
Industry groups,Financial and insurance services,SG01RSC04B01KK1,1989Q4,0.0472555,1370.191
Industry groups,"Rental, hiring, and real estate services",SG01RSC04B01LL1,1989Q4,0.0478143,1812.381
Industry groups,Ownership of owner-occupied dwellings,SG01RSC04B01LL2,1989Q4,0.0728304,1837.307
Industry groups,"Prof, scientific, and technical services",SG01RSC04B01MN1,1989Q4,0.0442026,1912.419
Industry groups,Administrative and support services,SG01RSC04B01MN2,1989Q4,0.0124781,519.394
Industry groups,Local Government administration,SG01RSC04B01OO1,1989Q4,0.0072256,232.892
Industry groups,"Central government administration, defence, and public safety",SG01RSC04B01OO2,1989Q4,0.0393886,1177.727
Industry groups,Education and training,SG01RSC04B01PP1,1989Q4,0.0399625,1467.864
Industry groups,Health care and social assistance,SG01RSC04B01QQ1,1989Q4,0.0408506,1353.940
Industry groups,Arts and recreation services,SG01RSC04B01RS1,1989Q4,0.0088215,303.920
Industry groups,Other services,SG01RSC04B01RS2,1989Q4,0.0164347,449.636
Industry groups,"GST, import duties, stamp duty",SG01RSC04B01UZ9,1989Q4,0.0694051,1845.903
Industry groups,Agriculture,SG01RSC04B01AA1,1990Q1,0.0533860,1481.156
Industry groups,Forestry and logging,SG01RSC04B01AA2,1990Q1,0.0068865,181.002
Industry groups,"Fishing, aquaculture and agriculture, forestry and fishing support services",SG01RSC04B01AA3,1990Q1,0.0074142,244.330
Industry groups,Mining,SG01RSC04B01BB1,1990Q1,0.0120160,471.016
Industry groups,"Food, beverage, and tobacco manufacturing",SG01RSC04B01CC1,1990Q1,0.0562192,1039.040
Industry groups,"Textile, leather, clothing, and footwear manufacturing",SG01RSC04B01CC2,1990Q1,0.0119892,271.323
Industry groups,Wood and paper products manufacturing,SG01RSC04B01CC3,1990Q1,0.0190756,365.140
Industry groups,Printing,SG01RSC04B01CC4,1990Q1,0.0071954,205.673
Industry groups,"Petroleum, chemical, polymer, and rubber product manufacturing",SG01RSC04B01CC5,1990Q1,0.0377425,801.094
Industry groups,Non-metallic mineral product manufacturing,SG01RSC04B01CC6,1990Q1,0.0055041,154.969
Industry groups,Metal product manufacturing,SG01RSC04B01CC7,1990Q1,0.0195566,550.502
Industry groups,"Transport equipment, machinery and equipment manufacturing",SG01RSC04B01CC8,1990Q1,0.0239928,813.256
Industry groups,Furniture and other manufacturing,SG01RSC04B01CC9,1990Q1,0.0049279,163.297
Industry groups,"Electricity, gas, water, and waste services",SG01RSC04B01DD1,1990Q1,0.0311955,1155.023
Industry groups,Construction,SG01RSC04B01EE1,1990Q1,0.0476383,1492.418
Industry groups,Wholesale trade,SG01RSC04B01FF1,1990Q1,0.0522401,1638.633
Industry groups,Retail trade,SG01RSC04B01GH1,1990Q1,0.0467609,1151.259
Industry groups,Accommodation services,SG01RSC04B01GH2,1990Q1,0.0154254,631.829
Industry groups,"Transport, postal, and warehousing",SG01RSC04B01II1,1990Q1,0.0536872,1011.412
Industry groups,Information media and telecommunications,SG01RSC04B01JJ1,1990Q1,0.0404773,481.204
Industry groups,Financial and insurance services,SG01RSC04B01KK1,1990Q1,0.0472555,1352.866
Industry groups,"Rental, hiring, and real estate services",SG01RSC04B01LL1,1990Q1,0.0478143,1810.821
Industry groups,Ownership of owner-occupied dwellings,SG01RSC04B01LL2,1990Q1,0.0728304,1857.122
Industry groups,"Prof, scientific, and technical services",SG01RSC04B01MN1,1990Q1,0.0442026,1908.501
Industry groups,Administrative and support services,SG01RSC04B01MN2,1990Q1,0.0124781,517.323
Industry groups,Local Government administration,SG01RSC04B01OO1,1990Q1,0.0072256,232.505
Industry groups,"Central government administration, defence, and public safety",SG01RSC04B01OO2,1990Q1,0.0393886,1196.239
Industry groups,Education and training,SG01RSC04B01PP1,1990Q1,0.0399625,1477.816
Industry groups,Health care and social assistance,SG01RSC04B01QQ1,1990Q1,0.0408506,1355.115
Industry groups,Arts and recreation services,SG01RSC04B01RS1,1990Q1,0.0088215,317.164
Industry groups,Other services,SG01RSC04B01RS2,1990Q1,0.0164347,468.706
Industry groups,"GST, import duties, stamp duty",SG01RSC04B01UZ9,1990Q1,0.0694051,1876.530
Industry groups,Agriculture,SG01RSC04B01AA1,1990Q2,0.0450743,1620.593
Industry groups,Forestry and logging,SG01RSC04B01AA2,1990Q2,0.0078570,188.607
Industry groups,"Fishing, aquaculture and agriculture, forestry and fishing support services",SG01RSC04B01AA3,1990Q2,0.0069535,236.878
Industry groups,Mining,SG01RSC04B01BB1,1990Q2,0.0159853,472.795
Industry groups,"Food, beverage, and tobacco manufacturing",SG01RSC04B01CC1,1990Q2,0.0572454,1068.644
Industry groups,"Textile, leather, clothing, and footwear manufacturing",SG01RSC04B01CC2,1990Q2,0.0111690,247.564
Industry groups,Wood and paper products manufacturing,SG01RSC04B01CC3,1990Q2,0.0190326,364.846
Industry groups,Printing,SG01RSC04B01CC4,1990Q2,0.0069536,201.566
Industry groups,"Petroleum, chemical, polymer, and rubber product manufacturing",SG01RSC04B01CC5,1990Q2,0.0341953,796.957
Industry groups,Non-metallic mineral product manufacturing,SG01RSC04B01CC6,1990Q2,0.0054755,149.836
Industry groups,Metal product manufacturing,SG01RSC04B01CC7,1990Q2,0.0177113,531.685
Industry groups,"Transport equipment, machinery and equipment manufacturing",SG01RSC04B01CC8,1990Q2,0.0214918,784.538
Industry groups,Furniture and other manufacturing,SG01RSC04B01CC9,1990Q2,0.0046250,163.705
Industry groups,"Electricity, gas, water, and waste services",SG01RSC04B01DD1,1990Q2,0.0304128,1174.507
Industry groups,Construction,SG01RSC04B01EE1,1990Q2,0.0410605,1439.539
Industry groups,Wholesale trade,SG01RSC04B01FF1,1990Q2,0.0609452,1613.308
Industry groups,Retail trade,SG01RSC04B01GH1,1990Q2,0.0472265,1148.780
Industry groups,Accommodation services,SG01RSC04B01GH2,1990Q2,0.0149725,617.719
Industry groups,"Transport, postal, and warehousing",SG01RSC04B01II1,1990Q2,0.0516453,1019.268
Industry groups,Information media and telecommunications,SG01RSC04B01JJ1,1990Q2,0.0401594,478.030
Industry groups,Financial and insurance services,SG01RSC04B01KK1,1990Q2,0.0520924,1344.691
Industry groups,"Rental, hiring, and real estate services",SG01RSC04B01LL1,1990Q2,0.0469051,1818.959
Industry groups,Ownership of owner-occupied dwellings,SG01RSC04B01LL2,1990Q2,0.0798668,1891.478
Industry groups,"Prof, scientific, and technical services",SG01RSC04B01MN1,1990Q2,0.0434083,1843.277
Industry groups,Administrative and support services,SG01RSC04B01MN2,1990Q2,0.0121314,502.651
Industry groups,Local Government administration,SG01RSC04B01OO1,1990Q2,0.0076525,230.363
Industry groups,"Central government administration, defence, and public safety",SG01RSC04B01OO2,1990Q2,0.0399616,1198.541
Industry groups,Education and training,SG01RSC04B01PP1,1990Q2,0.0396665,1487.025
Industry groups,Health care and social assistance,SG01RSC04B01QQ1,1990Q2,0.0410972,1357.433
Industry groups,Arts and recreation services,SG01RSC04B01RS1,1990Q2,0.0091659,313.446
Industry groups,Other services,SG01RSC04B01RS2,1990Q2,0.0164699,450.737
Industry groups,"GST, import duties, stamp duty",SG01RSC04B01UZ9,1990Q2,0.0713906,1870.079
Industry groups,Agriculture,SG01RSC04B01AA1,1990Q3,0.0450743,1689.472
Industry groups,Forestry and logging,SG01RSC04B01AA2,1990Q3,0.0078570,191.465
Industry groups,"Fishing, aquaculture and agriculture, forestry and fishing support services",SG01RSC04B01AA3,1990Q3,0.0069535,257.411
Industry groups,Mining,SG01RSC04B01BB1,1990Q3,0.0159853,575.184
Industry groups,"Food, beverage, and tobacco manufacturing",SG01RSC04B01CC1,1990Q3,0.0572454,1092.664
Industry groups,"Textile, leather, clothing, and footwear manufacturing",SG01RSC04B01CC2,1990Q3,0.0111690,243.106
Industry groups,Wood and paper products manufacturing,SG01RSC04B01CC3,1990Q3,0.0190326,361.607
Industry groups,Printing,SG01RSC04B01CC4,1990Q3,0.0069536,203.567
Industry groups,"Petroleum, chemical, polymer, and rubber product manufacturing",SG01RSC04B01CC5,1990Q3,0.0341953,785.143
Industry groups,Non-metallic mineral product manufacturing,SG01RSC04B01CC6,1990Q3,0.0054755,157.707
Industry groups,Metal product manufacturing,SG01RSC04B01CC7,1990Q3,0.0177113,499.245
Industry groups,"Transport equipment, machinery and equipment manufacturing",SG01RSC04B01CC8,1990Q3,0.0214918,756.508
Industry groups,Furniture and other manufacturing,SG01RSC04B01CC9,1990Q3,0.0046250,157.451
Industry groups,"Electricity, gas, water, and waste services",SG01RSC04B01DD1,1990Q3,0.0304128,1203.813
Industry groups,Construction,SG01RSC04B01EE1,1990Q3,0.0410605,1325.243
Industry groups,Wholesale trade,SG01RSC04B01FF1,1990Q3,0.0609452,1644.015
Industry groups,Retail trade,SG01RSC04B01GH1,1990Q3,0.0472265,1143.459
Industry groups,Accommodation services,SG01RSC04B01GH2,1990Q3,0.0149725,608.130
Industry groups,"Transport, postal, and warehousing",SG01RSC04B01II1,1990Q3,0.0516453,1025.691
Industry groups,Information media and telecommunications,SG01RSC04B01JJ1,1990Q3,0.0401594,482.216
Industry groups,Financial and insurance services,SG01RSC04B01KK1,1990Q3,0.0520924,1363.098
Industry groups,"Rental, hiring, and real estate services",SG01RSC04B01LL1,1990Q3,0.0469051,1783.347
Industry groups,Ownership of owner-occupied dwellings,SG01RSC04B01LL2,1990Q3,0.0798668,1923.093
Industry groups,"Prof, scientific, and technical services",SG01RSC04B01MN1,1990Q3,0.0434083,1889.292
Industry groups,Administrative and support services,SG01RSC04B01MN2,1990Q3,0.0121314,504.076
Industry groups,Local Government administration,SG01RSC04B01OO1,1990Q3,0.0076525,227.405
Industry groups,"Central government administration, defence, and public safety",SG01RSC04B01OO2,1990Q3,0.0399616,1196.460
Industry groups,Education and training,SG01RSC04B01PP1,1990Q3,0.0396665,1498.642
Industry groups,Health care and social assistance,SG01RSC04B01QQ1,1990Q3,0.0410972,1371.333
Industry groups,Arts and recreation services,SG01RSC04B01RS1,1990Q3,0.0091659,313.965
Industry groups,Other services,SG01RSC04B01RS2,1990Q3,0.0164699,446.485
Industry groups,"GST, import duties, stamp duty",SG01RSC04B01UZ9,1990Q3,0.0713906,1884.286
Industry groups,Agriculture,SG01RSC04B01AA1,1990Q4,0.0450743,1779.132
Industry groups,Forestry and logging,SG01RSC04B01AA2,1990Q4,0.0078570,197.168
Industry groups,"Fishing, aquaculture and agriculture, forestry and fishing support services",SG01RSC04B01AA3,1990Q4,0.0069535,248.619
Industry groups,Mining,SG01RSC04B01BB1,1990Q4,0.0159853,652.973
Industry groups,"Food, beverage, and tobacco manufacturing",SG01RSC04B01CC1,1990Q4,0.0572454,1072.645
Industry groups,"Textile, leather, clothing, and footwear manufacturing",SG01RSC04B01CC2,1990Q4,0.0111690,257.712
Industry groups,Wood and paper products manufacturing,SG01RSC04B01CC3,1990Q4,0.0190326,359.833
Industry groups,Printing,SG01RSC04B01CC4,1990Q4,0.0069536,196.673
Industry groups,"Petroleum, chemical, polymer, and rubber product manufacturing",SG01RSC04B01CC5,1990Q4,0.0341953,806.863
Industry groups,Non-metallic mineral product manufacturing,SG01RSC04B01CC6,1990Q4,0.0054755,149.076
Industry groups,Metal product manufacturing,SG01RSC04B01CC7,1990Q4,0.0177113,507.390
Industry groups,"Transport equipment, machinery and equipment manufacturing",SG01RSC04B01CC8,1990Q4,0.0214918,766.289
Industry groups,Furniture and other manufacturing,SG01RSC04B01CC9,1990Q4,0.0046250,158.987
Industry groups,"Electricity, gas, water, and waste services",SG01RSC04B01DD1,1990Q4,0.0304128,1179.686
Industry groups,Construction,SG01RSC04B01EE1,1990Q4,0.0410605,1343.084
Industry groups,Wholesale trade,SG01RSC04B01FF1,1990Q4,0.0609452,1629.308
Industry groups,Retail trade,SG01RSC04B01GH1,1990Q4,0.0472265,1160.716
Industry groups,Accommodation services,SG01RSC04B01GH2,1990Q4,0.0149725,615.262
Industry groups,"Transport, postal, and warehousing",SG01RSC04B01II1,1990Q4,0.0516453,997.870
Industry groups,Information media and telecommunications,SG01RSC04B01JJ1,1990Q4,0.0401594,478.951
Industry groups,Financial and insurance services,SG01RSC04B01KK1,1990Q4,0.0520924,1378.690
Industry groups,"Rental, hiring, and real estate services",SG01RSC04B01LL1,1990Q4,0.0469051,1755.567
Industry groups,Ownership of owner-occupied dwellings,SG01RSC04B01LL2,1990Q4,0.0798668,1944.001
Industry groups,"Prof, scientific, and technical services",SG01RSC04B01MN1,1990Q4,0.0434083,1873.138
Industry groups,Administrative and support services,SG01RSC04B01MN2,1990Q4,0.0121314,502.327
Industry groups,Local Government administration,SG01RSC04B01OO1,1990Q4,0.0076525,222.518
Industry groups,"Central government administration, defence, and public safety",SG01RSC04B01OO2,1990Q4,0.0399616,1222.808
Industry groups,Education and training,SG01RSC04B01PP1,1990Q4,0.0396665,1513.115
Industry groups,Health care and social assistance,SG01RSC04B01QQ1,1990Q4,0.0410972,1395.094
Industry groups,Arts and recreation services,SG01RSC04B01RS1,1990Q4,0.0091659,304.089
Industry groups,Other services,SG01RSC04B01RS2,1990Q4,0.0164699,454.474
Industry groups,"GST, import duties, stamp duty",SG01RSC04B01UZ9,1990Q4,0.0713906,1879.979
Industry groups,Agriculture,SG01RSC04B01AA1,1991Q1,0.0450743,1772.528
Industry groups,Forestry and logging,SG01RSC04B01AA2,1991Q1,0.0078570,194.810
Industry groups,"Fishing, aquaculture and agriculture, forestry and fishing support services",SG01RSC04B01AA3,1991Q1,0.0069535,240.911
Industry groups,Mining,SG01RSC04B01BB1,1991Q1,0.0159853,558.377
Industry groups,"Food, beverage, and tobacco manufacturing",SG01RSC04B01CC1,1991Q1,0.0572454,1037.692
Industry groups,"Textile, leather, clothing, and footwear manufacturing",SG01RSC04B01CC2,1991Q1,0.0111690,287.626
Industry groups,Wood and paper products manufacturing,SG01RSC04B01CC3,1991Q1,0.0190326,351.614
Industry groups,Printing,SG01RSC04B01CC4,1991Q1,0.0069536,194.174
Industry groups,"Petroleum, chemical, polymer, and rubber product manufacturing",SG01RSC04B01CC5,1991Q1,0.0341953,727.736
Industry groups,Non-metallic mineral product manufacturing,SG01RSC04B01CC6,1991Q1,0.0054755,138.208
Industry groups,Metal product manufacturing,SG01RSC04B01CC7,1991Q1,0.0177113,475.440
Industry groups,"Transport equipment, machinery and equipment manufacturing",SG01RSC04B01CC8,1991Q1,0.0214918,731.917
Industry groups,Furniture and other manufacturing,SG01RSC04B01CC9,1991Q1,0.0046250,151.724
Industry groups,"Electricity, gas, water, and waste services",SG01RSC04B01DD1,1991Q1,0.0304128,1146.573
Industry groups,Construction,SG01RSC04B01EE1,1991Q1,0.0410605,1297.090
Industry groups,Wholesale trade,SG01RSC04B01FF1,1991Q1,0.0609452,1531.503
Industry groups,Retail trade,SG01RSC04B01GH1,1991Q1,0.0472265,1122.836
Industry groups,Accommodation services,SG01RSC04B01GH2,1991Q1,0.0149725,603.229
Industry groups,"Transport, postal, and warehousing",SG01RSC04B01II1,1991Q1,0.0516453,1008.791
Industry groups,Information media and telecommunications,SG01RSC04B01JJ1,1991Q1,0.0401594,482.910
Industry groups,Financial and insurance services,SG01RSC04B01KK1,1991Q1,0.0520924,1379.457
Industry groups,"Rental, hiring, and real estate services",SG01RSC04B01LL1,1991Q1,0.0469051,1752.512
Industry groups,Ownership of owner-occupied dwellings,SG01RSC04B01LL2,1991Q1,0.0798668,1964.645
Industry groups,"Prof, scientific, and technical services",SG01RSC04B01MN1,1991Q1,0.0434083,1879.624
Industry groups,Administrative and support services,SG01RSC04B01MN2,1991Q1,0.0121314,511.887
Industry groups,Local Government administration,SG01RSC04B01OO1,1991Q1,0.0076525,216.944
Industry groups,"Central government administration, defence, and public safety",SG01RSC04B01OO2,1991Q1,0.0399616,1181.414
Industry groups,Education and training,SG01RSC04B01PP1,1991Q1,0.0396665,1528.997
Industry groups,Health care and social assistance,SG01RSC04B01QQ1,1991Q1,0.0410972,1417.150
Industry groups,Arts and recreation services,SG01RSC04B01RS1,1991Q1,0.0091659,329.815
Industry groups,Other services,SG01RSC04B01RS2,1991Q1,0.0164699,463.567
Industry groups,"GST, import duties, stamp duty",SG01RSC04B01UZ9,1991Q1,0.0713906,1816.478
Industry groups,Agriculture,SG01RSC04B01AA1,1991Q2,0.0525629,1826.837
Industry groups,Forestry and logging,SG01RSC04B01AA2,1991Q2,0.0092103,193.080
Industry groups,"Fishing, aquaculture and agriculture, forestry and fishing support services",SG01RSC04B01AA3,1991Q2,0.0071130,241.344
Industry groups,Mining,SG01RSC04B01BB1,1991Q2,0.0148126,596.647
Industry groups,"Food, beverage, and tobacco manufacturing",SG01RSC04B01CC1,1991Q2,0.0599548,1038.496
Industry groups,"Textile, leather, clothing, and footwear manufacturing",SG01RSC04B01CC2,1991Q2,0.0111605,243.277
Industry groups,Wood and paper products manufacturing,SG01RSC04B01CC3,1991Q2,0.0191491,350.173
Industry groups,Printing,SG01RSC04B01CC4,1991Q2,0.0069472,185.527
Industry groups,"Petroleum, chemical, polymer, and rubber product manufacturing",SG01RSC04B01CC5,1991Q2,0.0335928,724.698
Industry groups,Non-metallic mineral product manufacturing,SG01RSC04B01CC6,1991Q2,0.0049593,134.128
Industry groups,Metal product manufacturing,SG01RSC04B01CC7,1991Q2,0.0171835,447.570
Industry groups,"Transport equipment, machinery and equipment manufacturing",SG01RSC04B01CC8,1991Q2,0.0214420,679.485
Industry groups,Furniture and other manufacturing,SG01RSC04B01CC9,1991Q2,0.0042566,151.685
Industry groups,"Electricity, gas, water, and waste services",SG01RSC04B01DD1,1991Q2,0.0307215,1176.910
Industry groups,Construction,SG01RSC04B01EE1,1991Q2,0.0356918,1176.939
Industry groups,Wholesale trade,SG01RSC04B01FF1,1991Q2,0.0481044,1488.632
Industry groups,Retail trade,SG01RSC04B01GH1,1991Q2,0.0455394,1115.159
Industry groups,Accommodation services,SG01RSC04B01GH2,1991Q2,0.0144182,595.165
Industry groups,"Transport, postal, and warehousing",SG01RSC04B01II1,1991Q2,0.0518027,1029.265
Industry groups,Information media and telecommunications,SG01RSC04B01JJ1,1991Q2,0.0424866,484.307
Industry groups,Financial and insurance services,SG01RSC04B01KK1,1991Q2,0.0497001,1386.307
Industry groups,"Rental, hiring, and real estate services",SG01RSC04B01LL1,1991Q2,0.0482040,1774.213
Industry groups,Ownership of owner-occupied dwellings,SG01RSC04B01LL2,1991Q2,0.0838936,1979.258
Industry groups,"Prof, scientific, and technical services",SG01RSC04B01MN1,1991Q2,0.0448212,1875.109
Industry groups,Administrative and support services,SG01RSC04B01MN2,1991Q2,0.0125924,507.472
Industry groups,Local Government administration,SG01RSC04B01OO1,1991Q2,0.0067990,206.967
Industry groups,"Central government administration, defence, and public safety",SG01RSC04B01OO2,1991Q2,0.0401708,1169.665
Industry groups,Education and training,SG01RSC04B01PP1,1991Q2,0.0410382,1550.572
Industry groups,Health care and social assistance,SG01RSC04B01QQ1,1991Q2,0.0444184,1404.066
Industry groups,Arts and recreation services,SG01RSC04B01RS1,1991Q2,0.0098109,319.967
Industry groups,Other services,SG01RSC04B01RS2,1991Q2,0.0168451,448.020
Industry groups,"GST, import duties, stamp duty",SG01RSC04B01UZ9,1991Q2,0.0705969,1794.937
Industry groups,Agriculture,SG01RSC04B01AA1,1991Q3,0.0525629,1793.701
Industry groups,Forestry and logging,SG01RSC04B01AA2,1991Q3,0.0092103,199.412
Industry groups,"Fishing, aquaculture and agriculture, forestry and fishing support services",SG01RSC04B01AA3,1991Q3,0.0071130,238.053
Industry groups,Mining,SG01RSC04B01BB1,1991Q3,0.0148126,618.019
Industry groups,"Food, beverage, and tobacco manufacturing",SG01RSC04B01CC1,1991Q3,0.0599548,1088.752
Industry groups,"Textile, leather, clothing, and footwear manufacturing",SG01RSC04B01CC2,1991Q3,0.0111605,268.921
Industry groups,Wood and paper products manufacturing,SG01RSC04B01CC3,1991Q3,0.0191491,359.944
Industry groups,Printing,SG01RSC04B01CC4,1991Q3,0.0069472,188.819
Industry groups,"Petroleum, chemical, polymer, and rubber product manufacturing",SG01RSC04B01CC5,1991Q3,0.0335928,745.294
Industry groups,Non-metallic mineral product manufacturing,SG01RSC04B01CC6,1991Q3,0.0049593,130.858
Industry groups,Metal product manufacturing,SG01RSC04B01CC7,1991Q3,0.0171835,462.712
Industry groups,"Transport equipment, machinery and equipment manufacturing",SG01RSC04B01CC8,1991Q3,0.0214420,685.688
Industry groups,Furniture and other manufacturing,SG01RSC04B01CC9,1991Q3,0.0042566,154.870
Industry groups,"Electricity, gas, water, and waste services",SG01RSC04B01DD1,1991Q3,0.0307215,1147.873
Industry groups,Construction,SG01RSC04B01EE1,1991Q3,0.0356918,1117.407
Industry groups,Wholesale trade,SG01RSC04B01FF1,1991Q3,0.0481044,1493.358
Industry groups,Retail trade,SG01RSC04B01GH1,1991Q3,0.0455394,1118.770
Industry groups,Accommodation services,SG01RSC04B01GH2,1991Q3,0.0144182,585.094
Industry groups,"Transport, postal, and warehousing",SG01RSC04B01II1,1991Q3,0.0518027,1018.640
Industry groups,Information media and telecommunications,SG01RSC04B01JJ1,1991Q3,0.0424866,491.679
Industry groups,Financial and insurance services,SG01RSC04B01KK1,1991Q3,0.0497001,1407.472
Industry groups,"Rental, hiring, and real estate services",SG01RSC04B01LL1,1991Q3,0.0482040,1768.888
Industry groups,Ownership of owner-occupied dwellings,SG01RSC04B01LL2,1991Q3,0.0838936,1984.001
Industry groups,"Prof, scientific, and technical services",SG01RSC04B01MN1,1991Q3,0.0448212,1811.097
Industry groups,Administrative and support services,SG01RSC04B01MN2,1991Q3,0.0125924,498.433
Industry groups,Local Government administration,SG01RSC04B01OO1,1991Q3,0.0067990,199.667
Industry groups,"Central government administration, defence, and public safety",SG01RSC04B01OO2,1991Q3,0.0401708,1161.175
Industry groups,Education and training,SG01RSC04B01PP1,1991Q3,0.0410382,1568.577
Industry groups,Health care and social assistance,SG01RSC04B01QQ1,1991Q3,0.0444184,1393.247
Industry groups,Arts and recreation services,SG01RSC04B01RS1,1991Q3,0.0098109,321.827
Industry groups,Other services,SG01RSC04B01RS2,1991Q3,0.0168451,445.520
Industry groups,"GST, import duties, stamp duty",SG01RSC04B01UZ9,1991Q3,0.0705969,1801.105
Industry groups,Agriculture,SG01RSC04B01AA1,1991Q4,0.0525629,1700.713
Industry groups,Forestry and logging,SG01RSC04B01AA2,1991Q4,0.0092103,198.933
Industry groups,"Fishing, aquaculture and agriculture, forestry and fishing support services",SG01RSC04B01AA3,1991Q4,0.0071130,256.074
Industry groups,Mining,SG01RSC04B01BB1,1991Q4,0.0148126,565.163
Industry groups,"Food, beverage, and tobacco manufacturing",SG01RSC04B01CC1,1991Q4,0.0599548,1109.885
Industry groups,"Textile, leather, clothing, and footwear manufacturing",SG01RSC04B01CC2,1991Q4,0.0111605,281.897
Industry groups,Wood and paper products manufacturing,SG01RSC04B01CC3,1991Q4,0.0191491,369.871
Industry groups,Printing,SG01RSC04B01CC4,1991Q4,0.0069472,188.332
Industry groups,"Petroleum, chemical, polymer, and rubber product manufacturing",SG01RSC04B01CC5,1991Q4,0.0335928,756.027
Industry groups,Non-metallic mineral product manufacturing,SG01RSC04B01CC6,1991Q4,0.0049593,140.617
Industry groups,Metal product manufacturing,SG01RSC04B01CC7,1991Q4,0.0171835,471.381
Industry groups,"Transport equipment, machinery and equipment manufacturing",SG01RSC04B01CC8,1991Q4,0.0214420,684.028
Industry groups,Furniture and other manufacturing,SG01RSC04B01CC9,1991Q4,0.0042566,153.711
Industry groups,"Electricity, gas, water, and waste services",SG01RSC04B01DD1,1991Q4,0.0307215,1179.552
Industry groups,Construction,SG01RSC04B01EE1,1991Q4,0.0356918,1113.871
Industry groups,Wholesale trade,SG01RSC04B01FF1,1991Q4,0.0481044,1496.574
Industry groups,Retail trade,SG01RSC04B01GH1,1991Q4,0.0455394,1108.278
Industry groups,Accommodation services,SG01RSC04B01GH2,1991Q4,0.0144182,591.436
Industry groups,"Transport, postal, and warehousing",SG01RSC04B01II1,1991Q4,0.0518027,1100.728
Industry groups,Information media and telecommunications,SG01RSC04B01JJ1,1991Q4,0.0424866,501.470
Industry groups,Financial and insurance services,SG01RSC04B01KK1,1991Q4,0.0497001,1424.997
Industry groups,"Rental, hiring, and real estate services",SG01RSC04B01LL1,1991Q4,0.0482040,1770.145
Industry groups,Ownership of owner-occupied dwellings,SG01RSC04B01LL2,1991Q4,0.0838936,1978.672
Industry groups,"Prof, scientific, and technical services",SG01RSC04B01MN1,1991Q4,0.0448212,1800.178
Industry groups,Administrative and support services,SG01RSC04B01MN2,1991Q4,0.0125924,506.102
Industry groups,Local Government administration,SG01RSC04B01OO1,1991Q4,0.0067990,191.946
Industry groups,"Central government administration, defence, and public safety",SG01RSC04B01OO2,1991Q4,0.0401708,1177.775
Industry groups,Education and training,SG01RSC04B01PP1,1991Q4,0.0410382,1583.865
Industry groups,Health care and social assistance,SG01RSC04B01QQ1,1991Q4,0.0444184,1401.493
Industry groups,Arts and recreation services,SG01RSC04B01RS1,1991Q4,0.0098109,318.302
Industry groups,Other services,SG01RSC04B01RS2,1991Q4,0.0168451,439.782
Industry groups,"GST, import duties, stamp duty",SG01RSC04B01UZ9,1991Q4,0.0705969,1825.152
Industry groups,Agriculture,SG01RSC04B01AA1,1992Q1,0.0525629,1649.709
Industry groups,Forestry and logging,SG01RSC04B01AA2,1992Q1,0.0092103,198.980
Industry groups,"Fishing, aquaculture and agriculture, forestry and fishing support services",SG01RSC04B01AA3,1992Q1,0.0071130,267.221
Industry groups,Mining,SG01RSC04B01BB1,1992Q1,0.0148126,600.489
Industry groups,"Food, beverage, and tobacco manufacturing",SG01RSC04B01CC1,1992Q1,0.0599548,1112.312
Industry groups,"Textile, leather, clothing, and footwear manufacturing",SG01RSC04B01CC2,1992Q1,0.0111605,262.911
Industry groups,Wood and paper products manufacturing,SG01RSC04B01CC3,1992Q1,0.0191491,373.890
Industry groups,Printing,SG01RSC04B01CC4,1992Q1,0.0069472,199.770
Industry groups,"Petroleum, chemical, polymer, and rubber product manufacturing",SG01RSC04B01CC5,1992Q1,0.0335928,756.175
Industry groups,Non-metallic mineral product manufacturing,SG01RSC04B01CC6,1992Q1,0.0049593,141.214
Industry groups,Metal product manufacturing,SG01RSC04B01CC7,1992Q1,0.0171835,481.276
Industry groups,"Transport equipment, machinery and equipment manufacturing",SG01RSC04B01CC8,1992Q1,0.0214420,705.616
Industry groups,Furniture and other manufacturing,SG01RSC04B01CC9,1992Q1,0.0042566,156.115
Industry groups,"Electricity, gas, water, and waste services",SG01RSC04B01DD1,1992Q1,0.0307215,1169.003
Industry groups,Construction,SG01RSC04B01EE1,1992Q1,0.0356918,1205.016
Industry groups,Wholesale trade,SG01RSC04B01FF1,1992Q1,0.0481044,1474.254
Industry groups,Retail trade,SG01RSC04B01GH1,1992Q1,0.0455394,1130.704
Industry groups,Accommodation services,SG01RSC04B01GH2,1992Q1,0.0144182,611.431
Industry groups,"Transport, postal, and warehousing",SG01RSC04B01II1,1992Q1,0.0518027,1043.374
Industry groups,Information media and telecommunications,SG01RSC04B01JJ1,1992Q1,0.0424866,511.133
Industry groups,Financial and insurance services,SG01RSC04B01KK1,1992Q1,0.0497001,1428.894
Industry groups,"Rental, hiring, and real estate services",SG01RSC04B01LL1,1992Q1,0.0482040,1776.275
Industry groups,Ownership of owner-occupied dwellings,SG01RSC04B01LL2,1992Q1,0.0838936,1971.087
Industry groups,"Prof, scientific, and technical services",SG01RSC04B01MN1,1992Q1,0.0448212,1847.436
Industry groups,Administrative and support services,SG01RSC04B01MN2,1992Q1,0.0125924,512.742
Industry groups,Local Government administration,SG01RSC04B01OO1,1992Q1,0.0067990,184.082
Industry groups,"Central government administration, defence, and public safety",SG01RSC04B01OO2,1992Q1,0.0401708,1168.346
Industry groups,Education and training,SG01RSC04B01PP1,1992Q1,0.0410382,1594.250
Industry groups,Health care and social assistance,SG01RSC04B01QQ1,1992Q1,0.0444184,1410.229
Industry groups,Arts and recreation services,SG01RSC04B01RS1,1992Q1,0.0098109,329.753
Industry groups,Other services,SG01RSC04B01RS2,1992Q1,0.0168451,455.629
Industry groups,"GST, import duties, stamp duty",SG01RSC04B01UZ9,1992Q1,0.0705969,1870.276
Industry groups,Agriculture,SG01RSC04B01AA1,1992Q2,0.0477843,1486.884
Industry groups,Forestry and logging,SG01RSC04B01AA2,1992Q2,0.0107649,195.929
Industry groups,"Fishing, aquaculture and agriculture, forestry and fishing support services",SG01RSC04B01AA3,1992Q2,0.0086178,266.513
Industry groups,Mining,SG01RSC04B01BB1,1992Q2,0.0152170,680.636
Industry groups,"Food, beverage, and tobacco manufacturing",SG01RSC04B01CC1,1992Q2,0.0573350,1113.155
Industry groups,"Textile, leather, clothing, and footwear manufacturing",SG01RSC04B01CC2,1992Q2,0.0108445,261.948
Industry groups,Wood and paper products manufacturing,SG01RSC04B01CC3,1992Q2,0.0186234,373.375
Industry groups,Printing,SG01RSC04B01CC4,1992Q2,0.0067534,198.973
Industry groups,"Petroleum, chemical, polymer, and rubber product manufacturing",SG01RSC04B01CC5,1992Q2,0.0347514,807.048
Industry groups,Non-metallic mineral product manufacturing,SG01RSC04B01CC6,1992Q2,0.0053183,143.621
Industry groups,Metal product manufacturing,SG01RSC04B01CC7,1992Q2,0.0197623,494.229
Industry groups,"Transport equipment, machinery and equipment manufacturing",SG01RSC04B01CC8,1992Q2,0.0210493,700.668
Industry groups,Furniture and other manufacturing,SG01RSC04B01CC9,1992Q2,0.0046881,155.795
Industry groups,"Electricity, gas, water, and waste services",SG01RSC04B01DD1,1992Q2,0.0304391,1140.709
Industry groups,Construction,SG01RSC04B01EE1,1992Q2,0.0348169,1128.077
Industry groups,Wholesale trade,SG01RSC04B01FF1,1992Q2,0.0498079,1559.451
Industry groups,Retail trade,SG01RSC04B01GH1,1992Q2,0.0472567,1126.204
Industry groups,Accommodation services,SG01RSC04B01GH2,1992Q2,0.0155128,600.989
Industry groups,"Transport, postal, and warehousing",SG01RSC04B01II1,1992Q2,0.0521696,1039.586
Industry groups,Information media and telecommunications,SG01RSC04B01JJ1,1992Q2,0.0417875,513.145
Industry groups,Financial and insurance services,SG01RSC04B01KK1,1992Q2,0.0489984,1438.233
Industry groups,"Rental, hiring, and real estate services",SG01RSC04B01LL1,1992Q2,0.0500051,1782.433
Industry groups,Ownership of owner-occupied dwellings,SG01RSC04B01LL2,1992Q2,0.0787302,1953.906
Industry groups,"Prof, scientific, and technical services",SG01RSC04B01MN1,1992Q2,0.0459613,1845.246
Industry groups,Administrative and support services,SG01RSC04B01MN2,1992Q2,0.0129777,510.050
Industry groups,Local Government administration,SG01RSC04B01OO1,1992Q2,0.0055929,172.281
Industry groups,"Central government administration, defence, and public safety",SG01RSC04B01OO2,1992Q2,0.0398764,1184.351
Industry groups,Education and training,SG01RSC04B01PP1,1992Q2,0.0412847,1603.255
Industry groups,Health care and social assistance,SG01RSC04B01QQ1,1992Q2,0.0444452,1418.698
Industry groups,Arts and recreation services,SG01RSC04B01RS1,1992Q2,0.0108890,330.665
Industry groups,Other services,SG01RSC04B01RS2,1992Q2,0.0172186,436.873
Industry groups,"GST, import duties, stamp duty",SG01RSC04B01UZ9,1992Q2,0.0707207,1823.959
Industry groups,Agriculture,SG01RSC04B01AA1,1992Q3,0.0477843,1403.139
Industry groups,Forestry and logging,SG01RSC04B01AA2,1992Q3,0.0107649,187.233
Industry groups,"Fishing, aquaculture and agriculture, forestry and fishing support services",SG01RSC04B01AA3,1992Q3,0.0086178,265.801
Industry groups,Mining,SG01RSC04B01BB1,1992Q3,0.0152170,608.261
Industry groups,"Food, beverage, and tobacco manufacturing",SG01RSC04B01CC1,1992Q3,0.0573350,1103.016
Industry groups,"Textile, leather, clothing, and footwear manufacturing",SG01RSC04B01CC2,1992Q3,0.0108445,268.980
Industry groups,Wood and paper products manufacturing,SG01RSC04B01CC3,1992Q3,0.0186234,350.601
Industry groups,Printing,SG01RSC04B01CC4,1992Q3,0.0067534,174.034
Industry groups,"Petroleum, chemical, polymer, and rubber product manufacturing",SG01RSC04B01CC5,1992Q3,0.0347514,800.100
Industry groups,Non-metallic mineral product manufacturing,SG01RSC04B01CC6,1992Q3,0.0053183,142.023
Industry groups,Metal product manufacturing,SG01RSC04B01CC7,1992Q3,0.0197623,491.051
Industry groups,"Transport equipment, machinery and equipment manufacturing",SG01RSC04B01CC8,1992Q3,0.0210493,701.799
Industry groups,Furniture and other manufacturing,SG01RSC04B01CC9,1992Q3,0.0046881,160.614
Industry groups,"Electricity, gas, water, and waste services",SG01RSC04B01DD1,1992Q3,0.0304391,1035.724
Industry groups,Construction,SG01RSC04B01EE1,1992Q3,0.0348169,1108.418
Industry groups,Wholesale trade,SG01RSC04B01FF1,1992Q3,0.0498079,1529.017
Industry groups,Retail trade,SG01RSC04B01GH1,1992Q3,0.0472567,1132.319
Industry groups,Accommodation services,SG01RSC04B01GH2,1992Q3,0.0155128,620.466
Industry groups,"Transport, postal, and warehousing",SG01RSC04B01II1,1992Q3,0.0521696,1076.227
Industry groups,Information media and telecommunications,SG01RSC04B01JJ1,1992Q3,0.0417875,507.909
Industry groups,Financial and insurance services,SG01RSC04B01KK1,1992Q3,0.0489984,1446.626
Industry groups,"Rental, hiring, and real estate services",SG01RSC04B01LL1,1992Q3,0.0500051,1774.909
Industry groups,Ownership of owner-occupied dwellings,SG01RSC04B01LL2,1992Q3,0.0787302,1932.475
Industry groups,"Prof, scientific, and technical services",SG01RSC04B01MN1,1992Q3,0.0459613,1833.550
Industry groups,Administrative and support services,SG01RSC04B01MN2,1992Q3,0.0129777,508.073
Industry groups,Local Government administration,SG01RSC04B01OO1,1992Q3,0.0055929,163.216
Industry groups,"Central government administration, defence, and public safety",SG01RSC04B01OO2,1992Q3,0.0398764,1202.455
Industry groups,Education and training,SG01RSC04B01PP1,1992Q3,0.0412847,1613.883
Industry groups,Health care and social assistance,SG01RSC04B01QQ1,1992Q3,0.0444452,1440.379
Industry groups,Arts and recreation services,SG01RSC04B01RS1,1992Q3,0.0108890,332.533
Industry groups,Other services,SG01RSC04B01RS2,1992Q3,0.0172186,440.480
Industry groups,"GST, import duties, stamp duty",SG01RSC04B01UZ9,1992Q3,0.0707207,1839.889
Industry groups,Agriculture,SG01RSC04B01AA1,1992Q4,0.0477843,1380.880
Industry groups,Forestry and logging,SG01RSC04B01AA2,1992Q4,0.0107649,201.798
Industry groups,"Fishing, aquaculture and agriculture, forestry and fishing support services",SG01RSC04B01AA3,1992Q4,0.0086178,286.252
Industry groups,Mining,SG01RSC04B01BB1,1992Q4,0.0152170,544.824
Industry groups,"Food, beverage, and tobacco manufacturing",SG01RSC04B01CC1,1992Q4,0.0573350,1079.779
Industry groups,"Textile, leather, clothing, and footwear manufacturing",SG01RSC04B01CC2,1992Q4,0.0108445,255.468
Industry groups,Wood and paper products manufacturing,SG01RSC04B01CC3,1992Q4,0.0186234,393.067
Industry groups,Printing,SG01RSC04B01CC4,1992Q4,0.0067534,195.579
Industry groups,"Petroleum, chemical, polymer, and rubber product manufacturing",SG01RSC04B01CC5,1992Q4,0.0347514,812.697
Industry groups,Non-metallic mineral product manufacturing,SG01RSC04B01CC6,1992Q4,0.0053183,156.702
Industry groups,Metal product manufacturing,SG01RSC04B01CC7,1992Q4,0.0197623,505.098
Industry groups,"Transport equipment, machinery and equipment manufacturing",SG01RSC04B01CC8,1992Q4,0.0210493,714.893
Industry groups,Furniture and other manufacturing,SG01RSC04B01CC9,1992Q4,0.0046881,166.638
Industry groups,"Electricity, gas, water, and waste services",SG01RSC04B01DD1,1992Q4,0.0304391,1181.674
Industry groups,Construction,SG01RSC04B01EE1,1992Q4,0.0348169,1135.354
Industry groups,Wholesale trade,SG01RSC04B01FF1,1992Q4,0.0498079,1516.882
Industry groups,Retail trade,SG01RSC04B01GH1,1992Q4,0.0472567,1147.209
Industry groups,Accommodation services,SG01RSC04B01GH2,1992Q4,0.0155128,636.986
Industry groups,"Transport, postal, and warehousing",SG01RSC04B01II1,1992Q4,0.0521696,1129.666
Industry groups,Information media and telecommunications,SG01RSC04B01JJ1,1992Q4,0.0417875,523.050
Industry groups,Financial and insurance services,SG01RSC04B01KK1,1992Q4,0.0489984,1436.139
Industry groups,"Rental, hiring, and real estate services",SG01RSC04B01LL1,1992Q4,0.0500051,1789.282
Industry groups,Ownership of owner-occupied dwellings,SG01RSC04B01LL2,1992Q4,0.0787302,1936.308
Industry groups,"Prof, scientific, and technical services",SG01RSC04B01MN1,1992Q4,0.0459613,1856.335
Industry groups,Administrative and support services,SG01RSC04B01MN2,1992Q4,0.0129777,522.845
Industry groups,Local Government administration,SG01RSC04B01OO1,1992Q4,0.0055929,162.162
Industry groups,"Central government administration, defence, and public safety",SG01RSC04B01OO2,1992Q4,0.0398764,1202.692
Industry groups,Education and training,SG01RSC04B01PP1,1992Q4,0.0412847,1628.053
Industry groups,Health care and social assistance,SG01RSC04B01QQ1,1992Q4,0.0444452,1443.817
Industry groups,Arts and recreation services,SG01RSC04B01RS1,1992Q4,0.0108890,336.587
Industry groups,Other services,SG01RSC04B01RS2,1992Q4,0.0172186,455.371
Industry groups,"GST, import duties, stamp duty",SG01RSC04B01UZ9,1992Q4,0.0707207,1867.243
Industry groups,Agriculture,SG01RSC04B01AA1,1993Q1,0.0477843,1443.102
Industry groups,Forestry and logging,SG01RSC04B01AA2,1993Q1,0.0107649,205.250
Industry groups,"Fishing, aquaculture and agriculture, forestry and fishing support services",SG01RSC04B01AA3,1993Q1,0.0086178,289.896
Industry groups,Mining,SG01RSC04B01BB1,1993Q1,0.0152170,607.204
Industry groups,"Food, beverage, and tobacco manufacturing",SG01RSC04B01CC1,1993Q1,0.0573350,1148.025
Industry groups,"Textile, leather, clothing, and footwear manufacturing",SG01RSC04B01CC2,1993Q1,0.0108445,270.096
Industry groups,Wood and paper products manufacturing,SG01RSC04B01CC3,1993Q1,0.0186234,379.814
Industry groups,Printing,SG01RSC04B01CC4,1993Q1,0.0067534,187.110
Industry groups,"Petroleum, chemical, polymer, and rubber product manufacturing",SG01RSC04B01CC5,1993Q1,0.0347514,833.962
Industry groups,Non-metallic mineral product manufacturing,SG01RSC04B01CC6,1993Q1,0.0053183,159.253
Industry groups,Metal product manufacturing,SG01RSC04B01CC7,1993Q1,0.0197623,519.493
Industry groups,"Transport equipment, machinery and equipment manufacturing",SG01RSC04B01CC8,1993Q1,0.0210493,715.264
Industry groups,Furniture and other manufacturing,SG01RSC04B01CC9,1993Q1,0.0046881,175.105
Industry groups,"Electricity, gas, water, and waste services",SG01RSC04B01DD1,1993Q1,0.0304391,1198.045
Industry groups,Construction,SG01RSC04B01EE1,1993Q1,0.0348169,1154.633
Industry groups,Wholesale trade,SG01RSC04B01FF1,1993Q1,0.0498079,1518.302
Industry groups,Retail trade,SG01RSC04B01GH1,1993Q1,0.0472567,1158.073
Industry groups,Accommodation services,SG01RSC04B01GH2,1993Q1,0.0155128,629.069
Industry groups,"Transport, postal, and warehousing",SG01RSC04B01II1,1993Q1,0.0521696,1159.311
Industry groups,Information media and telecommunications,SG01RSC04B01JJ1,1993Q1,0.0417875,529.418
Industry groups,Financial and insurance services,SG01RSC04B01KK1,1993Q1,0.0489984,1447.117
Industry groups,"Rental, hiring, and real estate services",SG01RSC04B01LL1,1993Q1,0.0500051,1812.558
Industry groups,Ownership of owner-occupied dwellings,SG01RSC04B01LL2,1993Q1,0.0787302,1952.543
Industry groups,"Prof, scientific, and technical services",SG01RSC04B01MN1,1993Q1,0.0459613,1890.191
Industry groups,Administrative and support services,SG01RSC04B01MN2,1993Q1,0.0129777,537.792
Industry groups,Local Government administration,SG01RSC04B01OO1,1993Q1,0.0055929,161.172
Industry groups,"Central government administration, defence, and public safety",SG01RSC04B01OO2,1993Q1,0.0398764,1197.144
Industry groups,Education and training,SG01RSC04B01PP1,1993Q1,0.0412847,1643.999
Industry groups,Health care and social assistance,SG01RSC04B01QQ1,1993Q1,0.0444452,1460.450
Industry groups,Arts and recreation services,SG01RSC04B01RS1,1993Q1,0.0108890,363.477
Industry groups,Other services,SG01RSC04B01RS2,1993Q1,0.0172186,486.995
Industry groups,"GST, import duties, stamp duty",SG01RSC04B01UZ9,1993Q1,0.0707207,1869.243
Industry groups,Agriculture,SG01RSC04B01AA1,1993Q2,0.0507368,1595.532
Industry groups,Forestry and logging,SG01RSC04B01AA2,1993Q2,0.0134082,209.934
Industry groups,"Fishing, aquaculture and agriculture, forestry and fishing support services",SG01RSC04B01AA3,1993Q2,0.0091133,290.162
Industry groups,Mining,SG01RSC04B01BB1,1993Q2,0.0137555,626.491
Industry groups,"Food, beverage, and tobacco manufacturing",SG01RSC04B01CC1,1993Q2,0.0553027,1145.641
Industry groups,"Textile, leather, clothing, and footwear manufacturing",SG01RSC04B01CC2,1993Q2,0.0107858,276.824
Industry groups,Wood and paper products manufacturing,SG01RSC04B01CC3,1993Q2,0.0180469,395.717
Industry groups,Printing,SG01RSC04B01CC4,1993Q2,0.0068038,193.777
Industry groups,"Petroleum, chemical, polymer, and rubber product manufacturing",SG01RSC04B01CC5,1993Q2,0.0364135,847.471
Industry groups,Non-metallic mineral product manufacturing,SG01RSC04B01CC6,1993Q2,0.0058345,155.702
Industry groups,Metal product manufacturing,SG01RSC04B01CC7,1993Q2,0.0200692,553.070
Industry groups,"Transport equipment, machinery and equipment manufacturing",SG01RSC04B01CC8,1993Q2,0.0214171,751.210
Industry groups,Furniture and other manufacturing,SG01RSC04B01CC9,1993Q2,0.0047012,172.267
Industry groups,"Electricity, gas, water, and waste services",SG01RSC04B01DD1,1993Q2,0.0305941,1183.896
Industry groups,Construction,SG01RSC04B01EE1,1993Q2,0.0359270,1202.031
Industry groups,Wholesale trade,SG01RSC04B01FF1,1993Q2,0.0550565,1578.559
Industry groups,Retail trade,SG01RSC04B01GH1,1993Q2,0.0467911,1178.713
Industry groups,Accommodation services,SG01RSC04B01GH2,1993Q2,0.0164506,631.530
Industry groups,"Transport, postal, and warehousing",SG01RSC04B01II1,1993Q2,0.0518636,1185.924
Industry groups,Information media and telecommunications,SG01RSC04B01JJ1,1993Q2,0.0397334,533.609
Industry groups,Financial and insurance services,SG01RSC04B01KK1,1993Q2,0.0450688,1477.453
Industry groups,"Rental, hiring, and real estate services",SG01RSC04B01LL1,1993Q2,0.0493695,1830.891
Industry groups,Ownership of owner-occupied dwellings,SG01RSC04B01LL2,1993Q2,0.0740884,1973.274
Industry groups,"Prof, scientific, and technical services",SG01RSC04B01MN1,1993Q2,0.0494887,1908.325
Industry groups,Administrative and support services,SG01RSC04B01MN2,1993Q2,0.0139094,537.732
Industry groups,Local Government administration,SG01RSC04B01OO1,1993Q2,0.0052641,166.364
Industry groups,"Central government administration, defence, and public safety",SG01RSC04B01OO2,1993Q2,0.0384731,1215.341
Industry groups,Education and training,SG01RSC04B01PP1,1993Q2,0.0399740,1663.759
Industry groups,Health care and social assistance,SG01RSC04B01QQ1,1993Q2,0.0434436,1473.173
Industry groups,Arts and recreation services,SG01RSC04B01RS1,1993Q2,0.0106225,352.447
Industry groups,Other services,SG01RSC04B01RS2,1993Q2,0.0169469,489.446
Industry groups,"GST, import duties, stamp duty",SG01RSC04B01UZ9,1993Q2,0.0705460,1912.753
Industry groups,Agriculture,SG01RSC04B01AA1,1993Q3,0.0507368,1748.651
Industry groups,Forestry and logging,SG01RSC04B01AA2,1993Q3,0.0134082,195.236
Industry groups,"Fishing, aquaculture and agriculture, forestry and fishing support services",SG01RSC04B01AA3,1993Q3,0.0091133,283.692
Industry groups,Mining,SG01RSC04B01BB1,1993Q3,0.0137555,616.416
Industry groups,"Food, beverage, and tobacco manufacturing",SG01RSC04B01CC1,1993Q3,0.0553027,1178.166
Industry groups,"Textile, leather, clothing, and footwear manufacturing",SG01RSC04B01CC2,1993Q3,0.0107858,282.191
Industry groups,Wood and paper products manufacturing,SG01RSC04B01CC3,1993Q3,0.0180469,411.419
Industry groups,Printing,SG01RSC04B01CC4,1993Q3,0.0068038,193.185
Industry groups,"Petroleum, chemical, polymer, and rubber product manufacturing",SG01RSC04B01CC5,1993Q3,0.0364135,870.558
Industry groups,Non-metallic mineral product manufacturing,SG01RSC04B01CC6,1993Q3,0.0058345,164.386
Industry groups,Metal product manufacturing,SG01RSC04B01CC7,1993Q3,0.0200692,557.914
Industry groups,"Transport equipment, machinery and equipment manufacturing",SG01RSC04B01CC8,1993Q3,0.0214171,751.811
Industry groups,Furniture and other manufacturing,SG01RSC04B01CC9,1993Q3,0.0047012,174.330
Industry groups,"Electricity, gas, water, and waste services",SG01RSC04B01DD1,1993Q3,0.0305941,1248.695
Industry groups,Construction,SG01RSC04B01EE1,1993Q3,0.0359270,1277.621
Industry groups,Wholesale trade,SG01RSC04B01FF1,1993Q3,0.0550565,1603.909
Industry groups,Retail trade,SG01RSC04B01GH1,1993Q3,0.0467911,1198.860
Industry groups,Accommodation services,SG01RSC04B01GH2,1993Q3,0.0164506,644.037
Industry groups,"Transport, postal, and warehousing",SG01RSC04B01II1,1993Q3,0.0518636,1183.948
Industry groups,Information media and telecommunications,SG01RSC04B01JJ1,1993Q3,0.0397334,545.512
Industry groups,Financial and insurance services,SG01RSC04B01KK1,1993Q3,0.0450688,1497.805
Industry groups,"Rental, hiring, and real estate services",SG01RSC04B01LL1,1993Q3,0.0493695,1854.554
Industry groups,Ownership of owner-occupied dwellings,SG01RSC04B01LL2,1993Q3,0.0740884,1987.647
Industry groups,"Prof, scientific, and technical services",SG01RSC04B01MN1,1993Q3,0.0494887,1930.106
Industry groups,Administrative and support services,SG01RSC04B01MN2,1993Q3,0.0139094,546.802
Industry groups,Local Government administration,SG01RSC04B01OO1,1993Q3,0.0052641,171.757
Industry groups,"Central government administration, defence, and public safety",SG01RSC04B01OO2,1993Q3,0.0384731,1197.948
Industry groups,Education and training,SG01RSC04B01PP1,1993Q3,0.0399740,1681.022
Industry groups,Health care and social assistance,SG01RSC04B01QQ1,1993Q3,0.0434436,1463.695
Industry groups,Arts and recreation services,SG01RSC04B01RS1,1993Q3,0.0106225,365.130
Industry groups,Other services,SG01RSC04B01RS2,1993Q3,0.0169469,504.905
Industry groups,"GST, import duties, stamp duty",SG01RSC04B01UZ9,1993Q3,0.0705460,1948.471
Industry groups,Agriculture,SG01RSC04B01AA1,1993Q4,0.0507368,1785.086
Industry groups,Forestry and logging,SG01RSC04B01AA2,1993Q4,0.0134082,194.658
Industry groups,"Fishing, aquaculture and agriculture, forestry and fishing support services",SG01RSC04B01AA3,1993Q4,0.0091133,286.622
Industry groups,Mining,SG01RSC04B01BB1,1993Q4,0.0137555,676.092
Industry groups,"Food, beverage, and tobacco manufacturing",SG01RSC04B01CC1,1993Q4,0.0553027,1156.070
Industry groups,"Textile, leather, clothing, and footwear manufacturing",SG01RSC04B01CC2,1993Q4,0.0107858,273.228
Industry groups,Wood and paper products manufacturing,SG01RSC04B01CC3,1993Q4,0.0180469,418.666
Industry groups,Printing,SG01RSC04B01CC4,1993Q4,0.0068038,193.058
Industry groups,"Petroleum, chemical, polymer, and rubber product manufacturing",SG01RSC04B01CC5,1993Q4,0.0364135,883.372
Industry groups,Non-metallic mineral product manufacturing,SG01RSC04B01CC6,1993Q4,0.0058345,158.175
Industry groups,Metal product manufacturing,SG01RSC04B01CC7,1993Q4,0.0200692,557.118
Industry groups,"Transport equipment, machinery and equipment manufacturing",SG01RSC04B01CC8,1993Q4,0.0214171,743.811
Industry groups,Furniture and other manufacturing,SG01RSC04B01CC9,1993Q4,0.0047012,172.058
Industry groups,"Electricity, gas, water, and waste services",SG01RSC04B01DD1,1993Q4,0.0305941,1161.571
Industry groups,Construction,SG01RSC04B01EE1,1993Q4,0.0359270,1248.567
Industry groups,Wholesale trade,SG01RSC04B01FF1,1993Q4,0.0550565,1596.350
Industry groups,Retail trade,SG01RSC04B01GH1,1993Q4,0.0467911,1213.104
Industry groups,Accommodation services,SG01RSC04B01GH2,1993Q4,0.0164506,658.902
Industry groups,"Transport, postal, and warehousing",SG01RSC04B01II1,1993Q4,0.0518636,1194.963
Industry groups,Information media and telecommunications,SG01RSC04B01JJ1,1993Q4,0.0397334,551.244
Industry groups,Financial and insurance services,SG01RSC04B01KK1,1993Q4,0.0450688,1500.096
Industry groups,"Rental, hiring, and real estate services",SG01RSC04B01LL1,1993Q4,0.0493695,1882.972
Industry groups,Ownership of owner-occupied dwellings,SG01RSC04B01LL2,1993Q4,0.0740884,1993.379
Industry groups,"Prof, scientific, and technical services",SG01RSC04B01MN1,1993Q4,0.0494887,2003.566
Industry groups,Administrative and support services,SG01RSC04B01MN2,1993Q4,0.0139094,571.346
Industry groups,Local Government administration,SG01RSC04B01OO1,1993Q4,0.0052641,168.746
Industry groups,"Central government administration, defence, and public safety",SG01RSC04B01OO2,1993Q4,0.0384731,1210.994
Industry groups,Education and training,SG01RSC04B01PP1,1993Q4,0.0399740,1699.285
Industry groups,Health care and social assistance,SG01RSC04B01QQ1,1993Q4,0.0434436,1477.485
Industry groups,Arts and recreation services,SG01RSC04B01RS1,1993Q4,0.0106225,361.255
Industry groups,Other services,SG01RSC04B01RS2,1993Q4,0.0169469,523.491
Industry groups,"GST, import duties, stamp duty",SG01RSC04B01UZ9,1993Q4,0.0705460,1990.322
Industry groups,Agriculture,SG01RSC04B01AA1,1994Q1,0.0507368,1794.294
Industry groups,Forestry and logging,SG01RSC04B01AA2,1994Q1,0.0134082,211.232
Industry groups,"Fishing, aquaculture and agriculture, forestry and fishing support services",SG01RSC04B01AA3,1994Q1,0.0091133,289.360
Industry groups,Mining,SG01RSC04B01BB1,1994Q1,0.0137555,637.466
Industry groups,"Food, beverage, and tobacco manufacturing",SG01RSC04B01CC1,1994Q1,0.0553027,1163.271
Industry groups,"Textile, leather, clothing, and footwear manufacturing",SG01RSC04B01CC2,1994Q1,0.0107858,284.164
Industry groups,Wood and paper products manufacturing,SG01RSC04B01CC3,1994Q1,0.0180469,421.038
Industry groups,Printing,SG01RSC04B01CC4,1994Q1,0.0068038,207.648
Industry groups,"Petroleum, chemical, polymer, and rubber product manufacturing",SG01RSC04B01CC5,1994Q1,0.0364135,896.987
Industry groups,Non-metallic mineral product manufacturing,SG01RSC04B01CC6,1994Q1,0.0058345,158.016
Industry groups,Metal product manufacturing,SG01RSC04B01CC7,1994Q1,0.0200692,575.033
Industry groups,"Transport equipment, machinery and equipment manufacturing",SG01RSC04B01CC8,1994Q1,0.0214171,763.336
Industry groups,Furniture and other manufacturing,SG01RSC04B01CC9,1994Q1,0.0047012,180.650
Industry groups,"Electricity, gas, water, and waste services",SG01RSC04B01DD1,1994Q1,0.0305941,1224.265
Industry groups,Construction,SG01RSC04B01EE1,1994Q1,0.0359270,1196.584
Industry groups,Wholesale trade,SG01RSC04B01FF1,1994Q1,0.0550565,1703.868
Industry groups,Retail trade,SG01RSC04B01GH1,1994Q1,0.0467911,1241.804
Industry groups,Accommodation services,SG01RSC04B01GH2,1994Q1,0.0164506,668.398
Industry groups,"Transport, postal, and warehousing",SG01RSC04B01II1,1994Q1,0.0518636,1257.232
Industry groups,Information media and telecommunications,SG01RSC04B01JJ1,1994Q1,0.0397334,578.864
Industry groups,Financial and insurance services,SG01RSC04B01KK1,1994Q1,0.0450688,1516.145
Industry groups,"Rental, hiring, and real estate services",SG01RSC04B01LL1,1994Q1,0.0493695,1929.598
Industry groups,Ownership of owner-occupied dwellings,SG01RSC04B01LL2,1994Q1,0.0740884,1989.099
Industry groups,"Prof, scientific, and technical services",SG01RSC04B01MN1,1994Q1,0.0494887,2032.329
Industry groups,Administrative and support services,SG01RSC04B01MN2,1994Q1,0.0139094,593.054
Industry groups,Local Government administration,SG01RSC04B01OO1,1994Q1,0.0052641,169.713
Industry groups,"Central government administration, defence, and public safety",SG01RSC04B01OO2,1994Q1,0.0384731,1212.820
Industry groups,Education and training,SG01RSC04B01PP1,1994Q1,0.0399740,1716.234
Industry groups,Health care and social assistance,SG01RSC04B01QQ1,1994Q1,0.0434436,1486.813
Industry groups,Arts and recreation services,SG01RSC04B01RS1,1994Q1,0.0106225,406.276
Industry groups,Other services,SG01RSC04B01RS2,1994Q1,0.0169469,547.570
Industry groups,"GST, import duties, stamp duty",SG01RSC04B01UZ9,1994Q1,0.0705460,2019.303
Industry groups,Agriculture,SG01RSC04B01AA1,1994Q2,0.0459274,1654.881
Industry groups,Forestry and logging,SG01RSC04B01AA2,1994Q2,0.0106098,209.561
Industry groups,"Fishing, aquaculture and agriculture, forestry and fishing support services",SG01RSC04B01AA3,1994Q2,0.0085406,286.612
Industry groups,Mining,SG01RSC04B01BB1,1994Q2,0.0121190,608.282
Industry groups,"Food, beverage, and tobacco manufacturing",SG01RSC04B01CC1,1994Q2,0.0548977,1181.596
Industry groups,"Textile, leather, clothing, and footwear manufacturing",SG01RSC04B01CC2,1994Q2,0.0105634,292.198
Industry groups,Wood and paper products manufacturing,SG01RSC04B01CC3,1994Q2,0.0200734,417.213
Industry groups,Printing,SG01RSC04B01CC4,1994Q2,0.0069426,201.133
Industry groups,"Petroleum, chemical, polymer, and rubber product manufacturing",SG01RSC04B01CC5,1994Q2,0.0392051,925.663
Industry groups,Non-metallic mineral product manufacturing,SG01RSC04B01CC6,1994Q2,0.0063766,169.838
Industry groups,Metal product manufacturing,SG01RSC04B01CC7,1994Q2,0.0193214,570.896
Industry groups,"Transport equipment, machinery and equipment manufacturing",SG01RSC04B01CC8,1994Q2,0.0219723,779.489
Industry groups,Furniture and other manufacturing,SG01RSC04B01CC9,1994Q2,0.0051934,186.115
Industry groups,"Electricity, gas, water, and waste services",SG01RSC04B01DD1,1994Q2,0.0295518,1180.765
Industry groups,Construction,SG01RSC04B01EE1,1994Q2,0.0391560,1313.004
Industry groups,Wholesale trade,SG01RSC04B01FF1,1994Q2,0.0552540,1684.290
Industry groups,Retail trade,SG01RSC04B01GH1,1994Q2,0.0471322,1275.754
Industry groups,Accommodation services,SG01RSC04B01GH2,1994Q2,0.0178629,686.681
Industry groups,"Transport, postal, and warehousing",SG01RSC04B01II1,1994Q2,0.0532403,1316.569
Industry groups,Information media and telecommunications,SG01RSC04B01JJ1,1994Q2,0.0398255,594.541
Industry groups,Financial and insurance services,SG01RSC04B01KK1,1994Q2,0.0450668,1512.545
Industry groups,"Rental, hiring, and real estate services",SG01RSC04B01LL1,1994Q2,0.0507076,1895.385
Industry groups,Ownership of owner-occupied dwellings,SG01RSC04B01LL2,1994Q2,0.0717930,1978.120
Industry groups,"Prof, scientific, and technical services",SG01RSC04B01MN1,1994Q2,0.0515903,1980.996
Industry groups,Administrative and support services,SG01RSC04B01MN2,1994Q2,0.0143817,581.194
Industry groups,Local Government administration,SG01RSC04B01OO1,1994Q2,0.0048869,162.336
Industry groups,"Central government administration, defence, and public safety",SG01RSC04B01OO2,1994Q2,0.0350076,1206.345
Industry groups,Education and training,SG01RSC04B01PP1,1994Q2,0.0387527,1734.017
Industry groups,Health care and social assistance,SG01RSC04B01QQ1,1994Q2,0.0423560,1481.375
Industry groups,Arts and recreation services,SG01RSC04B01RS1,1994Q2,0.0107983,411.473
Industry groups,Other services,SG01RSC04B01RS2,1994Q2,0.0170456,526.101
Industry groups,"GST, import duties, stamp duty",SG01RSC04B01UZ9,1994Q2,0.0738481,2081.765
Industry groups,Agriculture,SG01RSC04B01AA1,1994Q3,0.0459274,1758.113
Industry groups,Forestry and logging,SG01RSC04B01AA2,1994Q3,0.0106098,215.881
Industry groups,"Fishing, aquaculture and agriculture, forestry and fishing support services",SG01RSC04B01AA3,1994Q3,0.0085406,285.222
Industry groups,Mining,SG01RSC04B01BB1,1994Q3,0.0121190,562.877
Industry groups,"Food, beverage, and tobacco manufacturing",SG01RSC04B01CC1,1994Q3,0.0548977,1210.727
Industry groups,"Textile, leather, clothing, and footwear manufacturing",SG01RSC04B01CC2,1994Q3,0.0105634,281.435
Industry groups,Wood and paper products manufacturing,SG01RSC04B01CC3,1994Q3,0.0200734,430.071
Industry groups,Printing,SG01RSC04B01CC4,1994Q3,0.0069426,208.763
Industry groups,"Petroleum, chemical, polymer, and rubber product manufacturing",SG01RSC04B01CC5,1994Q3,0.0392051,946.635
Industry groups,Non-metallic mineral product manufacturing,SG01RSC04B01CC6,1994Q3,0.0063766,175.058
Industry groups,Metal product manufacturing,SG01RSC04B01CC7,1994Q3,0.0193214,603.394
Industry groups,"Transport equipment, machinery and equipment manufacturing",SG01RSC04B01CC8,1994Q3,0.0219723,840.522
Industry groups,Furniture and other manufacturing,SG01RSC04B01CC9,1994Q3,0.0051934,188.885
Industry groups,"Electricity, gas, water, and waste services",SG01RSC04B01DD1,1994Q3,0.0295518,1317.384
Industry groups,Construction,SG01RSC04B01EE1,1994Q3,0.0391560,1367.717
Industry groups,Wholesale trade,SG01RSC04B01FF1,1994Q3,0.0552540,1701.719
Industry groups,Retail trade,SG01RSC04B01GH1,1994Q3,0.0471322,1305.214
Industry groups,Accommodation services,SG01RSC04B01GH2,1994Q3,0.0178629,704.001
Industry groups,"Transport, postal, and warehousing",SG01RSC04B01II1,1994Q3,0.0532403,1281.846
Industry groups,Information media and telecommunications,SG01RSC04B01JJ1,1994Q3,0.0398255,603.502
Industry groups,Financial and insurance services,SG01RSC04B01KK1,1994Q3,0.0450668,1528.079
Industry groups,"Rental, hiring, and real estate services",SG01RSC04B01LL1,1994Q3,0.0507076,1900.569
Industry groups,Ownership of owner-occupied dwellings,SG01RSC04B01LL2,1994Q3,0.0717930,1986.502
Industry groups,"Prof, scientific, and technical services",SG01RSC04B01MN1,1994Q3,0.0515903,1952.063
Industry groups,Administrative and support services,SG01RSC04B01MN2,1994Q3,0.0143817,574.008
Industry groups,Local Government administration,SG01RSC04B01OO1,1994Q3,0.0048869,159.770
Industry groups,"Central government administration, defence, and public safety",SG01RSC04B01OO2,1994Q3,0.0350076,1222.917
Industry groups,Education and training,SG01RSC04B01PP1,1994Q3,0.0387527,1745.024
Industry groups,Health care and social assistance,SG01RSC04B01QQ1,1994Q3,0.0423560,1501.772
Industry groups,Arts and recreation services,SG01RSC04B01RS1,1994Q3,0.0107983,410.733
Industry groups,Other services,SG01RSC04B01RS2,1994Q3,0.0170456,536.496
Industry groups,"GST, import duties, stamp duty",SG01RSC04B01UZ9,1994Q3,0.0738481,2127.780
Industry groups,Agriculture,SG01RSC04B01AA1,1994Q4,0.0459274,1753.878
Industry groups,Forestry and logging,SG01RSC04B01AA2,1994Q4,0.0106098,212.706
Industry groups,"Fishing, aquaculture and agriculture, forestry and fishing support services",SG01RSC04B01AA3,1994Q4,0.0085406,293.570
Industry groups,Mining,SG01RSC04B01BB1,1994Q4,0.0121190,566.510
Industry groups,"Food, beverage, and tobacco manufacturing",SG01RSC04B01CC1,1994Q4,0.0548977,1223.064
Industry groups,"Textile, leather, clothing, and footwear manufacturing",SG01RSC04B01CC2,1994Q4,0.0105634,295.499
Industry groups,Wood and paper products manufacturing,SG01RSC04B01CC3,1994Q4,0.0200734,444.509
Industry groups,Printing,SG01RSC04B01CC4,1994Q4,0.0069426,225.019
Industry groups,"Petroleum, chemical, polymer, and rubber product manufacturing",SG01RSC04B01CC5,1994Q4,0.0392051,959.445
Industry groups,Non-metallic mineral product manufacturing,SG01RSC04B01CC6,1994Q4,0.0063766,175.975
Industry groups,Metal product manufacturing,SG01RSC04B01CC7,1994Q4,0.0193214,613.798
Industry groups,"Transport equipment, machinery and equipment manufacturing",SG01RSC04B01CC8,1994Q4,0.0219723,832.747
Industry groups,Furniture and other manufacturing,SG01RSC04B01CC9,1994Q4,0.0051934,187.906
Industry groups,"Electricity, gas, water, and waste services",SG01RSC04B01DD1,1994Q4,0.0295518,1267.191
Industry groups,Construction,SG01RSC04B01EE1,1994Q4,0.0391560,1384.841
Industry groups,Wholesale trade,SG01RSC04B01FF1,1994Q4,0.0552540,1739.969
Industry groups,Retail trade,SG01RSC04B01GH1,1994Q4,0.0471322,1313.015
Industry groups,Accommodation services,SG01RSC04B01GH2,1994Q4,0.0178629,722.708
Industry groups,"Transport, postal, and warehousing",SG01RSC04B01II1,1994Q4,0.0532403,1342.170
Industry groups,Information media and telecommunications,SG01RSC04B01JJ1,1994Q4,0.0398255,627.086
Industry groups,Financial and insurance services,SG01RSC04B01KK1,1994Q4,0.0450668,1572.564
Industry groups,"Rental, hiring, and real estate services",SG01RSC04B01LL1,1994Q4,0.0507076,1899.702
Industry groups,Ownership of owner-occupied dwellings,SG01RSC04B01LL2,1994Q4,0.0717930,2022.720
Industry groups,"Prof, scientific, and technical services",SG01RSC04B01MN1,1994Q4,0.0515903,1985.019
Industry groups,Administrative and support services,SG01RSC04B01MN2,1994Q4,0.0143817,595.024
Industry groups,Local Government administration,SG01RSC04B01OO1,1994Q4,0.0048869,160.452
Industry groups,"Central government administration, defence, and public safety",SG01RSC04B01OO2,1994Q4,0.0350076,1195.077
Industry groups,Education and training,SG01RSC04B01PP1,1994Q4,0.0387527,1752.538
Industry groups,Health care and social assistance,SG01RSC04B01QQ1,1994Q4,0.0423560,1516.077
Industry groups,Arts and recreation services,SG01RSC04B01RS1,1994Q4,0.0107983,425.159
Industry groups,Other services,SG01RSC04B01RS2,1994Q4,0.0170456,542.094
Industry groups,"GST, import duties, stamp duty",SG01RSC04B01UZ9,1994Q4,0.0738481,2158.684
Industry groups,Agriculture,SG01RSC04B01AA1,1995Q1,0.0459274,1723.454
Industry groups,Forestry and logging,SG01RSC04B01AA2,1995Q1,0.0106098,207.272
Industry groups,"Fishing, aquaculture and agriculture, forestry and fishing support services",SG01RSC04B01AA3,1995Q1,0.0085406,308.869
Industry groups,Mining,SG01RSC04B01BB1,1995Q1,0.0121190,554.115
Industry groups,"Food, beverage, and tobacco manufacturing",SG01RSC04B01CC1,1995Q1,0.0548977,1220.884
Industry groups,"Textile, leather, clothing, and footwear manufacturing",SG01RSC04B01CC2,1995Q1,0.0105634,283.490
Industry groups,Wood and paper products manufacturing,SG01RSC04B01CC3,1995Q1,0.0200734,453.944
Industry groups,Printing,SG01RSC04B01CC4,1995Q1,0.0069426,213.465
Industry groups,"Petroleum, chemical, polymer, and rubber product manufacturing",SG01RSC04B01CC5,1995Q1,0.0392051,947.834
Industry groups,Non-metallic mineral product manufacturing,SG01RSC04B01CC6,1995Q1,0.0063766,192.673
Industry groups,Metal product manufacturing,SG01RSC04B01CC7,1995Q1,0.0193214,639.843
Industry groups,"Transport equipment, machinery and equipment manufacturing",SG01RSC04B01CC8,1995Q1,0.0219723,866.280
Industry groups,Furniture and other manufacturing,SG01RSC04B01CC9,1995Q1,0.0051934,193.075
Industry groups,"Electricity, gas, water, and waste services",SG01RSC04B01DD1,1995Q1,0.0295518,1232.530
Industry groups,Construction,SG01RSC04B01EE1,1995Q1,0.0391560,1451.575
Industry groups,Wholesale trade,SG01RSC04B01FF1,1995Q1,0.0552540,1776.364
Industry groups,Retail trade,SG01RSC04B01GH1,1995Q1,0.0471322,1320.735
Industry groups,Accommodation services,SG01RSC04B01GH2,1995Q1,0.0178629,713.861
Industry groups,"Transport, postal, and warehousing",SG01RSC04B01II1,1995Q1,0.0532403,1386.913
Industry groups,Information media and telecommunications,SG01RSC04B01JJ1,1995Q1,0.0398255,632.459
Industry groups,Financial and insurance services,SG01RSC04B01KK1,1995Q1,0.0450668,1602.421
Industry groups,"Rental, hiring, and real estate services",SG01RSC04B01LL1,1995Q1,0.0507076,1919.320
Industry groups,Ownership of owner-occupied dwellings,SG01RSC04B01LL2,1995Q1,0.0717930,2078.430
Industry groups,"Prof, scientific, and technical services",SG01RSC04B01MN1,1995Q1,0.0515903,2109.517
Industry groups,Administrative and support services,SG01RSC04B01MN2,1995Q1,0.0143817,627.044
Industry groups,Local Government administration,SG01RSC04B01OO1,1995Q1,0.0048869,164.348
Industry groups,"Central government administration, defence, and public safety",SG01RSC04B01OO2,1995Q1,0.0350076,1204.629
Industry groups,Education and training,SG01RSC04B01PP1,1995Q1,0.0387527,1757.452
Industry groups,Health care and social assistance,SG01RSC04B01QQ1,1995Q1,0.0423560,1540.216
Industry groups,Arts and recreation services,SG01RSC04B01RS1,1995Q1,0.0107983,441.261
Industry groups,Other services,SG01RSC04B01RS2,1995Q1,0.0170456,575.281
Industry groups,"GST, import duties, stamp duty",SG01RSC04B01UZ9,1995Q1,0.0738481,2185.057
Industry groups,Agriculture,SG01RSC04B01AA1,1995Q2,0.0453697,1839.093
Industry groups,Forestry and logging,SG01RSC04B01AA2,1995Q2,0.0102935,212.512
Industry groups,"Fishing, aquaculture and agriculture, forestry and fishing support services",SG01RSC04B01AA3,1995Q2,0.0088423,317.829
Industry groups,Mining,SG01RSC04B01BB1,1995Q2,0.0112127,538.046
Industry groups,"Food, beverage, and tobacco manufacturing",SG01RSC04B01CC1,1995Q2,0.0524956,1230.485
Industry groups,"Textile, leather, clothing, and footwear manufacturing",SG01RSC04B01CC2,1995Q2,0.0103778,275.459
Industry groups,Wood and paper products manufacturing,SG01RSC04B01CC3,1995Q2,0.0209034,443.132
Industry groups,Printing,SG01RSC04B01CC4,1995Q2,0.0070352,222.359
Industry groups,"Petroleum, chemical, polymer, and rubber product manufacturing",SG01RSC04B01CC5,1995Q2,0.0335357,905.178
Industry groups,Non-metallic mineral product manufacturing,SG01RSC04B01CC6,1995Q2,0.0063262,181.761
Industry groups,Metal product manufacturing,SG01RSC04B01CC7,1995Q2,0.0193815,619.079
Industry groups,"Transport equipment, machinery and equipment manufacturing",SG01RSC04B01CC8,1995Q2,0.0221184,844.973
Industry groups,Furniture and other manufacturing,SG01RSC04B01CC9,1995Q2,0.0048327,186.547
Industry groups,"Electricity, gas, water, and waste services",SG01RSC04B01DD1,1995Q2,0.0273793,1338.691
Industry groups,Construction,SG01RSC04B01EE1,1995Q2,0.0416344,1508.675
Industry groups,Wholesale trade,SG01RSC04B01FF1,1995Q2,0.0560645,1842.214
Industry groups,Retail trade,SG01RSC04B01GH1,1995Q2,0.0467210,1327.788
Industry groups,Accommodation services,SG01RSC04B01GH2,1995Q2,0.0180816,797.134
Industry groups,"Transport, postal, and warehousing",SG01RSC04B01II1,1995Q2,0.0540741,1416.616
Industry groups,Information media and telecommunications,SG01RSC04B01JJ1,1995Q2,0.0424079,645.973
Industry groups,Financial and insurance services,SG01RSC04B01KK1,1995Q2,0.0401640,1593.536
Industry groups,"Rental, hiring, and real estate services",SG01RSC04B01LL1,1995Q2,0.0515865,1961.888
Industry groups,Ownership of owner-occupied dwellings,SG01RSC04B01LL2,1995Q2,0.0751390,2050.660
Industry groups,"Prof, scientific, and technical services",SG01RSC04B01MN1,1995Q2,0.0547344,2043.923
Industry groups,Administrative and support services,SG01RSC04B01MN2,1995Q2,0.0154970,600.886
Industry groups,Local Government administration,SG01RSC04B01OO1,1995Q2,0.0047938,167.940
Industry groups,"Central government administration, defence, and public safety",SG01RSC04B01OO2,1995Q2,0.0340140,1203.824
Industry groups,Education and training,SG01RSC04B01PP1,1995Q2,0.0393389,1764.459
Industry groups,Health care and social assistance,SG01RSC04B01QQ1,1995Q2,0.0428286,1574.544
Industry groups,Arts and recreation services,SG01RSC04B01RS1,1995Q2,0.0114010,447.896
Industry groups,Other services,SG01RSC04B01RS2,1995Q2,0.0174796,571.043
Industry groups,"GST, import duties, stamp duty",SG01RSC04B01UZ9,1995Q2,0.0739358,2190.710
Industry groups,Agriculture,SG01RSC04B01AA1,1995Q3,0.0453697,1810.047
Industry groups,Forestry and logging,SG01RSC04B01AA2,1995Q3,0.0102935,214.327
Industry groups,"Fishing, aquaculture and agriculture, forestry and fishing support services",SG01RSC04B01AA3,1995Q3,0.0088423,323.117
Industry groups,Mining,SG01RSC04B01BB1,1995Q3,0.0112127,639.823
Industry groups,"Food, beverage, and tobacco manufacturing",SG01RSC04B01CC1,1995Q3,0.0524956,1227.976
Industry groups,"Textile, leather, clothing, and footwear manufacturing",SG01RSC04B01CC2,1995Q3,0.0103778,267.811
Industry groups,Wood and paper products manufacturing,SG01RSC04B01CC3,1995Q3,0.0209034,428.622
Industry groups,Printing,SG01RSC04B01CC4,1995Q3,0.0070352,223.736
Industry groups,"Petroleum, chemical, polymer, and rubber product manufacturing",SG01RSC04B01CC5,1995Q3,0.0335357,929.415
Industry groups,Non-metallic mineral product manufacturing,SG01RSC04B01CC6,1995Q3,0.0063262,185.129
Industry groups,Metal product manufacturing,SG01RSC04B01CC7,1995Q3,0.0193815,613.424
Industry groups,"Transport equipment, machinery and equipment manufacturing",SG01RSC04B01CC8,1995Q3,0.0221184,823.779
Industry groups,Furniture and other manufacturing,SG01RSC04B01CC9,1995Q3,0.0048327,176.768
Industry groups,"Electricity, gas, water, and waste services",SG01RSC04B01DD1,1995Q3,0.0273793,1293.342
Industry groups,Construction,SG01RSC04B01EE1,1995Q3,0.0416344,1480.340
Industry groups,Wholesale trade,SG01RSC04B01FF1,1995Q3,0.0560645,1857.764
Industry groups,Retail trade,SG01RSC04B01GH1,1995Q3,0.0467210,1342.827
Industry groups,Accommodation services,SG01RSC04B01GH2,1995Q3,0.0180816,720.784
Industry groups,"Transport, postal, and warehousing",SG01RSC04B01II1,1995Q3,0.0540741,1473.420
Industry groups,Information media and telecommunications,SG01RSC04B01JJ1,1995Q3,0.0424079,668.536
Industry groups,Financial and insurance services,SG01RSC04B01KK1,1995Q3,0.0401640,1607.650
Industry groups,"Rental, hiring, and real estate services",SG01RSC04B01LL1,1995Q3,0.0515865,1999.484
Industry groups,Ownership of owner-occupied dwellings,SG01RSC04B01LL2,1995Q3,0.0751390,2053.018
Industry groups,"Prof, scientific, and technical services",SG01RSC04B01MN1,1995Q3,0.0547344,2168.525
Industry groups,Administrative and support services,SG01RSC04B01MN2,1995Q3,0.0154970,630.709
Industry groups,Local Government administration,SG01RSC04B01OO1,1995Q3,0.0047938,168.384
Industry groups,"Central government administration, defence, and public safety",SG01RSC04B01OO2,1995Q3,0.0340140,1207.695
Industry groups,Education and training,SG01RSC04B01PP1,1995Q3,0.0393389,1777.331
Industry groups,Health care and social assistance,SG01RSC04B01QQ1,1995Q3,0.0428286,1583.687
Industry groups,Arts and recreation services,SG01RSC04B01RS1,1995Q3,0.0114010,467.293
Industry groups,Other services,SG01RSC04B01RS2,1995Q3,0.0174796,587.415
Industry groups,"GST, import duties, stamp duty",SG01RSC04B01UZ9,1995Q3,0.0739358,2212.300
Industry groups,Agriculture,SG01RSC04B01AA1,1995Q4,0.0453697,1864.038
Industry groups,Forestry and logging,SG01RSC04B01AA2,1995Q4,0.0102935,213.327
Industry groups,"Fishing, aquaculture and agriculture, forestry and fishing support services",SG01RSC04B01AA3,1995Q4,0.0088423,322.685
Industry groups,Mining,SG01RSC04B01BB1,1995Q4,0.0112127,582.130
Industry groups,"Food, beverage, and tobacco manufacturing",SG01RSC04B01CC1,1995Q4,0.0524956,1278.422
Industry groups,"Textile, leather, clothing, and footwear manufacturing",SG01RSC04B01CC2,1995Q4,0.0103778,278.588
Industry groups,Wood and paper products manufacturing,SG01RSC04B01CC3,1995Q4,0.0209034,421.840
Industry groups,Printing,SG01RSC04B01CC4,1995Q4,0.0070352,223.835
Industry groups,"Petroleum, chemical, polymer, and rubber product manufacturing",SG01RSC04B01CC5,1995Q4,0.0335357,878.683
Industry groups,Non-metallic mineral product manufacturing,SG01RSC04B01CC6,1995Q4,0.0063262,189.383
Industry groups,Metal product manufacturing,SG01RSC04B01CC7,1995Q4,0.0193815,607.021
Industry groups,"Transport equipment, machinery and equipment manufacturing",SG01RSC04B01CC8,1995Q4,0.0221184,881.467
Industry groups,Furniture and other manufacturing,SG01RSC04B01CC9,1995Q4,0.0048327,178.030
Industry groups,"Electricity, gas, water, and waste services",SG01RSC04B01DD1,1995Q4,0.0273793,1323.224
Industry groups,Construction,SG01RSC04B01EE1,1995Q4,0.0416344,1526.876
Industry groups,Wholesale trade,SG01RSC04B01FF1,1995Q4,0.0560645,1832.241
Industry groups,Retail trade,SG01RSC04B01GH1,1995Q4,0.0467210,1345.741
Industry groups,Accommodation services,SG01RSC04B01GH2,1995Q4,0.0180816,716.360
Industry groups,"Transport, postal, and warehousing",SG01RSC04B01II1,1995Q4,0.0540741,1488.792
Industry groups,Information media and telecommunications,SG01RSC04B01JJ1,1995Q4,0.0424079,674.411
Industry groups,Financial and insurance services,SG01RSC04B01KK1,1995Q4,0.0401640,1617.018
Industry groups,"Rental, hiring, and real estate services",SG01RSC04B01LL1,1995Q4,0.0515865,2041.949
Industry groups,Ownership of owner-occupied dwellings,SG01RSC04B01LL2,1995Q4,0.0751390,2055.908
Industry groups,"Prof, scientific, and technical services",SG01RSC04B01MN1,1995Q4,0.0547344,2167.168
Industry groups,Administrative and support services,SG01RSC04B01MN2,1995Q4,0.0154970,640.595
Industry groups,Local Government administration,SG01RSC04B01OO1,1995Q4,0.0047938,168.182
Industry groups,"Central government administration, defence, and public safety",SG01RSC04B01OO2,1995Q4,0.0340140,1222.918
Industry groups,Education and training,SG01RSC04B01PP1,1995Q4,0.0393389,1789.731
Industry groups,Health care and social assistance,SG01RSC04B01QQ1,1995Q4,0.0428286,1602.329
Industry groups,Arts and recreation services,SG01RSC04B01RS1,1995Q4,0.0114010,467.833
Industry groups,Other services,SG01RSC04B01RS2,1995Q4,0.0174796,593.983
Industry groups,"GST, import duties, stamp duty",SG01RSC04B01UZ9,1995Q4,0.0739358,2227.461
Industry groups,Agriculture,SG01RSC04B01AA1,1996Q1,0.0453697,1932.836
Industry groups,Forestry and logging,SG01RSC04B01AA2,1996Q1,0.0102935,208.300
Industry groups,"Fishing, aquaculture and agriculture, forestry and fishing support services",SG01RSC04B01AA3,1996Q1,0.0088423,339.239
Industry groups,Mining,SG01RSC04B01BB1,1996Q1,0.0112127,598.960
Industry groups,"Food, beverage, and tobacco manufacturing",SG01RSC04B01CC1,1996Q1,0.0524956,1308.113
Industry groups,"Textile, leather, clothing, and footwear manufacturing",SG01RSC04B01CC2,1996Q1,0.0103778,281.923
Industry groups,Wood and paper products manufacturing,SG01RSC04B01CC3,1996Q1,0.0209034,428.424
Industry groups,Printing,SG01RSC04B01CC4,1996Q1,0.0070352,219.813
Industry groups,"Petroleum, chemical, polymer, and rubber product manufacturing",SG01RSC04B01CC5,1996Q1,0.0335357,915.516
Industry groups,Non-metallic mineral product manufacturing,SG01RSC04B01CC6,1996Q1,0.0063262,189.104
Industry groups,Metal product manufacturing,SG01RSC04B01CC7,1996Q1,0.0193815,596.553
Industry groups,"Transport equipment, machinery and equipment manufacturing",SG01RSC04B01CC8,1996Q1,0.0221184,864.287
Industry groups,Furniture and other manufacturing,SG01RSC04B01CC9,1996Q1,0.0048327,171.274
Industry groups,"Electricity, gas, water, and waste services",SG01RSC04B01DD1,1996Q1,0.0273793,1322.135
Industry groups,Construction,SG01RSC04B01EE1,1996Q1,0.0416344,1546.310
Industry groups,Wholesale trade,SG01RSC04B01FF1,1996Q1,0.0560645,1805.523
Industry groups,Retail trade,SG01RSC04B01GH1,1996Q1,0.0467210,1368.523
Industry groups,Accommodation services,SG01RSC04B01GH2,1996Q1,0.0180816,726.852
Industry groups,"Transport, postal, and warehousing",SG01RSC04B01II1,1996Q1,0.0540741,1537.169
Industry groups,Information media and telecommunications,SG01RSC04B01JJ1,1996Q1,0.0424079,688.404
Industry groups,Financial and insurance services,SG01RSC04B01KK1,1996Q1,0.0401640,1604.161
Industry groups,"Rental, hiring, and real estate services",SG01RSC04B01LL1,1996Q1,0.0515865,2124.286
Industry groups,Ownership of owner-occupied dwellings,SG01RSC04B01LL2,1996Q1,0.0751390,2062.699
Industry groups,"Prof, scientific, and technical services",SG01RSC04B01MN1,1996Q1,0.0547344,2249.268
Industry groups,Administrative and support services,SG01RSC04B01MN2,1996Q1,0.0154970,659.090
Industry groups,Local Government administration,SG01RSC04B01OO1,1996Q1,0.0047938,166.265
Industry groups,"Central government administration, defence, and public safety",SG01RSC04B01OO2,1996Q1,0.0340140,1251.780
Industry groups,Education and training,SG01RSC04B01PP1,1996Q1,0.0393389,1801.654
Industry groups,Health care and social assistance,SG01RSC04B01QQ1,1996Q1,0.0428286,1590.616
Industry groups,Arts and recreation services,SG01RSC04B01RS1,1996Q1,0.0114010,479.836
Industry groups,Other services,SG01RSC04B01RS2,1996Q1,0.0174796,616.656
Industry groups,"GST, import duties, stamp duty",SG01RSC04B01UZ9,1996Q1,0.0739358,2296.045
Industry groups,Agriculture,SG01RSC04B01AA1,1996Q2,0.0456190,1960.515
Industry groups,Forestry and logging,SG01RSC04B01AA2,1996Q2,0.0097612,196.251
Industry groups,"Fishing, aquaculture and agriculture, forestry and fishing support services",SG01RSC04B01AA3,1996Q2,0.0089939,346.446
Industry groups,Mining,SG01RSC04B01BB1,1996Q2,0.0123538,616.364
Industry groups,"Food, beverage, and tobacco manufacturing",SG01RSC04B01CC1,1996Q2,0.0500931,1274.755
Industry groups,"Textile, leather, clothing, and footwear manufacturing",SG01RSC04B01CC2,1996Q2,0.0104487,281.244
Industry groups,Wood and paper products manufacturing,SG01RSC04B01CC3,1996Q2,0.0186217,453.887
Industry groups,Printing,SG01RSC04B01CC4,1996Q2,0.0067940,224.049
Industry groups,"Petroleum, chemical, polymer, and rubber product manufacturing",SG01RSC04B01CC5,1996Q2,0.0299544,902.828
Industry groups,Non-metallic mineral product manufacturing,SG01RSC04B01CC6,1996Q2,0.0059410,188.715
Industry groups,Metal product manufacturing,SG01RSC04B01CC7,1996Q2,0.0181425,615.368
Industry groups,"Transport equipment, machinery and equipment manufacturing",SG01RSC04B01CC8,1996Q2,0.0219233,904.047
Industry groups,Furniture and other manufacturing,SG01RSC04B01CC9,1996Q2,0.0046777,178.653
Industry groups,"Electricity, gas, water, and waste services",SG01RSC04B01DD1,1996Q2,0.0280689,1265.436
Industry groups,Construction,SG01RSC04B01EE1,1996Q2,0.0436017,1598.556
Industry groups,Wholesale trade,SG01RSC04B01FF1,1996Q2,0.0526870,1820.098
Industry groups,Retail trade,SG01RSC04B01GH1,1996Q2,0.0453592,1382.035
Industry groups,Accommodation services,SG01RSC04B01GH2,1996Q2,0.0190023,733.084
Industry groups,"Transport, postal, and warehousing",SG01RSC04B01II1,1996Q2,0.0496948,1516.510
Industry groups,Information media and telecommunications,SG01RSC04B01JJ1,1996Q2,0.0426668,701.299
Industry groups,Financial and insurance services,SG01RSC04B01KK1,1996Q2,0.0405114,1614.428
Industry groups,"Rental, hiring, and real estate services",SG01RSC04B01LL1,1996Q2,0.0547265,2091.296
Industry groups,Ownership of owner-occupied dwellings,SG01RSC04B01LL2,1996Q2,0.0765520,2063.796
Industry groups,"Prof, scientific, and technical services",SG01RSC04B01MN1,1996Q2,0.0606340,2298.528
Industry groups,Administrative and support services,SG01RSC04B01MN2,1996Q2,0.0175451,655.550
Industry groups,Local Government administration,SG01RSC04B01OO1,1996Q2,0.0043191,171.642
Industry groups,"Central government administration, defence, and public safety",SG01RSC04B01OO2,1996Q2,0.0343323,1246.912
Industry groups,Education and training,SG01RSC04B01PP1,1996Q2,0.0395432,1815.202
Industry groups,Health care and social assistance,SG01RSC04B01QQ1,1996Q2,0.0437946,1606.492
Industry groups,Arts and recreation services,SG01RSC04B01RS1,1996Q2,0.0114227,457.827
Industry groups,Other services,SG01RSC04B01RS2,1996Q2,0.0176184,613.185
Industry groups,"GST, import duties, stamp duty",SG01RSC04B01UZ9,1996Q2,0.0745954,2339.106
Industry groups,Agriculture,SG01RSC04B01AA1,1996Q3,0.0456190,2066.255
Industry groups,Forestry and logging,SG01RSC04B01AA2,1996Q3,0.0097612,207.263
Industry groups,"Fishing, aquaculture and agriculture, forestry and fishing support services",SG01RSC04B01AA3,1996Q3,0.0089939,341.812
Industry groups,Mining,SG01RSC04B01BB1,1996Q3,0.0123538,684.400
Industry groups,"Food, beverage, and tobacco manufacturing",SG01RSC04B01CC1,1996Q3,0.0500931,1273.156
Industry groups,"Textile, leather, clothing, and footwear manufacturing",SG01RSC04B01CC2,1996Q3,0.0104487,299.324
Industry groups,Wood and paper products manufacturing,SG01RSC04B01CC3,1996Q3,0.0186217,451.906
Industry groups,Printing,SG01RSC04B01CC4,1996Q3,0.0067940,226.313
Industry groups,"Petroleum, chemical, polymer, and rubber product manufacturing",SG01RSC04B01CC5,1996Q3,0.0299544,916.989
Industry groups,Non-metallic mineral product manufacturing,SG01RSC04B01CC6,1996Q3,0.0059410,184.973
Industry groups,Metal product manufacturing,SG01RSC04B01CC7,1996Q3,0.0181425,597.723
Industry groups,"Transport equipment, machinery and equipment manufacturing",SG01RSC04B01CC8,1996Q3,0.0219233,889.545
Industry groups,Furniture and other manufacturing,SG01RSC04B01CC9,1996Q3,0.0046777,173.536
Industry groups,"Electricity, gas, water, and waste services",SG01RSC04B01DD1,1996Q3,0.0280689,1185.743
Industry groups,Construction,SG01RSC04B01EE1,1996Q3,0.0436017,1621.904
Industry groups,Wholesale trade,SG01RSC04B01FF1,1996Q3,0.0526870,1860.072
Industry groups,Retail trade,SG01RSC04B01GH1,1996Q3,0.0453592,1382.397
Industry groups,Accommodation services,SG01RSC04B01GH2,1996Q3,0.0190023,748.429
Industry groups,"Transport, postal, and warehousing",SG01RSC04B01II1,1996Q3,0.0496948,1519.174
Industry groups,Information media and telecommunications,SG01RSC04B01JJ1,1996Q3,0.0426668,714.659
Industry groups,Financial and insurance services,SG01RSC04B01KK1,1996Q3,0.0405114,1621.637
Industry groups,"Rental, hiring, and real estate services",SG01RSC04B01LL1,1996Q3,0.0547265,2078.900
Industry groups,Ownership of owner-occupied dwellings,SG01RSC04B01LL2,1996Q3,0.0765520,2068.330
Industry groups,"Prof, scientific, and technical services",SG01RSC04B01MN1,1996Q3,0.0606340,2353.076
Industry groups,Administrative and support services,SG01RSC04B01MN2,1996Q3,0.0175451,664.419
Industry groups,Local Government administration,SG01RSC04B01OO1,1996Q3,0.0043191,167.235
Industry groups,"Central government administration, defence, and public safety",SG01RSC04B01OO2,1996Q3,0.0343323,1211.668
Industry groups,Education and training,SG01RSC04B01PP1,1996Q3,0.0395432,1827.210
Industry groups,Health care and social assistance,SG01RSC04B01QQ1,1996Q3,0.0437946,1597.540
Industry groups,Arts and recreation services,SG01RSC04B01RS1,1996Q3,0.0114227,484.653
Industry groups,Other services,SG01RSC04B01RS2,1996Q3,0.0176184,623.217
Industry groups,"GST, import duties, stamp duty",SG01RSC04B01UZ9,1996Q3,0.0745954,2354.321
Industry groups,Agriculture,SG01RSC04B01AA1,1996Q4,0.0456190,2144.803
Industry groups,Forestry and logging,SG01RSC04B01AA2,1996Q4,0.0097612,201.428
Industry groups,"Fishing, aquaculture and agriculture, forestry and fishing support services",SG01RSC04B01AA3,1996Q4,0.0089939,337.447
Industry groups,Mining,SG01RSC04B01BB1,1996Q4,0.0123538,764.652
Industry groups,"Food, beverage, and tobacco manufacturing",SG01RSC04B01CC1,1996Q4,0.0500931,1300.685
Industry groups,"Textile, leather, clothing, and footwear manufacturing",SG01RSC04B01CC2,1996Q4,0.0104487,300.202
Industry groups,Wood and paper products manufacturing,SG01RSC04B01CC3,1996Q4,0.0186217,441.285
Industry groups,Printing,SG01RSC04B01CC4,1996Q4,0.0067940,214.071
Industry groups,"Petroleum, chemical, polymer, and rubber product manufacturing",SG01RSC04B01CC5,1996Q4,0.0299544,926.721
Industry groups,Non-metallic mineral product manufacturing,SG01RSC04B01CC6,1996Q4,0.0059410,191.216
Industry groups,Metal product manufacturing,SG01RSC04B01CC7,1996Q4,0.0181425,603.993
Industry groups,"Transport equipment, machinery and equipment manufacturing",SG01RSC04B01CC8,1996Q4,0.0219233,876.785
Industry groups,Furniture and other manufacturing,SG01RSC04B01CC9,1996Q4,0.0046777,168.350
Industry groups,"Electricity, gas, water, and waste services",SG01RSC04B01DD1,1996Q4,0.0280689,1266.639
Industry groups,Construction,SG01RSC04B01EE1,1996Q4,0.0436017,1654.867
Industry groups,Wholesale trade,SG01RSC04B01FF1,1996Q4,0.0526870,1854.651
Industry groups,Retail trade,SG01RSC04B01GH1,1996Q4,0.0453592,1396.683
Industry groups,Accommodation services,SG01RSC04B01GH2,1996Q4,0.0190023,735.562
Industry groups,"Transport, postal, and warehousing",SG01RSC04B01II1,1996Q4,0.0496948,1522.117
Industry groups,Information media and telecommunications,SG01RSC04B01JJ1,1996Q4,0.0426668,723.432
Industry groups,Financial and insurance services,SG01RSC04B01KK1,1996Q4,0.0405114,1648.301
Industry groups,"Rental, hiring, and real estate services",SG01RSC04B01LL1,1996Q4,0.0547265,2134.507
Industry groups,Ownership of owner-occupied dwellings,SG01RSC04B01LL2,1996Q4,0.0765520,2076.535
Industry groups,"Prof, scientific, and technical services",SG01RSC04B01MN1,1996Q4,0.0606340,2441.993
Industry groups,Administrative and support services,SG01RSC04B01MN2,1996Q4,0.0175451,685.122
Industry groups,Local Government administration,SG01RSC04B01OO1,1996Q4,0.0043191,166.979
Industry groups,"Central government administration, defence, and public safety",SG01RSC04B01OO2,1996Q4,0.0343323,1228.788
Industry groups,Education and training,SG01RSC04B01PP1,1996Q4,0.0395432,1837.684
Industry groups,Health care and social assistance,SG01RSC04B01QQ1,1996Q4,0.0437946,1610.621
Industry groups,Arts and recreation services,SG01RSC04B01RS1,1996Q4,0.0114227,482.359
Industry groups,Other services,SG01RSC04B01RS2,1996Q4,0.0176184,615.124
Industry groups,"GST, import duties, stamp duty",SG01RSC04B01UZ9,1996Q4,0.0745954,2365.416
Industry groups,Agriculture,SG01RSC04B01AA1,1997Q1,0.0456190,2203.294
Industry groups,Forestry and logging,SG01RSC04B01AA2,1997Q1,0.0097612,198.884
Industry groups,"Fishing, aquaculture and agriculture, forestry and fishing support services",SG01RSC04B01AA3,1997Q1,0.0089939,321.430
Industry groups,Mining,SG01RSC04B01BB1,1997Q1,0.0123538,840.412
Industry groups,"Food, beverage, and tobacco manufacturing",SG01RSC04B01CC1,1997Q1,0.0500931,1257.732
Industry groups,"Textile, leather, clothing, and footwear manufacturing",SG01RSC04B01CC2,1997Q1,0.0104487,291.077
Industry groups,Wood and paper products manufacturing,SG01RSC04B01CC3,1997Q1,0.0186217,447.081
Industry groups,Printing,SG01RSC04B01CC4,1997Q1,0.0067940,221.857
Industry groups,"Petroleum, chemical, polymer, and rubber product manufacturing",SG01RSC04B01CC5,1997Q1,0.0299544,919.043
Industry groups,Non-metallic mineral product manufacturing,SG01RSC04B01CC6,1997Q1,0.0059410,186.000
Industry groups,Metal product manufacturing,SG01RSC04B01CC7,1997Q1,0.0181425,599.894
Industry groups,"Transport equipment, machinery and equipment manufacturing",SG01RSC04B01CC8,1997Q1,0.0219233,843.133
Industry groups,Furniture and other manufacturing,SG01RSC04B01CC9,1997Q1,0.0046777,160.294
Industry groups,"Electricity, gas, water, and waste services",SG01RSC04B01DD1,1997Q1,0.0280689,1223.958
Industry groups,Construction,SG01RSC04B01EE1,1997Q1,0.0436017,1717.588
Industry groups,Wholesale trade,SG01RSC04B01FF1,1997Q1,0.0526870,1826.848
Industry groups,Retail trade,SG01RSC04B01GH1,1997Q1,0.0453592,1379.391
Industry groups,Accommodation services,SG01RSC04B01GH2,1997Q1,0.0190023,733.228
Industry groups,"Transport, postal, and warehousing",SG01RSC04B01II1,1997Q1,0.0496948,1481.275
Industry groups,Information media and telecommunications,SG01RSC04B01JJ1,1997Q1,0.0426668,731.571
Industry groups,Financial and insurance services,SG01RSC04B01KK1,1997Q1,0.0405114,1679.011
Industry groups,"Rental, hiring, and real estate services",SG01RSC04B01LL1,1997Q1,0.0547265,2158.701
Industry groups,Ownership of owner-occupied dwellings,SG01RSC04B01LL2,1997Q1,0.0765520,2089.136
Industry groups,"Prof, scientific, and technical services",SG01RSC04B01MN1,1997Q1,0.0606340,2471.244
Industry groups,Administrative and support services,SG01RSC04B01MN2,1997Q1,0.0175451,684.838
Industry groups,Local Government administration,SG01RSC04B01OO1,1997Q1,0.0043191,169.060
Industry groups,"Central government administration, defence, and public safety",SG01RSC04B01OO2,1997Q1,0.0343323,1199.353
Industry groups,Education and training,SG01RSC04B01PP1,1997Q1,0.0395432,1846.631
Industry groups,Health care and social assistance,SG01RSC04B01QQ1,1997Q1,0.0437946,1616.627
Industry groups,Arts and recreation services,SG01RSC04B01RS1,1997Q1,0.0114227,481.923
Industry groups,Other services,SG01RSC04B01RS2,1997Q1,0.0176184,609.885
Industry groups,"GST, import duties, stamp duty",SG01RSC04B01UZ9,1997Q1,0.0745954,2352.912
Industry groups,Agriculture,SG01RSC04B01AA1,1997Q2,0.0433925,2197.857
Industry groups,Forestry and logging,SG01RSC04B01AA2,1997Q2,0.0088460,220.424
Industry groups,"Fishing, aquaculture and agriculture, forestry and fishing support services",SG01RSC04B01AA3,1997Q2,0.0085354,334.268
Industry groups,Mining,SG01RSC04B01BB1,1997Q2,0.0119163,801.612
Industry groups,"Food, beverage, and tobacco manufacturing",SG01RSC04B01CC1,1997Q2,0.0512056,1331.865
Industry groups,"Textile, leather, clothing, and footwear manufacturing",SG01RSC04B01CC2,1997Q2,0.0090067,303.647
Industry groups,Wood and paper products manufacturing,SG01RSC04B01CC3,1997Q2,0.0172086,438.919
Industry groups,Printing,SG01RSC04B01CC4,1997Q2,0.0066268,220.013
Industry groups,"Petroleum, chemical, polymer, and rubber product manufacturing",SG01RSC04B01CC5,1997Q2,0.0291272,939.544
Industry groups,Non-metallic mineral product manufacturing,SG01RSC04B01CC6,1997Q2,0.0058069,191.163
Industry groups,Metal product manufacturing,SG01RSC04B01CC7,1997Q2,0.0193458,633.435
Industry groups,"Transport equipment, machinery and equipment manufacturing",SG01RSC04B01CC8,1997Q2,0.0203835,859.835
Industry groups,Furniture and other manufacturing,SG01RSC04B01CC9,1997Q2,0.0045040,165.334
Industry groups,"Electricity, gas, water, and waste services",SG01RSC04B01DD1,1997Q2,0.0287044,1194.305
Industry groups,Construction,SG01RSC04B01EE1,1997Q2,0.0442895,1695.450
Industry groups,Wholesale trade,SG01RSC04B01FF1,1997Q2,0.0548013,1912.704
Industry groups,Retail trade,SG01RSC04B01GH1,1997Q2,0.0444565,1414.822
Industry groups,Accommodation services,SG01RSC04B01GH2,1997Q2,0.0184356,727.300
Industry groups,"Transport, postal, and warehousing",SG01RSC04B01II1,1997Q2,0.0470367,1508.392
Industry groups,Information media and telecommunications,SG01RSC04B01JJ1,1997Q2,0.0434882,756.117
Industry groups,Financial and insurance services,SG01RSC04B01KK1,1997Q2,0.0419889,1693.378
Industry groups,"Rental, hiring, and real estate services",SG01RSC04B01LL1,1997Q2,0.0540359,2148.572
Industry groups,Ownership of owner-occupied dwellings,SG01RSC04B01LL2,1997Q2,0.0778295,2104.905
Industry groups,"Prof, scientific, and technical services",SG01RSC04B01MN1,1997Q2,0.0636114,2443.644
Industry groups,Administrative and support services,SG01RSC04B01MN2,1997Q2,0.0176109,673.276
Industry groups,Local Government administration,SG01RSC04B01OO1,1997Q2,0.0042643,168.593
Industry groups,"Central government administration, defence, and public safety",SG01RSC04B01OO2,1997Q2,0.0341591,1216.777
Industry groups,Education and training,SG01RSC04B01PP1,1997Q2,0.0400618,1853.909
Industry groups,Health care and social assistance,SG01RSC04B01QQ1,1997Q2,0.0451691,1701.811
Industry groups,Arts and recreation services,SG01RSC04B01RS1,1997Q2,0.0127803,505.473
Industry groups,Other services,SG01RSC04B01RS2,1997Q2,0.0180727,644.745
Industry groups,"GST, import duties, stamp duty",SG01RSC04B01UZ9,1997Q2,0.0732985,2409.351
Industry groups,Agriculture,SG01RSC04B01AA1,1997Q3,0.0433925,2153.461
Industry groups,Forestry and logging,SG01RSC04B01AA2,1997Q3,0.0088460,211.668
Industry groups,"Fishing, aquaculture and agriculture, forestry and fishing support services",SG01RSC04B01AA3,1997Q3,0.0085354,313.476
Industry groups,Mining,SG01RSC04B01BB1,1997Q3,0.0119163,725.583
Industry groups,"Food, beverage, and tobacco manufacturing",SG01RSC04B01CC1,1997Q3,0.0512056,1324.359
Industry groups,"Textile, leather, clothing, and footwear manufacturing",SG01RSC04B01CC2,1997Q3,0.0090067,286.123
Industry groups,Wood and paper products manufacturing,SG01RSC04B01CC3,1997Q3,0.0172086,431.435
Industry groups,Printing,SG01RSC04B01CC4,1997Q3,0.0066268,223.600
Industry groups,"Petroleum, chemical, polymer, and rubber product manufacturing",SG01RSC04B01CC5,1997Q3,0.0291272,892.609
Industry groups,Non-metallic mineral product manufacturing,SG01RSC04B01CC6,1997Q3,0.0058069,197.050
Industry groups,Metal product manufacturing,SG01RSC04B01CC7,1997Q3,0.0193458,627.161
Industry groups,"Transport equipment, machinery and equipment manufacturing",SG01RSC04B01CC8,1997Q3,0.0203835,832.295
Industry groups,Furniture and other manufacturing,SG01RSC04B01CC9,1997Q3,0.0045040,168.431
Industry groups,"Electricity, gas, water, and waste services",SG01RSC04B01DD1,1997Q3,0.0287044,1244.381
Industry groups,Construction,SG01RSC04B01EE1,1997Q3,0.0442895,1778.941
Industry groups,Wholesale trade,SG01RSC04B01FF1,1997Q3,0.0548013,1838.283
Industry groups,Retail trade,SG01RSC04B01GH1,1997Q3,0.0444565,1424.030
Industry groups,Accommodation services,SG01RSC04B01GH2,1997Q3,0.0184356,733.745
Industry groups,"Transport, postal, and warehousing",SG01RSC04B01II1,1997Q3,0.0470367,1518.802
Industry groups,Information media and telecommunications,SG01RSC04B01JJ1,1997Q3,0.0434882,769.417
Industry groups,Financial and insurance services,SG01RSC04B01KK1,1997Q3,0.0419889,1693.010
Industry groups,"Rental, hiring, and real estate services",SG01RSC04B01LL1,1997Q3,0.0540359,2128.204
Industry groups,Ownership of owner-occupied dwellings,SG01RSC04B01LL2,1997Q3,0.0778295,2115.425
Industry groups,"Prof, scientific, and technical services",SG01RSC04B01MN1,1997Q3,0.0636114,2521.587
Industry groups,Administrative and support services,SG01RSC04B01MN2,1997Q3,0.0176109,696.166
Industry groups,Local Government administration,SG01RSC04B01OO1,1997Q3,0.0042643,166.901
Industry groups,"Central government administration, defence, and public safety",SG01RSC04B01OO2,1997Q3,0.0341591,1200.603
Industry groups,Education and training,SG01RSC04B01PP1,1997Q3,0.0400618,1862.906
Industry groups,Health care and social assistance,SG01RSC04B01QQ1,1997Q3,0.0451691,1738.632
Industry groups,Arts and recreation services,SG01RSC04B01RS1,1997Q3,0.0127803,519.450
Industry groups,Other services,SG01RSC04B01RS2,1997Q3,0.0180727,642.543
Industry groups,"GST, import duties, stamp duty",SG01RSC04B01UZ9,1997Q3,0.0732985,2376.637
Industry groups,Agriculture,SG01RSC04B01AA1,1997Q4,0.0433925,2141.423
Industry groups,Forestry and logging,SG01RSC04B01AA2,1997Q4,0.0088460,207.806
Industry groups,"Fishing, aquaculture and agriculture, forestry and fishing support services",SG01RSC04B01AA3,1997Q4,0.0085354,308.667
Industry groups,Mining,SG01RSC04B01BB1,1997Q4,0.0119163,700.615
Industry groups,"Food, beverage, and tobacco manufacturing",SG01RSC04B01CC1,1997Q4,0.0512056,1315.867
Industry groups,"Textile, leather, clothing, and footwear manufacturing",SG01RSC04B01CC2,1997Q4,0.0090067,278.415
Industry groups,Wood and paper products manufacturing,SG01RSC04B01CC3,1997Q4,0.0172086,426.701
Industry groups,Printing,SG01RSC04B01CC4,1997Q4,0.0066268,220.840
Industry groups,"Petroleum, chemical, polymer, and rubber product manufacturing",SG01RSC04B01CC5,1997Q4,0.0291272,916.673
Industry groups,Non-metallic mineral product manufacturing,SG01RSC04B01CC6,1997Q4,0.0058069,183.704
Industry groups,Metal product manufacturing,SG01RSC04B01CC7,1997Q4,0.0193458,633.478
Industry groups,"Transport equipment, machinery and equipment manufacturing",SG01RSC04B01CC8,1997Q4,0.0203835,833.871
Industry groups,Furniture and other manufacturing,SG01RSC04B01CC9,1997Q4,0.0045040,172.429
Industry groups,"Electricity, gas, water, and waste services",SG01RSC04B01DD1,1997Q4,0.0287044,1268.655
Industry groups,Construction,SG01RSC04B01EE1,1997Q4,0.0442895,1712.130
Industry groups,Wholesale trade,SG01RSC04B01FF1,1997Q4,0.0548013,1883.632
Industry groups,Retail trade,SG01RSC04B01GH1,1997Q4,0.0444565,1429.384
Industry groups,Accommodation services,SG01RSC04B01GH2,1997Q4,0.0184356,743.479
Industry groups,"Transport, postal, and warehousing",SG01RSC04B01II1,1997Q4,0.0470367,1532.376
Industry groups,Information media and telecommunications,SG01RSC04B01JJ1,1997Q4,0.0434882,765.073
Industry groups,Financial and insurance services,SG01RSC04B01KK1,1997Q4,0.0419889,1686.944
Industry groups,"Rental, hiring, and real estate services",SG01RSC04B01LL1,1997Q4,0.0540359,2128.820
Industry groups,Ownership of owner-occupied dwellings,SG01RSC04B01LL2,1997Q4,0.0778295,2124.559
Industry groups,"Prof, scientific, and technical services",SG01RSC04B01MN1,1997Q4,0.0636114,2449.531
Industry groups,Administrative and support services,SG01RSC04B01MN2,1997Q4,0.0176109,691.009
Industry groups,Local Government administration,SG01RSC04B01OO1,1997Q4,0.0042643,164.535
Industry groups,"Central government administration, defence, and public safety",SG01RSC04B01OO2,1997Q4,0.0341591,1186.228
Industry groups,Education and training,SG01RSC04B01PP1,1997Q4,0.0400618,1872.435
Industry groups,Health care and social assistance,SG01RSC04B01QQ1,1997Q4,0.0451691,1746.462
Industry groups,Arts and recreation services,SG01RSC04B01RS1,1997Q4,0.0127803,543.915
Industry groups,Other services,SG01RSC04B01RS2,1997Q4,0.0180727,661.289
Industry groups,"GST, import duties, stamp duty",SG01RSC04B01UZ9,1997Q4,0.0732985,2382.774
Industry groups,Agriculture,SG01RSC04B01AA1,1998Q1,0.0433925,2038.638
Industry groups,Forestry and logging,SG01RSC04B01AA2,1998Q1,0.0088460,199.689
Industry groups,"Fishing, aquaculture and agriculture, forestry and fishing support services",SG01RSC04B01AA3,1998Q1,0.0085354,313.844
Industry groups,Mining,SG01RSC04B01BB1,1998Q1,0.0119163,598.307
Industry groups,"Food, beverage, and tobacco manufacturing",SG01RSC04B01CC1,1998Q1,0.0512056,1342.975
Industry groups,"Textile, leather, clothing, and footwear manufacturing",SG01RSC04B01CC2,1998Q1,0.0090067,264.341
Industry groups,Wood and paper products manufacturing,SG01RSC04B01CC3,1998Q1,0.0172086,413.001
Industry groups,Printing,SG01RSC04B01CC4,1998Q1,0.0066268,205.665
Industry groups,"Petroleum, chemical, polymer, and rubber product manufacturing",SG01RSC04B01CC5,1998Q1,0.0291272,884.005
Industry groups,Non-metallic mineral product manufacturing,SG01RSC04B01CC6,1998Q1,0.0058069,191.972
Industry groups,Metal product manufacturing,SG01RSC04B01CC7,1998Q1,0.0193458,622.209
Industry groups,"Transport equipment, machinery and equipment manufacturing",SG01RSC04B01CC8,1998Q1,0.0203835,879.091
Industry groups,Furniture and other manufacturing,SG01RSC04B01CC9,1998Q1,0.0045040,168.716
Industry groups,"Electricity, gas, water, and waste services",SG01RSC04B01DD1,1998Q1,0.0287044,1323.870
Industry groups,Construction,SG01RSC04B01EE1,1998Q1,0.0442895,1702.155
Industry groups,Wholesale trade,SG01RSC04B01FF1,1998Q1,0.0548013,1908.888
Industry groups,Retail trade,SG01RSC04B01GH1,1998Q1,0.0444565,1411.725
Industry groups,Accommodation services,SG01RSC04B01GH2,1998Q1,0.0184356,745.141
Industry groups,"Transport, postal, and warehousing",SG01RSC04B01II1,1998Q1,0.0470367,1499.027
Industry groups,Information media and telecommunications,SG01RSC04B01JJ1,1998Q1,0.0434882,763.035
Industry groups,Financial and insurance services,SG01RSC04B01KK1,1998Q1,0.0419889,1685.755
Industry groups,"Rental, hiring, and real estate services",SG01RSC04B01LL1,1998Q1,0.0540359,2117.633
Industry groups,Ownership of owner-occupied dwellings,SG01RSC04B01LL2,1998Q1,0.0778295,2125.679
Industry groups,"Prof, scientific, and technical services",SG01RSC04B01MN1,1998Q1,0.0636114,2444.782
Industry groups,Administrative and support services,SG01RSC04B01MN2,1998Q1,0.0176109,694.443
Industry groups,Local Government administration,SG01RSC04B01OO1,1998Q1,0.0042643,162.360
Industry groups,"Central government administration, defence, and public safety",SG01RSC04B01OO2,1998Q1,0.0341591,1173.800
Industry groups,Education and training,SG01RSC04B01PP1,1998Q1,0.0400618,1882.499
Industry groups,Health care and social assistance,SG01RSC04B01QQ1,1998Q1,0.0451691,1782.565
Industry groups,Arts and recreation services,SG01RSC04B01RS1,1998Q1,0.0127803,529.480
Industry groups,Other services,SG01RSC04B01RS2,1998Q1,0.0180727,673.846
Industry groups,"GST, import duties, stamp duty",SG01RSC04B01UZ9,1998Q1,0.0732985,2397.513
Industry groups,Agriculture,SG01RSC04B01AA1,1998Q2,0.0426535,2063.314
Industry groups,Forestry and logging,SG01RSC04B01AA2,1998Q2,0.0080878,192.891
Industry groups,"Fishing, aquaculture and agriculture, forestry and fishing support services",SG01RSC04B01AA3,1998Q2,0.0087240,330.931
Industry groups,Mining,SG01RSC04B01BB1,1998Q2,0.0106779,694.796
Industry groups,"Food, beverage, and tobacco manufacturing",SG01RSC04B01CC1,1998Q2,0.0528353,1334.157
Industry groups,"Textile, leather, clothing, and footwear manufacturing",SG01RSC04B01CC2,1998Q2,0.0094572,256.677
Industry groups,Wood and paper products manufacturing,SG01RSC04B01CC3,1998Q2,0.0150457,386.075
Industry groups,Printing,SG01RSC04B01CC4,1998Q2,0.0064277,216.966
Industry groups,"Petroleum, chemical, polymer, and rubber product manufacturing",SG01RSC04B01CC5,1998Q2,0.0260042,896.165
Industry groups,Non-metallic mineral product manufacturing,SG01RSC04B01CC6,1998Q2,0.0053749,187.474
Industry groups,Metal product manufacturing,SG01RSC04B01CC7,1998Q2,0.0181867,607.891
Industry groups,"Transport equipment, machinery and equipment manufacturing",SG01RSC04B01CC8,1998Q2,0.0199034,853.070
Industry groups,Furniture and other manufacturing,SG01RSC04B01CC9,1998Q2,0.0046140,157.434
Industry groups,"Electricity, gas, water, and waste services",SG01RSC04B01DD1,1998Q2,0.0274116,1327.958
Industry groups,Construction,SG01RSC04B01EE1,1998Q2,0.0421663,1725.889
Industry groups,Wholesale trade,SG01RSC04B01FF1,1998Q2,0.0564695,1859.391
Industry groups,Retail trade,SG01RSC04B01GH1,1998Q2,0.0444104,1404.496
Industry groups,Accommodation services,SG01RSC04B01GH2,1998Q2,0.0192236,731.853
Industry groups,"Transport, postal, and warehousing",SG01RSC04B01II1,1998Q2,0.0469003,1507.157
Industry groups,Information media and telecommunications,SG01RSC04B01JJ1,1998Q2,0.0425161,786.576
Industry groups,Financial and insurance services,SG01RSC04B01KK1,1998Q2,0.0421569,1710.739
Industry groups,"Rental, hiring, and real estate services",SG01RSC04B01LL1,1998Q2,0.0558601,2119.657
Industry groups,Ownership of owner-occupied dwellings,SG01RSC04B01LL2,1998Q2,0.0780211,2112.237
Industry groups,"Prof, scientific, and technical services",SG01RSC04B01MN1,1998Q2,0.0646491,2440.752
Industry groups,Administrative and support services,SG01RSC04B01MN2,1998Q2,0.0180618,699.328
Industry groups,Local Government administration,SG01RSC04B01OO1,1998Q2,0.0043420,163.927
Industry groups,"Central government administration, defence, and public safety",SG01RSC04B01OO2,1998Q2,0.0355741,1143.499
Industry groups,Education and training,SG01RSC04B01PP1,1998Q2,0.0424601,1888.366
Industry groups,Health care and social assistance,SG01RSC04B01QQ1,1998Q2,0.0480811,1825.661
Industry groups,Arts and recreation services,SG01RSC04B01RS1,1998Q2,0.0146728,542.912
Industry groups,Other services,SG01RSC04B01RS2,1998Q2,0.0192678,690.851
Industry groups,"GST, import duties, stamp duty",SG01RSC04B01UZ9,1998Q2,0.0697631,2415.326
Industry groups,Agriculture,SG01RSC04B01AA1,1998Q3,0.0426535,1970.968
Industry groups,Forestry and logging,SG01RSC04B01AA2,1998Q3,0.0080878,194.076
Industry groups,"Fishing, aquaculture and agriculture, forestry and fishing support services",SG01RSC04B01AA3,1998Q3,0.0087240,341.112
Industry groups,Mining,SG01RSC04B01BB1,1998Q3,0.0106779,672.543
Industry groups,"Food, beverage, and tobacco manufacturing",SG01RSC04B01CC1,1998Q3,0.0528353,1278.456
Industry groups,"Textile, leather, clothing, and footwear manufacturing",SG01RSC04B01CC2,1998Q3,0.0094572,266.866
Industry groups,Wood and paper products manufacturing,SG01RSC04B01CC3,1998Q3,0.0150457,407.524
Industry groups,Printing,SG01RSC04B01CC4,1998Q3,0.0064277,200.247
Industry groups,"Petroleum, chemical, polymer, and rubber product manufacturing",SG01RSC04B01CC5,1998Q3,0.0260042,917.194
Industry groups,Non-metallic mineral product manufacturing,SG01RSC04B01CC6,1998Q3,0.0053749,174.889
Industry groups,Metal product manufacturing,SG01RSC04B01CC7,1998Q3,0.0181867,632.381
Industry groups,"Transport equipment, machinery and equipment manufacturing",SG01RSC04B01CC8,1998Q3,0.0199034,837.406
Industry groups,Furniture and other manufacturing,SG01RSC04B01CC9,1998Q3,0.0046140,171.048
Industry groups,"Electricity, gas, water, and waste services",SG01RSC04B01DD1,1998Q3,0.0274116,1341.619
Industry groups,Construction,SG01RSC04B01EE1,1998Q3,0.0421663,1602.941
Industry groups,Wholesale trade,SG01RSC04B01FF1,1998Q3,0.0564695,1879.786
Industry groups,Retail trade,SG01RSC04B01GH1,1998Q3,0.0444104,1409.201
Industry groups,Accommodation services,SG01RSC04B01GH2,1998Q3,0.0192236,716.113
Industry groups,"Transport, postal, and warehousing",SG01RSC04B01II1,1998Q3,0.0469003,1520.383
Industry groups,Information media and telecommunications,SG01RSC04B01JJ1,1998Q3,0.0425161,785.905
Industry groups,Financial and insurance services,SG01RSC04B01KK1,1998Q3,0.0421569,1725.112
Industry groups,"Rental, hiring, and real estate services",SG01RSC04B01LL1,1998Q3,0.0558601,2151.458
Industry groups,Ownership of owner-occupied dwellings,SG01RSC04B01LL2,1998Q3,0.0780211,2102.359
Industry groups,"Prof, scientific, and technical services",SG01RSC04B01MN1,1998Q3,0.0646491,2410.197
Industry groups,Administrative and support services,SG01RSC04B01MN2,1998Q3,0.0180618,693.589
Industry groups,Local Government administration,SG01RSC04B01OO1,1998Q3,0.0043420,163.741
Industry groups,"Central government administration, defence, and public safety",SG01RSC04B01OO2,1998Q3,0.0355741,1229.741
Industry groups,Education and training,SG01RSC04B01PP1,1998Q3,0.0424601,1890.583
Industry groups,Health care and social assistance,SG01RSC04B01QQ1,1998Q3,0.0480811,1897.699
Industry groups,Arts and recreation services,SG01RSC04B01RS1,1998Q3,0.0146728,558.667
Industry groups,Other services,SG01RSC04B01RS2,1998Q3,0.0192678,703.580
Industry groups,"GST, import duties, stamp duty",SG01RSC04B01UZ9,1998Q3,0.0697631,2427.082
Industry groups,Agriculture,SG01RSC04B01AA1,1998Q4,0.0426535,1960.705
Industry groups,Forestry and logging,SG01RSC04B01AA2,1998Q4,0.0080878,212.992
Industry groups,"Fishing, aquaculture and agriculture, forestry and fishing support services",SG01RSC04B01AA3,1998Q4,0.0087240,348.899
Industry groups,Mining,SG01RSC04B01BB1,1998Q4,0.0106779,708.278
Industry groups,"Food, beverage, and tobacco manufacturing",SG01RSC04B01CC1,1998Q4,0.0528353,1264.708
Industry groups,"Textile, leather, clothing, and footwear manufacturing",SG01RSC04B01CC2,1998Q4,0.0094572,261.038
Industry groups,Wood and paper products manufacturing,SG01RSC04B01CC3,1998Q4,0.0150457,420.289
Industry groups,Printing,SG01RSC04B01CC4,1998Q4,0.0064277,199.501
Industry groups,"Petroleum, chemical, polymer, and rubber product manufacturing",SG01RSC04B01CC5,1998Q4,0.0260042,890.637
Industry groups,Non-metallic mineral product manufacturing,SG01RSC04B01CC6,1998Q4,0.0053749,175.492
Industry groups,Metal product manufacturing,SG01RSC04B01CC7,1998Q4,0.0181867,614.390
Industry groups,"Transport equipment, machinery and equipment manufacturing",SG01RSC04B01CC8,1998Q4,0.0199034,772.639
Industry groups,Furniture and other manufacturing,SG01RSC04B01CC9,1998Q4,0.0046140,182.622
Industry groups,"Electricity, gas, water, and waste services",SG01RSC04B01DD1,1998Q4,0.0274116,1308.077
Industry groups,Construction,SG01RSC04B01EE1,1998Q4,0.0421663,1662.973
Industry groups,Wholesale trade,SG01RSC04B01FF1,1998Q4,0.0564695,1992.702
Industry groups,Retail trade,SG01RSC04B01GH1,1998Q4,0.0444104,1442.593
Industry groups,Accommodation services,SG01RSC04B01GH2,1998Q4,0.0192236,731.363
Industry groups,"Transport, postal, and warehousing",SG01RSC04B01II1,1998Q4,0.0469003,1502.747
Industry groups,Information media and telecommunications,SG01RSC04B01JJ1,1998Q4,0.0425161,815.928
Industry groups,Financial and insurance services,SG01RSC04B01KK1,1998Q4,0.0421569,1754.021
Industry groups,"Rental, hiring, and real estate services",SG01RSC04B01LL1,1998Q4,0.0558601,2212.615
Industry groups,Ownership of owner-occupied dwellings,SG01RSC04B01LL2,1998Q4,0.0780211,2105.971
Industry groups,"Prof, scientific, and technical services",SG01RSC04B01MN1,1998Q4,0.0646491,2531.392
Industry groups,Administrative and support services,SG01RSC04B01MN2,1998Q4,0.0180618,732.072
Industry groups,Local Government administration,SG01RSC04B01OO1,1998Q4,0.0043420,162.162
Industry groups,"Central government administration, defence, and public safety",SG01RSC04B01OO2,1998Q4,0.0355741,1174.095
Industry groups,Education and training,SG01RSC04B01PP1,1998Q4,0.0424601,1889.148
Industry groups,Health care and social assistance,SG01RSC04B01QQ1,1998Q4,0.0480811,1936.333
Industry groups,Arts and recreation services,SG01RSC04B01RS1,1998Q4,0.0146728,560.394
Industry groups,Other services,SG01RSC04B01RS2,1998Q4,0.0192678,721.358
Industry groups,"GST, import duties, stamp duty",SG01RSC04B01UZ9,1998Q4,0.0697631,2477.774
Industry groups,Agriculture,SG01RSC04B01AA1,1999Q1,0.0426535,1914.353
Industry groups,Forestry and logging,SG01RSC04B01AA2,1999Q1,0.0080878,220.306
Industry groups,"Fishing, aquaculture and agriculture, forestry and fishing support services",SG01RSC04B01AA3,1999Q1,0.0087240,358.332
Industry groups,Mining,SG01RSC04B01BB1,1999Q1,0.0106779,712.046
Industry groups,"Food, beverage, and tobacco manufacturing",SG01RSC04B01CC1,1999Q1,0.0528353,1296.740
Industry groups,"Textile, leather, clothing, and footwear manufacturing",SG01RSC04B01CC2,1999Q1,0.0094572,273.247
Industry groups,Wood and paper products manufacturing,SG01RSC04B01CC3,1999Q1,0.0150457,421.778
Industry groups,Printing,SG01RSC04B01CC4,1999Q1,0.0064277,193.296
Industry groups,"Petroleum, chemical, polymer, and rubber product manufacturing",SG01RSC04B01CC5,1999Q1,0.0260042,890.872
Industry groups,Non-metallic mineral product manufacturing,SG01RSC04B01CC6,1999Q1,0.0053749,181.445
Industry groups,Metal product manufacturing,SG01RSC04B01CC7,1999Q1,0.0181867,650.605
Industry groups,"Transport equipment, machinery and equipment manufacturing",SG01RSC04B01CC8,1999Q1,0.0199034,852.318
Industry groups,Furniture and other manufacturing,SG01RSC04B01CC9,1999Q1,0.0046140,185.445
Industry groups,"Electricity, gas, water, and waste services",SG01RSC04B01DD1,1999Q1,0.0274116,1277.931
Industry groups,Construction,SG01RSC04B01EE1,1999Q1,0.0421663,1650.919
Industry groups,Wholesale trade,SG01RSC04B01FF1,1999Q1,0.0564695,1996.905
Industry groups,Retail trade,SG01RSC04B01GH1,1999Q1,0.0444104,1464.345
Industry groups,Accommodation services,SG01RSC04B01GH2,1999Q1,0.0192236,741.842
Industry groups,"Transport, postal, and warehousing",SG01RSC04B01II1,1999Q1,0.0469003,1569.223
Industry groups,Information media and telecommunications,SG01RSC04B01JJ1,1999Q1,0.0425161,839.533
Industry groups,Financial and insurance services,SG01RSC04B01KK1,1999Q1,0.0421569,1776.813
Industry groups,"Rental, hiring, and real estate services",SG01RSC04B01LL1,1999Q1,0.0558601,2255.733
Industry groups,Ownership of owner-occupied dwellings,SG01RSC04B01LL2,1999Q1,0.0780211,2114.160
Industry groups,"Prof, scientific, and technical services",SG01RSC04B01MN1,1999Q1,0.0646491,2516.803
Industry groups,Administrative and support services,SG01RSC04B01MN2,1999Q1,0.0180618,725.501
Industry groups,Local Government administration,SG01RSC04B01OO1,1999Q1,0.0043420,161.592
Industry groups,"Central government administration, defence, and public safety",SG01RSC04B01OO2,1999Q1,0.0355741,1174.709
Industry groups,Education and training,SG01RSC04B01PP1,1999Q1,0.0424601,1884.062
Industry groups,Health care and social assistance,SG01RSC04B01QQ1,1999Q1,0.0480811,1944.855
Industry groups,Arts and recreation services,SG01RSC04B01RS1,1999Q1,0.0146728,577.596
Industry groups,Other services,SG01RSC04B01RS2,1999Q1,0.0192678,744.708
Industry groups,"GST, import duties, stamp duty",SG01RSC04B01UZ9,1999Q1,0.0697631,2524.038
Industry groups,Agriculture,SG01RSC04B01AA1,1999Q2,0.0456166,1895.236
Industry groups,Forestry and logging,SG01RSC04B01AA2,1999Q2,0.0077985,212.571
Industry groups,"Fishing, aquaculture and agriculture, forestry and fishing support services",SG01RSC04B01AA3,1999Q2,0.0093450,362.909
Industry groups,Mining,SG01RSC04B01BB1,1999Q2,0.0105740,677.443
Industry groups,"Food, beverage, and tobacco manufacturing",SG01RSC04B01CC1,1999Q2,0.0500862,1238.416
Industry groups,"Textile, leather, clothing, and footwear manufacturing",SG01RSC04B01CC2,1999Q2,0.0085406,258.405
Industry groups,Wood and paper products manufacturing,SG01RSC04B01CC3,1999Q2,0.0170804,438.787
Industry groups,Printing,SG01RSC04B01CC4,1999Q2,0.0063396,194.889
Industry groups,"Petroleum, chemical, polymer, and rubber product manufacturing",SG01RSC04B01CC5,1999Q2,0.0256782,892.637
Industry groups,Non-metallic mineral product manufacturing,SG01RSC04B01CC6,1999Q2,0.0056830,183.082
Industry groups,Metal product manufacturing,SG01RSC04B01CC7,1999Q2,0.0179355,664.659
Industry groups,"Transport equipment, machinery and equipment manufacturing",SG01RSC04B01CC8,1999Q2,0.0194549,788.431
Industry groups,Furniture and other manufacturing,SG01RSC04B01CC9,1999Q2,0.0047662,188.763
Industry groups,"Electricity, gas, water, and waste services",SG01RSC04B01DD1,1999Q2,0.0286994,1302.514
Industry groups,Construction,SG01RSC04B01EE1,1999Q2,0.0457365,1713.615
Industry groups,Wholesale trade,SG01RSC04B01FF1,1999Q2,0.0548521,2032.037
Industry groups,Retail trade,SG01RSC04B01GH1,1999Q2,0.0449146,1488.860
Industry groups,Accommodation services,SG01RSC04B01GH2,1999Q2,0.0184257,760.672
Industry groups,"Transport, postal, and warehousing",SG01RSC04B01II1,1999Q2,0.0465764,1560.365
Industry groups,Information media and telecommunications,SG01RSC04B01JJ1,1999Q2,0.0405294,851.307
Industry groups,Financial and insurance services,SG01RSC04B01KK1,1999Q2,0.0437726,1795.612
Industry groups,"Rental, hiring, and real estate services",SG01RSC04B01LL1,1999Q2,0.0561219,2274.373
Industry groups,Ownership of owner-occupied dwellings,SG01RSC04B01LL2,1999Q2,0.0743312,2126.255
Industry groups,"Prof, scientific, and technical services",SG01RSC04B01MN1,1999Q2,0.0670712,2581.325
Industry groups,Administrative and support services,SG01RSC04B01MN2,1999Q2,0.0182285,720.991
Industry groups,Local Government administration,SG01RSC04B01OO1,1999Q2,0.0038783,161.423
Industry groups,"Central government administration, defence, and public safety",SG01RSC04B01OO2,1999Q2,0.0342141,1149.558
Industry groups,Education and training,SG01RSC04B01PP1,1999Q2,0.0427293,1884.548
Industry groups,Health care and social assistance,SG01RSC04B01QQ1,1999Q2,0.0471970,1949.996
Industry groups,Arts and recreation services,SG01RSC04B01RS1,1999Q2,0.0150858,570.836
Industry groups,Other services,SG01RSC04B01RS2,1999Q2,0.0191050,732.517
Industry groups,"GST, import duties, stamp duty",SG01RSC04B01UZ9,1999Q2,0.0696322,2548.371
Industry groups,Agriculture,SG01RSC04B01AA1,1999Q3,0.0456166,2018.569
Industry groups,Forestry and logging,SG01RSC04B01AA2,1999Q3,0.0077985,236.215
Industry groups,"Fishing, aquaculture and agriculture, forestry and fishing support services",SG01RSC04B01AA3,1999Q3,0.0093450,379.797
Industry groups,Mining,SG01RSC04B01BB1,1999Q3,0.0105740,706.513
Industry groups,"Food, beverage, and tobacco manufacturing",SG01RSC04B01CC1,1999Q3,0.0500862,1323.179
Industry groups,"Textile, leather, clothing, and footwear manufacturing",SG01RSC04B01CC2,1999Q3,0.0085406,246.382
Industry groups,Wood and paper products manufacturing,SG01RSC04B01CC3,1999Q3,0.0170804,465.948
Industry groups,Printing,SG01RSC04B01CC4,1999Q3,0.0063396,207.078
Industry groups,"Petroleum, chemical, polymer, and rubber product manufacturing",SG01RSC04B01CC5,1999Q3,0.0256782,889.536
Industry groups,Non-metallic mineral product manufacturing,SG01RSC04B01CC6,1999Q3,0.0056830,187.854
Industry groups,Metal product manufacturing,SG01RSC04B01CC7,1999Q3,0.0179355,697.903
Industry groups,"Transport equipment, machinery and equipment manufacturing",SG01RSC04B01CC8,1999Q3,0.0194549,833.558
Industry groups,Furniture and other manufacturing,SG01RSC04B01CC9,1999Q3,0.0047662,189.868
Industry groups,"Electricity, gas, water, and waste services",SG01RSC04B01DD1,1999Q3,0.0286994,1280.821
Industry groups,Construction,SG01RSC04B01EE1,1999Q3,0.0457365,1823.171
Industry groups,Wholesale trade,SG01RSC04B01FF1,1999Q3,0.0548521,2146.437
Industry groups,Retail trade,SG01RSC04B01GH1,1999Q3,0.0449146,1524.119
Industry groups,Accommodation services,SG01RSC04B01GH2,1999Q3,0.0184257,785.155
Industry groups,"Transport, postal, and warehousing",SG01RSC04B01II1,1999Q3,0.0465764,1586.989
Industry groups,Information media and telecommunications,SG01RSC04B01JJ1,1999Q3,0.0405294,909.366
Industry groups,Financial and insurance services,SG01RSC04B01KK1,1999Q3,0.0437726,1813.904
Industry groups,"Rental, hiring, and real estate services",SG01RSC04B01LL1,1999Q3,0.0561219,2307.489
Industry groups,Ownership of owner-occupied dwellings,SG01RSC04B01LL2,1999Q3,0.0743312,2143.380
Industry groups,"Prof, scientific, and technical services",SG01RSC04B01MN1,1999Q3,0.0670712,2703.689
Industry groups,Administrative and support services,SG01RSC04B01MN2,1999Q3,0.0182285,749.764
Industry groups,Local Government administration,SG01RSC04B01OO1,1999Q3,0.0038783,160.863
Industry groups,"Central government administration, defence, and public safety",SG01RSC04B01OO2,1999Q3,0.0342141,1170.617
Industry groups,Education and training,SG01RSC04B01PP1,1999Q3,0.0427293,1889.832
Industry groups,Health care and social assistance,SG01RSC04B01QQ1,1999Q3,0.0471970,1953.113
Industry groups,Arts and recreation services,SG01RSC04B01RS1,1999Q3,0.0150858,588.051
Industry groups,Other services,SG01RSC04B01RS2,1999Q3,0.0191050,746.165
Industry groups,"GST, import duties, stamp duty",SG01RSC04B01UZ9,1999Q3,0.0696322,2602.073
Industry groups,Agriculture,SG01RSC04B01AA1,1999Q4,0.0456166,2043.362
Industry groups,Forestry and logging,SG01RSC04B01AA2,1999Q4,0.0077985,227.265
Industry groups,"Fishing, aquaculture and agriculture, forestry and fishing support services",SG01RSC04B01AA3,1999Q4,0.0093450,381.956
Industry groups,Mining,SG01RSC04B01BB1,1999Q4,0.0105740,656.564
Industry groups,"Food, beverage, and tobacco manufacturing",SG01RSC04B01CC1,1999Q4,0.0500862,1324.066
Industry groups,"Textile, leather, clothing, and footwear manufacturing",SG01RSC04B01CC2,1999Q4,0.0085406,276.652
Industry groups,Wood and paper products manufacturing,SG01RSC04B01CC3,1999Q4,0.0170804,489.288
Industry groups,Printing,SG01RSC04B01CC4,1999Q4,0.0063396,214.406
Industry groups,"Petroleum, chemical, polymer, and rubber product manufacturing",SG01RSC04B01CC5,1999Q4,0.0256782,915.306
Industry groups,Non-metallic mineral product manufacturing,SG01RSC04B01CC6,1999Q4,0.0056830,200.361
Industry groups,Metal product manufacturing,SG01RSC04B01CC7,1999Q4,0.0179355,725.243
Industry groups,"Transport equipment, machinery and equipment manufacturing",SG01RSC04B01CC8,1999Q4,0.0194549,898.910
Industry groups,Furniture and other manufacturing,SG01RSC04B01CC9,1999Q4,0.0047662,182.903
Industry groups,"Electricity, gas, water, and waste services",SG01RSC04B01DD1,1999Q4,0.0286994,1250.602
Industry groups,Construction,SG01RSC04B01EE1,1999Q4,0.0457365,1897.050
Industry groups,Wholesale trade,SG01RSC04B01FF1,1999Q4,0.0548521,2172.290
Industry groups,Retail trade,SG01RSC04B01GH1,1999Q4,0.0449146,1538.069
Industry groups,Accommodation services,SG01RSC04B01GH2,1999Q4,0.0184257,761.403
Industry groups,"Transport, postal, and warehousing",SG01RSC04B01II1,1999Q4,0.0465764,1636.292
Industry groups,Information media and telecommunications,SG01RSC04B01JJ1,1999Q4,0.0405294,962.581
Industry groups,Financial and insurance services,SG01RSC04B01KK1,1999Q4,0.0437726,1842.870
Industry groups,"Rental, hiring, and real estate services",SG01RSC04B01LL1,1999Q4,0.0561219,2333.831
Industry groups,Ownership of owner-occupied dwellings,SG01RSC04B01LL2,1999Q4,0.0743312,2156.255
Industry groups,"Prof, scientific, and technical services",SG01RSC04B01MN1,1999Q4,0.0670712,2707.255
Industry groups,Administrative and support services,SG01RSC04B01MN2,1999Q4,0.0182285,762.287
Industry groups,Local Government administration,SG01RSC04B01OO1,1999Q4,0.0038783,160.606
Industry groups,"Central government administration, defence, and public safety",SG01RSC04B01OO2,1999Q4,0.0342141,1173.840
Industry groups,Education and training,SG01RSC04B01PP1,1999Q4,0.0427293,1899.912
Industry groups,Health care and social assistance,SG01RSC04B01QQ1,1999Q4,0.0471970,1970.191
Industry groups,Arts and recreation services,SG01RSC04B01RS1,1999Q4,0.0150858,605.827
Industry groups,Other services,SG01RSC04B01RS2,1999Q4,0.0191050,747.627
Industry groups,"GST, import duties, stamp duty",SG01RSC04B01UZ9,1999Q4,0.0696322,2617.691
Industry groups,Agriculture,SG01RSC04B01AA1,2000Q1,0.0456166,2085.652
Industry groups,Forestry and logging,SG01RSC04B01AA2,2000Q1,0.0077985,240.374
Industry groups,"Fishing, aquaculture and agriculture, forestry and fishing support services",SG01RSC04B01AA3,2000Q1,0.0093450,371.216
Industry groups,Mining,SG01RSC04B01BB1,2000Q1,0.0105740,690.732
Industry groups,"Food, beverage, and tobacco manufacturing",SG01RSC04B01CC1,2000Q1,0.0500862,1339.051
Industry groups,"Textile, leather, clothing, and footwear manufacturing",SG01RSC04B01CC2,2000Q1,0.0085406,266.647
Industry groups,Wood and paper products manufacturing,SG01RSC04B01CC3,2000Q1,0.0170804,489.947
Industry groups,Printing,SG01RSC04B01CC4,2000Q1,0.0063396,208.790
Industry groups,"Petroleum, chemical, polymer, and rubber product manufacturing",SG01RSC04B01CC5,2000Q1,0.0256782,959.228
Industry groups,Non-metallic mineral product manufacturing,SG01RSC04B01CC6,2000Q1,0.0056830,198.879
Industry groups,Metal product manufacturing,SG01RSC04B01CC7,2000Q1,0.0179355,710.012
Industry groups,"Transport equipment, machinery and equipment manufacturing",SG01RSC04B01CC8,2000Q1,0.0194549,856.520
Industry groups,Furniture and other manufacturing,SG01RSC04B01CC9,2000Q1,0.0047662,202.347
Industry groups,"Electricity, gas, water, and waste services",SG01RSC04B01DD1,2000Q1,0.0286994,1264.810
Industry groups,Construction,SG01RSC04B01EE1,2000Q1,0.0457365,2173.391
Industry groups,Wholesale trade,SG01RSC04B01FF1,2000Q1,0.0548521,2150.814
Industry groups,Retail trade,SG01RSC04B01GH1,2000Q1,0.0449146,1548.634
Industry groups,Accommodation services,SG01RSC04B01GH2,2000Q1,0.0184257,763.792
Industry groups,"Transport, postal, and warehousing",SG01RSC04B01II1,2000Q1,0.0465764,1631.915
Industry groups,Information media and telecommunications,SG01RSC04B01JJ1,2000Q1,0.0405294,969.871
Industry groups,Financial and insurance services,SG01RSC04B01KK1,2000Q1,0.0437726,1874.043
Industry groups,"Rental, hiring, and real estate services",SG01RSC04B01LL1,2000Q1,0.0561219,2378.382
Industry groups,Ownership of owner-occupied dwellings,SG01RSC04B01LL2,2000Q1,0.0743312,2167.227
Industry groups,"Prof, scientific, and technical services",SG01RSC04B01MN1,2000Q1,0.0670712,2760.891
Industry groups,Administrative and support services,SG01RSC04B01MN2,2000Q1,0.0182285,783.063
Industry groups,Local Government administration,SG01RSC04B01OO1,2000Q1,0.0038783,156.874
Industry groups,"Central government administration, defence, and public safety",SG01RSC04B01OO2,2000Q1,0.0342141,1176.462
Industry groups,Education and training,SG01RSC04B01PP1,2000Q1,0.0427293,1914.789
Industry groups,Health care and social assistance,SG01RSC04B01QQ1,2000Q1,0.0471970,2011.866
Industry groups,Arts and recreation services,SG01RSC04B01RS1,2000Q1,0.0150858,596.443
Industry groups,Other services,SG01RSC04B01RS2,2000Q1,0.0191050,747.960
Industry groups,"GST, import duties, stamp duty",SG01RSC04B01UZ9,2000Q1,0.0696322,2649.292
Industry groups,Agriculture,SG01RSC04B01AA1,2000Q2,0.0594484,2019.087
Industry groups,Forestry and logging,SG01RSC04B01AA2,2000Q2,0.0084042,244.956
Industry groups,"Fishing, aquaculture and agriculture, forestry and fishing support services",SG01RSC04B01AA3,2000Q2,0.0096783,375.624
Industry groups,Mining,SG01RSC04B01BB1,2000Q2,0.0115317,649.423
Industry groups,"Food, beverage, and tobacco manufacturing",SG01RSC04B01CC1,2000Q2,0.0509418,1289.971
Industry groups,"Textile, leather, clothing, and footwear manufacturing",SG01RSC04B01CC2,2000Q2,0.0071953,242.063
Industry groups,Wood and paper products manufacturing,SG01RSC04B01CC3,2000Q2,0.0193482,497.576
Industry groups,Printing,SG01RSC04B01CC4,2000Q2,0.0059189,199.093
Industry groups,"Petroleum, chemical, polymer, and rubber product manufacturing",SG01RSC04B01CC5,2000Q2,0.0255128,967.955
Industry groups,Non-metallic mineral product manufacturing,SG01RSC04B01CC6,2000Q2,0.0049127,198.946
Industry groups,Metal product manufacturing,SG01RSC04B01CC7,2000Q2,0.0167152,688.039
Industry groups,"Transport equipment, machinery and equipment manufacturing",SG01RSC04B01CC8,2000Q2,0.0198931,872.209
Industry groups,Furniture and other manufacturing,SG01RSC04B01CC9,2000Q2,0.0046043,196.207
Industry groups,"Electricity, gas, water, and waste services",SG01RSC04B01DD1,2000Q2,0.0264470,1299.742
Industry groups,Construction,SG01RSC04B01EE1,2000Q2,0.0428795,1892.427
Industry groups,Wholesale trade,SG01RSC04B01FF1,2000Q2,0.0552525,2391.536
Industry groups,Retail trade,SG01RSC04B01GH1,2000Q2,0.0446116,1535.542
Industry groups,Accommodation services,SG01RSC04B01GH2,2000Q2,0.0193306,769.422
Industry groups,"Transport, postal, and warehousing",SG01RSC04B01II1,2000Q2,0.0442037,1643.324
Industry groups,Information media and telecommunications,SG01RSC04B01JJ1,2000Q2,0.0404036,1005.883
Industry groups,Financial and insurance services,SG01RSC04B01KK1,2000Q2,0.0449775,1890.428
Industry groups,"Rental, hiring, and real estate services",SG01RSC04B01LL1,2000Q2,0.0560023,2395.844
Industry groups,Ownership of owner-occupied dwellings,SG01RSC04B01LL2,2000Q2,0.0711094,2172.420
Industry groups,"Prof, scientific, and technical services",SG01RSC04B01MN1,2000Q2,0.0633876,2679.350
Industry groups,Administrative and support services,SG01RSC04B01MN2,2000Q2,0.0172444,772.838
Industry groups,Local Government administration,SG01RSC04B01OO1,2000Q2,0.0036008,151.542
Industry groups,"Central government administration, defence, and public safety",SG01RSC04B01OO2,2000Q2,0.0339940,1182.542
Industry groups,Education and training,SG01RSC04B01PP1,2000Q2,0.0422775,1928.770
Industry groups,Health care and social assistance,SG01RSC04B01QQ1,2000Q2,0.0476538,2023.357
Industry groups,Arts and recreation services,SG01RSC04B01RS1,2000Q2,0.0151430,582.287
Industry groups,Other services,SG01RSC04B01RS2,2000Q2,0.0189171,743.655
Industry groups,"GST, import duties, stamp duty",SG01RSC04B01UZ9,2000Q2,0.0684593,2619.901
Industry groups,Agriculture,SG01RSC04B01AA1,2000Q3,0.0594484,2135.735
Industry groups,Forestry and logging,SG01RSC04B01AA2,2000Q3,0.0084042,239.010
Industry groups,"Fishing, aquaculture and agriculture, forestry and fishing support services",SG01RSC04B01AA3,2000Q3,0.0096783,383.598
Industry groups,Mining,SG01RSC04B01BB1,2000Q3,0.0115317,673.470
Industry groups,"Food, beverage, and tobacco manufacturing",SG01RSC04B01CC1,2000Q3,0.0509418,1352.017
Industry groups,"Textile, leather, clothing, and footwear manufacturing",SG01RSC04B01CC2,2000Q3,0.0071953,253.897
Industry groups,Wood and paper products manufacturing,SG01RSC04B01CC3,2000Q3,0.0193482,481.720
Industry groups,Printing,SG01RSC04B01CC4,2000Q3,0.0059189,201.719
Industry groups,"Petroleum, chemical, polymer, and rubber product manufacturing",SG01RSC04B01CC5,2000Q3,0.0255128,961.850
Industry groups,Non-metallic mineral product manufacturing,SG01RSC04B01CC6,2000Q3,0.0049127,198.053
Industry groups,Metal product manufacturing,SG01RSC04B01CC7,2000Q3,0.0167152,702.339
Industry groups,"Transport equipment, machinery and equipment manufacturing",SG01RSC04B01CC8,2000Q3,0.0198931,893.287
Industry groups,Furniture and other manufacturing,SG01RSC04B01CC9,2000Q3,0.0046043,186.904
Industry groups,"Electricity, gas, water, and waste services",SG01RSC04B01DD1,2000Q3,0.0264470,1288.784
Industry groups,Construction,SG01RSC04B01EE1,2000Q3,0.0428795,1870.440
Industry groups,Wholesale trade,SG01RSC04B01FF1,2000Q3,0.0552525,2265.498
Industry groups,Retail trade,SG01RSC04B01GH1,2000Q3,0.0446116,1555.598
Industry groups,Accommodation services,SG01RSC04B01GH2,2000Q3,0.0193306,763.768
Industry groups,"Transport, postal, and warehousing",SG01RSC04B01II1,2000Q3,0.0442037,1637.407
Industry groups,Information media and telecommunications,SG01RSC04B01JJ1,2000Q3,0.0404036,1016.064
Industry groups,Financial and insurance services,SG01RSC04B01KK1,2000Q3,0.0449775,1909.251
Industry groups,"Rental, hiring, and real estate services",SG01RSC04B01LL1,2000Q3,0.0560023,2436.911
Industry groups,Ownership of owner-occupied dwellings,SG01RSC04B01LL2,2000Q3,0.0711094,2181.319
Industry groups,"Prof, scientific, and technical services",SG01RSC04B01MN1,2000Q3,0.0633876,2702.662
Industry groups,Administrative and support services,SG01RSC04B01MN2,2000Q3,0.0172444,788.969
Industry groups,Local Government administration,SG01RSC04B01OO1,2000Q3,0.0036008,153.167
Industry groups,"Central government administration, defence, and public safety",SG01RSC04B01OO2,2000Q3,0.0339940,1172.631
Industry groups,Education and training,SG01RSC04B01PP1,2000Q3,0.0422775,1942.064
Industry groups,Health care and social assistance,SG01RSC04B01QQ1,2000Q3,0.0476538,2078.261
Industry groups,Arts and recreation services,SG01RSC04B01RS1,2000Q3,0.0151430,579.113
Industry groups,Other services,SG01RSC04B01RS2,2000Q3,0.0189171,739.788
Industry groups,"GST, import duties, stamp duty",SG01RSC04B01UZ9,2000Q3,0.0684593,2632.630
Industry groups,Agriculture,SG01RSC04B01AA1,2000Q4,0.0594484,2114.325
Industry groups,Forestry and logging,SG01RSC04B01AA2,2000Q4,0.0084042,241.776
Industry groups,"Fishing, aquaculture and agriculture, forestry and fishing support services",SG01RSC04B01AA3,2000Q4,0.0096783,389.789
Industry groups,Mining,SG01RSC04B01BB1,2000Q4,0.0115317,706.774
Industry groups,"Food, beverage, and tobacco manufacturing",SG01RSC04B01CC1,2000Q4,0.0509418,1398.914
Industry groups,"Textile, leather, clothing, and footwear manufacturing",SG01RSC04B01CC2,2000Q4,0.0071953,222.405
Industry groups,Wood and paper products manufacturing,SG01RSC04B01CC3,2000Q4,0.0193482,478.613
Industry groups,Printing,SG01RSC04B01CC4,2000Q4,0.0059189,199.216
Industry groups,"Petroleum, chemical, polymer, and rubber product manufacturing",SG01RSC04B01CC5,2000Q4,0.0255128,961.141
Industry groups,Non-metallic mineral product manufacturing,SG01RSC04B01CC6,2000Q4,0.0049127,197.187
Industry groups,Metal product manufacturing,SG01RSC04B01CC7,2000Q4,0.0167152,726.063
Industry groups,"Transport equipment, machinery and equipment manufacturing",SG01RSC04B01CC8,2000Q4,0.0198931,928.972
Industry groups,Furniture and other manufacturing,SG01RSC04B01CC9,2000Q4,0.0046043,197.852
Industry groups,"Electricity, gas, water, and waste services",SG01RSC04B01DD1,2000Q4,0.0264470,1278.131
Industry groups,Construction,SG01RSC04B01EE1,2000Q4,0.0428795,1786.309
Industry groups,Wholesale trade,SG01RSC04B01FF1,2000Q4,0.0552525,2247.567
Industry groups,Retail trade,SG01RSC04B01GH1,2000Q4,0.0446116,1560.572
Industry groups,Accommodation services,SG01RSC04B01GH2,2000Q4,0.0193306,782.578
Industry groups,"Transport, postal, and warehousing",SG01RSC04B01II1,2000Q4,0.0442037,1662.016
Industry groups,Information media and telecommunications,SG01RSC04B01JJ1,2000Q4,0.0404036,1019.704
Industry groups,Financial and insurance services,SG01RSC04B01KK1,2000Q4,0.0449775,1910.755
Industry groups,"Rental, hiring, and real estate services",SG01RSC04B01LL1,2000Q4,0.0560023,2470.300
Industry groups,Ownership of owner-occupied dwellings,SG01RSC04B01LL2,2000Q4,0.0711094,2193.255
Industry groups,"Prof, scientific, and technical services",SG01RSC04B01MN1,2000Q4,0.0633876,2681.211
Industry groups,Administrative and support services,SG01RSC04B01MN2,2000Q4,0.0172444,797.374
Industry groups,Local Government administration,SG01RSC04B01OO1,2000Q4,0.0036008,156.185
Industry groups,"Central government administration, defence, and public safety",SG01RSC04B01OO2,2000Q4,0.0339940,1185.011
Industry groups,Education and training,SG01RSC04B01PP1,2000Q4,0.0422775,1954.670
Industry groups,Health care and social assistance,SG01RSC04B01QQ1,2000Q4,0.0476538,2110.044
Industry groups,Arts and recreation services,SG01RSC04B01RS1,2000Q4,0.0151430,599.957
Industry groups,Other services,SG01RSC04B01RS2,2000Q4,0.0189171,752.497
Industry groups,"GST, import duties, stamp duty",SG01RSC04B01UZ9,2000Q4,0.0684593,2610.484
Industry groups,Agriculture,SG01RSC04B01AA1,2001Q1,0.0594484,2092.871
Industry groups,Forestry and logging,SG01RSC04B01AA2,2001Q1,0.0084042,247.379
Industry groups,"Fishing, aquaculture and agriculture, forestry and fishing support services",SG01RSC04B01AA3,2001Q1,0.0096783,369.701
Industry groups,Mining,SG01RSC04B01BB1,2001Q1,0.0115317,683.669
Industry groups,"Food, beverage, and tobacco manufacturing",SG01RSC04B01CC1,2001Q1,0.0509418,1341.034
Industry groups,"Textile, leather, clothing, and footwear manufacturing",SG01RSC04B01CC2,2001Q1,0.0071953,222.486
Industry groups,Wood and paper products manufacturing,SG01RSC04B01CC3,2001Q1,0.0193482,484.823
Industry groups,Printing,SG01RSC04B01CC4,2001Q1,0.0059189,214.308
Industry groups,"Petroleum, chemical, polymer, and rubber product manufacturing",SG01RSC04B01CC5,2001Q1,0.0255128,965.520
Industry groups,Non-metallic mineral product manufacturing,SG01RSC04B01CC6,2001Q1,0.0049127,180.889
Industry groups,Metal product manufacturing,SG01RSC04B01CC7,2001Q1,0.0167152,665.447
Industry groups,"Transport equipment, machinery and equipment manufacturing",SG01RSC04B01CC8,2001Q1,0.0198931,948.318
Industry groups,Furniture and other manufacturing,SG01RSC04B01CC9,2001Q1,0.0046043,178.810
Industry groups,"Electricity, gas, water, and waste services",SG01RSC04B01DD1,2001Q1,0.0264470,1260.639
Industry groups,Construction,SG01RSC04B01EE1,2001Q1,0.0428795,1766.310
Industry groups,Wholesale trade,SG01RSC04B01FF1,2001Q1,0.0552525,2282.481
Industry groups,Retail trade,SG01RSC04B01GH1,2001Q1,0.0446116,1561.731
Industry groups,Accommodation services,SG01RSC04B01GH2,2001Q1,0.0193306,785.197
Industry groups,"Transport, postal, and warehousing",SG01RSC04B01II1,2001Q1,0.0442037,1659.673
Industry groups,Information media and telecommunications,SG01RSC04B01JJ1,2001Q1,0.0404036,1062.749
Industry groups,Financial and insurance services,SG01RSC04B01KK1,2001Q1,0.0449775,1909.748
Industry groups,"Rental, hiring, and real estate services",SG01RSC04B01LL1,2001Q1,0.0560023,2514.980
Industry groups,Ownership of owner-occupied dwellings,SG01RSC04B01LL2,2001Q1,0.0711094,2212.636
Industry groups,"Prof, scientific, and technical services",SG01RSC04B01MN1,2001Q1,0.0633876,2737.966
Industry groups,Administrative and support services,SG01RSC04B01MN2,2001Q1,0.0172444,808.201
Industry groups,Local Government administration,SG01RSC04B01OO1,2001Q1,0.0036008,157.600
Industry groups,"Central government administration, defence, and public safety",SG01RSC04B01OO2,2001Q1,0.0339940,1208.708
Industry groups,Education and training,SG01RSC04B01PP1,2001Q1,0.0422775,1966.590
Industry groups,Health care and social assistance,SG01RSC04B01QQ1,2001Q1,0.0476538,2120.481
Industry groups,Arts and recreation services,SG01RSC04B01RS1,2001Q1,0.0151430,619.416
Industry groups,Other services,SG01RSC04B01RS2,2001Q1,0.0189171,770.985
Industry groups,"GST, import duties, stamp duty",SG01RSC04B01UZ9,2001Q1,0.0684593,2610.940
Industry groups,Agriculture,SG01RSC04B01AA1,2001Q2,0.0625255,2068.708
Industry groups,Forestry and logging,SG01RSC04B01AA2,2001Q2,0.0075626,254.447
Industry groups,"Fishing, aquaculture and agriculture, forestry and fishing support services",SG01RSC04B01AA3,2001Q2,0.0097272,387.743
Industry groups,Mining,SG01RSC04B01BB1,2001Q2,0.0110532,660.993
Industry groups,"Food, beverage, and tobacco manufacturing",SG01RSC04B01CC1,2001Q2,0.0494036,1398.900
Industry groups,"Textile, leather, clothing, and footwear manufacturing",SG01RSC04B01CC2,2001Q2,0.0067021,241.799
Industry groups,Wood and paper products manufacturing,SG01RSC04B01CC3,2001Q2,0.0163395,467.793
Industry groups,Printing,SG01RSC04B01CC4,2001Q2,0.0055827,217.506
Industry groups,"Petroleum, chemical, polymer, and rubber product manufacturing",SG01RSC04B01CC5,2001Q2,0.0267599,958.938
Industry groups,Non-metallic mineral product manufacturing,SG01RSC04B01CC6,2001Q2,0.0047152,197.044
Industry groups,Metal product manufacturing,SG01RSC04B01CC7,2001Q2,0.0168504,730.856
Industry groups,"Transport equipment, machinery and equipment manufacturing",SG01RSC04B01CC8,2001Q2,0.0212554,935.630
Industry groups,Furniture and other manufacturing,SG01RSC04B01CC9,2001Q2,0.0042886,195.081
Industry groups,"Electricity, gas, water, and waste services",SG01RSC04B01DD1,2001Q2,0.0255396,1267.692
Industry groups,Construction,SG01RSC04B01EE1,2001Q2,0.0426094,1869.317
Industry groups,Wholesale trade,SG01RSC04B01FF1,2001Q2,0.0577452,2328.015
Industry groups,Retail trade,SG01RSC04B01GH1,2001Q2,0.0476236,1585.047
Industry groups,Accommodation services,SG01RSC04B01GH2,2001Q2,0.0195883,790.120
Industry groups,"Transport, postal, and warehousing",SG01RSC04B01II1,2001Q2,0.0436019,1708.006
Industry groups,Information media and telecommunications,SG01RSC04B01JJ1,2001Q2,0.0388094,1076.392
Industry groups,Financial and insurance services,SG01RSC04B01KK1,2001Q2,0.0458866,1910.246
Industry groups,"Rental, hiring, and real estate services",SG01RSC04B01LL1,2001Q2,0.0558349,2558.618
Industry groups,Ownership of owner-occupied dwellings,SG01RSC04B01LL2,2001Q2,0.0676450,2226.533
Industry groups,"Prof, scientific, and technical services",SG01RSC04B01MN1,2001Q2,0.0654648,2807.428
Industry groups,Administrative and support services,SG01RSC04B01MN2,2001Q2,0.0180363,815.096
Industry groups,Local Government administration,SG01RSC04B01OO1,2001Q2,0.0035854,158.681
Industry groups,"Central government administration, defence, and public safety",SG01RSC04B01OO2,2001Q2,0.0336577,1217.990
Industry groups,Education and training,SG01RSC04B01PP1,2001Q2,0.0404569,1982.209
Industry groups,Health care and social assistance,SG01RSC04B01QQ1,2001Q2,0.0479433,2097.177
Industry groups,Arts and recreation services,SG01RSC04B01RS1,2001Q2,0.0157406,631.957
Industry groups,Other services,SG01RSC04B01RS2,2001Q2,0.0195641,785.865
Industry groups,"GST, import duties, stamp duty",SG01RSC04B01UZ9,2001Q2,0.0679010,2678.052
Industry groups,Agriculture,SG01RSC04B01AA1,2001Q3,0.0625255,2029.030
Industry groups,Forestry and logging,SG01RSC04B01AA2,2001Q3,0.0075626,264.923
Industry groups,"Fishing, aquaculture and agriculture, forestry and fishing support services",SG01RSC04B01AA3,2001Q3,0.0097272,386.444
Industry groups,Mining,SG01RSC04B01BB1,2001Q3,0.0110532,674.030
Industry groups,"Food, beverage, and tobacco manufacturing",SG01RSC04B01CC1,2001Q3,0.0494036,1373.558
Industry groups,"Textile, leather, clothing, and footwear manufacturing",SG01RSC04B01CC2,2001Q3,0.0067021,222.417
Industry groups,Wood and paper products manufacturing,SG01RSC04B01CC3,2001Q3,0.0163395,465.814
Industry groups,Printing,SG01RSC04B01CC4,2001Q3,0.0055827,213.395
Industry groups,"Petroleum, chemical, polymer, and rubber product manufacturing",SG01RSC04B01CC5,2001Q3,0.0267599,983.682
Industry groups,Non-metallic mineral product manufacturing,SG01RSC04B01CC6,2001Q3,0.0047152,203.417
Industry groups,Metal product manufacturing,SG01RSC04B01CC7,2001Q3,0.0168504,730.634
Industry groups,"Transport equipment, machinery and equipment manufacturing",SG01RSC04B01CC8,2001Q3,0.0212554,929.028
Industry groups,Furniture and other manufacturing,SG01RSC04B01CC9,2001Q3,0.0042886,185.414
Industry groups,"Electricity, gas, water, and waste services",SG01RSC04B01DD1,2001Q3,0.0255396,1194.843
Industry groups,Construction,SG01RSC04B01EE1,2001Q3,0.0426094,1854.330
Industry groups,Wholesale trade,SG01RSC04B01FF1,2001Q3,0.0577452,2463.827
Industry groups,Retail trade,SG01RSC04B01GH1,2001Q3,0.0476236,1592.609
Industry groups,Accommodation services,SG01RSC04B01GH2,2001Q3,0.0195883,797.285
Industry groups,"Transport, postal, and warehousing",SG01RSC04B01II1,2001Q3,0.0436019,1724.798
Industry groups,Information media and telecommunications,SG01RSC04B01JJ1,2001Q3,0.0388094,1085.728
Industry groups,Financial and insurance services,SG01RSC04B01KK1,2001Q3,0.0458866,1920.786
Industry groups,"Rental, hiring, and real estate services",SG01RSC04B01LL1,2001Q3,0.0558349,2624.076
Industry groups,Ownership of owner-occupied dwellings,SG01RSC04B01LL2,2001Q3,0.0676450,2244.124
Industry groups,"Prof, scientific, and technical services",SG01RSC04B01MN1,2001Q3,0.0654648,2881.023
Industry groups,Administrative and support services,SG01RSC04B01MN2,2001Q3,0.0180363,834.076
Industry groups,Local Government administration,SG01RSC04B01OO1,2001Q3,0.0035854,158.745
Industry groups,"Central government administration, defence, and public safety",SG01RSC04B01OO2,2001Q3,0.0336577,1194.516
Industry groups,Education and training,SG01RSC04B01PP1,2001Q3,0.0404569,2001.505
Industry groups,Health care and social assistance,SG01RSC04B01QQ1,2001Q3,0.0479433,2117.824
Industry groups,Arts and recreation services,SG01RSC04B01RS1,2001Q3,0.0157406,640.098
Industry groups,Other services,SG01RSC04B01RS2,2001Q3,0.0195641,807.186
Industry groups,"GST, import duties, stamp duty",SG01RSC04B01UZ9,2001Q3,0.0679010,2686.301
Industry groups,Agriculture,SG01RSC04B01AA1,2001Q4,0.0625255,1988.625
Industry groups,Forestry and logging,SG01RSC04B01AA2,2001Q4,0.0075626,265.926
Industry groups,"Fishing, aquaculture and agriculture, forestry and fishing support services",SG01RSC04B01AA3,2001Q4,0.0097272,380.136
Industry groups,Mining,SG01RSC04B01BB1,2001Q4,0.0110532,634.445
Industry groups,"Food, beverage, and tobacco manufacturing",SG01RSC04B01CC1,2001Q4,0.0494036,1368.704
Industry groups,"Textile, leather, clothing, and footwear manufacturing",SG01RSC04B01CC2,2001Q4,0.0067021,207.898
Industry groups,Wood and paper products manufacturing,SG01RSC04B01CC3,2001Q4,0.0163395,478.931
Industry groups,Printing,SG01RSC04B01CC4,2001Q4,0.0055827,210.514
Industry groups,"Petroleum, chemical, polymer, and rubber product manufacturing",SG01RSC04B01CC5,2001Q4,0.0267599,989.127
Industry groups,Non-metallic mineral product manufacturing,SG01RSC04B01CC6,2001Q4,0.0047152,189.018
Industry groups,Metal product manufacturing,SG01RSC04B01CC7,2001Q4,0.0168504,759.034
Industry groups,"Transport equipment, machinery and equipment manufacturing",SG01RSC04B01CC8,2001Q4,0.0212554,906.420
Industry groups,Furniture and other manufacturing,SG01RSC04B01CC9,2001Q4,0.0042886,184.115
Industry groups,"Electricity, gas, water, and waste services",SG01RSC04B01DD1,2001Q4,0.0255396,1222.419
Industry groups,Construction,SG01RSC04B01EE1,2001Q4,0.0426094,1984.583
Industry groups,Wholesale trade,SG01RSC04B01FF1,2001Q4,0.0577452,2504.843
Industry groups,Retail trade,SG01RSC04B01GH1,2001Q4,0.0476236,1617.847
Industry groups,Accommodation services,SG01RSC04B01GH2,2001Q4,0.0195883,803.031
Industry groups,"Transport, postal, and warehousing",SG01RSC04B01II1,2001Q4,0.0436019,1691.543
Industry groups,Information media and telecommunications,SG01RSC04B01JJ1,2001Q4,0.0388094,1100.134
Industry groups,Financial and insurance services,SG01RSC04B01KK1,2001Q4,0.0458866,1926.168
Industry groups,"Rental, hiring, and real estate services",SG01RSC04B01LL1,2001Q4,0.0558349,2659.853
Industry groups,Ownership of owner-occupied dwellings,SG01RSC04B01LL2,2001Q4,0.0676450,2270.384
Industry groups,"Prof, scientific, and technical services",SG01RSC04B01MN1,2001Q4,0.0654648,3019.407
Industry groups,Administrative and support services,SG01RSC04B01MN2,2001Q4,0.0180363,877.268
Industry groups,Local Government administration,SG01RSC04B01OO1,2001Q4,0.0035854,160.040
Industry groups,"Central government administration, defence, and public safety",SG01RSC04B01OO2,2001Q4,0.0336577,1198.394
Industry groups,Education and training,SG01RSC04B01PP1,2001Q4,0.0404569,2024.477
Industry groups,Health care and social assistance,SG01RSC04B01QQ1,2001Q4,0.0479433,2146.588
Industry groups,Arts and recreation services,SG01RSC04B01RS1,2001Q4,0.0157406,662.123
Industry groups,Other services,SG01RSC04B01RS2,2001Q4,0.0195641,824.304
Industry groups,"GST, import duties, stamp duty",SG01RSC04B01UZ9,2001Q4,0.0679010,2753.648
Industry groups,Agriculture,SG01RSC04B01AA1,2002Q1,0.0625255,2012.523
Industry groups,Forestry and logging,SG01RSC04B01AA2,2002Q1,0.0075626,260.197
Industry groups,"Fishing, aquaculture and agriculture, forestry and fishing support services",SG01RSC04B01AA3,2002Q1,0.0097272,395.899
Industry groups,Mining,SG01RSC04B01BB1,2002Q1,0.0110532,592.591
Industry groups,"Food, beverage, and tobacco manufacturing",SG01RSC04B01CC1,2002Q1,0.0494036,1372.463
Industry groups,"Textile, leather, clothing, and footwear manufacturing",SG01RSC04B01CC2,2002Q1,0.0067021,218.168
Industry groups,Wood and paper products manufacturing,SG01RSC04B01CC3,2002Q1,0.0163395,474.258
Industry groups,Printing,SG01RSC04B01CC4,2002Q1,0.0055827,208.663
Industry groups,"Petroleum, chemical, polymer, and rubber product manufacturing",SG01RSC04B01CC5,2002Q1,0.0267599,967.242
Industry groups,Non-metallic mineral product manufacturing,SG01RSC04B01CC6,2002Q1,0.0047152,196.424
Industry groups,Metal product manufacturing,SG01RSC04B01CC7,2002Q1,0.0168504,767.814
Industry groups,"Transport equipment, machinery and equipment manufacturing",SG01RSC04B01CC8,2002Q1,0.0212554,896.484
Industry groups,Furniture and other manufacturing,SG01RSC04B01CC9,2002Q1,0.0042886,188.281
Industry groups,"Electricity, gas, water, and waste services",SG01RSC04B01DD1,2002Q1,0.0255396,1268.414
Industry groups,Construction,SG01RSC04B01EE1,2002Q1,0.0426094,1900.964
Industry groups,Wholesale trade,SG01RSC04B01FF1,2002Q1,0.0577452,2516.441
Industry groups,Retail trade,SG01RSC04B01GH1,2002Q1,0.0476236,1655.419
Industry groups,Accommodation services,SG01RSC04B01GH2,2002Q1,0.0195883,814.292
Industry groups,"Transport, postal, and warehousing",SG01RSC04B01II1,2002Q1,0.0436019,1787.292
Industry groups,Information media and telecommunications,SG01RSC04B01JJ1,2002Q1,0.0388094,1116.956
Industry groups,Financial and insurance services,SG01RSC04B01KK1,2002Q1,0.0458866,1918.159
Industry groups,"Rental, hiring, and real estate services",SG01RSC04B01LL1,2002Q1,0.0558349,2732.062
Industry groups,Ownership of owner-occupied dwellings,SG01RSC04B01LL2,2002Q1,0.0676450,2294.549
Industry groups,"Prof, scientific, and technical services",SG01RSC04B01MN1,2002Q1,0.0654648,3050.138
Industry groups,Administrative and support services,SG01RSC04B01MN2,2002Q1,0.0180363,893.392
Industry groups,Local Government administration,SG01RSC04B01OO1,2002Q1,0.0035854,160.601
Industry groups,"Central government administration, defence, and public safety",SG01RSC04B01OO2,2002Q1,0.0336577,1218.775
Industry groups,Education and training,SG01RSC04B01PP1,2002Q1,0.0404569,2051.124
Industry groups,Health care and social assistance,SG01RSC04B01QQ1,2002Q1,0.0479433,2143.589
Industry groups,Arts and recreation services,SG01RSC04B01RS1,2002Q1,0.0157406,677.626
Industry groups,Other services,SG01RSC04B01RS2,2002Q1,0.0195641,829.957
Industry groups,"GST, import duties, stamp duty",SG01RSC04B01UZ9,2002Q1,0.0679010,2766.797
Industry groups,Agriculture,SG01RSC04B01AA1,2002Q2,0.0425388,1993.969
Industry groups,Forestry and logging,SG01RSC04B01AA2,2002Q2,0.0073322,271.469
Industry groups,"Fishing, aquaculture and agriculture, forestry and fishing support services",SG01RSC04B01AA3,2002Q2,0.0086593,382.289
Industry groups,Mining,SG01RSC04B01BB1,2002Q2,0.0109249,696.502
Industry groups,"Food, beverage, and tobacco manufacturing",SG01RSC04B01CC1,2002Q2,0.0504515,1409.771
Industry groups,"Textile, leather, clothing, and footwear manufacturing",SG01RSC04B01CC2,2002Q2,0.0067754,227.623
Industry groups,Wood and paper products manufacturing,SG01RSC04B01CC3,2002Q2,0.0164196,523.873
Industry groups,Printing,SG01RSC04B01CC4,2002Q2,0.0053647,209.158
Industry groups,"Petroleum, chemical, polymer, and rubber product manufacturing",SG01RSC04B01CC5,2002Q2,0.0285070,1030.194
Industry groups,Non-metallic mineral product manufacturing,SG01RSC04B01CC6,2002Q2,0.0053591,204.602
Industry groups,Metal product manufacturing,SG01RSC04B01CC7,2002Q2,0.0170164,791.284
Industry groups,"Transport equipment, machinery and equipment manufacturing",SG01RSC04B01CC8,2002Q2,0.0210178,945.487
Industry groups,Furniture and other manufacturing,SG01RSC04B01CC9,2002Q2,0.0046066,199.018
Industry groups,"Electricity, gas, water, and waste services",SG01RSC04B01DD1,2002Q2,0.0273595,1280.266
Industry groups,Construction,SG01RSC04B01EE1,2002Q2,0.0447755,1925.697
Industry groups,Wholesale trade,SG01RSC04B01FF1,2002Q2,0.0536983,2539.579
Industry groups,Retail trade,SG01RSC04B01GH1,2002Q2,0.0504963,1680.659
Industry groups,Accommodation services,SG01RSC04B01GH2,2002Q2,0.0183230,822.261
Industry groups,"Transport, postal, and warehousing",SG01RSC04B01II1,2002Q2,0.0453389,1750.168
Industry groups,Information media and telecommunications,SG01RSC04B01JJ1,2002Q2,0.0403776,1131.929
Industry groups,Financial and insurance services,SG01RSC04B01KK1,2002Q2,0.0475668,1943.634
Industry groups,"Rental, hiring, and real estate services",SG01RSC04B01LL1,2002Q2,0.0581148,2831.811
Industry groups,Ownership of owner-occupied dwellings,SG01RSC04B01LL2,2002Q2,0.0682091,2314.400
Industry groups,"Prof, scientific, and technical services",SG01RSC04B01MN1,2002Q2,0.0672833,3091.880
Industry groups,Administrative and support services,SG01RSC04B01MN2,2002Q2,0.0188851,898.361
Industry groups,Local Government administration,SG01RSC04B01OO1,2002Q2,0.0036579,161.310
Industry groups,"Central government administration, defence, and public safety",SG01RSC04B01OO2,2002Q2,0.0336159,1256.360
Industry groups,Education and training,SG01RSC04B01PP1,2002Q2,0.0410768,2079.937
Industry groups,Health care and social assistance,SG01RSC04B01QQ1,2002Q2,0.0487203,2145.833
Industry groups,Arts and recreation services,SG01RSC04B01RS1,2002Q2,0.0164793,676.115
Industry groups,Other services,SG01RSC04B01RS2,2002Q2,0.0202245,842.336
Industry groups,"GST, import duties, stamp duty",SG01RSC04B01UZ9,2002Q2,0.0708237,2804.138
Industry groups,Agriculture,SG01RSC04B01AA1,2002Q3,0.0425388,1946.026
Industry groups,Forestry and logging,SG01RSC04B01AA2,2002Q3,0.0073322,278.273
Industry groups,"Fishing, aquaculture and agriculture, forestry and fishing support services",SG01RSC04B01AA3,2002Q3,0.0086593,381.216
Industry groups,Mining,SG01RSC04B01BB1,2002Q3,0.0109249,644.872
Industry groups,"Food, beverage, and tobacco manufacturing",SG01RSC04B01CC1,2002Q3,0.0504515,1656.077
Industry groups,"Textile, leather, clothing, and footwear manufacturing",SG01RSC04B01CC2,2002Q3,0.0067754,235.464
Industry groups,Wood and paper products manufacturing,SG01RSC04B01CC3,2002Q3,0.0164196,516.630
Industry groups,Printing,SG01RSC04B01CC4,2002Q3,0.0053647,205.884
Industry groups,"Petroleum, chemical, polymer, and rubber product manufacturing",SG01RSC04B01CC5,2002Q3,0.0285070,966.558
Industry groups,Non-metallic mineral product manufacturing,SG01RSC04B01CC6,2002Q3,0.0053591,209.455
Industry groups,Metal product manufacturing,SG01RSC04B01CC7,2002Q3,0.0170164,790.048
Industry groups,"Transport equipment, machinery and equipment manufacturing",SG01RSC04B01CC8,2002Q3,0.0210178,942.582
Industry groups,Furniture and other manufacturing,SG01RSC04B01CC9,2002Q3,0.0046066,210.281
Industry groups,"Electricity, gas, water, and waste services",SG01RSC04B01DD1,2002Q3,0.0273595,1325.329
Industry groups,Construction,SG01RSC04B01EE1,2002Q3,0.0447755,2054.801
Industry groups,Wholesale trade,SG01RSC04B01FF1,2002Q3,0.0536983,2292.125
Industry groups,Retail trade,SG01RSC04B01GH1,2002Q3,0.0504963,1689.751
Industry groups,Accommodation services,SG01RSC04B01GH2,2002Q3,0.0183230,836.029
Industry groups,"Transport, postal, and warehousing",SG01RSC04B01II1,2002Q3,0.0453389,1786.840
Industry groups,Information media and telecommunications,SG01RSC04B01JJ1,2002Q3,0.0403776,1146.050
Industry groups,Financial and insurance services,SG01RSC04B01KK1,2002Q3,0.0475668,1968.065
Industry groups,"Rental, hiring, and real estate services",SG01RSC04B01LL1,2002Q3,0.0581148,2845.244
Industry groups,Ownership of owner-occupied dwellings,SG01RSC04B01LL2,2002Q3,0.0682091,2340.122
Industry groups,"Prof, scientific, and technical services",SG01RSC04B01MN1,2002Q3,0.0672833,3072.530
Industry groups,Administrative and support services,SG01RSC04B01MN2,2002Q3,0.0188851,901.265
Industry groups,Local Government administration,SG01RSC04B01OO1,2002Q3,0.0036579,164.162
Industry groups,"Central government administration, defence, and public safety",SG01RSC04B01OO2,2002Q3,0.0336159,1275.096
Industry groups,Education and training,SG01RSC04B01PP1,2002Q3,0.0410768,2114.449
Industry groups,Health care and social assistance,SG01RSC04B01QQ1,2002Q3,0.0487203,2162.832
Industry groups,Arts and recreation services,SG01RSC04B01RS1,2002Q3,0.0164793,688.835
Industry groups,Other services,SG01RSC04B01RS2,2002Q3,0.0202245,850.073
Industry groups,"GST, import duties, stamp duty",SG01RSC04B01UZ9,2002Q3,0.0708237,2904.475
Industry groups,Agriculture,SG01RSC04B01AA1,2002Q4,0.0425388,1994.583
Industry groups,Forestry and logging,SG01RSC04B01AA2,2002Q4,0.0073322,283.486
Industry groups,"Fishing, aquaculture and agriculture, forestry and fishing support services",SG01RSC04B01AA3,2002Q4,0.0086593,381.246
Industry groups,Mining,SG01RSC04B01BB1,2002Q4,0.0109249,652.919
Industry groups,"Food, beverage, and tobacco manufacturing",SG01RSC04B01CC1,2002Q4,0.0504515,1660.162
Industry groups,"Textile, leather, clothing, and footwear manufacturing",SG01RSC04B01CC2,2002Q4,0.0067754,231.330
Industry groups,Wood and paper products manufacturing,SG01RSC04B01CC3,2002Q4,0.0164196,495.139
Industry groups,Printing,SG01RSC04B01CC4,2002Q4,0.0053647,211.447
Industry groups,"Petroleum, chemical, polymer, and rubber product manufacturing",SG01RSC04B01CC5,2002Q4,0.0285070,951.308
Industry groups,Non-metallic mineral product manufacturing,SG01RSC04B01CC6,2002Q4,0.0053591,213.147
Industry groups,Metal product manufacturing,SG01RSC04B01CC7,2002Q4,0.0170164,812.081
Industry groups,"Transport equipment, machinery and equipment manufacturing",SG01RSC04B01CC8,2002Q4,0.0210178,930.382
Industry groups,Furniture and other manufacturing,SG01RSC04B01CC9,2002Q4,0.0046066,197.551
Industry groups,"Electricity, gas, water, and waste services",SG01RSC04B01DD1,2002Q4,0.0273595,1352.810
Industry groups,Construction,SG01RSC04B01EE1,2002Q4,0.0447755,2096.074
Industry groups,Wholesale trade,SG01RSC04B01FF1,2002Q4,0.0536983,2155.492
Industry groups,Retail trade,SG01RSC04B01GH1,2002Q4,0.0504963,1695.470
Industry groups,Accommodation services,SG01RSC04B01GH2,2002Q4,0.0183230,842.323
Industry groups,"Transport, postal, and warehousing",SG01RSC04B01II1,2002Q4,0.0453389,1814.851
Industry groups,Information media and telecommunications,SG01RSC04B01JJ1,2002Q4,0.0403776,1157.060
Industry groups,Financial and insurance services,SG01RSC04B01KK1,2002Q4,0.0475668,2005.295
Industry groups,"Rental, hiring, and real estate services",SG01RSC04B01LL1,2002Q4,0.0581148,2868.283
Industry groups,Ownership of owner-occupied dwellings,SG01RSC04B01LL2,2002Q4,0.0682091,2366.139
Industry groups,"Prof, scientific, and technical services",SG01RSC04B01MN1,2002Q4,0.0672833,3102.227
Industry groups,Administrative and support services,SG01RSC04B01MN2,2002Q4,0.0188851,925.724
Industry groups,Local Government administration,SG01RSC04B01OO1,2002Q4,0.0036579,163.949
Industry groups,"Central government administration, defence, and public safety",SG01RSC04B01OO2,2002Q4,0.0336159,1261.758
Industry groups,Education and training,SG01RSC04B01PP1,2002Q4,0.0410768,2154.658
Industry groups,Health care and social assistance,SG01RSC04B01QQ1,2002Q4,0.0487203,2175.206
Industry groups,Arts and recreation services,SG01RSC04B01RS1,2002Q4,0.0164793,695.189
Industry groups,Other services,SG01RSC04B01RS2,2002Q4,0.0202245,854.598
Industry groups,"GST, import duties, stamp duty",SG01RSC04B01UZ9,2002Q4,0.0708237,2950.195
Industry groups,Agriculture,SG01RSC04B01AA1,2003Q1,0.0425388,2041.870
Industry groups,Forestry and logging,SG01RSC04B01AA2,2003Q1,0.0073322,271.164
Industry groups,"Fishing, aquaculture and agriculture, forestry and fishing support services",SG01RSC04B01AA3,2003Q1,0.0086593,370.976
Industry groups,Mining,SG01RSC04B01BB1,2003Q1,0.0109249,634.102
Industry groups,"Food, beverage, and tobacco manufacturing",SG01RSC04B01CC1,2003Q1,0.0504515,1721.435
Industry groups,"Textile, leather, clothing, and footwear manufacturing",SG01RSC04B01CC2,2003Q1,0.0067754,231.341
Industry groups,Wood and paper products manufacturing,SG01RSC04B01CC3,2003Q1,0.0164196,494.595
Industry groups,Printing,SG01RSC04B01CC4,2003Q1,0.0053647,208.800
Industry groups,"Petroleum, chemical, polymer, and rubber product manufacturing",SG01RSC04B01CC5,2003Q1,0.0285070,909.067
Industry groups,Non-metallic mineral product manufacturing,SG01RSC04B01CC6,2003Q1,0.0053591,225.815
Industry groups,Metal product manufacturing,SG01RSC04B01CC7,2003Q1,0.0170164,850.782
Industry groups,"Transport equipment, machinery and equipment manufacturing",SG01RSC04B01CC8,2003Q1,0.0210178,946.357
Industry groups,Furniture and other manufacturing,SG01RSC04B01CC9,2003Q1,0.0046066,198.581
Industry groups,"Electricity, gas, water, and waste services",SG01RSC04B01DD1,2003Q1,0.0273595,1316.486
Industry groups,Construction,SG01RSC04B01EE1,2003Q1,0.0447755,2137.204
Industry groups,Wholesale trade,SG01RSC04B01FF1,2003Q1,0.0536983,2138.004
Industry groups,Retail trade,SG01RSC04B01GH1,2003Q1,0.0504963,1701.280
Industry groups,Accommodation services,SG01RSC04B01GH2,2003Q1,0.0183230,846.374
Industry groups,"Transport, postal, and warehousing",SG01RSC04B01II1,2003Q1,0.0453389,1809.036
Industry groups,Information media and telecommunications,SG01RSC04B01JJ1,2003Q1,0.0403776,1187.552
Industry groups,Financial and insurance services,SG01RSC04B01KK1,2003Q1,0.0475668,2046.423
Industry groups,"Rental, hiring, and real estate services",SG01RSC04B01LL1,2003Q1,0.0581148,2907.986
Industry groups,Ownership of owner-occupied dwellings,SG01RSC04B01LL2,2003Q1,0.0682091,2389.593
Industry groups,"Prof, scientific, and technical services",SG01RSC04B01MN1,2003Q1,0.0672833,3168.130
Industry groups,Administrative and support services,SG01RSC04B01MN2,2003Q1,0.0188851,940.843
Industry groups,Local Government administration,SG01RSC04B01OO1,2003Q1,0.0036579,168.168
Industry groups,"Central government administration, defence, and public safety",SG01RSC04B01OO2,2003Q1,0.0336159,1258.730
Industry groups,Education and training,SG01RSC04B01PP1,2003Q1,0.0410768,2200.560
Industry groups,Health care and social assistance,SG01RSC04B01QQ1,2003Q1,0.0487203,2204.053
Industry groups,Arts and recreation services,SG01RSC04B01RS1,2003Q1,0.0164793,713.982
Industry groups,Other services,SG01RSC04B01RS2,2003Q1,0.0202245,859.327
Industry groups,"GST, import duties, stamp duty",SG01RSC04B01UZ9,2003Q1,0.0708237,2984.748
Industry groups,Agriculture,SG01RSC04B01AA1,2003Q2,0.0432591,2137.791
Industry groups,Forestry and logging,SG01RSC04B01AA2,2003Q2,0.0056130,265.489
Industry groups,"Fishing, aquaculture and agriculture, forestry and fishing support services",SG01RSC04B01AA3,2003Q2,0.0084181,384.149
Industry groups,Mining,SG01RSC04B01BB1,2003Q2,0.0091646,577.938
Industry groups,"Food, beverage, and tobacco manufacturing",SG01RSC04B01CC1,2003Q2,0.0468385,1702.894
Industry groups,"Textile, leather, clothing, and footwear manufacturing",SG01RSC04B01CC2,2003Q2,0.0061270,224.739
Industry groups,Wood and paper products manufacturing,SG01RSC04B01CC3,2003Q2,0.0145862,483.023
Industry groups,Printing,SG01RSC04B01CC4,2003Q2,0.0052563,206.963
Industry groups,"Petroleum, chemical, polymer, and rubber product manufacturing",SG01RSC04B01CC5,2003Q2,0.0257293,897.455
Industry groups,Non-metallic mineral product manufacturing,SG01RSC04B01CC6,2003Q2,0.0054231,220.156
Industry groups,Metal product manufacturing,SG01RSC04B01CC7,2003Q2,0.0176445,862.454
Industry groups,"Transport equipment, machinery and equipment manufacturing",SG01RSC04B01CC8,2003Q2,0.0210688,956.097
Industry groups,Furniture and other manufacturing,SG01RSC04B01CC9,2003Q2,0.0045044,199.315
Industry groups,"Electricity, gas, water, and waste services",SG01RSC04B01DD1,2003Q2,0.0291378,1289.357
Industry groups,Construction,SG01RSC04B01EE1,2003Q2,0.0471000,2119.603
Industry groups,Wholesale trade,SG01RSC04B01FF1,2003Q2,0.0548928,2177.907
Industry groups,Retail trade,SG01RSC04B01GH1,2003Q2,0.0498383,1730.685
Industry groups,Accommodation services,SG01RSC04B01GH2,2003Q2,0.0195983,850.697
Industry groups,"Transport, postal, and warehousing",SG01RSC04B01II1,2003Q2,0.0455759,1803.766
Industry groups,Information media and telecommunications,SG01RSC04B01JJ1,2003Q2,0.0397875,1171.790
Industry groups,Financial and insurance services,SG01RSC04B01KK1,2003Q2,0.0504427,2090.494
Industry groups,"Rental, hiring, and real estate services",SG01RSC04B01LL1,2003Q2,0.0597955,2957.208
Industry groups,Ownership of owner-occupied dwellings,SG01RSC04B01LL2,2003Q2,0.0680934,2414.078
Industry groups,"Prof, scientific, and technical services",SG01RSC04B01MN1,2003Q2,0.0669308,3146.872
Industry groups,Administrative and support services,SG01RSC04B01MN2,2003Q2,0.0189152,929.252
Industry groups,Local Government administration,SG01RSC04B01OO1,2003Q2,0.0035939,172.701
Industry groups,"Central government administration, defence, and public safety",SG01RSC04B01OO2,2003Q2,0.0331538,1267.710
Industry groups,Education and training,SG01RSC04B01PP1,2003Q2,0.0418274,2240.719
Industry groups,Health care and social assistance,SG01RSC04B01QQ1,2003Q2,0.0497887,2257.835
Industry groups,Arts and recreation services,SG01RSC04B01RS1,2003Q2,0.0167084,714.958
Industry groups,Other services,SG01RSC04B01RS2,2003Q2,0.0201106,871.292
Industry groups,"GST, import duties, stamp duty",SG01RSC04B01UZ9,2003Q2,0.0710760,3052.266
Industry groups,Agriculture,SG01RSC04B01AA1,2003Q3,0.0432591,2307.543
Industry groups,Forestry and logging,SG01RSC04B01AA2,2003Q3,0.0056130,248.642
Industry groups,"Fishing, aquaculture and agriculture, forestry and fishing support services",SG01RSC04B01AA3,2003Q3,0.0084181,408.552
Industry groups,Mining,SG01RSC04B01BB1,2003Q3,0.0091646,601.149
Industry groups,"Food, beverage, and tobacco manufacturing",SG01RSC04B01CC1,2003Q3,0.0468385,1729.495
Industry groups,"Textile, leather, clothing, and footwear manufacturing",SG01RSC04B01CC2,2003Q3,0.0061270,218.223
Industry groups,Wood and paper products manufacturing,SG01RSC04B01CC3,2003Q3,0.0145862,493.283
Industry groups,Printing,SG01RSC04B01CC4,2003Q3,0.0052563,219.873
Industry groups,"Petroleum, chemical, polymer, and rubber product manufacturing",SG01RSC04B01CC5,2003Q3,0.0257293,919.743
Industry groups,Non-metallic mineral product manufacturing,SG01RSC04B01CC6,2003Q3,0.0054231,228.195
Industry groups,Metal product manufacturing,SG01RSC04B01CC7,2003Q3,0.0176445,863.627
Industry groups,"Transport equipment, machinery and equipment manufacturing",SG01RSC04B01CC8,2003Q3,0.0210688,943.835
Industry groups,Furniture and other manufacturing,SG01RSC04B01CC9,2003Q3,0.0045044,211.174
Industry groups,"Electricity, gas, water, and waste services",SG01RSC04B01DD1,2003Q3,0.0291378,1356.327
Industry groups,Construction,SG01RSC04B01EE1,2003Q3,0.0471000,2245.937
Industry groups,Wholesale trade,SG01RSC04B01FF1,2003Q3,0.0548928,2266.720
Industry groups,Retail trade,SG01RSC04B01GH1,2003Q3,0.0498383,1772.747
Industry groups,Accommodation services,SG01RSC04B01GH2,2003Q3,0.0195983,853.663
Industry groups,"Transport, postal, and warehousing",SG01RSC04B01II1,2003Q3,0.0455759,1804.838
Industry groups,Information media and telecommunications,SG01RSC04B01JJ1,2003Q3,0.0397875,1224.765
Industry groups,Financial and insurance services,SG01RSC04B01KK1,2003Q3,0.0504427,2136.317
Industry groups,"Rental, hiring, and real estate services",SG01RSC04B01LL1,2003Q3,0.0597955,3007.856
Industry groups,Ownership of owner-occupied dwellings,SG01RSC04B01LL2,2003Q3,0.0680934,2438.845
Industry groups,"Prof, scientific, and technical services",SG01RSC04B01MN1,2003Q3,0.0669308,3149.005
Industry groups,Administrative and support services,SG01RSC04B01MN2,2003Q3,0.0189152,932.560
Industry groups,Local Government administration,SG01RSC04B01OO1,2003Q3,0.0035939,172.632
Industry groups,"Central government administration, defence, and public safety",SG01RSC04B01OO2,2003Q3,0.0331538,1305.759
Industry groups,Education and training,SG01RSC04B01PP1,2003Q3,0.0418274,2269.263
Industry groups,Health care and social assistance,SG01RSC04B01QQ1,2003Q3,0.0497887,2297.751
Industry groups,Arts and recreation services,SG01RSC04B01RS1,2003Q3,0.0167084,709.931
Industry groups,Other services,SG01RSC04B01RS2,2003Q3,0.0201106,883.529
Industry groups,"GST, import duties, stamp duty",SG01RSC04B01UZ9,2003Q3,0.0710760,3100.370
Industry groups,Agriculture,SG01RSC04B01AA1,2003Q4,0.0432591,2359.239
Industry groups,Forestry and logging,SG01RSC04B01AA2,2003Q4,0.0056130,239.685
Industry groups,"Fishing, aquaculture and agriculture, forestry and fishing support services",SG01RSC04B01AA3,2003Q4,0.0084181,406.896
Industry groups,Mining,SG01RSC04B01BB1,2003Q4,0.0091646,527.841
Industry groups,"Food, beverage, and tobacco manufacturing",SG01RSC04B01CC1,2003Q4,0.0468385,1736.506
Industry groups,"Textile, leather, clothing, and footwear manufacturing",SG01RSC04B01CC2,2003Q4,0.0061270,217.368
Industry groups,Wood and paper products manufacturing,SG01RSC04B01CC3,2003Q4,0.0145862,500.884
Industry groups,Printing,SG01RSC04B01CC4,2003Q4,0.0052563,215.494
Industry groups,"Petroleum, chemical, polymer, and rubber product manufacturing",SG01RSC04B01CC5,2003Q4,0.0257293,921.862
Industry groups,Non-metallic mineral product manufacturing,SG01RSC04B01CC6,2003Q4,0.0054231,238.095
Industry groups,Metal product manufacturing,SG01RSC04B01CC7,2003Q4,0.0176445,867.102
Industry groups,"Transport equipment, machinery and equipment manufacturing",SG01RSC04B01CC8,2003Q4,0.0210688,958.900
Industry groups,Furniture and other manufacturing,SG01RSC04B01CC9,2003Q4,0.0045044,208.906
Industry groups,"Electricity, gas, water, and waste services",SG01RSC04B01DD1,2003Q4,0.0291378,1385.028
Industry groups,Construction,SG01RSC04B01EE1,2003Q4,0.0471000,2249.886
Industry groups,Wholesale trade,SG01RSC04B01FF1,2003Q4,0.0548928,2342.270
Industry groups,Retail trade,SG01RSC04B01GH1,2003Q4,0.0498383,1824.191
Industry groups,Accommodation services,SG01RSC04B01GH2,2003Q4,0.0195983,848.047
Industry groups,"Transport, postal, and warehousing",SG01RSC04B01II1,2003Q4,0.0455759,1871.838
Industry groups,Information media and telecommunications,SG01RSC04B01JJ1,2003Q4,0.0397875,1214.509
Industry groups,Financial and insurance services,SG01RSC04B01KK1,2003Q4,0.0504427,2176.384
Industry groups,"Rental, hiring, and real estate services",SG01RSC04B01LL1,2003Q4,0.0597955,3033.938
Industry groups,Ownership of owner-occupied dwellings,SG01RSC04B01LL2,2003Q4,0.0680934,2467.959
Industry groups,"Prof, scientific, and technical services",SG01RSC04B01MN1,2003Q4,0.0669308,3147.587
Industry groups,Administrative and support services,SG01RSC04B01MN2,2003Q4,0.0189152,945.424
Industry groups,Local Government administration,SG01RSC04B01OO1,2003Q4,0.0035939,179.587
Industry groups,"Central government administration, defence, and public safety",SG01RSC04B01OO2,2003Q4,0.0331538,1344.320
Industry groups,Education and training,SG01RSC04B01PP1,2003Q4,0.0418274,2286.197
Industry groups,Health care and social assistance,SG01RSC04B01QQ1,2003Q4,0.0497887,2306.376
Industry groups,Arts and recreation services,SG01RSC04B01RS1,2003Q4,0.0167084,741.742
Industry groups,Other services,SG01RSC04B01RS2,2003Q4,0.0201106,909.755
Industry groups,"GST, import duties, stamp duty",SG01RSC04B01UZ9,2003Q4,0.0710760,3150.831
Industry groups,Agriculture,SG01RSC04B01AA1,2004Q1,0.0432591,2353.251
Industry groups,Forestry and logging,SG01RSC04B01AA2,2004Q1,0.0056130,257.215
Industry groups,"Fishing, aquaculture and agriculture, forestry and fishing support services",SG01RSC04B01AA3,2004Q1,0.0084181,407.801
Industry groups,Mining,SG01RSC04B01BB1,2004Q1,0.0091646,578.013
Industry groups,"Food, beverage, and tobacco manufacturing",SG01RSC04B01CC1,2004Q1,0.0468385,1781.254
Industry groups,"Textile, leather, clothing, and footwear manufacturing",SG01RSC04B01CC2,2004Q1,0.0061270,199.166
Industry groups,Wood and paper products manufacturing,SG01RSC04B01CC3,2004Q1,0.0145862,533.303
Industry groups,Printing,SG01RSC04B01CC4,2004Q1,0.0052563,219.311
Industry groups,"Petroleum, chemical, polymer, and rubber product manufacturing",SG01RSC04B01CC5,2004Q1,0.0257293,956.894
Industry groups,Non-metallic mineral product manufacturing,SG01RSC04B01CC6,2004Q1,0.0054231,238.670
Industry groups,Metal product manufacturing,SG01RSC04B01CC7,2004Q1,0.0176445,897.505
Industry groups,"Transport equipment, machinery and equipment manufacturing",SG01RSC04B01CC8,2004Q1,0.0210688,1025.989
Industry groups,Furniture and other manufacturing,SG01RSC04B01CC9,2004Q1,0.0045044,211.585
Industry groups,"Electricity, gas, water, and waste services",SG01RSC04B01DD1,2004Q1,0.0291378,1413.606
Industry groups,Construction,SG01RSC04B01EE1,2004Q1,0.0471000,2300.587
Industry groups,Wholesale trade,SG01RSC04B01FF1,2004Q1,0.0548928,2400.636
Industry groups,Retail trade,SG01RSC04B01GH1,2004Q1,0.0498383,1852.486
Industry groups,Accommodation services,SG01RSC04B01GH2,2004Q1,0.0195983,862.490
Industry groups,"Transport, postal, and warehousing",SG01RSC04B01II1,2004Q1,0.0455759,1901.349
Industry groups,Information media and telecommunications,SG01RSC04B01JJ1,2004Q1,0.0397875,1220.221
Industry groups,Financial and insurance services,SG01RSC04B01KK1,2004Q1,0.0504427,2237.475
Industry groups,"Rental, hiring, and real estate services",SG01RSC04B01LL1,2004Q1,0.0597955,3042.202
Industry groups,Ownership of owner-occupied dwellings,SG01RSC04B01LL2,2004Q1,0.0680934,2492.457
Industry groups,"Prof, scientific, and technical services",SG01RSC04B01MN1,2004Q1,0.0669308,3192.325
Industry groups,Administrative and support services,SG01RSC04B01MN2,2004Q1,0.0189152,957.891
Industry groups,Local Government administration,SG01RSC04B01OO1,2004Q1,0.0035939,178.444
Industry groups,"Central government administration, defence, and public safety",SG01RSC04B01OO2,2004Q1,0.0331538,1364.566
Industry groups,Education and training,SG01RSC04B01PP1,2004Q1,0.0418274,2291.527
Industry groups,Health care and social assistance,SG01RSC04B01QQ1,2004Q1,0.0497887,2370.191
Industry groups,Arts and recreation services,SG01RSC04B01RS1,2004Q1,0.0167084,741.519
Industry groups,Other services,SG01RSC04B01RS2,2004Q1,0.0201106,935.171
Industry groups,"GST, import duties, stamp duty",SG01RSC04B01UZ9,2004Q1,0.0710760,3226.233
Industry groups,Agriculture,SG01RSC04B01AA1,2004Q2,0.0402328,2305.911
Industry groups,Forestry and logging,SG01RSC04B01AA2,2004Q2,0.0051984,240.819
Industry groups,"Fishing, aquaculture and agriculture, forestry and fishing support services",SG01RSC04B01AA3,2004Q2,0.0082272,419.540
Industry groups,Mining,SG01RSC04B01BB1,2004Q2,0.0099164,597.923
Industry groups,"Food, beverage, and tobacco manufacturing",SG01RSC04B01CC1,2004Q2,0.0467265,1789.104
Industry groups,"Textile, leather, clothing, and footwear manufacturing",SG01RSC04B01CC2,2004Q2,0.0057315,207.960
Industry groups,Wood and paper products manufacturing,SG01RSC04B01CC3,2004Q2,0.0146008,521.537
Industry groups,Printing,SG01RSC04B01CC4,2004Q2,0.0053311,227.177
Industry groups,"Petroleum, chemical, polymer, and rubber product manufacturing",SG01RSC04B01CC5,2004Q2,0.0256069,957.431
Industry groups,Non-metallic mineral product manufacturing,SG01RSC04B01CC6,2004Q2,0.0057319,248.307
Industry groups,Metal product manufacturing,SG01RSC04B01CC7,2004Q2,0.0167912,864.227
Industry groups,"Transport equipment, machinery and equipment manufacturing",SG01RSC04B01CC8,2004Q2,0.0207140,978.555
Industry groups,Furniture and other manufacturing,SG01RSC04B01CC9,2004Q2,0.0043300,207.545
Industry groups,"Electricity, gas, water, and waste services",SG01RSC04B01DD1,2004Q2,0.0282182,1381.380
Industry groups,Construction,SG01RSC04B01EE1,2004Q2,0.0518223,2462.963
Industry groups,Wholesale trade,SG01RSC04B01FF1,2004Q2,0.0533618,2437.684
Industry groups,Retail trade,SG01RSC04B01GH1,2004Q2,0.0478461,1867.119
Industry groups,Accommodation services,SG01RSC04B01GH2,2004Q2,0.0203694,876.566
Industry groups,"Transport, postal, and warehousing",SG01RSC04B01II1,2004Q2,0.0462901,1944.933
Industry groups,Information media and telecommunications,SG01RSC04B01JJ1,2004Q2,0.0380300,1229.368
Industry groups,Financial and insurance services,SG01RSC04B01KK1,2004Q2,0.0504845,2282.613
Industry groups,"Rental, hiring, and real estate services",SG01RSC04B01LL1,2004Q2,0.0608121,3060.462
Industry groups,Ownership of owner-occupied dwellings,SG01RSC04B01LL2,2004Q2,0.0682954,2519.656
Industry groups,"Prof, scientific, and technical services",SG01RSC04B01MN1,2004Q2,0.0673878,3181.379
Industry groups,Administrative and support services,SG01RSC04B01MN2,2004Q2,0.0190481,951.089
Industry groups,Local Government administration,SG01RSC04B01OO1,2004Q2,0.0036119,179.796
Industry groups,"Central government administration, defence, and public safety",SG01RSC04B01OO2,2004Q2,0.0337137,1406.900
Industry groups,Education and training,SG01RSC04B01PP1,2004Q2,0.0424717,2291.175
Industry groups,Health care and social assistance,SG01RSC04B01QQ1,2004Q2,0.0512439,2347.393
Industry groups,Arts and recreation services,SG01RSC04B01RS1,2004Q2,0.0159121,723.747
Industry groups,Other services,SG01RSC04B01RS2,2004Q2,0.0200284,933.852
Industry groups,"GST, import duties, stamp duty",SG01RSC04B01UZ9,2004Q2,0.0719137,3259.494
Industry groups,Agriculture,SG01RSC04B01AA1,2004Q3,0.0402328,2179.193
Industry groups,Forestry and logging,SG01RSC04B01AA2,2004Q3,0.0051984,247.822
Industry groups,"Fishing, aquaculture and agriculture, forestry and fishing support services",SG01RSC04B01AA3,2004Q3,0.0082272,398.915
Industry groups,Mining,SG01RSC04B01BB1,2004Q3,0.0099164,538.497
Industry groups,"Food, beverage, and tobacco manufacturing",SG01RSC04B01CC1,2004Q3,0.0467265,1767.722
Industry groups,"Textile, leather, clothing, and footwear manufacturing",SG01RSC04B01CC2,2004Q3,0.0057315,219.346
Industry groups,Wood and paper products manufacturing,SG01RSC04B01CC3,2004Q3,0.0146008,551.632
Industry groups,Printing,SG01RSC04B01CC4,2004Q3,0.0053311,215.787
Industry groups,"Petroleum, chemical, polymer, and rubber product manufacturing",SG01RSC04B01CC5,2004Q3,0.0256069,963.059
Industry groups,Non-metallic mineral product manufacturing,SG01RSC04B01CC6,2004Q3,0.0057319,253.913
Industry groups,Metal product manufacturing,SG01RSC04B01CC7,2004Q3,0.0167912,871.209
Industry groups,"Transport equipment, machinery and equipment manufacturing",SG01RSC04B01CC8,2004Q3,0.0207140,1004.714
Industry groups,Furniture and other manufacturing,SG01RSC04B01CC9,2004Q3,0.0043300,208.449
Industry groups,"Electricity, gas, water, and waste services",SG01RSC04B01DD1,2004Q3,0.0282182,1375.154
Industry groups,Construction,SG01RSC04B01EE1,2004Q3,0.0518223,2477.037
Industry groups,Wholesale trade,SG01RSC04B01FF1,2004Q3,0.0533618,2482.669
Industry groups,Retail trade,SG01RSC04B01GH1,2004Q3,0.0478461,1931.142
Industry groups,Accommodation services,SG01RSC04B01GH2,2004Q3,0.0203694,898.103
Industry groups,"Transport, postal, and warehousing",SG01RSC04B01II1,2004Q3,0.0462901,1962.943
Industry groups,Information media and telecommunications,SG01RSC04B01JJ1,2004Q3,0.0380300,1239.427
Industry groups,Financial and insurance services,SG01RSC04B01KK1,2004Q3,0.0504845,2316.485
Industry groups,"Rental, hiring, and real estate services",SG01RSC04B01LL1,2004Q3,0.0608121,3057.631
Industry groups,Ownership of owner-occupied dwellings,SG01RSC04B01LL2,2004Q3,0.0682954,2551.176
Industry groups,"Prof, scientific, and technical services",SG01RSC04B01MN1,2004Q3,0.0673878,3170.268
Industry groups,Administrative and support services,SG01RSC04B01MN2,2004Q3,0.0190481,954.985
Industry groups,Local Government administration,SG01RSC04B01OO1,2004Q3,0.0036119,183.910
Industry groups,"Central government administration, defence, and public safety",SG01RSC04B01OO2,2004Q3,0.0337137,1390.746
Industry groups,Education and training,SG01RSC04B01PP1,2004Q3,0.0424717,2288.157
Industry groups,Health care and social assistance,SG01RSC04B01QQ1,2004Q3,0.0512439,2349.979
Industry groups,Arts and recreation services,SG01RSC04B01RS1,2004Q3,0.0159121,716.711
Industry groups,Other services,SG01RSC04B01RS2,2004Q3,0.0200284,937.715
Industry groups,"GST, import duties, stamp duty",SG01RSC04B01UZ9,2004Q3,0.0719137,3280.275
Industry groups,Agriculture,SG01RSC04B01AA1,2004Q4,0.0402328,2157.977
Industry groups,Forestry and logging,SG01RSC04B01AA2,2004Q4,0.0051984,244.065
Industry groups,"Fishing, aquaculture and agriculture, forestry and fishing support services",SG01RSC04B01AA3,2004Q4,0.0082272,414.124
Industry groups,Mining,SG01RSC04B01BB1,2004Q4,0.0099164,554.892
Industry groups,"Food, beverage, and tobacco manufacturing",SG01RSC04B01CC1,2004Q4,0.0467265,1795.114
Industry groups,"Textile, leather, clothing, and footwear manufacturing",SG01RSC04B01CC2,2004Q4,0.0057315,225.718
Industry groups,Wood and paper products manufacturing,SG01RSC04B01CC3,2004Q4,0.0146008,554.649
Industry groups,Printing,SG01RSC04B01CC4,2004Q4,0.0053311,223.799
Industry groups,"Petroleum, chemical, polymer, and rubber product manufacturing",SG01RSC04B01CC5,2004Q4,0.0256069,970.707
Industry groups,Non-metallic mineral product manufacturing,SG01RSC04B01CC6,2004Q4,0.0057319,255.530
Industry groups,Metal product manufacturing,SG01RSC04B01CC7,2004Q4,0.0167912,863.217
Industry groups,"Transport equipment, machinery and equipment manufacturing",SG01RSC04B01CC8,2004Q4,0.0207140,1015.738
Industry groups,Furniture and other manufacturing,SG01RSC04B01CC9,2004Q4,0.0043300,215.507
Industry groups,"Electricity, gas, water, and waste services",SG01RSC04B01DD1,2004Q4,0.0282182,1307.979
Industry groups,Construction,SG01RSC04B01EE1,2004Q4,0.0518223,2428.628
Industry groups,Wholesale trade,SG01RSC04B01FF1,2004Q4,0.0533618,2525.786
Industry groups,Retail trade,SG01RSC04B01GH1,2004Q4,0.0478461,1929.057
Industry groups,Accommodation services,SG01RSC04B01GH2,2004Q4,0.0203694,906.201
Industry groups,"Transport, postal, and warehousing",SG01RSC04B01II1,2004Q4,0.0462901,1987.361
Industry groups,Information media and telecommunications,SG01RSC04B01JJ1,2004Q4,0.0380300,1259.831
Industry groups,Financial and insurance services,SG01RSC04B01KK1,2004Q4,0.0504845,2351.435
Industry groups,"Rental, hiring, and real estate services",SG01RSC04B01LL1,2004Q4,0.0608121,3133.117
Industry groups,Ownership of owner-occupied dwellings,SG01RSC04B01LL2,2004Q4,0.0682954,2580.771
Industry groups,"Prof, scientific, and technical services",SG01RSC04B01MN1,2004Q4,0.0673878,3249.040
Industry groups,Administrative and support services,SG01RSC04B01MN2,2004Q4,0.0190481,987.533
Industry groups,Local Government administration,SG01RSC04B01OO1,2004Q4,0.0036119,182.404
Industry groups,"Central government administration, defence, and public safety",SG01RSC04B01OO2,2004Q4,0.0337137,1411.555
Industry groups,Education and training,SG01RSC04B01PP1,2004Q4,0.0424717,2282.474
Industry groups,Health care and social assistance,SG01RSC04B01QQ1,2004Q4,0.0512439,2391.237
Industry groups,Arts and recreation services,SG01RSC04B01RS1,2004Q4,0.0159121,733.679
Industry groups,Other services,SG01RSC04B01RS2,2004Q4,0.0200284,939.607
Industry groups,"GST, import duties, stamp duty",SG01RSC04B01UZ9,2004Q4,0.0719137,3288.308
Industry groups,Agriculture,SG01RSC04B01AA1,2005Q1,0.0402328,2222.270
Industry groups,Forestry and logging,SG01RSC04B01AA2,2005Q1,0.0051984,248.503
Industry groups,"Fishing, aquaculture and agriculture, forestry and fishing support services",SG01RSC04B01AA3,2005Q1,0.0082272,437.817
Industry groups,Mining,SG01RSC04B01BB1,2005Q1,0.0099164,542.939
Industry groups,"Food, beverage, and tobacco manufacturing",SG01RSC04B01CC1,2005Q1,0.0467265,1762.834
Industry groups,"Textile, leather, clothing, and footwear manufacturing",SG01RSC04B01CC2,2005Q1,0.0057315,222.034
Industry groups,Wood and paper products manufacturing,SG01RSC04B01CC3,2005Q1,0.0146008,539.897
Industry groups,Printing,SG01RSC04B01CC4,2005Q1,0.0053311,223.009
Industry groups,"Petroleum, chemical, polymer, and rubber product manufacturing",SG01RSC04B01CC5,2005Q1,0.0256069,952.447
Industry groups,Non-metallic mineral product manufacturing,SG01RSC04B01CC6,2005Q1,0.0057319,251.279
Industry groups,Metal product manufacturing,SG01RSC04B01CC7,2005Q1,0.0167912,854.349
Industry groups,"Transport equipment, machinery and equipment manufacturing",SG01RSC04B01CC8,2005Q1,0.0207140,1030.218
Industry groups,Furniture and other manufacturing,SG01RSC04B01CC9,2005Q1,0.0043300,208.519
Industry groups,"Electricity, gas, water, and waste services",SG01RSC04B01DD1,2005Q1,0.0282182,1335.264
Industry groups,Construction,SG01RSC04B01EE1,2005Q1,0.0518223,2459.337
Industry groups,Wholesale trade,SG01RSC04B01FF1,2005Q1,0.0533618,2528.339
Industry groups,Retail trade,SG01RSC04B01GH1,2005Q1,0.0478461,1955.795
Industry groups,Accommodation services,SG01RSC04B01GH2,2005Q1,0.0203694,892.396
Industry groups,"Transport, postal, and warehousing",SG01RSC04B01II1,2005Q1,0.0462901,2027.808
Industry groups,Information media and telecommunications,SG01RSC04B01JJ1,2005Q1,0.0380300,1262.294
Industry groups,Financial and insurance services,SG01RSC04B01KK1,2005Q1,0.0504845,2400.376
Industry groups,"Rental, hiring, and real estate services",SG01RSC04B01LL1,2005Q1,0.0608121,3203.709
Industry groups,Ownership of owner-occupied dwellings,SG01RSC04B01LL2,2005Q1,0.0682954,2612.696
Industry groups,"Prof, scientific, and technical services",SG01RSC04B01MN1,2005Q1,0.0673878,3277.097
Industry groups,Administrative and support services,SG01RSC04B01MN2,2005Q1,0.0190481,998.556
Industry groups,Local Government administration,SG01RSC04B01OO1,2005Q1,0.0036119,187.832
Industry groups,"Central government administration, defence, and public safety",SG01RSC04B01OO2,2005Q1,0.0337137,1416.579
Industry groups,Education and training,SG01RSC04B01PP1,2005Q1,0.0424717,2274.125
Industry groups,Health care and social assistance,SG01RSC04B01QQ1,2005Q1,0.0512439,2444.879
Industry groups,Arts and recreation services,SG01RSC04B01RS1,2005Q1,0.0159121,729.137
Industry groups,Other services,SG01RSC04B01RS2,2005Q1,0.0200284,927.958
Industry groups,"GST, import duties, stamp duty",SG01RSC04B01UZ9,2005Q1,0.0719137,3329.602
Industry groups,Agriculture,SG01RSC04B01AA1,2005Q2,0.0327977,2292.011
Industry groups,Forestry and logging,SG01RSC04B01AA2,2005Q2,0.0049636,245.912
Industry groups,"Fishing, aquaculture and agriculture, forestry and fishing support services",SG01RSC04B01AA3,2005Q2,0.0074164,402.740
Industry groups,Mining,SG01RSC04B01BB1,2005Q2,0.0110444,583.436
Industry groups,"Food, beverage, and tobacco manufacturing",SG01RSC04B01CC1,2005Q2,0.0476078,1773.787
Industry groups,"Textile, leather, clothing, and footwear manufacturing",SG01RSC04B01CC2,2005Q2,0.0051027,215.213
Industry groups,Wood and paper products manufacturing,SG01RSC04B01CC3,2005Q2,0.0138743,564.873
Industry groups,Printing,SG01RSC04B01CC4,2005Q2,0.0051491,220.990
Industry groups,"Petroleum, chemical, polymer, and rubber product manufacturing",SG01RSC04B01CC5,2005Q2,0.0261650,967.034
Industry groups,Non-metallic mineral product manufacturing,SG01RSC04B01CC6,2005Q2,0.0058947,258.043
Industry groups,Metal product manufacturing,SG01RSC04B01CC7,2005Q2,0.0167765,864.886
Industry groups,"Transport equipment, machinery and equipment manufacturing",SG01RSC04B01CC8,2005Q2,0.0204208,1035.465
Industry groups,Furniture and other manufacturing,SG01RSC04B01CC9,2005Q2,0.0042583,211.042
Industry groups,"Electricity, gas, water, and waste services",SG01RSC04B01DD1,2005Q2,0.0296734,1370.631
Industry groups,Construction,SG01RSC04B01EE1,2005Q2,0.0534528,2540.803
Industry groups,Wholesale trade,SG01RSC04B01FF1,2005Q2,0.0515476,2624.503
Industry groups,Retail trade,SG01RSC04B01GH1,2005Q2,0.0475546,1989.156
Industry groups,Accommodation services,SG01RSC04B01GH2,2005Q2,0.0197370,914.479
Industry groups,"Transport, postal, and warehousing",SG01RSC04B01II1,2005Q2,0.0461058,2066.303
Industry groups,Information media and telecommunications,SG01RSC04B01JJ1,2005Q2,0.0370418,1262.420
Industry groups,Financial and insurance services,SG01RSC04B01KK1,2005Q2,0.0487376,2416.252
Industry groups,"Rental, hiring, and real estate services",SG01RSC04B01LL1,2005Q2,0.0638472,3240.344
Industry groups,Ownership of owner-occupied dwellings,SG01RSC04B01LL2,2005Q2,0.0691071,2636.263
Industry groups,"Prof, scientific, and technical services",SG01RSC04B01MN1,2005Q2,0.0696758,3343.117
Industry groups,Administrative and support services,SG01RSC04B01MN2,2005Q2,0.0197455,1013.678
Industry groups,Local Government administration,SG01RSC04B01OO1,2005Q2,0.0035698,191.787
Industry groups,"Central government administration, defence, and public safety",SG01RSC04B01OO2,2005Q2,0.0357956,1454.843
Industry groups,Education and training,SG01RSC04B01PP1,2005Q2,0.0424035,2261.839
Industry groups,Health care and social assistance,SG01RSC04B01QQ1,2005Q2,0.0535953,2512.235
Industry groups,Arts and recreation services,SG01RSC04B01RS1,2005Q2,0.0149745,706.182
Industry groups,Other services,SG01RSC04B01RS2,2005Q2,0.0196326,922.885
Industry groups,"GST, import duties, stamp duty",SG01RSC04B01UZ9,2005Q2,0.0723310,3369.631
Industry groups,Agriculture,SG01RSC04B01AA1,2005Q3,0.0327977,2357.584
Industry groups,Forestry and logging,SG01RSC04B01AA2,2005Q3,0.0049636,243.141
Industry groups,"Fishing, aquaculture and agriculture, forestry and fishing support services",SG01RSC04B01AA3,2005Q3,0.0074164,396.972
Industry groups,Mining,SG01RSC04B01BB1,2005Q3,0.0110444,571.517
Industry groups,"Food, beverage, and tobacco manufacturing",SG01RSC04B01CC1,2005Q3,0.0476078,1896.637
Industry groups,"Textile, leather, clothing, and footwear manufacturing",SG01RSC04B01CC2,2005Q3,0.0051027,207.628
Industry groups,Wood and paper products manufacturing,SG01RSC04B01CC3,2005Q3,0.0138743,524.280
Industry groups,Printing,SG01RSC04B01CC4,2005Q3,0.0051491,218.718
Industry groups,"Petroleum, chemical, polymer, and rubber product manufacturing",SG01RSC04B01CC5,2005Q3,0.0261650,976.086
Industry groups,Non-metallic mineral product manufacturing,SG01RSC04B01CC6,2005Q3,0.0058947,250.676
Industry groups,Metal product manufacturing,SG01RSC04B01CC7,2005Q3,0.0167765,857.547
Industry groups,"Transport equipment, machinery and equipment manufacturing",SG01RSC04B01CC8,2005Q3,0.0204208,1049.599
Industry groups,Furniture and other manufacturing,SG01RSC04B01CC9,2005Q3,0.0042583,200.235
Industry groups,"Electricity, gas, water, and waste services",SG01RSC04B01DD1,2005Q3,0.0296734,1345.616
Industry groups,Construction,SG01RSC04B01EE1,2005Q3,0.0534528,2460.522
Industry groups,Wholesale trade,SG01RSC04B01FF1,2005Q3,0.0515476,2621.064
Industry groups,Retail trade,SG01RSC04B01GH1,2005Q3,0.0475546,2029.299
Industry groups,Accommodation services,SG01RSC04B01GH2,2005Q3,0.0197370,917.978
Industry groups,"Transport, postal, and warehousing",SG01RSC04B01II1,2005Q3,0.0461058,2068.538
Industry groups,Information media and telecommunications,SG01RSC04B01JJ1,2005Q3,0.0370418,1271.143
Industry groups,Financial and insurance services,SG01RSC04B01KK1,2005Q3,0.0487376,2445.964
Industry groups,"Rental, hiring, and real estate services",SG01RSC04B01LL1,2005Q3,0.0638472,3264.393
Industry groups,Ownership of owner-occupied dwellings,SG01RSC04B01LL2,2005Q3,0.0691071,2657.208
Industry groups,"Prof, scientific, and technical services",SG01RSC04B01MN1,2005Q3,0.0696758,3364.573
Industry groups,Administrative and support services,SG01RSC04B01MN2,2005Q3,0.0197455,1027.920
Industry groups,Local Government administration,SG01RSC04B01OO1,2005Q3,0.0035698,192.092
Industry groups,"Central government administration, defence, and public safety",SG01RSC04B01OO2,2005Q3,0.0357956,1479.797
Industry groups,Education and training,SG01RSC04B01PP1,2005Q3,0.0424035,2248.778
Industry groups,Health care and social assistance,SG01RSC04B01QQ1,2005Q3,0.0535953,2527.989
Industry groups,Arts and recreation services,SG01RSC04B01RS1,2005Q3,0.0149745,713.333
Industry groups,Other services,SG01RSC04B01RS2,2005Q3,0.0196326,916.452
Industry groups,"GST, import duties, stamp duty",SG01RSC04B01UZ9,2005Q3,0.0723310,3377.964
Industry groups,Agriculture,SG01RSC04B01AA1,2005Q4,0.0327977,2354.978
Industry groups,Forestry and logging,SG01RSC04B01AA2,2005Q4,0.0049636,245.776
Industry groups,"Fishing, aquaculture and agriculture, forestry and fishing support services",SG01RSC04B01AA3,2005Q4,0.0074164,408.415
Industry groups,Mining,SG01RSC04B01BB1,2005Q4,0.0110444,569.890
Industry groups,"Food, beverage, and tobacco manufacturing",SG01RSC04B01CC1,2005Q4,0.0476078,1810.430
Industry groups,"Textile, leather, clothing, and footwear manufacturing",SG01RSC04B01CC2,2005Q4,0.0051027,215.899
Industry groups,Wood and paper products manufacturing,SG01RSC04B01CC3,2005Q4,0.0138743,533.906
Industry groups,Printing,SG01RSC04B01CC4,2005Q4,0.0051491,215.630
Industry groups,"Petroleum, chemical, polymer, and rubber product manufacturing",SG01RSC04B01CC5,2005Q4,0.0261650,956.449
Industry groups,Non-metallic mineral product manufacturing,SG01RSC04B01CC6,2005Q4,0.0058947,247.693
Industry groups,Metal product manufacturing,SG01RSC04B01CC7,2005Q4,0.0167765,852.859
Industry groups,"Transport equipment, machinery and equipment manufacturing",SG01RSC04B01CC8,2005Q4,0.0204208,1005.878
Industry groups,Furniture and other manufacturing,SG01RSC04B01CC9,2005Q4,0.0042583,200.066
Industry groups,"Electricity, gas, water, and waste services",SG01RSC04B01DD1,2005Q4,0.0296734,1344.066
Industry groups,Construction,SG01RSC04B01EE1,2005Q4,0.0534528,2507.406
Industry groups,Wholesale trade,SG01RSC04B01FF1,2005Q4,0.0515476,2580.961
Industry groups,Retail trade,SG01RSC04B01GH1,2005Q4,0.0475546,2030.463
Industry groups,Accommodation services,SG01RSC04B01GH2,2005Q4,0.0197370,931.468
Industry groups,"Transport, postal, and warehousing",SG01RSC04B01II1,2005Q4,0.0461058,1999.425
Industry groups,Information media and telecommunications,SG01RSC04B01JJ1,2005Q4,0.0370418,1277.901
Industry groups,Financial and insurance services,SG01RSC04B01KK1,2005Q4,0.0487376,2463.640
Industry groups,"Rental, hiring, and real estate services",SG01RSC04B01LL1,2005Q4,0.0638472,3285.547
Industry groups,Ownership of owner-occupied dwellings,SG01RSC04B01LL2,2005Q4,0.0691071,2684.196
Industry groups,"Prof, scientific, and technical services",SG01RSC04B01MN1,2005Q4,0.0696758,3379.421
Industry groups,Administrative and support services,SG01RSC04B01MN2,2005Q4,0.0197455,1038.080
Industry groups,Local Government administration,SG01RSC04B01OO1,2005Q4,0.0035698,193.477
Industry groups,"Central government administration, defence, and public safety",SG01RSC04B01OO2,2005Q4,0.0357956,1488.040
Industry groups,Education and training,SG01RSC04B01PP1,2005Q4,0.0424035,2234.946
Industry groups,Health care and social assistance,SG01RSC04B01QQ1,2005Q4,0.0535953,2557.396
Industry groups,Arts and recreation services,SG01RSC04B01RS1,2005Q4,0.0149745,728.521
Industry groups,Other services,SG01RSC04B01RS2,2005Q4,0.0196326,915.040
Industry groups,"GST, import duties, stamp duty",SG01RSC04B01UZ9,2005Q4,0.0723310,3388.288
Industry groups,Agriculture,SG01RSC04B01AA1,2006Q1,0.0327977,2484.065
Industry groups,Forestry and logging,SG01RSC04B01AA2,2006Q1,0.0049636,243.648
Industry groups,"Fishing, aquaculture and agriculture, forestry and fishing support services",SG01RSC04B01AA3,2006Q1,0.0074164,388.871
Industry groups,Mining,SG01RSC04B01BB1,2006Q1,0.0110444,594.183
Industry groups,"Food, beverage, and tobacco manufacturing",SG01RSC04B01CC1,2006Q1,0.0476078,1888.145
Industry groups,"Textile, leather, clothing, and footwear manufacturing",SG01RSC04B01CC2,2006Q1,0.0051027,218.868
Industry groups,Wood and paper products manufacturing,SG01RSC04B01CC3,2006Q1,0.0138743,538.969
Industry groups,Printing,SG01RSC04B01CC4,2006Q1,0.0051491,214.245
Industry groups,"Petroleum, chemical, polymer, and rubber product manufacturing",SG01RSC04B01CC5,2006Q1,0.0261650,934.205
Industry groups,Non-metallic mineral product manufacturing,SG01RSC04B01CC6,2006Q1,0.0058947,249.174
Industry groups,Metal product manufacturing,SG01RSC04B01CC7,2006Q1,0.0167765,847.930
Industry groups,"Transport equipment, machinery and equipment manufacturing",SG01RSC04B01CC8,2006Q1,0.0204208,1005.669
Industry groups,Furniture and other manufacturing,SG01RSC04B01CC9,2006Q1,0.0042583,216.605
Industry groups,"Electricity, gas, water, and waste services",SG01RSC04B01DD1,2006Q1,0.0296734,1336.918
Industry groups,Construction,SG01RSC04B01EE1,2006Q1,0.0534528,2634.297
Industry groups,Wholesale trade,SG01RSC04B01FF1,2006Q1,0.0515476,2625.748
Industry groups,Retail trade,SG01RSC04B01GH1,2006Q1,0.0475546,2034.944
Industry groups,Accommodation services,SG01RSC04B01GH2,2006Q1,0.0197370,936.186
Industry groups,"Transport, postal, and warehousing",SG01RSC04B01II1,2006Q1,0.0461058,1991.488
Industry groups,Information media and telecommunications,SG01RSC04B01JJ1,2006Q1,0.0370418,1275.461
Industry groups,Financial and insurance services,SG01RSC04B01KK1,2006Q1,0.0487376,2493.669
Industry groups,"Rental, hiring, and real estate services",SG01RSC04B01LL1,2006Q1,0.0638472,3306.151
Industry groups,Ownership of owner-occupied dwellings,SG01RSC04B01LL2,2006Q1,0.0691071,2716.932
Industry groups,"Prof, scientific, and technical services",SG01RSC04B01MN1,2006Q1,0.0696758,3410.980
Industry groups,Administrative and support services,SG01RSC04B01MN2,2006Q1,0.0197455,1039.511
Industry groups,Local Government administration,SG01RSC04B01OO1,2006Q1,0.0035698,193.537
Industry groups,"Central government administration, defence, and public safety",SG01RSC04B01OO2,2006Q1,0.0357956,1534.619
Industry groups,Education and training,SG01RSC04B01PP1,2006Q1,0.0424035,2220.346
Industry groups,Health care and social assistance,SG01RSC04B01QQ1,2006Q1,0.0535953,2575.905
Industry groups,Arts and recreation services,SG01RSC04B01RS1,2006Q1,0.0149745,762.666
Industry groups,Other services,SG01RSC04B01RS2,2006Q1,0.0196326,925.070
Industry groups,"GST, import duties, stamp duty",SG01RSC04B01UZ9,2006Q1,0.0723310,3461.743
Industry groups,Agriculture,SG01RSC04B01AA1,2006Q2,0.0359382,2491.552
Industry groups,Forestry and logging,SG01RSC04B01AA2,2006Q2,0.0058351,253.626
Industry groups,"Fishing, aquaculture and agriculture, forestry and fishing support services",SG01RSC04B01AA3,2006Q2,0.0080651,399.074
Industry groups,Mining,SG01RSC04B01BB1,2006Q2,0.0119248,542.358
Industry groups,"Food, beverage, and tobacco manufacturing",SG01RSC04B01CC1,2006Q2,0.0456749,1920.782
Industry groups,"Textile, leather, clothing, and footwear manufacturing",SG01RSC04B01CC2,2006Q2,0.0041415,220.425
Industry groups,Wood and paper products manufacturing,SG01RSC04B01CC3,2006Q2,0.0126582,530.663
Industry groups,Printing,SG01RSC04B01CC4,2006Q2,0.0046222,199.601
Industry groups,"Petroleum, chemical, polymer, and rubber product manufacturing",SG01RSC04B01CC5,2006Q2,0.0209754,921.612
Industry groups,Non-metallic mineral product manufacturing,SG01RSC04B01CC6,2006Q2,0.0055618,246.021
Industry groups,Metal product manufacturing,SG01RSC04B01CC7,2006Q2,0.0168808,811.540
Industry groups,"Transport equipment, machinery and equipment manufacturing",SG01RSC04B01CC8,2006Q2,0.0189305,956.516
Industry groups,Furniture and other manufacturing,SG01RSC04B01CC9,2006Q2,0.0036561,200.348
Industry groups,"Electricity, gas, water, and waste services",SG01RSC04B01DD1,2006Q2,0.0289118,1435.185
Industry groups,Construction,SG01RSC04B01EE1,2006Q2,0.0560146,2568.781
Industry groups,Wholesale trade,SG01RSC04B01FF1,2006Q2,0.0501398,2600.833
Industry groups,Retail trade,SG01RSC04B01GH1,2006Q2,0.0483946,2057.792
Industry groups,Accommodation services,SG01RSC04B01GH2,2006Q2,0.0195646,946.512
Industry groups,"Transport, postal, and warehousing",SG01RSC04B01II1,2006Q2,0.0425367,1966.120
Industry groups,Information media and telecommunications,SG01RSC04B01JJ1,2006Q2,0.0337261,1291.700
Industry groups,Financial and insurance services,SG01RSC04B01KK1,2006Q2,0.0462210,2541.578
Industry groups,"Rental, hiring, and real estate services",SG01RSC04B01LL1,2006Q2,0.0659526,3321.615
Industry groups,Ownership of owner-occupied dwellings,SG01RSC04B01LL2,2006Q2,0.0693372,2745.774
Industry groups,"Prof, scientific, and technical services",SG01RSC04B01MN1,2006Q2,0.0720750,3488.960
Industry groups,Administrative and support services,SG01RSC04B01MN2,2006Q2,0.0210865,1080.080
Industry groups,Local Government administration,SG01RSC04B01OO1,2006Q2,0.0039698,196.802
Industry groups,"Central government administration, defence, and public safety",SG01RSC04B01OO2,2006Q2,0.0370408,1532.233
Industry groups,Education and training,SG01RSC04B01PP1,2006Q2,0.0437901,2213.036
Industry groups,Health care and social assistance,SG01RSC04B01QQ1,2006Q2,0.0545485,2616.486
Industry groups,Arts and recreation services,SG01RSC04B01RS1,2006Q2,0.0157214,739.106
Industry groups,Other services,SG01RSC04B01RS2,2006Q2,0.0192122,887.819
Industry groups,"GST, import duties, stamp duty",SG01RSC04B01UZ9,2006Q2,0.0768920,3421.536
Industry groups,Agriculture,SG01RSC04B01AA1,2006Q3,0.0359382,2429.560
Industry groups,Forestry and logging,SG01RSC04B01AA2,2006Q3,0.0058351,257.172
Industry groups,"Fishing, aquaculture and agriculture, forestry and fishing support services",SG01RSC04B01AA3,2006Q3,0.0080651,435.407
Industry groups,Mining,SG01RSC04B01BB1,2006Q3,0.0119248,524.906
Industry groups,"Food, beverage, and tobacco manufacturing",SG01RSC04B01CC1,2006Q3,0.0456749,1676.015
Industry groups,"Textile, leather, clothing, and footwear manufacturing",SG01RSC04B01CC2,2006Q3,0.0041415,218.377
Industry groups,Wood and paper products manufacturing,SG01RSC04B01CC3,2006Q3,0.0126582,538.504
Industry groups,Printing,SG01RSC04B01CC4,2006Q3,0.0046222,206.954
Industry groups,"Petroleum, chemical, polymer, and rubber product manufacturing",SG01RSC04B01CC5,2006Q3,0.0209754,894.187
Industry groups,Non-metallic mineral product manufacturing,SG01RSC04B01CC6,2006Q3,0.0055618,260.390
Industry groups,Metal product manufacturing,SG01RSC04B01CC7,2006Q3,0.0168808,827.774
Industry groups,"Transport equipment, machinery and equipment manufacturing",SG01RSC04B01CC8,2006Q3,0.0189305,966.514
Industry groups,Furniture and other manufacturing,SG01RSC04B01CC9,2006Q3,0.0036561,199.368
Industry groups,"Electricity, gas, water, and waste services",SG01RSC04B01DD1,2006Q3,0.0289118,1415.328
Industry groups,Construction,SG01RSC04B01EE1,2006Q3,0.0560146,2628.560
Industry groups,Wholesale trade,SG01RSC04B01FF1,2006Q3,0.0501398,2657.022
Industry groups,Retail trade,SG01RSC04B01GH1,2006Q3,0.0483946,2083.093
Industry groups,Accommodation services,SG01RSC04B01GH2,2006Q3,0.0195646,950.406
Industry groups,"Transport, postal, and warehousing",SG01RSC04B01II1,2006Q3,0.0425367,1979.018
Industry groups,Information media and telecommunications,SG01RSC04B01JJ1,2006Q3,0.0337261,1321.398
Industry groups,Financial and insurance services,SG01RSC04B01KK1,2006Q3,0.0462210,2565.951
Industry groups,"Rental, hiring, and real estate services",SG01RSC04B01LL1,2006Q3,0.0659526,3409.517
Industry groups,Ownership of owner-occupied dwellings,SG01RSC04B01LL2,2006Q3,0.0693372,2787.176
Industry groups,"Prof, scientific, and technical services",SG01RSC04B01MN1,2006Q3,0.0720750,3532.614
Industry groups,Administrative and support services,SG01RSC04B01MN2,2006Q3,0.0210865,1099.171
Industry groups,Local Government administration,SG01RSC04B01OO1,2006Q3,0.0039698,200.270
Industry groups,"Central government administration, defence, and public safety",SG01RSC04B01OO2,2006Q3,0.0370408,1710.390
Industry groups,Education and training,SG01RSC04B01PP1,2006Q3,0.0437901,2212.247
Industry groups,Health care and social assistance,SG01RSC04B01QQ1,2006Q3,0.0545485,2614.960
Industry groups,Arts and recreation services,SG01RSC04B01RS1,2006Q3,0.0157214,717.168
Industry groups,Other services,SG01RSC04B01RS2,2006Q3,0.0192122,892.238
Industry groups,"GST, import duties, stamp duty",SG01RSC04B01UZ9,2006Q3,0.0768920,3502.926
Industry groups,Agriculture,SG01RSC04B01AA1,2006Q4,0.0359382,2319.604
Industry groups,Forestry and logging,SG01RSC04B01AA2,2006Q4,0.0058351,269.060
Industry groups,"Fishing, aquaculture and agriculture, forestry and fishing support services",SG01RSC04B01AA3,2006Q4,0.0080651,428.137
Industry groups,Mining,SG01RSC04B01BB1,2006Q4,0.0119248,583.532
Industry groups,"Food, beverage, and tobacco manufacturing",SG01RSC04B01CC1,2006Q4,0.0456749,1783.716
Industry groups,"Textile, leather, clothing, and footwear manufacturing",SG01RSC04B01CC2,2006Q4,0.0041415,223.292
Industry groups,Wood and paper products manufacturing,SG01RSC04B01CC3,2006Q4,0.0126582,536.048
Industry groups,Printing,SG01RSC04B01CC4,2006Q4,0.0046222,198.464
Industry groups,"Petroleum, chemical, polymer, and rubber product manufacturing",SG01RSC04B01CC5,2006Q4,0.0209754,948.624
Industry groups,Non-metallic mineral product manufacturing,SG01RSC04B01CC6,2006Q4,0.0055618,264.320
Industry groups,Metal product manufacturing,SG01RSC04B01CC7,2006Q4,0.0168808,812.579
Industry groups,"Transport equipment, machinery and equipment manufacturing",SG01RSC04B01CC8,2006Q4,0.0189305,969.889
Industry groups,Furniture and other manufacturing,SG01RSC04B01CC9,2006Q4,0.0036561,199.145
Industry groups,"Electricity, gas, water, and waste services",SG01RSC04B01DD1,2006Q4,0.0289118,1462.554
Industry groups,Construction,SG01RSC04B01EE1,2006Q4,0.0560146,2691.850
Industry groups,Wholesale trade,SG01RSC04B01FF1,2006Q4,0.0501398,2658.721
Industry groups,Retail trade,SG01RSC04B01GH1,2006Q4,0.0483946,2142.275
Industry groups,Accommodation services,SG01RSC04B01GH2,2006Q4,0.0195646,970.429
Industry groups,"Transport, postal, and warehousing",SG01RSC04B01II1,2006Q4,0.0425367,1971.966
Industry groups,Information media and telecommunications,SG01RSC04B01JJ1,2006Q4,0.0337261,1363.832
Industry groups,Financial and insurance services,SG01RSC04B01KK1,2006Q4,0.0462210,2604.583
Industry groups,"Rental, hiring, and real estate services",SG01RSC04B01LL1,2006Q4,0.0659526,3438.095
Industry groups,Ownership of owner-occupied dwellings,SG01RSC04B01LL2,2006Q4,0.0693372,2816.384
Industry groups,"Prof, scientific, and technical services",SG01RSC04B01MN1,2006Q4,0.0720750,3533.441
Industry groups,Administrative and support services,SG01RSC04B01MN2,2006Q4,0.0210865,1148.525
Industry groups,Local Government administration,SG01RSC04B01OO1,2006Q4,0.0039698,207.303
Industry groups,"Central government administration, defence, and public safety",SG01RSC04B01OO2,2006Q4,0.0370408,1741.272
Industry groups,Education and training,SG01RSC04B01PP1,2006Q4,0.0437901,2217.974
Industry groups,Health care and social assistance,SG01RSC04B01QQ1,2006Q4,0.0545485,2646.071
Industry groups,Arts and recreation services,SG01RSC04B01RS1,2006Q4,0.0157214,738.093
Industry groups,Other services,SG01RSC04B01RS2,2006Q4,0.0192122,908.198
Industry groups,"GST, import duties, stamp duty",SG01RSC04B01UZ9,2006Q4,0.0768920,3518.762
Industry groups,Agriculture,SG01RSC04B01AA1,2007Q1,0.0359382,2166.836
Industry groups,Forestry and logging,SG01RSC04B01AA2,2007Q1,0.0058351,269.486
Industry groups,"Fishing, aquaculture and agriculture, forestry and fishing support services",SG01RSC04B01AA3,2007Q1,0.0080651,442.403
Industry groups,Mining,SG01RSC04B01BB1,2007Q1,0.0119248,575.798
Industry groups,"Food, beverage, and tobacco manufacturing",SG01RSC04B01CC1,2007Q1,0.0456749,1788.000
Industry groups,"Textile, leather, clothing, and footwear manufacturing",SG01RSC04B01CC2,2007Q1,0.0041415,220.724
Industry groups,Wood and paper products manufacturing,SG01RSC04B01CC3,2007Q1,0.0126582,529.535
Industry groups,Printing,SG01RSC04B01CC4,2007Q1,0.0046222,200.893
Industry groups,"Petroleum, chemical, polymer, and rubber product manufacturing",SG01RSC04B01CC5,2007Q1,0.0209754,924.255
Industry groups,Non-metallic mineral product manufacturing,SG01RSC04B01CC6,2007Q1,0.0055618,268.846
Industry groups,Metal product manufacturing,SG01RSC04B01CC7,2007Q1,0.0168808,820.112
Industry groups,"Transport equipment, machinery and equipment manufacturing",SG01RSC04B01CC8,2007Q1,0.0189305,989.630
Industry groups,Furniture and other manufacturing,SG01RSC04B01CC9,2007Q1,0.0036561,198.393
Industry groups,"Electricity, gas, water, and waste services",SG01RSC04B01DD1,2007Q1,0.0289118,1471.661
Industry groups,Construction,SG01RSC04B01EE1,2007Q1,0.0560146,2740.630
Industry groups,Wholesale trade,SG01RSC04B01FF1,2007Q1,0.0501398,2690.194
Industry groups,Retail trade,SG01RSC04B01GH1,2007Q1,0.0483946,2217.788
Industry groups,Accommodation services,SG01RSC04B01GH2,2007Q1,0.0195646,987.860
Industry groups,"Transport, postal, and warehousing",SG01RSC04B01II1,2007Q1,0.0425367,1995.568
Industry groups,Information media and telecommunications,SG01RSC04B01JJ1,2007Q1,0.0337261,1378.259
Industry groups,Financial and insurance services,SG01RSC04B01KK1,2007Q1,0.0462210,2638.342
Industry groups,"Rental, hiring, and real estate services",SG01RSC04B01LL1,2007Q1,0.0659526,3513.854
Industry groups,Ownership of owner-occupied dwellings,SG01RSC04B01LL2,2007Q1,0.0693372,2854.342
Industry groups,"Prof, scientific, and technical services",SG01RSC04B01MN1,2007Q1,0.0720750,3602.234
Industry groups,Administrative and support services,SG01RSC04B01MN2,2007Q1,0.0210865,1129.241
Industry groups,Local Government administration,SG01RSC04B01OO1,2007Q1,0.0039698,213.260
Industry groups,"Central government administration, defence, and public safety",SG01RSC04B01OO2,2007Q1,0.0370408,1794.851
Industry groups,Education and training,SG01RSC04B01PP1,2007Q1,0.0437901,2230.216
Industry groups,Health care and social assistance,SG01RSC04B01QQ1,2007Q1,0.0545485,2683.521
Industry groups,Arts and recreation services,SG01RSC04B01RS1,2007Q1,0.0157214,716.703
Industry groups,Other services,SG01RSC04B01RS2,2007Q1,0.0192122,939.978
Industry groups,"GST, import duties, stamp duty",SG01RSC04B01UZ9,2007Q1,0.0768920,3633.586
Industry groups,Agriculture,SG01RSC04B01AA1,2007Q2,0.0480480,2033.797
Industry groups,Forestry and logging,SG01RSC04B01AA2,2007Q2,0.0048241,267.956
Industry groups,"Fishing, aquaculture and agriculture, forestry and fishing support services",SG01RSC04B01AA3,2007Q2,0.0078119,452.741
Industry groups,Mining,SG01RSC04B01BB1,2007Q2,0.0203058,628.605
Industry groups,"Food, beverage, and tobacco manufacturing",SG01RSC04B01CC1,2007Q2,0.0371649,1831.899
Industry groups,"Textile, leather, clothing, and footwear manufacturing",SG01RSC04B01CC2,2007Q2,0.0038400,218.946
Industry groups,Wood and paper products manufacturing,SG01RSC04B01CC3,2007Q2,0.0123940,547.081
Industry groups,Printing,SG01RSC04B01CC4,2007Q2,0.0042542,202.037
Industry groups,"Petroleum, chemical, polymer, and rubber product manufacturing",SG01RSC04B01CC5,2007Q2,0.0211331,915.456
Industry groups,Non-metallic mineral product manufacturing,SG01RSC04B01CC6,2007Q2,0.0056945,273.392
Industry groups,Metal product manufacturing,SG01RSC04B01CC7,2007Q2,0.0156533,835.675
Industry groups,"Transport equipment, machinery and equipment manufacturing",SG01RSC04B01CC8,2007Q2,0.0196940,1074.071
Industry groups,Furniture and other manufacturing,SG01RSC04B01CC9,2007Q2,0.0034377,189.911
Industry groups,"Electricity, gas, water, and waste services",SG01RSC04B01DD1,2007Q2,0.0287887,1417.333
Industry groups,Construction,SG01RSC04B01EE1,2007Q2,0.0573309,2766.170
Industry groups,Wholesale trade,SG01RSC04B01FF1,2007Q2,0.0516521,2731.197
Industry groups,Retail trade,SG01RSC04B01GH1,2007Q2,0.0452433,2212.108
Industry groups,Accommodation services,SG01RSC04B01GH2,2007Q2,0.0195488,969.550
Industry groups,"Transport, postal, and warehousing",SG01RSC04B01II1,2007Q2,0.0429286,2009.267
Industry groups,Information media and telecommunications,SG01RSC04B01JJ1,2007Q2,0.0330741,1399.491
Industry groups,Financial and insurance services,SG01RSC04B01KK1,2007Q2,0.0436523,2649.608
Industry groups,"Rental, hiring, and real estate services",SG01RSC04B01LL1,2007Q2,0.0608241,3421.300
Industry groups,Ownership of owner-occupied dwellings,SG01RSC04B01LL2,2007Q2,0.0685459,2876.887
Industry groups,"Prof, scientific, and technical services",SG01RSC04B01MN1,2007Q2,0.0735029,3684.176
Industry groups,Administrative and support services,SG01RSC04B01MN2,2007Q2,0.0209106,1137.584
Industry groups,Local Government administration,SG01RSC04B01OO1,2007Q2,0.0041564,215.473
Industry groups,"Central government administration, defence, and public safety",SG01RSC04B01OO2,2007Q2,0.0370751,1739.527
Industry groups,Education and training,SG01RSC04B01PP1,2007Q2,0.0431723,2238.553
Industry groups,Health care and social assistance,SG01RSC04B01QQ1,2007Q2,0.0552801,2714.215
Industry groups,Arts and recreation services,SG01RSC04B01RS1,2007Q2,0.0151869,733.950
Industry groups,Other services,SG01RSC04B01RS2,2007Q2,0.0192920,937.208
Industry groups,"GST, import duties, stamp duty",SG01RSC04B01UZ9,2007Q2,0.0755795,3644.750
Industry groups,Agriculture,SG01RSC04B01AA1,2007Q3,0.0480480,1872.221
Industry groups,Forestry and logging,SG01RSC04B01AA2,2007Q3,0.0048241,264.234
Industry groups,"Fishing, aquaculture and agriculture, forestry and fishing support services",SG01RSC04B01AA3,2007Q3,0.0078119,439.769
Industry groups,Mining,SG01RSC04B01BB1,2007Q3,0.0203058,954.939
Industry groups,"Food, beverage, and tobacco manufacturing",SG01RSC04B01CC1,2007Q3,0.0371649,1838.136
Industry groups,"Textile, leather, clothing, and footwear manufacturing",SG01RSC04B01CC2,2007Q3,0.0038400,225.732
Industry groups,Wood and paper products manufacturing,SG01RSC04B01CC3,2007Q3,0.0123940,536.535
Industry groups,Printing,SG01RSC04B01CC4,2007Q3,0.0042542,202.259
Industry groups,"Petroleum, chemical, polymer, and rubber product manufacturing",SG01RSC04B01CC5,2007Q3,0.0211331,923.028
Industry groups,Non-metallic mineral product manufacturing,SG01RSC04B01CC6,2007Q3,0.0056945,271.775
Industry groups,Metal product manufacturing,SG01RSC04B01CC7,2007Q3,0.0156533,781.744
Industry groups,"Transport equipment, machinery and equipment manufacturing",SG01RSC04B01CC8,2007Q3,0.0196940,1036.680
Industry groups,Furniture and other manufacturing,SG01RSC04B01CC9,2007Q3,0.0034377,188.139
Industry groups,"Electricity, gas, water, and waste services",SG01RSC04B01DD1,2007Q3,0.0287887,1436.083
Industry groups,Construction,SG01RSC04B01EE1,2007Q3,0.0573309,2820.585
Industry groups,Wholesale trade,SG01RSC04B01FF1,2007Q3,0.0516521,2765.940
Industry groups,Retail trade,SG01RSC04B01GH1,2007Q3,0.0452433,2179.354
Industry groups,Accommodation services,SG01RSC04B01GH2,2007Q3,0.0195488,975.950
Industry groups,"Transport, postal, and warehousing",SG01RSC04B01II1,2007Q3,0.0429286,2026.316
Industry groups,Information media and telecommunications,SG01RSC04B01JJ1,2007Q3,0.0330741,1418.328
Industry groups,Financial and insurance services,SG01RSC04B01KK1,2007Q3,0.0436523,2658.013
Industry groups,"Rental, hiring, and real estate services",SG01RSC04B01LL1,2007Q3,0.0608241,3346.537
Industry groups,Ownership of owner-occupied dwellings,SG01RSC04B01LL2,2007Q3,0.0685459,2898.081
Industry groups,"Prof, scientific, and technical services",SG01RSC04B01MN1,2007Q3,0.0735029,3738.409
Industry groups,Administrative and support services,SG01RSC04B01MN2,2007Q3,0.0209106,1133.106
Industry groups,Local Government administration,SG01RSC04B01OO1,2007Q3,0.0041564,220.174
Industry groups,"Central government administration, defence, and public safety",SG01RSC04B01OO2,2007Q3,0.0370751,1812.884
Industry groups,Education and training,SG01RSC04B01PP1,2007Q3,0.0431723,2241.582
Industry groups,Health care and social assistance,SG01RSC04B01QQ1,2007Q3,0.0552801,2766.559
Industry groups,Arts and recreation services,SG01RSC04B01RS1,2007Q3,0.0151869,727.981
Industry groups,Other services,SG01RSC04B01RS2,2007Q3,0.0192920,952.960
Industry groups,"GST, import duties, stamp duty",SG01RSC04B01UZ9,2007Q3,0.0755795,3659.452
Industry groups,Agriculture,SG01RSC04B01AA1,2007Q4,0.0480480,1788.584
Industry groups,Forestry and logging,SG01RSC04B01AA2,2007Q4,0.0048241,265.094
Industry groups,"Fishing, aquaculture and agriculture, forestry and fishing support services",SG01RSC04B01AA3,2007Q4,0.0078119,433.443
Industry groups,Mining,SG01RSC04B01BB1,2007Q4,0.0203058,1184.686
Industry groups,"Food, beverage, and tobacco manufacturing",SG01RSC04B01CC1,2007Q4,0.0371649,1811.923
Industry groups,"Textile, leather, clothing, and footwear manufacturing",SG01RSC04B01CC2,2007Q4,0.0038400,209.698
Industry groups,Wood and paper products manufacturing,SG01RSC04B01CC3,2007Q4,0.0123940,519.425
Industry groups,Printing,SG01RSC04B01CC4,2007Q4,0.0042542,204.150
Industry groups,"Petroleum, chemical, polymer, and rubber product manufacturing",SG01RSC04B01CC5,2007Q4,0.0211331,908.505
Industry groups,Non-metallic mineral product manufacturing,SG01RSC04B01CC6,2007Q4,0.0056945,279.663
Industry groups,Metal product manufacturing,SG01RSC04B01CC7,2007Q4,0.0156533,760.017
Industry groups,"Transport equipment, machinery and equipment manufacturing",SG01RSC04B01CC8,2007Q4,0.0196940,1091.916
Industry groups,Furniture and other manufacturing,SG01RSC04B01CC9,2007Q4,0.0034377,184.716
Industry groups,"Electricity, gas, water, and waste services",SG01RSC04B01DD1,2007Q4,0.0287887,1435.472
Industry groups,Construction,SG01RSC04B01EE1,2007Q4,0.0573309,2900.505
Industry groups,Wholesale trade,SG01RSC04B01FF1,2007Q4,0.0516521,2791.745
Industry groups,Retail trade,SG01RSC04B01GH1,2007Q4,0.0452433,2156.407
Industry groups,Accommodation services,SG01RSC04B01GH2,2007Q4,0.0195488,964.624
Industry groups,"Transport, postal, and warehousing",SG01RSC04B01II1,2007Q4,0.0429286,2056.237
Industry groups,Information media and telecommunications,SG01RSC04B01JJ1,2007Q4,0.0330741,1446.082
Industry groups,Financial and insurance services,SG01RSC04B01KK1,2007Q4,0.0436523,2657.900
Industry groups,"Rental, hiring, and real estate services",SG01RSC04B01LL1,2007Q4,0.0608241,3299.901
Industry groups,Ownership of owner-occupied dwellings,SG01RSC04B01LL2,2007Q4,0.0685459,2919.973
Industry groups,"Prof, scientific, and technical services",SG01RSC04B01MN1,2007Q4,0.0735029,3826.109
Industry groups,Administrative and support services,SG01RSC04B01MN2,2007Q4,0.0209106,1138.860
Industry groups,Local Government administration,SG01RSC04B01OO1,2007Q4,0.0041564,219.042
Industry groups,"Central government administration, defence, and public safety",SG01RSC04B01OO2,2007Q4,0.0370751,1850.041
Industry groups,Education and training,SG01RSC04B01PP1,2007Q4,0.0431723,2239.303
Industry groups,Health care and social assistance,SG01RSC04B01QQ1,2007Q4,0.0552801,2785.321
Industry groups,Arts and recreation services,SG01RSC04B01RS1,2007Q4,0.0151869,748.526
Industry groups,Other services,SG01RSC04B01RS2,2007Q4,0.0192920,965.841
Industry groups,"GST, import duties, stamp duty",SG01RSC04B01UZ9,2007Q4,0.0755795,3674.212
Industry groups,Agriculture,SG01RSC04B01AA1,2008Q1,0.0480480,1735.507
Industry groups,Forestry and logging,SG01RSC04B01AA2,2008Q1,0.0048241,273.974
Industry groups,"Fishing, aquaculture and agriculture, forestry and fishing support services",SG01RSC04B01AA3,2008Q1,0.0078119,427.980
Industry groups,Mining,SG01RSC04B01BB1,2008Q1,0.0203058,1155.570
Industry groups,"Food, beverage, and tobacco manufacturing",SG01RSC04B01CC1,2008Q1,0.0371649,1804.402
Industry groups,"Textile, leather, clothing, and footwear manufacturing",SG01RSC04B01CC2,2008Q1,0.0038400,209.579
Industry groups,Wood and paper products manufacturing,SG01RSC04B01CC3,2008Q1,0.0123940,523.306
Industry groups,Printing,SG01RSC04B01CC4,2008Q1,0.0042542,201.709
Industry groups,"Petroleum, chemical, polymer, and rubber product manufacturing",SG01RSC04B01CC5,2008Q1,0.0211331,920.193
Industry groups,Non-metallic mineral product manufacturing,SG01RSC04B01CC6,2008Q1,0.0056945,271.099
Industry groups,Metal product manufacturing,SG01RSC04B01CC7,2008Q1,0.0156533,747.592
Industry groups,"Transport equipment, machinery and equipment manufacturing",SG01RSC04B01CC8,2008Q1,0.0196940,1033.215
Industry groups,Furniture and other manufacturing,SG01RSC04B01CC9,2008Q1,0.0034377,173.572
Industry groups,"Electricity, gas, water, and waste services",SG01RSC04B01DD1,2008Q1,0.0287887,1442.708
Industry groups,Construction,SG01RSC04B01EE1,2008Q1,0.0573309,2788.267
Industry groups,Wholesale trade,SG01RSC04B01FF1,2008Q1,0.0516521,2748.301
Industry groups,Retail trade,SG01RSC04B01GH1,2008Q1,0.0452433,2166.120
Industry groups,Accommodation services,SG01RSC04B01GH2,2008Q1,0.0195488,974.052
Industry groups,"Transport, postal, and warehousing",SG01RSC04B01II1,2008Q1,0.0429286,2112.826
Industry groups,Information media and telecommunications,SG01RSC04B01JJ1,2008Q1,0.0330741,1468.298
Industry groups,Financial and insurance services,SG01RSC04B01KK1,2008Q1,0.0436523,2648.422
Industry groups,"Rental, hiring, and real estate services",SG01RSC04B01LL1,2008Q1,0.0608241,3227.704
Industry groups,Ownership of owner-occupied dwellings,SG01RSC04B01LL2,2008Q1,0.0685459,2946.314
Industry groups,"Prof, scientific, and technical services",SG01RSC04B01MN1,2008Q1,0.0735029,3818.865
Industry groups,Administrative and support services,SG01RSC04B01MN2,2008Q1,0.0209106,1087.639
Industry groups,Local Government administration,SG01RSC04B01OO1,2008Q1,0.0041564,227.218
Industry groups,"Central government administration, defence, and public safety",SG01RSC04B01OO2,2008Q1,0.0370751,1861.299
Industry groups,Education and training,SG01RSC04B01PP1,2008Q1,0.0431723,2231.717
Industry groups,Health care and social assistance,SG01RSC04B01QQ1,2008Q1,0.0552801,2822.870
Industry groups,Arts and recreation services,SG01RSC04B01RS1,2008Q1,0.0151869,733.448
Industry groups,Other services,SG01RSC04B01RS2,2008Q1,0.0192920,964.932
Industry groups,"GST, import duties, stamp duty",SG01RSC04B01UZ9,2008Q1,0.0755795,3631.821
Industry groups,Agriculture,SG01RSC04B01AA1,2008Q2,0.0375772,1819.288
Industry groups,Forestry and logging,SG01RSC04B01AA2,2008Q2,0.0047195,250.437
Industry groups,"Fishing, aquaculture and agriculture, forestry and fishing support services",SG01RSC04B01AA3,2008Q2,0.0077145,409.447
Industry groups,Mining,SG01RSC04B01BB1,2008Q2,0.0223216,1115.232
Industry groups,"Food, beverage, and tobacco manufacturing",SG01RSC04B01CC1,2008Q2,0.0498742,1802.209
Industry groups,"Textile, leather, clothing, and footwear manufacturing",SG01RSC04B01CC2,2008Q2,0.0037147,210.175
Industry groups,Wood and paper products manufacturing,SG01RSC04B01CC3,2008Q2,0.0092902,500.778
Industry groups,Printing,SG01RSC04B01CC4,2008Q2,0.0036918,199.071
Industry groups,"Petroleum, chemical, polymer, and rubber product manufacturing",SG01RSC04B01CC5,2008Q2,0.0171979,906.935
Industry groups,Non-metallic mineral product manufacturing,SG01RSC04B01CC6,2008Q2,0.0052062,274.420
Industry groups,Metal product manufacturing,SG01RSC04B01CC7,2008Q2,0.0137678,755.577
Industry groups,"Transport equipment, machinery and equipment manufacturing",SG01RSC04B01CC8,2008Q2,0.0181069,998.650
Industry groups,Furniture and other manufacturing,SG01RSC04B01CC9,2008Q2,0.0029791,177.819
Industry groups,"Electricity, gas, water, and waste services",SG01RSC04B01DD1,2008Q2,0.0309301,1416.852
Industry groups,Construction,SG01RSC04B01EE1,2008Q2,0.0571028,2723.958
Industry groups,Wholesale trade,SG01RSC04B01FF1,2008Q2,0.0497964,2706.113
Industry groups,Retail trade,SG01RSC04B01GH1,2008Q2,0.0431532,2109.588
Industry groups,Accommodation services,SG01RSC04B01GH2,2008Q2,0.0184609,961.436
Industry groups,"Transport, postal, and warehousing",SG01RSC04B01II1,2008Q2,0.0390825,2111.452
Industry groups,Information media and telecommunications,SG01RSC04B01JJ1,2008Q2,0.0300480,1458.213
Industry groups,Financial and insurance services,SG01RSC04B01KK1,2008Q2,0.0478479,2649.169
Industry groups,"Rental, hiring, and real estate services",SG01RSC04B01LL1,2008Q2,0.0641849,3234.509
Industry groups,Ownership of owner-occupied dwellings,SG01RSC04B01LL2,2008Q2,0.0680429,2966.736
Industry groups,"Prof, scientific, and technical services",SG01RSC04B01MN1,2008Q2,0.0780365,3811.697
Industry groups,Administrative and support services,SG01RSC04B01MN2,2008Q2,0.0198468,989.317
Industry groups,Local Government administration,SG01RSC04B01OO1,2008Q2,0.0046098,229.043
Industry groups,"Central government administration, defence, and public safety",SG01RSC04B01OO2,2008Q2,0.0397876,1948.574
Industry groups,Education and training,SG01RSC04B01PP1,2008Q2,0.0458169,2231.126
Industry groups,Health care and social assistance,SG01RSC04B01QQ1,2008Q2,0.0593084,2856.212
Industry groups,Arts and recreation services,SG01RSC04B01RS1,2008Q2,0.0144659,718.041
Industry groups,Other services,SG01RSC04B01RS2,2008Q2,0.0193439,965.575
Industry groups,"GST, import duties, stamp duty",SG01RSC04B01UZ9,2008Q2,0.0739731,3592.901
Industry groups,Agriculture,SG01RSC04B01AA1,2008Q3,0.0375772,2077.366
Industry groups,Forestry and logging,SG01RSC04B01AA2,2008Q3,0.0047195,256.927
Industry groups,"Fishing, aquaculture and agriculture, forestry and fishing support services",SG01RSC04B01AA3,2008Q3,0.0077145,384.453
Industry groups,Mining,SG01RSC04B01BB1,2008Q3,0.0223216,968.998
Industry groups,"Food, beverage, and tobacco manufacturing",SG01RSC04B01CC1,2008Q3,0.0498742,1771.156
Industry groups,"Textile, leather, clothing, and footwear manufacturing",SG01RSC04B01CC2,2008Q3,0.0037147,205.410
Industry groups,Wood and paper products manufacturing,SG01RSC04B01CC3,2008Q3,0.0092902,470.255
Industry groups,Printing,SG01RSC04B01CC4,2008Q3,0.0036918,184.273
Industry groups,"Petroleum, chemical, polymer, and rubber product manufacturing",SG01RSC04B01CC5,2008Q3,0.0171979,913.069
Industry groups,Non-metallic mineral product manufacturing,SG01RSC04B01CC6,2008Q3,0.0052062,248.082
Industry groups,Metal product manufacturing,SG01RSC04B01CC7,2008Q3,0.0137678,707.738
Industry groups,"Transport equipment, machinery and equipment manufacturing",SG01RSC04B01CC8,2008Q3,0.0181069,996.868
Industry groups,Furniture and other manufacturing,SG01RSC04B01CC9,2008Q3,0.0029791,158.582
Industry groups,"Electricity, gas, water, and waste services",SG01RSC04B01DD1,2008Q3,0.0309301,1462.002
Industry groups,Construction,SG01RSC04B01EE1,2008Q3,0.0571028,2783.371
Industry groups,Wholesale trade,SG01RSC04B01FF1,2008Q3,0.0497964,2677.790
Industry groups,Retail trade,SG01RSC04B01GH1,2008Q3,0.0431532,2097.003
Industry groups,Accommodation services,SG01RSC04B01GH2,2008Q3,0.0184609,952.180
Industry groups,"Transport, postal, and warehousing",SG01RSC04B01II1,2008Q3,0.0390825,2075.001
Industry groups,Information media and telecommunications,SG01RSC04B01JJ1,2008Q3,0.0300480,1457.746
Industry groups,Financial and insurance services,SG01RSC04B01KK1,2008Q3,0.0478479,2657.569
Industry groups,"Rental, hiring, and real estate services",SG01RSC04B01LL1,2008Q3,0.0641849,3235.624
Industry groups,Ownership of owner-occupied dwellings,SG01RSC04B01LL2,2008Q3,0.0680429,2987.153
Industry groups,"Prof, scientific, and technical services",SG01RSC04B01MN1,2008Q3,0.0780365,3774.625
Industry groups,Administrative and support services,SG01RSC04B01MN2,2008Q3,0.0198468,955.886
Industry groups,Local Government administration,SG01RSC04B01OO1,2008Q3,0.0046098,233.836
Industry groups,"Central government administration, defence, and public safety",SG01RSC04B01OO2,2008Q3,0.0397876,1910.377
Industry groups,Education and training,SG01RSC04B01PP1,2008Q3,0.0458169,2237.946
Industry groups,Health care and social assistance,SG01RSC04B01QQ1,2008Q3,0.0593084,2867.772
Industry groups,Arts and recreation services,SG01RSC04B01RS1,2008Q3,0.0144659,694.738
Industry groups,Other services,SG01RSC04B01RS2,2008Q3,0.0193439,952.479
Industry groups,"GST, import duties, stamp duty",SG01RSC04B01UZ9,2008Q3,0.0739731,3554.465
Industry groups,Agriculture,SG01RSC04B01AA1,2008Q4,0.0375772,2153.733
Industry groups,Forestry and logging,SG01RSC04B01AA2,2008Q4,0.0047195,251.880
Industry groups,"Fishing, aquaculture and agriculture, forestry and fishing support services",SG01RSC04B01AA3,2008Q4,0.0077145,385.098
Industry groups,Mining,SG01RSC04B01BB1,2008Q4,0.0223216,901.879
Industry groups,"Food, beverage, and tobacco manufacturing",SG01RSC04B01CC1,2008Q4,0.0498742,1675.325
Industry groups,"Textile, leather, clothing, and footwear manufacturing",SG01RSC04B01CC2,2008Q4,0.0037147,203.059
Industry groups,Wood and paper products manufacturing,SG01RSC04B01CC3,2008Q4,0.0092902,460.893
Industry groups,Printing,SG01RSC04B01CC4,2008Q4,0.0036918,173.169
Industry groups,"Petroleum, chemical, polymer, and rubber product manufacturing",SG01RSC04B01CC5,2008Q4,0.0171979,820.600
Industry groups,Non-metallic mineral product manufacturing,SG01RSC04B01CC6,2008Q4,0.0052062,242.073
Industry groups,Metal product manufacturing,SG01RSC04B01CC7,2008Q4,0.0137678,631.292
Industry groups,"Transport equipment, machinery and equipment manufacturing",SG01RSC04B01CC8,2008Q4,0.0181069,918.120
Industry groups,Furniture and other manufacturing,SG01RSC04B01CC9,2008Q4,0.0029791,152.354
Industry groups,"Electricity, gas, water, and waste services",SG01RSC04B01DD1,2008Q4,0.0309301,1448.814
Industry groups,Construction,SG01RSC04B01EE1,2008Q4,0.0571028,2671.648
Industry groups,Wholesale trade,SG01RSC04B01FF1,2008Q4,0.0497964,2617.250
Industry groups,Retail trade,SG01RSC04B01GH1,2008Q4,0.0431532,2078.072
Industry groups,Accommodation services,SG01RSC04B01GH2,2008Q4,0.0184609,937.559
Industry groups,"Transport, postal, and warehousing",SG01RSC04B01II1,2008Q4,0.0390825,2041.534
Industry groups,Information media and telecommunications,SG01RSC04B01JJ1,2008Q4,0.0300480,1453.630
Industry groups,Financial and insurance services,SG01RSC04B01KK1,2008Q4,0.0478479,2704.049
Industry groups,"Rental, hiring, and real estate services",SG01RSC04B01LL1,2008Q4,0.0641849,3268.314
Industry groups,Ownership of owner-occupied dwellings,SG01RSC04B01LL2,2008Q4,0.0680429,3003.074
Industry groups,"Prof, scientific, and technical services",SG01RSC04B01MN1,2008Q4,0.0780365,3821.860
Industry groups,Administrative and support services,SG01RSC04B01MN2,2008Q4,0.0198468,945.356
Industry groups,Local Government administration,SG01RSC04B01OO1,2008Q4,0.0046098,238.990
Industry groups,"Central government administration, defence, and public safety",SG01RSC04B01OO2,2008Q4,0.0397876,1944.763
Industry groups,Education and training,SG01RSC04B01PP1,2008Q4,0.0458169,2252.178
Industry groups,Health care and social assistance,SG01RSC04B01QQ1,2008Q4,0.0593084,2908.066
Industry groups,Arts and recreation services,SG01RSC04B01RS1,2008Q4,0.0144659,721.841
Industry groups,Other services,SG01RSC04B01RS2,2008Q4,0.0193439,952.537
Industry groups,"GST, import duties, stamp duty",SG01RSC04B01UZ9,2008Q4,0.0739731,3532.934
Industry groups,Agriculture,SG01RSC04B01AA1,2009Q1,0.0375772,2182.242
Industry groups,Forestry and logging,SG01RSC04B01AA2,2009Q1,0.0047195,256.066
Industry groups,"Fishing, aquaculture and agriculture, forestry and fishing support services",SG01RSC04B01AA3,2009Q1,0.0077145,381.312
Industry groups,Mining,SG01RSC04B01BB1,2009Q1,0.0223216,935.547
Industry groups,"Food, beverage, and tobacco manufacturing",SG01RSC04B01CC1,2009Q1,0.0498742,1696.645
Industry groups,"Textile, leather, clothing, and footwear manufacturing",SG01RSC04B01CC2,2009Q1,0.0037147,174.031
Industry groups,Wood and paper products manufacturing,SG01RSC04B01CC3,2009Q1,0.0092902,446.100
Industry groups,Printing,SG01RSC04B01CC4,2009Q1,0.0036918,165.540
Industry groups,"Petroleum, chemical, polymer, and rubber product manufacturing",SG01RSC04B01CC5,2009Q1,0.0171979,832.338
Industry groups,Non-metallic mineral product manufacturing,SG01RSC04B01CC6,2009Q1,0.0052062,228.662
Industry groups,Metal product manufacturing,SG01RSC04B01CC7,2009Q1,0.0137678,569.627
Industry groups,"Transport equipment, machinery and equipment manufacturing",SG01RSC04B01CC8,2009Q1,0.0181069,837.953
Industry groups,Furniture and other manufacturing,SG01RSC04B01CC9,2009Q1,0.0029791,146.070
Industry groups,"Electricity, gas, water, and waste services",SG01RSC04B01DD1,2009Q1,0.0309301,1450.944
Industry groups,Construction,SG01RSC04B01EE1,2009Q1,0.0571028,2756.977
Industry groups,Wholesale trade,SG01RSC04B01FF1,2009Q1,0.0497964,2503.679
Industry groups,Retail trade,SG01RSC04B01GH1,2009Q1,0.0431532,2025.541
Industry groups,Accommodation services,SG01RSC04B01GH2,2009Q1,0.0184609,921.314
Industry groups,"Transport, postal, and warehousing",SG01RSC04B01II1,2009Q1,0.0390825,1938.846
Industry groups,Information media and telecommunications,SG01RSC04B01JJ1,2009Q1,0.0300480,1469.928
Industry groups,Financial and insurance services,SG01RSC04B01KK1,2009Q1,0.0478479,2751.340
Industry groups,"Rental, hiring, and real estate services",SG01RSC04B01LL1,2009Q1,0.0641849,3330.784
Industry groups,Ownership of owner-occupied dwellings,SG01RSC04B01LL2,2009Q1,0.0680429,3007.339
Industry groups,"Prof, scientific, and technical services",SG01RSC04B01MN1,2009Q1,0.0780365,3771.793
Industry groups,Administrative and support services,SG01RSC04B01MN2,2009Q1,0.0198468,907.176
Industry groups,Local Government administration,SG01RSC04B01OO1,2009Q1,0.0046098,240.499
Industry groups,"Central government administration, defence, and public safety",SG01RSC04B01OO2,2009Q1,0.0397876,1945.587
Industry groups,Education and training,SG01RSC04B01PP1,2009Q1,0.0458169,2273.823
Industry groups,Health care and social assistance,SG01RSC04B01QQ1,2009Q1,0.0593084,2919.725
Industry groups,Arts and recreation services,SG01RSC04B01RS1,2009Q1,0.0144659,679.572
Industry groups,Other services,SG01RSC04B01RS2,2009Q1,0.0193439,926.488
Industry groups,"GST, import duties, stamp duty",SG01RSC04B01UZ9,2009Q1,0.0739731,3470.955
Industry groups,Agriculture,SG01RSC04B01AA1,2009Q2,0.0444341,2206.115
Industry groups,Forestry and logging,SG01RSC04B01AA2,2009Q2,0.0057886,269.521
Industry groups,"Fishing, aquaculture and agriculture, forestry and fishing support services",SG01RSC04B01AA3,2009Q2,0.0071472,363.337
Industry groups,Mining,SG01RSC04B01BB1,2009Q2,0.0212145,949.051
Industry groups,"Food, beverage, and tobacco manufacturing",SG01RSC04B01CC1,2009Q2,0.0355223,1718.443
Industry groups,"Textile, leather, clothing, and footwear manufacturing",SG01RSC04B01CC2,2009Q2,0.0037349,187.402
Industry groups,Wood and paper products manufacturing,SG01RSC04B01CC3,2009Q2,0.0100086,451.197
Industry groups,Printing,SG01RSC04B01CC4,2009Q2,0.0035496,169.972
Industry groups,"Petroleum, chemical, polymer, and rubber product manufacturing",SG01RSC04B01CC5,2009Q2,0.0168075,809.264
Industry groups,Non-metallic mineral product manufacturing,SG01RSC04B01CC6,2009Q2,0.0044101,209.520
Industry groups,Metal product manufacturing,SG01RSC04B01CC7,2009Q2,0.0122740,564.622
Industry groups,"Transport equipment, machinery and equipment manufacturing",SG01RSC04B01CC8,2009Q2,0.0180213,813.753
Industry groups,Furniture and other manufacturing,SG01RSC04B01CC9,2009Q2,0.0031098,148.347
Industry groups,"Electricity, gas, water, and waste services",SG01RSC04B01DD1,2009Q2,0.0311595,1518.462
Industry groups,Construction,SG01RSC04B01EE1,2009Q2,0.0561070,2731.487
Industry groups,Wholesale trade,SG01RSC04B01FF1,2009Q2,0.0506700,2470.651
Industry groups,Retail trade,SG01RSC04B01GH1,2009Q2,0.0425732,2041.267
Industry groups,Accommodation services,SG01RSC04B01GH2,2009Q2,0.0194543,933.577
Industry groups,"Transport, postal, and warehousing",SG01RSC04B01II1,2009Q2,0.0407088,1928.316
Industry groups,Information media and telecommunications,SG01RSC04B01JJ1,2009Q2,0.0303436,1488.972
Industry groups,Financial and insurance services,SG01RSC04B01KK1,2009Q2,0.0570892,2766.751
Industry groups,"Rental, hiring, and real estate services",SG01RSC04B01LL1,2009Q2,0.0688637,3367.237
Industry groups,Ownership of owner-occupied dwellings,SG01RSC04B01LL2,2009Q2,0.0625971,3014.533
Industry groups,"Prof, scientific, and technical services",SG01RSC04B01MN1,2009Q2,0.0756538,3705.700
Industry groups,Administrative and support services,SG01RSC04B01MN2,2009Q2,0.0186536,887.146
Industry groups,Local Government administration,SG01RSC04B01OO1,2009Q2,0.0050673,246.239
Industry groups,"Central government administration, defence, and public safety",SG01RSC04B01OO2,2009Q2,0.0397653,1931.091
Industry groups,Education and training,SG01RSC04B01PP1,2009Q2,0.0472533,2289.750
Industry groups,Health care and social assistance,SG01RSC04B01QQ1,2009Q2,0.0613948,2967.040
Industry groups,Arts and recreation services,SG01RSC04B01RS1,2009Q2,0.0147337,719.226
Industry groups,Other services,SG01RSC04B01RS2,2009Q2,0.0190504,932.032
Industry groups,"GST, import duties, stamp duty",SG01RSC04B01UZ9,2009Q2,0.0728389,3529.666
Industry groups,Agriculture,SG01RSC04B01AA1,2009Q3,0.0444341,2157.897
Industry groups,Forestry and logging,SG01RSC04B01AA2,2009Q3,0.0057886,280.137
Industry groups,"Fishing, aquaculture and agriculture, forestry and fishing support services",SG01RSC04B01AA3,2009Q3,0.0071472,361.353
Industry groups,Mining,SG01RSC04B01BB1,2009Q3,0.0212145,1134.847
Industry groups,"Food, beverage, and tobacco manufacturing",SG01RSC04B01CC1,2009Q3,0.0355223,1675.868
Industry groups,"Textile, leather, clothing, and footwear manufacturing",SG01RSC04B01CC2,2009Q3,0.0037349,172.332
Industry groups,Wood and paper products manufacturing,SG01RSC04B01CC3,2009Q3,0.0100086,487.282
Industry groups,Printing,SG01RSC04B01CC4,2009Q3,0.0035496,167.467
Industry groups,"Petroleum, chemical, polymer, and rubber product manufacturing",SG01RSC04B01CC5,2009Q3,0.0168075,799.559
Industry groups,Non-metallic mineral product manufacturing,SG01RSC04B01CC6,2009Q3,0.0044101,215.948
Industry groups,Metal product manufacturing,SG01RSC04B01CC7,2009Q3,0.0122740,587.771
Industry groups,"Transport equipment, machinery and equipment manufacturing",SG01RSC04B01CC8,2009Q3,0.0180213,853.853
Industry groups,Furniture and other manufacturing,SG01RSC04B01CC9,2009Q3,0.0031098,152.508
Industry groups,"Electricity, gas, water, and waste services",SG01RSC04B01DD1,2009Q3,0.0311595,1486.473
Industry groups,Construction,SG01RSC04B01EE1,2009Q3,0.0561070,2716.845
Industry groups,Wholesale trade,SG01RSC04B01FF1,2009Q3,0.0506700,2440.740
Industry groups,Retail trade,SG01RSC04B01GH1,2009Q3,0.0425732,2063.489
Industry groups,Accommodation services,SG01RSC04B01GH2,2009Q3,0.0194543,934.038
Industry groups,"Transport, postal, and warehousing",SG01RSC04B01II1,2009Q3,0.0407088,1937.462
Industry groups,Information media and telecommunications,SG01RSC04B01JJ1,2009Q3,0.0303436,1484.169
Industry groups,Financial and insurance services,SG01RSC04B01KK1,2009Q3,0.0570892,2780.115
Industry groups,"Rental, hiring, and real estate services",SG01RSC04B01LL1,2009Q3,0.0688637,3357.708
Industry groups,Ownership of owner-occupied dwellings,SG01RSC04B01LL2,2009Q3,0.0625971,3031.367
Industry groups,"Prof, scientific, and technical services",SG01RSC04B01MN1,2009Q3,0.0756538,3665.017
Industry groups,Administrative and support services,SG01RSC04B01MN2,2009Q3,0.0186536,902.366
Industry groups,Local Government administration,SG01RSC04B01OO1,2009Q3,0.0050673,246.135
Industry groups,"Central government administration, defence, and public safety",SG01RSC04B01OO2,2009Q3,0.0397653,1884.922
Industry groups,Education and training,SG01RSC04B01PP1,2009Q3,0.0472533,2300.570
Industry groups,Health care and social assistance,SG01RSC04B01QQ1,2009Q3,0.0613948,3005.870
Industry groups,Arts and recreation services,SG01RSC04B01RS1,2009Q3,0.0147337,675.901
Industry groups,Other services,SG01RSC04B01RS2,2009Q3,0.0190504,920.209
Industry groups,"GST, import duties, stamp duty",SG01RSC04B01UZ9,2009Q3,0.0728389,3562.940
Industry groups,Agriculture,SG01RSC04B01AA1,2009Q4,0.0444341,2174.469
Industry groups,Forestry and logging,SG01RSC04B01AA2,2009Q4,0.0057886,280.677
Industry groups,"Fishing, aquaculture and agriculture, forestry and fishing support services",SG01RSC04B01AA3,2009Q4,0.0071472,343.378
Industry groups,Mining,SG01RSC04B01BB1,2009Q4,0.0212145,1011.415
Industry groups,"Food, beverage, and tobacco manufacturing",SG01RSC04B01CC1,2009Q4,0.0355223,1773.910
Industry groups,"Textile, leather, clothing, and footwear manufacturing",SG01RSC04B01CC2,2009Q4,0.0037349,179.153
Industry groups,Wood and paper products manufacturing,SG01RSC04B01CC3,2009Q4,0.0100086,502.184
Industry groups,Printing,SG01RSC04B01CC4,2009Q4,0.0035496,175.542
Industry groups,"Petroleum, chemical, polymer, and rubber product manufacturing",SG01RSC04B01CC5,2009Q4,0.0168075,818.821
Industry groups,Non-metallic mineral product manufacturing,SG01RSC04B01CC6,2009Q4,0.0044101,215.234
Industry groups,Metal product manufacturing,SG01RSC04B01CC7,2009Q4,0.0122740,616.488
Industry groups,"Transport equipment, machinery and equipment manufacturing",SG01RSC04B01CC8,2009Q4,0.0180213,906.483
Industry groups,Furniture and other manufacturing,SG01RSC04B01CC9,2009Q4,0.0031098,150.872
Industry groups,"Electricity, gas, water, and waste services",SG01RSC04B01DD1,2009Q4,0.0311595,1534.858
Industry groups,Construction,SG01RSC04B01EE1,2009Q4,0.0561070,2749.985
Industry groups,Wholesale trade,SG01RSC04B01FF1,2009Q4,0.0506700,2460.827
Industry groups,Retail trade,SG01RSC04B01GH1,2009Q4,0.0425732,2087.720
Industry groups,Accommodation services,SG01RSC04B01GH2,2009Q4,0.0194543,953.463
Industry groups,"Transport, postal, and warehousing",SG01RSC04B01II1,2009Q4,0.0407088,2001.149
Industry groups,Information media and telecommunications,SG01RSC04B01JJ1,2009Q4,0.0303436,1458.677
Industry groups,Financial and insurance services,SG01RSC04B01KK1,2009Q4,0.0570892,2787.805
Industry groups,"Rental, hiring, and real estate services",SG01RSC04B01LL1,2009Q4,0.0688637,3345.715
Industry groups,Ownership of owner-occupied dwellings,SG01RSC04B01LL2,2009Q4,0.0625971,3057.456
Industry groups,"Prof, scientific, and technical services",SG01RSC04B01MN1,2009Q4,0.0756538,3633.790
Industry groups,Administrative and support services,SG01RSC04B01MN2,2009Q4,0.0186536,917.484
Industry groups,Local Government administration,SG01RSC04B01OO1,2009Q4,0.0050673,249.361
Industry groups,"Central government administration, defence, and public safety",SG01RSC04B01OO2,2009Q4,0.0397653,1984.487
Industry groups,Education and training,SG01RSC04B01PP1,2009Q4,0.0472533,2306.281
Industry groups,Health care and social assistance,SG01RSC04B01QQ1,2009Q4,0.0613948,2980.515
Industry groups,Arts and recreation services,SG01RSC04B01RS1,2009Q4,0.0147337,733.264
Industry groups,Other services,SG01RSC04B01RS2,2009Q4,0.0190504,913.995
Industry groups,"GST, import duties, stamp duty",SG01RSC04B01UZ9,2009Q4,0.0728389,3532.646
Industry groups,Agriculture,SG01RSC04B01AA1,2010Q1,0.0444341,2128.580
Industry groups,Forestry and logging,SG01RSC04B01AA2,2010Q1,0.0057886,296.343
Industry groups,"Fishing, aquaculture and agriculture, forestry and fishing support services",SG01RSC04B01AA3,2010Q1,0.0071472,327.189
Industry groups,Mining,SG01RSC04B01BB1,2010Q1,0.0212145,1032.163
Industry groups,"Food, beverage, and tobacco manufacturing",SG01RSC04B01CC1,2010Q1,0.0355223,1750.493
Industry groups,"Textile, leather, clothing, and footwear manufacturing",SG01RSC04B01CC2,2010Q1,0.0037349,188.797
Industry groups,Wood and paper products manufacturing,SG01RSC04B01CC3,2010Q1,0.0100086,510.544
Industry groups,Printing,SG01RSC04B01CC4,2010Q1,0.0035496,178.154
Industry groups,"Petroleum, chemical, polymer, and rubber product manufacturing",SG01RSC04B01CC5,2010Q1,0.0168075,844.753
Industry groups,Non-metallic mineral product manufacturing,SG01RSC04B01CC6,2010Q1,0.0044101,218.138
Industry groups,Metal product manufacturing,SG01RSC04B01CC7,2010Q1,0.0122740,623.054
Industry groups,"Transport equipment, machinery and equipment manufacturing",SG01RSC04B01CC8,2010Q1,0.0180213,943.166
Industry groups,Furniture and other manufacturing,SG01RSC04B01CC9,2010Q1,0.0031098,154.035
Industry groups,"Electricity, gas, water, and waste services",SG01RSC04B01DD1,2010Q1,0.0311595,1531.322
Industry groups,Construction,SG01RSC04B01EE1,2010Q1,0.0561070,2727.926
Industry groups,Wholesale trade,SG01RSC04B01FF1,2010Q1,0.0506700,2496.822
Industry groups,Retail trade,SG01RSC04B01GH1,2010Q1,0.0425732,2100.186
Industry groups,Accommodation services,SG01RSC04B01GH2,2010Q1,0.0194543,967.717
Industry groups,"Transport, postal, and warehousing",SG01RSC04B01II1,2010Q1,0.0407088,2058.039
Industry groups,Information media and telecommunications,SG01RSC04B01JJ1,2010Q1,0.0303436,1478.591
Industry groups,Financial and insurance services,SG01RSC04B01KK1,2010Q1,0.0570892,2784.630
Industry groups,"Rental, hiring, and real estate services",SG01RSC04B01LL1,2010Q1,0.0688637,3342.849
Industry groups,Ownership of owner-occupied dwellings,SG01RSC04B01LL2,2010Q1,0.0625971,3088.725
Industry groups,"Prof, scientific, and technical services",SG01RSC04B01MN1,2010Q1,0.0756538,3741.078
Industry groups,Administrative and support services,SG01RSC04B01MN2,2010Q1,0.0186536,926.183
Industry groups,Local Government administration,SG01RSC04B01OO1,2010Q1,0.0050673,245.361
Industry groups,"Central government administration, defence, and public safety",SG01RSC04B01OO2,2010Q1,0.0397653,1944.826
Industry groups,Education and training,SG01RSC04B01PP1,2010Q1,0.0472533,2306.882
Industry groups,Health care and social assistance,SG01RSC04B01QQ1,2010Q1,0.0613948,3001.229
Industry groups,Arts and recreation services,SG01RSC04B01RS1,2010Q1,0.0147337,741.294
Industry groups,Other services,SG01RSC04B01RS2,2010Q1,0.0190504,944.231
Industry groups,"GST, import duties, stamp duty",SG01RSC04B01UZ9,2010Q1,0.0728389,3564.489
Industry groups,Agriculture,SG01RSC04B01AA1,2010Q2,0.0522065,1909.933
Industry groups,Forestry and logging,SG01RSC04B01AA2,2010Q2,0.0065535,301.078
Industry groups,"Fishing, aquaculture and agriculture, forestry and fishing support services",SG01RSC04B01AA3,2010Q2,0.0069531,341.913
Industry groups,Mining,SG01RSC04B01BB1,2010Q2,0.0205293,1025.127
Industry groups,"Food, beverage, and tobacco manufacturing",SG01RSC04B01CC1,2010Q2,0.0356640,1678.601
Industry groups,"Textile, leather, clothing, and footwear manufacturing",SG01RSC04B01CC2,2010Q2,0.0033084,188.817
Industry groups,Wood and paper products manufacturing,SG01RSC04B01CC3,2010Q2,0.0105999,517.583
Industry groups,Printing,SG01RSC04B01CC4,2010Q2,0.0035193,175.298
Industry groups,"Petroleum, chemical, polymer, and rubber product manufacturing",SG01RSC04B01CC5,2010Q2,0.0174681,862.710
Industry groups,Non-metallic mineral product manufacturing,SG01RSC04B01CC6,2010Q2,0.0042583,215.763
Industry groups,Metal product manufacturing,SG01RSC04B01CC7,2010Q2,0.0120397,605.847
Industry groups,"Transport equipment, machinery and equipment manufacturing",SG01RSC04B01CC8,2010Q2,0.0184749,918.394
Industry groups,Furniture and other manufacturing,SG01RSC04B01CC9,2010Q2,0.0028376,150.165
Industry groups,"Electricity, gas, water, and waste services",SG01RSC04B01DD1,2010Q2,0.0311646,1561.580
Industry groups,Construction,SG01RSC04B01EE1,2010Q2,0.0538754,2825.536
Industry groups,Wholesale trade,SG01RSC04B01FF1,2010Q2,0.0494534,2549.243
Industry groups,Retail trade,SG01RSC04B01GH1,2010Q2,0.0415423,2120.138
Industry groups,Accommodation services,SG01RSC04B01GH2,2010Q2,0.0189218,964.211
Industry groups,"Transport, postal, and warehousing",SG01RSC04B01II1,2010Q2,0.0429642,2092.820
Industry groups,Information media and telecommunications,SG01RSC04B01JJ1,2010Q2,0.0287189,1511.288
Industry groups,Financial and insurance services,SG01RSC04B01KK1,2010Q2,0.0489310,2781.567
Industry groups,"Rental, hiring, and real estate services",SG01RSC04B01LL1,2010Q2,0.0669482,3325.895
Industry groups,Ownership of owner-occupied dwellings,SG01RSC04B01LL2,2010Q2,0.0661454,3120.852
Industry groups,"Prof, scientific, and technical services",SG01RSC04B01MN1,2010Q2,0.0761776,3779.338
Industry groups,Administrative and support services,SG01RSC04B01MN2,2010Q2,0.0194199,1006.296
Industry groups,Local Government administration,SG01RSC04B01OO1,2010Q2,0.0050383,248.520
Industry groups,"Central government administration, defence, and public safety",SG01RSC04B01OO2,2010Q2,0.0383015,1959.153
Industry groups,Education and training,SG01RSC04B01PP1,2010Q2,0.0470683,2308.755
Industry groups,Health care and social assistance,SG01RSC04B01QQ1,2010Q2,0.0605214,2981.544
Industry groups,Arts and recreation services,SG01RSC04B01RS1,2010Q2,0.0139010,694.514
Industry groups,Other services,SG01RSC04B01RS2,2010Q2,0.0183137,916.030
Industry groups,"GST, import duties, stamp duty",SG01RSC04B01UZ9,2010Q2,0.0781806,3615.836
Industry groups,Agriculture,SG01RSC04B01AA1,2010Q3,0.0522065,1896.344
Industry groups,Forestry and logging,SG01RSC04B01AA2,2010Q3,0.0065535,304.381
Industry groups,"Fishing, aquaculture and agriculture, forestry and fishing support services",SG01RSC04B01AA3,2010Q3,0.0069531,344.281
Industry groups,Mining,SG01RSC04B01BB1,2010Q3,0.0205293,935.888
Industry groups,"Food, beverage, and tobacco manufacturing",SG01RSC04B01CC1,2010Q3,0.0356640,1655.362
Industry groups,"Textile, leather, clothing, and footwear manufacturing",SG01RSC04B01CC2,2010Q3,0.0033084,188.317
Industry groups,Wood and paper products manufacturing,SG01RSC04B01CC3,2010Q3,0.0105999,521.100
Industry groups,Printing,SG01RSC04B01CC4,2010Q3,0.0035193,172.598
Industry groups,"Petroleum, chemical, polymer, and rubber product manufacturing",SG01RSC04B01CC5,2010Q3,0.0174681,825.873
Industry groups,Non-metallic mineral product manufacturing,SG01RSC04B01CC6,2010Q3,0.0042583,209.562
Industry groups,Metal product manufacturing,SG01RSC04B01CC7,2010Q3,0.0120397,603.969
Industry groups,"Transport equipment, machinery and equipment manufacturing",SG01RSC04B01CC8,2010Q3,0.0184749,895.192
Industry groups,Furniture and other manufacturing,SG01RSC04B01CC9,2010Q3,0.0028376,152.454
Industry groups,"Electricity, gas, water, and waste services",SG01RSC04B01DD1,2010Q3,0.0311646,1557.408
Industry groups,Construction,SG01RSC04B01EE1,2010Q3,0.0538754,2717.116
Industry groups,Wholesale trade,SG01RSC04B01FF1,2010Q3,0.0494534,2645.392
Industry groups,Retail trade,SG01RSC04B01GH1,2010Q3,0.0415423,2124.277
Industry groups,Accommodation services,SG01RSC04B01GH2,2010Q3,0.0189218,967.218
Industry groups,"Transport, postal, and warehousing",SG01RSC04B01II1,2010Q3,0.0429642,2169.377
Industry groups,Information media and telecommunications,SG01RSC04B01JJ1,2010Q3,0.0287189,1535.814
Industry groups,Financial and insurance services,SG01RSC04B01KK1,2010Q3,0.0489310,2790.844
Industry groups,"Rental, hiring, and real estate services",SG01RSC04B01LL1,2010Q3,0.0669482,3355.915
Industry groups,Ownership of owner-occupied dwellings,SG01RSC04B01LL2,2010Q3,0.0661454,3153.727
Industry groups,"Prof, scientific, and technical services",SG01RSC04B01MN1,2010Q3,0.0761776,3895.408
Industry groups,Administrative and support services,SG01RSC04B01MN2,2010Q3,0.0194199,1008.150
Industry groups,Local Government administration,SG01RSC04B01OO1,2010Q3,0.0050383,254.138
Industry groups,"Central government administration, defence, and public safety",SG01RSC04B01OO2,2010Q3,0.0383015,1979.063
Industry groups,Education and training,SG01RSC04B01PP1,2010Q3,0.0470683,2310.445
Industry groups,Health care and social assistance,SG01RSC04B01QQ1,2010Q3,0.0605214,2966.845
Industry groups,Arts and recreation services,SG01RSC04B01RS1,2010Q3,0.0139010,685.554
Industry groups,Other services,SG01RSC04B01RS2,2010Q3,0.0183137,918.572
Industry groups,"GST, import duties, stamp duty",SG01RSC04B01UZ9,2010Q3,0.0781806,3538.913
Industry groups,Agriculture,SG01RSC04B01AA1,2010Q4,0.0522065,1870.536
Industry groups,Forestry and logging,SG01RSC04B01AA2,2010Q4,0.0065535,317.198
Industry groups,"Fishing, aquaculture and agriculture, forestry and fishing support services",SG01RSC04B01AA3,2010Q4,0.0069531,368.759
Industry groups,Mining,SG01RSC04B01BB1,2010Q4,0.0205293,891.304
Industry groups,"Food, beverage, and tobacco manufacturing",SG01RSC04B01CC1,2010Q4,0.0356640,1718.335
Industry groups,"Textile, leather, clothing, and footwear manufacturing",SG01RSC04B01CC2,2010Q4,0.0033084,181.737
Industry groups,Wood and paper products manufacturing,SG01RSC04B01CC3,2010Q4,0.0105999,487.497
Industry groups,Printing,SG01RSC04B01CC4,2010Q4,0.0035193,176.612
Industry groups,"Petroleum, chemical, polymer, and rubber product manufacturing",SG01RSC04B01CC5,2010Q4,0.0174681,925.293
Industry groups,Non-metallic mineral product manufacturing,SG01RSC04B01CC6,2010Q4,0.0042583,209.791
Industry groups,Metal product manufacturing,SG01RSC04B01CC7,2010Q4,0.0120397,626.781
Industry groups,"Transport equipment, machinery and equipment manufacturing",SG01RSC04B01CC8,2010Q4,0.0184749,937.707
Industry groups,Furniture and other manufacturing,SG01RSC04B01CC9,2010Q4,0.0028376,155.007
Industry groups,"Electricity, gas, water, and waste services",SG01RSC04B01DD1,2010Q4,0.0311646,1554.038
Industry groups,Construction,SG01RSC04B01EE1,2010Q4,0.0538754,2699.293
Industry groups,Wholesale trade,SG01RSC04B01FF1,2010Q4,0.0494534,2652.085
Industry groups,Retail trade,SG01RSC04B01GH1,2010Q4,0.0415423,2088.390
Industry groups,Accommodation services,SG01RSC04B01GH2,2010Q4,0.0189218,962.520
Industry groups,"Transport, postal, and warehousing",SG01RSC04B01II1,2010Q4,0.0429642,2179.963
Industry groups,Information media and telecommunications,SG01RSC04B01JJ1,2010Q4,0.0287189,1577.302
Industry groups,Financial and insurance services,SG01RSC04B01KK1,2010Q4,0.0489310,2808.803
Industry groups,"Rental, hiring, and real estate services",SG01RSC04B01LL1,2010Q4,0.0669482,3361.523
Industry groups,Ownership of owner-occupied dwellings,SG01RSC04B01LL2,2010Q4,0.0661454,3183.612
Industry groups,"Prof, scientific, and technical services",SG01RSC04B01MN1,2010Q4,0.0761776,3741.976
Industry groups,Administrative and support services,SG01RSC04B01MN2,2010Q4,0.0194199,996.041
Industry groups,Local Government administration,SG01RSC04B01OO1,2010Q4,0.0050383,259.472
Industry groups,"Central government administration, defence, and public safety",SG01RSC04B01OO2,2010Q4,0.0383015,1942.837
Industry groups,Education and training,SG01RSC04B01PP1,2010Q4,0.0470683,2311.952
Industry groups,Health care and social assistance,SG01RSC04B01QQ1,2010Q4,0.0605214,2985.635
Industry groups,Arts and recreation services,SG01RSC04B01RS1,2010Q4,0.0139010,688.758
Industry groups,Other services,SG01RSC04B01RS2,2010Q4,0.0183137,902.610
Industry groups,"GST, import duties, stamp duty",SG01RSC04B01UZ9,2010Q4,0.0781806,3621.645
Industry groups,Agriculture,SG01RSC04B01AA1,2011Q1,0.0522065,1941.133
Industry groups,Forestry and logging,SG01RSC04B01AA2,2011Q1,0.0065535,319.449
Industry groups,"Fishing, aquaculture and agriculture, forestry and fishing support services",SG01RSC04B01AA3,2011Q1,0.0069531,382.734
Industry groups,Mining,SG01RSC04B01BB1,2011Q1,0.0205293,867.659
Industry groups,"Food, beverage, and tobacco manufacturing",SG01RSC04B01CC1,2011Q1,0.0356640,1689.293
Industry groups,"Textile, leather, clothing, and footwear manufacturing",SG01RSC04B01CC2,2011Q1,0.0033084,181.836
Industry groups,Wood and paper products manufacturing,SG01RSC04B01CC3,2011Q1,0.0105999,504.076
Industry groups,Printing,SG01RSC04B01CC4,2011Q1,0.0035193,146.856
Industry groups,"Petroleum, chemical, polymer, and rubber product manufacturing",SG01RSC04B01CC5,2011Q1,0.0174681,811.300
Industry groups,Non-metallic mineral product manufacturing,SG01RSC04B01CC6,2011Q1,0.0042583,216.351
Industry groups,Metal product manufacturing,SG01RSC04B01CC7,2011Q1,0.0120397,605.256
Industry groups,"Transport equipment, machinery and equipment manufacturing",SG01RSC04B01CC8,2011Q1,0.0184749,1061.565
Industry groups,Furniture and other manufacturing,SG01RSC04B01CC9,2011Q1,0.0028376,146.193
Industry groups,"Electricity, gas, water, and waste services",SG01RSC04B01DD1,2011Q1,0.0311646,1570.828
Industry groups,Construction,SG01RSC04B01EE1,2011Q1,0.0538754,2632.393
Industry groups,Wholesale trade,SG01RSC04B01FF1,2011Q1,0.0494534,2657.932
Industry groups,Retail trade,SG01RSC04B01GH1,2011Q1,0.0415423,2131.697
Industry groups,Accommodation services,SG01RSC04B01GH2,2011Q1,0.0189218,968.213
Industry groups,"Transport, postal, and warehousing",SG01RSC04B01II1,2011Q1,0.0429642,2194.873
Industry groups,Information media and telecommunications,SG01RSC04B01JJ1,2011Q1,0.0287189,1598.902
Industry groups,Financial and insurance services,SG01RSC04B01KK1,2011Q1,0.0489310,2821.250
Industry groups,"Rental, hiring, and real estate services",SG01RSC04B01LL1,2011Q1,0.0669482,3407.187
Industry groups,Ownership of owner-occupied dwellings,SG01RSC04B01LL2,2011Q1,0.0661454,3225.523
Industry groups,"Prof, scientific, and technical services",SG01RSC04B01MN1,2011Q1,0.0761776,3854.840
Industry groups,Administrative and support services,SG01RSC04B01MN2,2011Q1,0.0194199,1028.914
Industry groups,Local Government administration,SG01RSC04B01OO1,2011Q1,0.0050383,266.081
Industry groups,"Central government administration, defence, and public safety",SG01RSC04B01OO2,2011Q1,0.0383015,1976.128
Industry groups,Education and training,SG01RSC04B01PP1,2011Q1,0.0470683,2313.275
Industry groups,Health care and social assistance,SG01RSC04B01QQ1,2011Q1,0.0605214,2949.474
Industry groups,Arts and recreation services,SG01RSC04B01RS1,2011Q1,0.0139010,688.257
Industry groups,Other services,SG01RSC04B01RS2,2011Q1,0.0183137,923.745
Industry groups,"GST, import duties, stamp duty",SG01RSC04B01UZ9,2011Q1,0.0781806,3629.521
Industry groups,Agriculture,SG01RSC04B01AA1,2011Q2,0.0498115,2123.961
Industry groups,Forestry and logging,SG01RSC04B01AA2,2011Q2,0.0053206,321.209
Industry groups,"Fishing, aquaculture and agriculture, forestry and fishing support services",SG01RSC04B01AA3,2011Q2,0.0076486,378.585
Industry groups,Mining,SG01RSC04B01BB1,2011Q2,0.0187871,806.024
Industry groups,"Food, beverage, and tobacco manufacturing",SG01RSC04B01CC1,2011Q2,0.0399517,1713.561
Industry groups,"Textile, leather, clothing, and footwear manufacturing",SG01RSC04B01CC2,2011Q2,0.0028419,173.848
Industry groups,Wood and paper products manufacturing,SG01RSC04B01CC3,2011Q2,0.0096097,503.072
Industry groups,Printing,SG01RSC04B01CC4,2011Q2,0.0030180,157.910
Industry groups,"Petroleum, chemical, polymer, and rubber product manufacturing",SG01RSC04B01CC5,2011Q2,0.0183038,837.724
Industry groups,Non-metallic mineral product manufacturing,SG01RSC04B01CC6,2011Q2,0.0038762,212.949
Industry groups,Metal product manufacturing,SG01RSC04B01CC7,2011Q2,0.0113602,598.504
Industry groups,"Transport equipment, machinery and equipment manufacturing",SG01RSC04B01CC8,2011Q2,0.0176488,997.169
Industry groups,Furniture and other manufacturing,SG01RSC04B01CC9,2011Q2,0.0027266,145.750
Industry groups,"Electricity, gas, water, and waste services",SG01RSC04B01DD1,2011Q2,0.0309495,1567.884
Industry groups,Construction,SG01RSC04B01EE1,2011Q2,0.0517847,2605.380
Industry groups,Wholesale trade,SG01RSC04B01FF1,2011Q2,0.0493611,2741.864
Industry groups,Retail trade,SG01RSC04B01GH1,2011Q2,0.0416377,2151.226
Industry groups,Accommodation services,SG01RSC04B01GH2,2011Q2,0.0184791,964.523
Industry groups,"Transport, postal, and warehousing",SG01RSC04B01II1,2011Q2,0.0437586,2179.231
Industry groups,Information media and telecommunications,SG01RSC04B01JJ1,2011Q2,0.0287454,1613.807
Industry groups,Financial and insurance services,SG01RSC04B01KK1,2011Q2,0.0498253,2844.717
Industry groups,"Rental, hiring, and real estate services",SG01RSC04B01LL1,2011Q2,0.0692034,3483.861
Industry groups,Ownership of owner-occupied dwellings,SG01RSC04B01LL2,2011Q2,0.0672669,3246.798
Industry groups,"Prof, scientific, and technical services",SG01RSC04B01MN1,2011Q2,0.0744210,3857.835
Industry groups,Administrative and support services,SG01RSC04B01MN2,2011Q2,0.0195644,1072.681
Industry groups,Local Government administration,SG01RSC04B01OO1,2011Q2,0.0050501,254.850
Industry groups,"Central government administration, defence, and public safety",SG01RSC04B01OO2,2011Q2,0.0373509,1971.098
Industry groups,Education and training,SG01RSC04B01PP1,2011Q2,0.0468255,2312.290
Industry groups,Health care and social assistance,SG01RSC04B01QQ1,2011Q2,0.0593970,2948.743
Industry groups,Arts and recreation services,SG01RSC04B01RS1,2011Q2,0.0136894,669.524
Industry groups,Other services,SG01RSC04B01RS2,2011Q2,0.0183471,943.033
Industry groups,"GST, import duties, stamp duty",SG01RSC04B01UZ9,2011Q2,0.0834381,3516.074
Industry groups,Agriculture,SG01RSC04B01AA1,2011Q3,0.0498115,2117.752
Industry groups,Forestry and logging,SG01RSC04B01AA2,2011Q3,0.0053206,321.807
Industry groups,"Fishing, aquaculture and agriculture, forestry and fishing support services",SG01RSC04B01AA3,2011Q3,0.0076486,386.379
Industry groups,Mining,SG01RSC04B01BB1,2011Q3,0.0187871,845.036
Industry groups,"Food, beverage, and tobacco manufacturing",SG01RSC04B01CC1,2011Q3,0.0399517,1794.113
Industry groups,"Textile, leather, clothing, and footwear manufacturing",SG01RSC04B01CC2,2011Q3,0.0028419,168.591
Industry groups,Wood and paper products manufacturing,SG01RSC04B01CC3,2011Q3,0.0096097,494.726
Industry groups,Printing,SG01RSC04B01CC4,2011Q3,0.0030180,158.913
Industry groups,"Petroleum, chemical, polymer, and rubber product manufacturing",SG01RSC04B01CC5,2011Q3,0.0183038,848.282
Industry groups,Non-metallic mineral product manufacturing,SG01RSC04B01CC6,2011Q3,0.0038762,215.677
Industry groups,Metal product manufacturing,SG01RSC04B01CC7,2011Q3,0.0113602,581.735
Industry groups,"Transport equipment, machinery and equipment manufacturing",SG01RSC04B01CC8,2011Q3,0.0176488,979.949
Industry groups,Furniture and other manufacturing,SG01RSC04B01CC9,2011Q3,0.0027266,156.270
Industry groups,"Electricity, gas, water, and waste services",SG01RSC04B01DD1,2011Q3,0.0309495,1552.829
Industry groups,Construction,SG01RSC04B01EE1,2011Q3,0.0517847,2627.592
Industry groups,Wholesale trade,SG01RSC04B01FF1,2011Q3,0.0493611,2660.367
Industry groups,Retail trade,SG01RSC04B01GH1,2011Q3,0.0416377,2188.306
Industry groups,Accommodation services,SG01RSC04B01GH2,2011Q3,0.0184791,1007.023
Industry groups,"Transport, postal, and warehousing",SG01RSC04B01II1,2011Q3,0.0437586,2208.177
Industry groups,Information media and telecommunications,SG01RSC04B01JJ1,2011Q3,0.0287454,1612.105
Industry groups,Financial and insurance services,SG01RSC04B01KK1,2011Q3,0.0498253,2867.127
Industry groups,"Rental, hiring, and real estate services",SG01RSC04B01LL1,2011Q3,0.0692034,3514.375
Industry groups,Ownership of owner-occupied dwellings,SG01RSC04B01LL2,2011Q3,0.0672669,3277.397
Industry groups,"Prof, scientific, and technical services",SG01RSC04B01MN1,2011Q3,0.0744210,3876.813
Industry groups,Administrative and support services,SG01RSC04B01MN2,2011Q3,0.0195644,1036.300
Industry groups,Local Government administration,SG01RSC04B01OO1,2011Q3,0.0050501,265.403
Industry groups,"Central government administration, defence, and public safety",SG01RSC04B01OO2,2011Q3,0.0373509,1972.730
Industry groups,Education and training,SG01RSC04B01PP1,2011Q3,0.0468255,2312.179
Industry groups,Health care and social assistance,SG01RSC04B01QQ1,2011Q3,0.0593970,3012.400
Industry groups,Arts and recreation services,SG01RSC04B01RS1,2011Q3,0.0136894,686.435
Industry groups,Other services,SG01RSC04B01RS2,2011Q3,0.0183471,949.746
Industry groups,"GST, import duties, stamp duty",SG01RSC04B01UZ9,2011Q3,0.0834381,3675.263
Industry groups,Agriculture,SG01RSC04B01AA1,2011Q4,0.0498115,2178.343
Industry groups,Forestry and logging,SG01RSC04B01AA2,2011Q4,0.0053206,314.483
Industry groups,"Fishing, aquaculture and agriculture, forestry and fishing support services",SG01RSC04B01AA3,2011Q4,0.0076486,377.413
Industry groups,Mining,SG01RSC04B01BB1,2011Q4,0.0187871,821.681
Industry groups,"Food, beverage, and tobacco manufacturing",SG01RSC04B01CC1,2011Q4,0.0399517,1663.694
Industry groups,"Textile, leather, clothing, and footwear manufacturing",SG01RSC04B01CC2,2011Q4,0.0028419,155.129
Industry groups,Wood and paper products manufacturing,SG01RSC04B01CC3,2011Q4,0.0096097,501.499
Industry groups,Printing,SG01RSC04B01CC4,2011Q4,0.0030180,153.064
Industry groups,"Petroleum, chemical, polymer, and rubber product manufacturing",SG01RSC04B01CC5,2011Q4,0.0183038,876.390
Industry groups,Non-metallic mineral product manufacturing,SG01RSC04B01CC6,2011Q4,0.0038762,199.692
Industry groups,Metal product manufacturing,SG01RSC04B01CC7,2011Q4,0.0113602,572.357
Industry groups,"Transport equipment, machinery and equipment manufacturing",SG01RSC04B01CC8,2011Q4,0.0176488,918.348
Industry groups,Furniture and other manufacturing,SG01RSC04B01CC9,2011Q4,0.0027266,142.633
Industry groups,"Electricity, gas, water, and waste services",SG01RSC04B01DD1,2011Q4,0.0309495,1526.752
Industry groups,Construction,SG01RSC04B01EE1,2011Q4,0.0517847,2692.503
Industry groups,Wholesale trade,SG01RSC04B01FF1,2011Q4,0.0493611,2692.826
Industry groups,Retail trade,SG01RSC04B01GH1,2011Q4,0.0416377,2225.870
Industry groups,Accommodation services,SG01RSC04B01GH2,2011Q4,0.0184791,1015.159
Industry groups,"Transport, postal, and warehousing",SG01RSC04B01II1,2011Q4,0.0437586,2197.975
Industry groups,Information media and telecommunications,SG01RSC04B01JJ1,2011Q4,0.0287454,1623.753
Industry groups,Financial and insurance services,SG01RSC04B01KK1,2011Q4,0.0498253,2893.025
Industry groups,"Rental, hiring, and real estate services",SG01RSC04B01LL1,2011Q4,0.0692034,3623.128
Industry groups,Ownership of owner-occupied dwellings,SG01RSC04B01LL2,2011Q4,0.0672669,3309.244
Industry groups,"Prof, scientific, and technical services",SG01RSC04B01MN1,2011Q4,0.0744210,3816.210
Industry groups,Administrative and support services,SG01RSC04B01MN2,2011Q4,0.0195644,1052.043
Industry groups,Local Government administration,SG01RSC04B01OO1,2011Q4,0.0050501,258.087
Industry groups,"Central government administration, defence, and public safety",SG01RSC04B01OO2,2011Q4,0.0373509,1938.229
Industry groups,Education and training,SG01RSC04B01PP1,2011Q4,0.0468255,2312.942
Industry groups,Health care and social assistance,SG01RSC04B01QQ1,2011Q4,0.0593970,3033.692
Industry groups,Arts and recreation services,SG01RSC04B01RS1,2011Q4,0.0136894,709.836
Industry groups,Other services,SG01RSC04B01RS2,2011Q4,0.0183471,956.663
Industry groups,"GST, import duties, stamp duty",SG01RSC04B01UZ9,2011Q4,0.0834381,3701.532
Industry groups,Agriculture,SG01RSC04B01AA1,2012Q1,0.0498115,2291.424
Industry groups,Forestry and logging,SG01RSC04B01AA2,2012Q1,0.0053206,317.824
Industry groups,"Fishing, aquaculture and agriculture, forestry and fishing support services",SG01RSC04B01AA3,2012Q1,0.0076486,383.173
Industry groups,Mining,SG01RSC04B01BB1,2012Q1,0.0187871,808.400
Industry groups,"Food, beverage, and tobacco manufacturing",SG01RSC04B01CC1,2012Q1,0.0399517,1747.980
Industry groups,"Textile, leather, clothing, and footwear manufacturing",SG01RSC04B01CC2,2012Q1,0.0028419,153.063
Industry groups,Wood and paper products manufacturing,SG01RSC04B01CC3,2012Q1,0.0096097,494.525
Industry groups,Printing,SG01RSC04B01CC4,2012Q1,0.0030180,165.079
Industry groups,"Petroleum, chemical, polymer, and rubber product manufacturing",SG01RSC04B01CC5,2012Q1,0.0183038,866.826
Industry groups,Non-metallic mineral product manufacturing,SG01RSC04B01CC6,2012Q1,0.0038762,207.718
Industry groups,Metal product manufacturing,SG01RSC04B01CC7,2012Q1,0.0113602,622.995
Industry groups,"Transport equipment, machinery and equipment manufacturing",SG01RSC04B01CC8,2012Q1,0.0176488,931.766
Industry groups,Furniture and other manufacturing,SG01RSC04B01CC9,2012Q1,0.0027266,146.717
Industry groups,"Electricity, gas, water, and waste services",SG01RSC04B01DD1,2012Q1,0.0309495,1552.689
Industry groups,Construction,SG01RSC04B01EE1,2012Q1,0.0517847,2663.678
Industry groups,Wholesale trade,SG01RSC04B01FF1,2012Q1,0.0493611,2738.410
Industry groups,Retail trade,SG01RSC04B01GH1,2012Q1,0.0416377,2242.844
Industry groups,Accommodation services,SG01RSC04B01GH2,2012Q1,0.0184791,998.933
Industry groups,"Transport, postal, and warehousing",SG01RSC04B01II1,2012Q1,0.0437586,2205.449
Industry groups,Information media and telecommunications,SG01RSC04B01JJ1,2012Q1,0.0287454,1616.377
Industry groups,Financial and insurance services,SG01RSC04B01KK1,2012Q1,0.0498253,2909.457
Industry groups,"Rental, hiring, and real estate services",SG01RSC04B01LL1,2012Q1,0.0692034,3587.529
Industry groups,Ownership of owner-occupied dwellings,SG01RSC04B01LL2,2012Q1,0.0672669,3346.791
Industry groups,"Prof, scientific, and technical services",SG01RSC04B01MN1,2012Q1,0.0744210,3804.221
Industry groups,Administrative and support services,SG01RSC04B01MN2,2012Q1,0.0195644,1069.981
Industry groups,Local Government administration,SG01RSC04B01OO1,2012Q1,0.0050501,262.594
Industry groups,"Central government administration, defence, and public safety",SG01RSC04B01OO2,2012Q1,0.0373509,1994.367
Industry groups,Education and training,SG01RSC04B01PP1,2012Q1,0.0468255,2314.581
Industry groups,Health care and social assistance,SG01RSC04B01QQ1,2012Q1,0.0593970,3081.899
Industry groups,Arts and recreation services,SG01RSC04B01RS1,2012Q1,0.0136894,703.955
Industry groups,Other services,SG01RSC04B01RS2,2012Q1,0.0183471,934.509
Industry groups,"GST, import duties, stamp duty",SG01RSC04B01UZ9,2012Q1,0.0834381,3643.158
Industry groups,Agriculture,SG01RSC04B01AA1,2012Q2,0.0419094,2357.087
Industry groups,Forestry and logging,SG01RSC04B01AA2,2012Q2,0.0055988,340.696
Industry groups,"Fishing, aquaculture and agriculture, forestry and fishing support services",SG01RSC04B01AA3,2012Q2,0.0075714,400.244
Industry groups,Mining,SG01RSC04B01BB1,2012Q2,0.0171706,817.875
Industry groups,"Food, beverage, and tobacco manufacturing",SG01RSC04B01CC1,2012Q2,0.0376769,1803.419
Industry groups,"Textile, leather, clothing, and footwear manufacturing",SG01RSC04B01CC2,2012Q2,0.0029695,155.143
Industry groups,Wood and paper products manufacturing,SG01RSC04B01CC3,2012Q2,0.0080458,489.594
Industry groups,Printing,SG01RSC04B01CC4,2012Q2,0.0032113,162.652
Industry groups,"Petroleum, chemical, polymer, and rubber product manufacturing",SG01RSC04B01CC5,2012Q2,0.0195800,874.435
Industry groups,Non-metallic mineral product manufacturing,SG01RSC04B01CC6,2012Q2,0.0041602,221.994
Industry groups,Metal product manufacturing,SG01RSC04B01CC7,2012Q2,0.0105783,614.698
Industry groups,"Transport equipment, machinery and equipment manufacturing",SG01RSC04B01CC8,2012Q2,0.0169256,953.143
Industry groups,Furniture and other manufacturing,SG01RSC04B01CC9,2012Q2,0.0027506,148.687
Industry groups,"Electricity, gas, water, and waste services",SG01RSC04B01DD1,2012Q2,0.0328367,1556.064
Industry groups,Construction,SG01RSC04B01EE1,2012Q2,0.0549525,2681.110
Industry groups,Wholesale trade,SG01RSC04B01FF1,2012Q2,0.0483318,2755.881
Industry groups,Retail trade,SG01RSC04B01GH1,2012Q2,0.0435578,2261.957
Industry groups,Accommodation services,SG01RSC04B01GH2,2012Q2,0.0189369,993.549
Industry groups,"Transport, postal, and warehousing",SG01RSC04B01II1,2012Q2,0.0449381,2230.351
Industry groups,Information media and telecommunications,SG01RSC04B01JJ1,2012Q2,0.0284344,1635.746
Industry groups,Financial and insurance services,SG01RSC04B01KK1,2012Q2,0.0501296,2924.672
Industry groups,"Rental, hiring, and real estate services",SG01RSC04B01LL1,2012Q2,0.0694654,3590.776
Industry groups,Ownership of owner-occupied dwellings,SG01RSC04B01LL2,2012Q2,0.0700451,3376.043
Industry groups,"Prof, scientific, and technical services",SG01RSC04B01MN1,2012Q2,0.0759911,3873.807
Industry groups,Administrative and support services,SG01RSC04B01MN2,2012Q2,0.0191183,1068.408
Industry groups,Local Government administration,SG01RSC04B01OO1,2012Q2,0.0049693,263.624
Industry groups,"Central government administration, defence, and public safety",SG01RSC04B01OO2,2012Q2,0.0370164,1941.890
Industry groups,Education and training,SG01RSC04B01PP1,2012Q2,0.0466102,2316.669
Industry groups,Health care and social assistance,SG01RSC04B01QQ1,2012Q2,0.0602846,3115.064
Industry groups,Arts and recreation services,SG01RSC04B01RS1,2012Q2,0.0140449,691.581
Industry groups,Other services,SG01RSC04B01RS2,2012Q2,0.0180600,915.492
Industry groups,"GST, import duties, stamp duty",SG01RSC04B01UZ9,2012Q2,0.0841282,3762.140
Industry groups,Agriculture,SG01RSC04B01AA1,2012Q3,0.0419094,2310.133
Industry groups,Forestry and logging,SG01RSC04B01AA2,2012Q3,0.0055988,321.985
Industry groups,"Fishing, aquaculture and agriculture, forestry and fishing support services",SG01RSC04B01AA3,2012Q3,0.0075714,403.151
Industry groups,Mining,SG01RSC04B01BB1,2012Q3,0.0171706,783.740
Industry groups,"Food, beverage, and tobacco manufacturing",SG01RSC04B01CC1,2012Q3,0.0376769,1763.563
Industry groups,"Textile, leather, clothing, and footwear manufacturing",SG01RSC04B01CC2,2012Q3,0.0029695,160.257
Industry groups,Wood and paper products manufacturing,SG01RSC04B01CC3,2012Q3,0.0080458,470.591
Industry groups,Printing,SG01RSC04B01CC4,2012Q3,0.0032113,163.504
Industry groups,"Petroleum, chemical, polymer, and rubber product manufacturing",SG01RSC04B01CC5,2012Q3,0.0195800,884.724
Industry groups,Non-metallic mineral product manufacturing,SG01RSC04B01CC6,2012Q3,0.0041602,219.600
Industry groups,Metal product manufacturing,SG01RSC04B01CC7,2012Q3,0.0105783,569.739
Industry groups,"Transport equipment, machinery and equipment manufacturing",SG01RSC04B01CC8,2012Q3,0.0169256,939.790
Industry groups,Furniture and other manufacturing,SG01RSC04B01CC9,2012Q3,0.0027506,144.154
Industry groups,"Electricity, gas, water, and waste services",SG01RSC04B01DD1,2012Q3,0.0328367,1589.381
Industry groups,Construction,SG01RSC04B01EE1,2012Q3,0.0549525,2807.789
Industry groups,Wholesale trade,SG01RSC04B01FF1,2012Q3,0.0483318,2742.601
Industry groups,Retail trade,SG01RSC04B01GH1,2012Q3,0.0435578,2267.288
Industry groups,Accommodation services,SG01RSC04B01GH2,2012Q3,0.0189369,992.623
Industry groups,"Transport, postal, and warehousing",SG01RSC04B01II1,2012Q3,0.0449381,2203.903
Industry groups,Information media and telecommunications,SG01RSC04B01JJ1,2012Q3,0.0284344,1689.309
Industry groups,Financial and insurance services,SG01RSC04B01KK1,2012Q3,0.0501296,2929.310
Industry groups,"Rental, hiring, and real estate services",SG01RSC04B01LL1,2012Q3,0.0694654,3627.255
Industry groups,Ownership of owner-occupied dwellings,SG01RSC04B01LL2,2012Q3,0.0700451,3402.853
Industry groups,"Prof, scientific, and technical services",SG01RSC04B01MN1,2012Q3,0.0759911,3908.241
Industry groups,Administrative and support services,SG01RSC04B01MN2,2012Q3,0.0191183,1002.819
Industry groups,Local Government administration,SG01RSC04B01OO1,2012Q3,0.0049693,263.126
Industry groups,"Central government administration, defence, and public safety",SG01RSC04B01OO2,2012Q3,0.0370164,1954.405
Industry groups,Education and training,SG01RSC04B01PP1,2012Q3,0.0466102,2316.942
Industry groups,Health care and social assistance,SG01RSC04B01QQ1,2012Q3,0.0602846,3100.438
Industry groups,Arts and recreation services,SG01RSC04B01RS1,2012Q3,0.0140449,694.838
Industry groups,Other services,SG01RSC04B01RS2,2012Q3,0.0180600,918.322
Industry groups,"GST, import duties, stamp duty",SG01RSC04B01UZ9,2012Q3,0.0841282,3721.256
Industry groups,Agriculture,SG01RSC04B01AA1,2012Q4,0.0419094,2302.964
Industry groups,Forestry and logging,SG01RSC04B01AA2,2012Q4,0.0055988,351.643
Industry groups,"Fishing, aquaculture and agriculture, forestry and fishing support services",SG01RSC04B01AA3,2012Q4,0.0075714,393.568
Industry groups,Mining,SG01RSC04B01BB1,2012Q4,0.0171706,759.758
Industry groups,"Food, beverage, and tobacco manufacturing",SG01RSC04B01CC1,2012Q4,0.0376769,1811.737
Industry groups,"Textile, leather, clothing, and footwear manufacturing",SG01RSC04B01CC2,2012Q4,0.0029695,171.569
Industry groups,Wood and paper products manufacturing,SG01RSC04B01CC3,2012Q4,0.0080458,479.980
Industry groups,Printing,SG01RSC04B01CC4,2012Q4,0.0032113,152.168
Industry groups,"Petroleum, chemical, polymer, and rubber product manufacturing",SG01RSC04B01CC5,2012Q4,0.0195800,878.264
Industry groups,Non-metallic mineral product manufacturing,SG01RSC04B01CC6,2012Q4,0.0041602,232.913
Industry groups,Metal product manufacturing,SG01RSC04B01CC7,2012Q4,0.0105783,595.206
Industry groups,"Transport equipment, machinery and equipment manufacturing",SG01RSC04B01CC8,2012Q4,0.0169256,910.698
Industry groups,Furniture and other manufacturing,SG01RSC04B01CC9,2012Q4,0.0027506,142.271
Industry groups,"Electricity, gas, water, and waste services",SG01RSC04B01DD1,2012Q4,0.0328367,1604.359
Industry groups,Construction,SG01RSC04B01EE1,2012Q4,0.0549525,2893.454
Industry groups,Wholesale trade,SG01RSC04B01FF1,2012Q4,0.0483318,2760.680
Industry groups,Retail trade,SG01RSC04B01GH1,2012Q4,0.0435578,2302.543
Industry groups,Accommodation services,SG01RSC04B01GH2,2012Q4,0.0189369,1006.847
Industry groups,"Transport, postal, and warehousing",SG01RSC04B01II1,2012Q4,0.0449381,2220.313
Industry groups,Information media and telecommunications,SG01RSC04B01JJ1,2012Q4,0.0284344,1720.539
Industry groups,Financial and insurance services,SG01RSC04B01KK1,2012Q4,0.0501296,2957.946
Industry groups,"Rental, hiring, and real estate services",SG01RSC04B01LL1,2012Q4,0.0694654,3648.037
Industry groups,Ownership of owner-occupied dwellings,SG01RSC04B01LL2,2012Q4,0.0700451,3421.407
Industry groups,"Prof, scientific, and technical services",SG01RSC04B01MN1,2012Q4,0.0759911,3999.978
Industry groups,Administrative and support services,SG01RSC04B01MN2,2012Q4,0.0191183,1004.377
Industry groups,Local Government administration,SG01RSC04B01OO1,2012Q4,0.0049693,267.606
Industry groups,"Central government administration, defence, and public safety",SG01RSC04B01OO2,2012Q4,0.0370164,1975.800
Industry groups,Education and training,SG01RSC04B01PP1,2012Q4,0.0466102,2315.399
Industry groups,Health care and social assistance,SG01RSC04B01QQ1,2012Q4,0.0602846,3125.120
Industry groups,Arts and recreation services,SG01RSC04B01RS1,2012Q4,0.0140449,740.576
Industry groups,Other services,SG01RSC04B01RS2,2012Q4,0.0180600,929.282
Industry groups,"GST, import duties, stamp duty",SG01RSC04B01UZ9,2012Q4,0.0841282,3734.182
Industry groups,Agriculture,SG01RSC04B01AA1,2013Q1,0.0419094,2192.529
Industry groups,Forestry and logging,SG01RSC04B01AA2,2013Q1,0.0055988,343.508
Industry groups,"Fishing, aquaculture and agriculture, forestry and fishing support services",SG01RSC04B01AA3,2013Q1,0.0075714,403.725
Industry groups,Mining,SG01RSC04B01BB1,2013Q1,0.0171706,779.607
Industry groups,"Food, beverage, and tobacco manufacturing",SG01RSC04B01CC1,2013Q1,0.0376769,1835.179
Industry groups,"Textile, leather, clothing, and footwear manufacturing",SG01RSC04B01CC2,2013Q1,0.0029695,167.448
Industry groups,Wood and paper products manufacturing,SG01RSC04B01CC3,2013Q1,0.0080458,479.479
Industry groups,Printing,SG01RSC04B01CC4,2013Q1,0.0032113,150.692
Industry groups,"Petroleum, chemical, polymer, and rubber product manufacturing",SG01RSC04B01CC5,2013Q1,0.0195800,890.399
Industry groups,Non-metallic mineral product manufacturing,SG01RSC04B01CC6,2013Q1,0.0041602,231.713
Industry groups,Metal product manufacturing,SG01RSC04B01CC7,2013Q1,0.0105783,567.331
Industry groups,"Transport equipment, machinery and equipment manufacturing",SG01RSC04B01CC8,2013Q1,0.0169256,903.781
Industry groups,Furniture and other manufacturing,SG01RSC04B01CC9,2013Q1,0.0027506,150.006
Industry groups,"Electricity, gas, water, and waste services",SG01RSC04B01DD1,2013Q1,0.0328367,1576.554
Industry groups,Construction,SG01RSC04B01EE1,2013Q1,0.0549525,2915.180
Industry groups,Wholesale trade,SG01RSC04B01FF1,2013Q1,0.0483318,2788.728
Industry groups,Retail trade,SG01RSC04B01GH1,2013Q1,0.0435578,2324.981
Industry groups,Accommodation services,SG01RSC04B01GH2,2013Q1,0.0189369,1019.556
Industry groups,"Transport, postal, and warehousing",SG01RSC04B01II1,2013Q1,0.0449381,2198.086
Industry groups,Information media and telecommunications,SG01RSC04B01JJ1,2013Q1,0.0284344,1750.863
Industry groups,Financial and insurance services,SG01RSC04B01KK1,2013Q1,0.0501296,2983.744
Industry groups,"Rental, hiring, and real estate services",SG01RSC04B01LL1,2013Q1,0.0694654,3632.379
Industry groups,Ownership of owner-occupied dwellings,SG01RSC04B01LL2,2013Q1,0.0700451,3441.636
Industry groups,"Prof, scientific, and technical services",SG01RSC04B01MN1,2013Q1,0.0759911,3945.296
Industry groups,Administrative and support services,SG01RSC04B01MN2,2013Q1,0.0191183,1046.952
Industry groups,Local Government administration,SG01RSC04B01OO1,2013Q1,0.0049693,267.978
Industry groups,"Central government administration, defence, and public safety",SG01RSC04B01OO2,2013Q1,0.0370164,1968.642
Industry groups,Education and training,SG01RSC04B01PP1,2013Q1,0.0466102,2312.041
Industry groups,Health care and social assistance,SG01RSC04B01QQ1,2013Q1,0.0602846,3130.239
Industry groups,Arts and recreation services,SG01RSC04B01RS1,2013Q1,0.0140449,714.394
Industry groups,Other services,SG01RSC04B01RS2,2013Q1,0.0180600,928.392
Industry groups,"GST, import duties, stamp duty",SG01RSC04B01UZ9,2013Q1,0.0841282,3811.690
Industry groups,Agriculture,SG01RSC04B01AA1,2013Q2,0.0563101,2013.399
Industry groups,Forestry and logging,SG01RSC04B01AA2,2013Q2,0.0061813,349.809
Industry groups,"Fishing, aquaculture and agriculture, forestry and fishing support services",SG01RSC04B01AA3,2013Q2,0.0078342,414.668
Industry groups,Mining,SG01RSC04B01BB1,2013Q2,0.0153696,820.902
Industry groups,"Food, beverage, and tobacco manufacturing",SG01RSC04B01CC1,2013Q2,0.0365661,1748.939
Industry groups,"Textile, leather, clothing, and footwear manufacturing",SG01RSC04B01CC2,2013Q2,0.0026792,166.413
Industry groups,Wood and paper products manufacturing,SG01RSC04B01CC3,2013Q2,0.0079537,482.585
Industry groups,Printing,SG01RSC04B01CC4,2013Q2,0.0029595,145.782
Industry groups,"Petroleum, chemical, polymer, and rubber product manufacturing",SG01RSC04B01CC5,2013Q2,0.0179966,904.109
Industry groups,Non-metallic mineral product manufacturing,SG01RSC04B01CC6,2013Q2,0.0045680,238.836
Industry groups,Metal product manufacturing,SG01RSC04B01CC7,2013Q2,0.0107746,579.008
Industry groups,"Transport equipment, machinery and equipment manufacturing",SG01RSC04B01CC8,2013Q2,0.0161878,915.926
Industry groups,Furniture and other manufacturing,SG01RSC04B01CC9,2013Q2,0.0026581,148.542
Industry groups,"Electricity, gas, water, and waste services",SG01RSC04B01DD1,2013Q2,0.0318805,1554.227
Industry groups,Construction,SG01RSC04B01EE1,2013Q2,0.0537759,2891.414
Industry groups,Wholesale trade,SG01RSC04B01FF1,2013Q2,0.0497916,2773.761
Industry groups,Retail trade,SG01RSC04B01GH1,2013Q2,0.0429001,2362.515
Industry groups,Accommodation services,SG01RSC04B01GH2,2013Q2,0.0187693,1041.212
Industry groups,"Transport, postal, and warehousing",SG01RSC04B01II1,2013Q2,0.0444752,2215.187
Industry groups,Information media and telecommunications,SG01RSC04B01JJ1,2013Q2,0.0277354,1795.519
Industry groups,Financial and insurance services,SG01RSC04B01KK1,2013Q2,0.0526870,3025.221
Industry groups,"Rental, hiring, and real estate services",SG01RSC04B01LL1,2013Q2,0.0692563,3687.643
Industry groups,Ownership of owner-occupied dwellings,SG01RSC04B01LL2,2013Q2,0.0693478,3497.135
Industry groups,"Prof, scientific, and technical services",SG01RSC04B01MN1,2013Q2,0.0763026,4144.191
Industry groups,Administrative and support services,SG01RSC04B01MN2,2013Q2,0.0183964,1073.933
Industry groups,Local Government administration,SG01RSC04B01OO1,2013Q2,0.0046929,271.360
Industry groups,"Central government administration, defence, and public safety",SG01RSC04B01OO2,2013Q2,0.0356736,2033.798
Industry groups,Education and training,SG01RSC04B01PP1,2013Q2,0.0451121,2307.260
Industry groups,Health care and social assistance,SG01RSC04B01QQ1,2013Q2,0.0578754,3135.371
Industry groups,Arts and recreation services,SG01RSC04B01RS1,2013Q2,0.0132798,679.386
Industry groups,Other services,SG01RSC04B01RS2,2013Q2,0.0179775,939.343
Industry groups,"GST, import duties, stamp duty",SG01RSC04B01UZ9,2013Q2,0.0820317,3809.908
Industry groups,Agriculture,SG01RSC04B01AA1,2013Q3,0.0563101,2248.772
Industry groups,Forestry and logging,SG01RSC04B01AA2,2013Q3,0.0061813,370.033
Industry groups,"Fishing, aquaculture and agriculture, forestry and fishing support services",SG01RSC04B01AA3,2013Q3,0.0078342,437.174
Industry groups,Mining,SG01RSC04B01BB1,2013Q3,0.0153696,748.267
Industry groups,"Food, beverage, and tobacco manufacturing",SG01RSC04B01CC1,2013Q3,0.0365661,1776.510
Industry groups,"Textile, leather, clothing, and footwear manufacturing",SG01RSC04B01CC2,2013Q3,0.0026792,167.232
Industry groups,Wood and paper products manufacturing,SG01RSC04B01CC3,2013Q3,0.0079537,494.012
Industry groups,Printing,SG01RSC04B01CC4,2013Q3,0.0029595,151.720
Industry groups,"Petroleum, chemical, polymer, and rubber product manufacturing",SG01RSC04B01CC5,2013Q3,0.0179966,912.558
Industry groups,Non-metallic mineral product manufacturing,SG01RSC04B01CC6,2013Q3,0.0045680,247.550
Industry groups,Metal product manufacturing,SG01RSC04B01CC7,2013Q3,0.0107746,596.188
Industry groups,"Transport equipment, machinery and equipment manufacturing",SG01RSC04B01CC8,2013Q3,0.0161878,896.429
Industry groups,Furniture and other manufacturing,SG01RSC04B01CC9,2013Q3,0.0026581,150.999
Industry groups,"Electricity, gas, water, and waste services",SG01RSC04B01DD1,2013Q3,0.0318805,1547.392
Industry groups,Construction,SG01RSC04B01EE1,2013Q3,0.0537759,2829.662
Industry groups,Wholesale trade,SG01RSC04B01FF1,2013Q3,0.0497916,2799.965
Industry groups,Retail trade,SG01RSC04B01GH1,2013Q3,0.0429001,2383.828
Industry groups,Accommodation services,SG01RSC04B01GH2,2013Q3,0.0187693,1042.681
Industry groups,"Transport, postal, and warehousing",SG01RSC04B01II1,2013Q3,0.0444752,2231.306
Industry groups,Information media and telecommunications,SG01RSC04B01JJ1,2013Q3,0.0277354,1854.682
Industry groups,Financial and insurance services,SG01RSC04B01KK1,2013Q3,0.0526870,3047.007
Industry groups,"Rental, hiring, and real estate services",SG01RSC04B01LL1,2013Q3,0.0692563,3726.063
Industry groups,Ownership of owner-occupied dwellings,SG01RSC04B01LL2,2013Q3,0.0693478,3542.504
Industry groups,"Prof, scientific, and technical services",SG01RSC04B01MN1,2013Q3,0.0763026,4171.952
Industry groups,Administrative and support services,SG01RSC04B01MN2,2013Q3,0.0183964,1012.841
Industry groups,Local Government administration,SG01RSC04B01OO1,2013Q3,0.0046929,272.851
Industry groups,"Central government administration, defence, and public safety",SG01RSC04B01OO2,2013Q3,0.0356736,2016.535
Industry groups,Education and training,SG01RSC04B01PP1,2013Q3,0.0451121,2305.138
Industry groups,Health care and social assistance,SG01RSC04B01QQ1,2013Q3,0.0578754,3175.547
Industry groups,Arts and recreation services,SG01RSC04B01RS1,2013Q3,0.0132798,708.841
Industry groups,Other services,SG01RSC04B01RS2,2013Q3,0.0179775,942.573
Industry groups,"GST, import duties, stamp duty",SG01RSC04B01UZ9,2013Q3,0.0820317,3851.025
Industry groups,Agriculture,SG01RSC04B01AA1,2013Q4,0.0563101,2182.023
Industry groups,Forestry and logging,SG01RSC04B01AA2,2013Q4,0.0061813,360.650
Industry groups,"Fishing, aquaculture and agriculture, forestry and fishing support services",SG01RSC04B01AA3,2013Q4,0.0078342,455.666
Industry groups,Mining,SG01RSC04B01BB1,2013Q4,0.0153696,787.639
Industry groups,"Food, beverage, and tobacco manufacturing",SG01RSC04B01CC1,2013Q4,0.0365661,1804.030
Industry groups,"Textile, leather, clothing, and footwear manufacturing",SG01RSC04B01CC2,2013Q4,0.0026792,166.281
Industry groups,Wood and paper products manufacturing,SG01RSC04B01CC3,2013Q4,0.0079537,486.437
Industry groups,Printing,SG01RSC04B01CC4,2013Q4,0.0029595,160.243
Industry groups,"Petroleum, chemical, polymer, and rubber product manufacturing",SG01RSC04B01CC5,2013Q4,0.0179966,893.074
Industry groups,Non-metallic mineral product manufacturing,SG01RSC04B01CC6,2013Q4,0.0045680,259.774
Industry groups,Metal product manufacturing,SG01RSC04B01CC7,2013Q4,0.0107746,597.879
Industry groups,"Transport equipment, machinery and equipment manufacturing",SG01RSC04B01CC8,2013Q4,0.0161878,939.422
Industry groups,Furniture and other manufacturing,SG01RSC04B01CC9,2013Q4,0.0026581,152.999
Industry groups,"Electricity, gas, water, and waste services",SG01RSC04B01DD1,2013Q4,0.0318805,1583.238
Industry groups,Construction,SG01RSC04B01EE1,2013Q4,0.0537759,2844.464
Industry groups,Wholesale trade,SG01RSC04B01FF1,2013Q4,0.0497916,2854.960
Industry groups,Retail trade,SG01RSC04B01GH1,2013Q4,0.0429001,2401.149
Industry groups,Accommodation services,SG01RSC04B01GH2,2013Q4,0.0187693,1033.778
Industry groups,"Transport, postal, and warehousing",SG01RSC04B01II1,2013Q4,0.0444752,2273.868
Industry groups,Information media and telecommunications,SG01RSC04B01JJ1,2013Q4,0.0277354,1864.629
Industry groups,Financial and insurance services,SG01RSC04B01KK1,2013Q4,0.0526870,3068.882
Industry groups,"Rental, hiring, and real estate services",SG01RSC04B01LL1,2013Q4,0.0692563,3696.458
Industry groups,Ownership of owner-occupied dwellings,SG01RSC04B01LL2,2013Q4,0.0693478,3575.004
Industry groups,"Prof, scientific, and technical services",SG01RSC04B01MN1,2013Q4,0.0763026,4197.748
Industry groups,Administrative and support services,SG01RSC04B01MN2,2013Q4,0.0183964,1017.309
Industry groups,Local Government administration,SG01RSC04B01OO1,2013Q4,0.0046929,276.753
Industry groups,"Central government administration, defence, and public safety",SG01RSC04B01OO2,2013Q4,0.0356736,2012.084
Industry groups,Education and training,SG01RSC04B01PP1,2013Q4,0.0451121,2305.674
Industry groups,Health care and social assistance,SG01RSC04B01QQ1,2013Q4,0.0578754,3204.369
Industry groups,Arts and recreation services,SG01RSC04B01RS1,2013Q4,0.0132798,684.871
Industry groups,Other services,SG01RSC04B01RS2,2013Q4,0.0179775,947.538
Industry groups,"GST, import duties, stamp duty",SG01RSC04B01UZ9,2013Q4,0.0820317,3900.869
Industry groups,Agriculture,SG01RSC04B01AA1,2014Q1,0.0563101,2230.993
Industry groups,Forestry and logging,SG01RSC04B01AA2,2014Q1,0.0061813,359.173
Industry groups,"Fishing, aquaculture and agriculture, forestry and fishing support services",SG01RSC04B01AA3,2014Q1,0.0078342,462.267
Industry groups,Mining,SG01RSC04B01BB1,2014Q1,0.0153696,919.514
Industry groups,"Food, beverage, and tobacco manufacturing",SG01RSC04B01CC1,2014Q1,0.0365661,1815.731
Industry groups,"Textile, leather, clothing, and footwear manufacturing",SG01RSC04B01CC2,2014Q1,0.0026792,163.045
Industry groups,Wood and paper products manufacturing,SG01RSC04B01CC3,2014Q1,0.0079537,476.418
Industry groups,Printing,SG01RSC04B01CC4,2014Q1,0.0029595,161.265
Industry groups,"Petroleum, chemical, polymer, and rubber product manufacturing",SG01RSC04B01CC5,2014Q1,0.0179966,916.800
Industry groups,Non-metallic mineral product manufacturing,SG01RSC04B01CC6,2014Q1,0.0045680,271.771
Industry groups,Metal product manufacturing,SG01RSC04B01CC7,2014Q1,0.0107746,618.014
Industry groups,"Transport equipment, machinery and equipment manufacturing",SG01RSC04B01CC8,2014Q1,0.0161878,926.215
Industry groups,Furniture and other manufacturing,SG01RSC04B01CC9,2014Q1,0.0026581,155.613
Industry groups,"Electricity, gas, water, and waste services",SG01RSC04B01DD1,2014Q1,0.0318805,1585.571
Industry groups,Construction,SG01RSC04B01EE1,2014Q1,0.0537759,3005.895
Industry groups,Wholesale trade,SG01RSC04B01FF1,2014Q1,0.0497916,2850.680
Industry groups,Retail trade,SG01RSC04B01GH1,2014Q1,0.0429001,2415.596
Industry groups,Accommodation services,SG01RSC04B01GH2,2014Q1,0.0187693,1051.074
Industry groups,"Transport, postal, and warehousing",SG01RSC04B01II1,2014Q1,0.0444752,2314.816
Industry groups,Information media and telecommunications,SG01RSC04B01JJ1,2014Q1,0.0277354,1910.165
Industry groups,Financial and insurance services,SG01RSC04B01KK1,2014Q1,0.0526870,3063.791
Industry groups,"Rental, hiring, and real estate services",SG01RSC04B01LL1,2014Q1,0.0692563,3679.975
Industry groups,Ownership of owner-occupied dwellings,SG01RSC04B01LL2,2014Q1,0.0693478,3611.405
Industry groups,"Prof, scientific, and technical services",SG01RSC04B01MN1,2014Q1,0.0763026,4243.299
Industry groups,Administrative and support services,SG01RSC04B01MN2,2014Q1,0.0183964,1019.427
Industry groups,Local Government administration,SG01RSC04B01OO1,2014Q1,0.0046929,275.908
Industry groups,"Central government administration, defence, and public safety",SG01RSC04B01OO2,2014Q1,0.0356736,2029.682
Industry groups,Education and training,SG01RSC04B01PP1,2014Q1,0.0451121,2308.869
Industry groups,Health care and social assistance,SG01RSC04B01QQ1,2014Q1,0.0578754,3214.199
Industry groups,Arts and recreation services,SG01RSC04B01RS1,2014Q1,0.0132798,699.879
Industry groups,Other services,SG01RSC04B01RS2,2014Q1,0.0179775,976.965
Industry groups,"GST, import duties, stamp duty",SG01RSC04B01UZ9,2014Q1,0.0820317,3935.357
Industry groups,Agriculture,SG01RSC04B01AA1,2014Q2,0.0339388,2197.918
Industry groups,Forestry and logging,SG01RSC04B01AA2,2014Q2,0.0053302,359.528
Industry groups,"Fishing, aquaculture and agriculture, forestry and fishing support services",SG01RSC04B01AA3,2014Q2,0.0084782,460.254
Industry groups,Mining,SG01RSC04B01BB1,2014Q2,0.0147590,877.521
Industry groups,"Food, beverage, and tobacco manufacturing",SG01RSC04B01CC1,2014Q2,0.0432728,1778.254
Industry groups,"Textile, leather, clothing, and footwear manufacturing",SG01RSC04B01CC2,2014Q2,0.0027080,170.374
Industry groups,Wood and paper products manufacturing,SG01RSC04B01CC3,2014Q2,0.0075696,477.495
Industry groups,Printing,SG01RSC04B01CC4,2014Q2,0.0028557,164.556
Industry groups,"Petroleum, chemical, polymer, and rubber product manufacturing",SG01RSC04B01CC5,2014Q2,0.0192541,906.499
Industry groups,Non-metallic mineral product manufacturing,SG01RSC04B01CC6,2014Q2,0.0045083,264.528
Industry groups,Metal product manufacturing,SG01RSC04B01CC7,2014Q2,0.0111063,614.762
Industry groups,"Transport equipment, machinery and equipment manufacturing",SG01RSC04B01CC8,2014Q2,0.0167422,953.960
Industry groups,Furniture and other manufacturing,SG01RSC04B01CC9,2014Q2,0.0026420,153.837
Industry groups,"Electricity, gas, water, and waste services",SG01RSC04B01DD1,2014Q2,0.0312614,1587.617
Industry groups,Construction,SG01RSC04B01EE1,2014Q2,0.0578594,3107.713
Industry groups,Wholesale trade,SG01RSC04B01FF1,2014Q2,0.0514346,2918.099
Industry groups,Retail trade,SG01RSC04B01GH1,2014Q2,0.0432178,2442.860
Industry groups,Accommodation services,SG01RSC04B01GH2,2014Q2,0.0197050,1087.076
Industry groups,"Transport, postal, and warehousing",SG01RSC04B01II1,2014Q2,0.0470411,2393.158
Industry groups,Information media and telecommunications,SG01RSC04B01JJ1,2014Q2,0.0271181,1917.201
Industry groups,Financial and insurance services,SG01RSC04B01KK1,2014Q2,0.0556784,3084.796
Industry groups,"Rental, hiring, and real estate services",SG01RSC04B01LL1,2014Q2,0.0680640,3627.859
Industry groups,Ownership of owner-occupied dwellings,SG01RSC04B01LL2,2014Q2,0.0706201,3654.551
Industry groups,"Prof, scientific, and technical services",SG01RSC04B01MN1,2014Q2,0.0765055,4285.789
Industry groups,Administrative and support services,SG01RSC04B01MN2,2014Q2,0.0187625,1095.974
Industry groups,Local Government administration,SG01RSC04B01OO1,2014Q2,0.0047617,280.449
Industry groups,"Central government administration, defence, and public safety",SG01RSC04B01OO2,2014Q2,0.0356951,2057.193
Industry groups,Education and training,SG01RSC04B01PP1,2014Q2,0.0452957,2316.667
Industry groups,Health care and social assistance,SG01RSC04B01QQ1,2014Q2,0.0587541,3229.302
Industry groups,Arts and recreation services,SG01RSC04B01RS1,2014Q2,0.0136729,711.323
Industry groups,Other services,SG01RSC04B01RS2,2014Q2,0.0187665,989.457
Industry groups,"GST, import duties, stamp duty",SG01RSC04B01UZ9,2014Q2,0.0826207,3917.585
Industry groups,Agriculture,SG01RSC04B01AA1,2014Q3,0.0339388,2306.541
Industry groups,Forestry and logging,SG01RSC04B01AA2,2014Q3,0.0053302,343.404
Industry groups,"Fishing, aquaculture and agriculture, forestry and fishing support services",SG01RSC04B01AA3,2014Q3,0.0084782,459.651
Industry groups,Mining,SG01RSC04B01BB1,2014Q3,0.0147590,893.957
Industry groups,"Food, beverage, and tobacco manufacturing",SG01RSC04B01CC1,2014Q3,0.0432728,1752.939
Industry groups,"Textile, leather, clothing, and footwear manufacturing",SG01RSC04B01CC2,2014Q3,0.0027080,174.897
Industry groups,Wood and paper products manufacturing,SG01RSC04B01CC3,2014Q3,0.0075696,500.003
Industry groups,Printing,SG01RSC04B01CC4,2014Q3,0.0028557,157.433
Industry groups,"Petroleum, chemical, polymer, and rubber product manufacturing",SG01RSC04B01CC5,2014Q3,0.0192541,894.563
Industry groups,Non-metallic mineral product manufacturing,SG01RSC04B01CC6,2014Q3,0.0045083,277.129
Industry groups,Metal product manufacturing,SG01RSC04B01CC7,2014Q3,0.0111063,636.860
Industry groups,"Transport equipment, machinery and equipment manufacturing",SG01RSC04B01CC8,2014Q3,0.0167422,978.921
Industry groups,Furniture and other manufacturing,SG01RSC04B01CC9,2014Q3,0.0026420,149.489
Industry groups,"Electricity, gas, water, and waste services",SG01RSC04B01DD1,2014Q3,0.0312614,1621.811
Industry groups,Construction,SG01RSC04B01EE1,2014Q3,0.0578594,3189.020
Industry groups,Wholesale trade,SG01RSC04B01FF1,2014Q3,0.0514346,2889.741
Industry groups,Retail trade,SG01RSC04B01GH1,2014Q3,0.0432178,2489.593
Industry groups,Accommodation services,SG01RSC04B01GH2,2014Q3,0.0197050,1106.427
Industry groups,"Transport, postal, and warehousing",SG01RSC04B01II1,2014Q3,0.0470411,2362.774
Industry groups,Information media and telecommunications,SG01RSC04B01JJ1,2014Q3,0.0271181,1985.833
Industry groups,Financial and insurance services,SG01RSC04B01KK1,2014Q3,0.0556784,3099.017
Industry groups,"Rental, hiring, and real estate services",SG01RSC04B01LL1,2014Q3,0.0680640,3627.740
Industry groups,Ownership of owner-occupied dwellings,SG01RSC04B01LL2,2014Q3,0.0706201,3703.981
Industry groups,"Prof, scientific, and technical services",SG01RSC04B01MN1,2014Q3,0.0765055,4288.944
Industry groups,Administrative and support services,SG01RSC04B01MN2,2014Q3,0.0187625,1024.397
Industry groups,Local Government administration,SG01RSC04B01OO1,2014Q3,0.0047617,284.662
Industry groups,"Central government administration, defence, and public safety",SG01RSC04B01OO2,2014Q3,0.0356951,2077.122
Industry groups,Education and training,SG01RSC04B01PP1,2014Q3,0.0452957,2323.190
Industry groups,Health care and social assistance,SG01RSC04B01QQ1,2014Q3,0.0587541,3286.763
Industry groups,Arts and recreation services,SG01RSC04B01RS1,2014Q3,0.0136729,727.023
Industry groups,Other services,SG01RSC04B01RS2,2014Q3,0.0187665,992.271
Industry groups,"GST, import duties, stamp duty",SG01RSC04B01UZ9,2014Q3,0.0826207,4044.109
Industry groups,Agriculture,SG01RSC04B01AA1,2014Q4,0.0339388,2344.983
Industry groups,Forestry and logging,SG01RSC04B01AA2,2014Q4,0.0053302,360.281
Industry groups,"Fishing, aquaculture and agriculture, forestry and fishing support services",SG01RSC04B01AA3,2014Q4,0.0084782,470.608
Industry groups,Mining,SG01RSC04B01BB1,2014Q4,0.0147590,871.527
Industry groups,"Food, beverage, and tobacco manufacturing",SG01RSC04B01CC1,2014Q4,0.0432728,1807.757
Industry groups,"Textile, leather, clothing, and footwear manufacturing",SG01RSC04B01CC2,2014Q4,0.0027080,164.654
Industry groups,Wood and paper products manufacturing,SG01RSC04B01CC3,2014Q4,0.0075696,478.891
Industry groups,Printing,SG01RSC04B01CC4,2014Q4,0.0028557,164.903
Industry groups,"Petroleum, chemical, polymer, and rubber product manufacturing",SG01RSC04B01CC5,2014Q4,0.0192541,921.068
Industry groups,Non-metallic mineral product manufacturing,SG01RSC04B01CC6,2014Q4,0.0045083,272.336
Industry groups,Metal product manufacturing,SG01RSC04B01CC7,2014Q4,0.0111063,633.076
Industry groups,"Transport equipment, machinery and equipment manufacturing",SG01RSC04B01CC8,2014Q4,0.0167422,991.420
Industry groups,Furniture and other manufacturing,SG01RSC04B01CC9,2014Q4,0.0026420,152.409
Industry groups,"Electricity, gas, water, and waste services",SG01RSC04B01DD1,2014Q4,0.0312614,1625.898
Industry groups,Construction,SG01RSC04B01EE1,2014Q4,0.0578594,3124.109
Industry groups,Wholesale trade,SG01RSC04B01FF1,2014Q4,0.0514346,2904.066
Industry groups,Retail trade,SG01RSC04B01GH1,2014Q4,0.0432178,2536.023
Industry groups,Accommodation services,SG01RSC04B01GH2,2014Q4,0.0197050,1141.292
Industry groups,"Transport, postal, and warehousing",SG01RSC04B01II1,2014Q4,0.0470411,2423.543
Industry groups,Information media and telecommunications,SG01RSC04B01JJ1,2014Q4,0.0271181,2047.424
Industry groups,Financial and insurance services,SG01RSC04B01KK1,2014Q4,0.0556784,3154.792
Industry groups,"Rental, hiring, and real estate services",SG01RSC04B01LL1,2014Q4,0.0680640,3702.477
Industry groups,Ownership of owner-occupied dwellings,SG01RSC04B01LL2,2014Q4,0.0706201,3755.815
Industry groups,"Prof, scientific, and technical services",SG01RSC04B01MN1,2014Q4,0.0765055,4345.071
Industry groups,Administrative and support services,SG01RSC04B01MN2,2014Q4,0.0187625,1047.476
Industry groups,Local Government administration,SG01RSC04B01OO1,2014Q4,0.0047617,287.076
Industry groups,"Central government administration, defence, and public safety",SG01RSC04B01OO2,2014Q4,0.0356951,2102.985
Industry groups,Education and training,SG01RSC04B01PP1,2014Q4,0.0452957,2328.437
Industry groups,Health care and social assistance,SG01RSC04B01QQ1,2014Q4,0.0587541,3289.675
Industry groups,Arts and recreation services,SG01RSC04B01RS1,2014Q4,0.0136729,738.229
Industry groups,Other services,SG01RSC04B01RS2,2014Q4,0.0187665,1004.109
Industry groups,"GST, import duties, stamp duty",SG01RSC04B01UZ9,2014Q4,0.0826207,4035.077
Industry groups,Agriculture,SG01RSC04B01AA1,2015Q1,0.0339388,2314.062
Industry groups,Forestry and logging,SG01RSC04B01AA2,2015Q1,0.0053302,369.163
Industry groups,"Fishing, aquaculture and agriculture, forestry and fishing support services",SG01RSC04B01AA3,2015Q1,0.0084782,471.523
Industry groups,Mining,SG01RSC04B01BB1,2015Q1,0.0147590,815.007
Industry groups,"Food, beverage, and tobacco manufacturing",SG01RSC04B01CC1,2015Q1,0.0432728,1802.412
Industry groups,"Textile, leather, clothing, and footwear manufacturing",SG01RSC04B01CC2,2015Q1,0.0027080,166.582
Industry groups,Wood and paper products manufacturing,SG01RSC04B01CC3,2015Q1,0.0075696,490.182
Industry groups,Printing,SG01RSC04B01CC4,2015Q1,0.0028557,156.001
Industry groups,"Petroleum, chemical, polymer, and rubber product manufacturing",SG01RSC04B01CC5,2015Q1,0.0192541,934.238
Industry groups,Non-metallic mineral product manufacturing,SG01RSC04B01CC6,2015Q1,0.0045083,279.265
Industry groups,Metal product manufacturing,SG01RSC04B01CC7,2015Q1,0.0111063,637.796
Industry groups,"Transport equipment, machinery and equipment manufacturing",SG01RSC04B01CC8,2015Q1,0.0167422,954.457
Industry groups,Furniture and other manufacturing,SG01RSC04B01CC9,2015Q1,0.0026420,156.775
Industry groups,"Electricity, gas, water, and waste services",SG01RSC04B01DD1,2015Q1,0.0312614,1632.303
Industry groups,Construction,SG01RSC04B01EE1,2015Q1,0.0578594,3235.149
Industry groups,Wholesale trade,SG01RSC04B01FF1,2015Q1,0.0514346,2857.497
Industry groups,Retail trade,SG01RSC04B01GH1,2015Q1,0.0432178,2573.131
Industry groups,Accommodation services,SG01RSC04B01GH2,2015Q1,0.0197050,1163.027
Industry groups,"Transport, postal, and warehousing",SG01RSC04B01II1,2015Q1,0.0470411,2498.729
Industry groups,Information media and telecommunications,SG01RSC04B01JJ1,2015Q1,0.0271181,2058.953
Industry groups,Financial and insurance services,SG01RSC04B01KK1,2015Q1,0.0556784,3139.843
Industry groups,"Rental, hiring, and real estate services",SG01RSC04B01LL1,2015Q1,0.0680640,3743.453
Industry groups,Ownership of owner-occupied dwellings,SG01RSC04B01LL2,2015Q1,0.0706201,3773.779
Industry groups,"Prof, scientific, and technical services",SG01RSC04B01MN1,2015Q1,0.0765055,4350.195
Industry groups,Administrative and support services,SG01RSC04B01MN2,2015Q1,0.0187625,1101.012
Industry groups,Local Government administration,SG01RSC04B01OO1,2015Q1,0.0047617,282.419
Industry groups,"Central government administration, defence, and public safety",SG01RSC04B01OO2,2015Q1,0.0356951,2099.970
Industry groups,Education and training,SG01RSC04B01PP1,2015Q1,0.0452957,2332.408
Industry groups,Health care and social assistance,SG01RSC04B01QQ1,2015Q1,0.0587541,3286.992
Industry groups,Arts and recreation services,SG01RSC04B01RS1,2015Q1,0.0136729,770.276
Industry groups,Other services,SG01RSC04B01RS2,2015Q1,0.0187665,1016.495
Industry groups,"GST, import duties, stamp duty",SG01RSC04B01UZ9,2015Q1,0.0826207,4104.344
Industry groups,Agriculture,SG01RSC04B01AA1,2015Q2,0.0301069,2340.193
Industry groups,Forestry and logging,SG01RSC04B01AA2,2015Q2,0.0061061,340.549
Industry groups,"Fishing, aquaculture and agriculture, forestry and fishing support services",SG01RSC04B01AA3,2015Q2,0.0084824,486.241
Industry groups,Mining,SG01RSC04B01BB1,2015Q2,0.0093192,869.610
Industry groups,"Food, beverage, and tobacco manufacturing",SG01RSC04B01CC1,2015Q2,0.0437974,1827.215
Industry groups,"Textile, leather, clothing, and footwear manufacturing",SG01RSC04B01CC2,2015Q2,0.0026257,164.412
Industry groups,Wood and paper products manufacturing,SG01RSC04B01CC3,2015Q2,0.0082587,501.126
Industry groups,Printing,SG01RSC04B01CC4,2015Q2,0.0025676,149.279
Industry groups,"Petroleum, chemical, polymer, and rubber product manufacturing",SG01RSC04B01CC5,2015Q2,0.0207163,932.292
Industry groups,Non-metallic mineral product manufacturing,SG01RSC04B01CC6,2015Q2,0.0043638,274.477
Industry groups,Metal product manufacturing,SG01RSC04B01CC7,2015Q2,0.0107906,646.587
Industry groups,"Transport equipment, machinery and equipment manufacturing",SG01RSC04B01CC8,2015Q2,0.0170532,964.225
Industry groups,Furniture and other manufacturing,SG01RSC04B01CC9,2015Q2,0.0026285,148.824
Industry groups,"Electricity, gas, water, and waste services",SG01RSC04B01DD1,2015Q2,0.0300285,1675.973
Industry groups,Construction,SG01RSC04B01EE1,2015Q2,0.0600585,3279.996
Industry groups,Wholesale trade,SG01RSC04B01FF1,2015Q2,0.0503384,2838.457
Industry groups,Retail trade,SG01RSC04B01GH1,2015Q2,0.0434032,2588.508
Industry groups,Accommodation services,SG01RSC04B01GH2,2015Q2,0.0207666,1149.486
Industry groups,"Transport, postal, and warehousing",SG01RSC04B01II1,2015Q2,0.0486596,2486.983
Industry groups,Information media and telecommunications,SG01RSC04B01JJ1,2015Q2,0.0265562,2159.123
Industry groups,Financial and insurance services,SG01RSC04B01KK1,2015Q2,0.0547046,3143.555
Industry groups,"Rental, hiring, and real estate services",SG01RSC04B01LL1,2015Q2,0.0701573,3794.078
Industry groups,Ownership of owner-occupied dwellings,SG01RSC04B01LL2,2015Q2,0.0708767,3829.021
Industry groups,"Prof, scientific, and technical services",SG01RSC04B01MN1,2015Q2,0.0780692,4393.224
Industry groups,Administrative and support services,SG01RSC04B01MN2,2015Q2,0.0191398,1139.891
Industry groups,Local Government administration,SG01RSC04B01OO1,2015Q2,0.0046993,290.477
Industry groups,"Central government administration, defence, and public safety",SG01RSC04B01OO2,2015Q2,0.0356828,2111.730
Industry groups,Education and training,SG01RSC04B01PP1,2015Q2,0.0447483,2333.491
Industry groups,Health care and social assistance,SG01RSC04B01QQ1,2015Q2,0.0593754,3307.300
Industry groups,Arts and recreation services,SG01RSC04B01RS1,2015Q2,0.0138141,767.460
Industry groups,Other services,SG01RSC04B01RS2,2015Q2,0.0184535,969.033
Industry groups,"GST, import duties, stamp duty",SG01RSC04B01UZ9,2015Q2,0.0836516,4184.120
Industry groups,Agriculture,SG01RSC04B01AA1,2015Q3,0.0301069,2388.783
Industry groups,Forestry and logging,SG01RSC04B01AA2,2015Q3,0.0061061,333.806
Industry groups,"Fishing, aquaculture and agriculture, forestry and fishing support services",SG01RSC04B01AA3,2015Q3,0.0084824,469.770
Industry groups,Mining,SG01RSC04B01BB1,2015Q3,0.0093192,844.707
Industry groups,"Food, beverage, and tobacco manufacturing",SG01RSC04B01CC1,2015Q3,0.0437974,1878.049
Industry groups,"Textile, leather, clothing, and footwear manufacturing",SG01RSC04B01CC2,2015Q3,0.0026257,158.733
Industry groups,Wood and paper products manufacturing,SG01RSC04B01CC3,2015Q3,0.0082587,499.625
Industry groups,Printing,SG01RSC04B01CC4,2015Q3,0.0025676,150.342
Industry groups,"Petroleum, chemical, polymer, and rubber product manufacturing",SG01RSC04B01CC5,2015Q3,0.0207163,906.715
Industry groups,Non-metallic mineral product manufacturing,SG01RSC04B01CC6,2015Q3,0.0043638,272.019
Industry groups,Metal product manufacturing,SG01RSC04B01CC7,2015Q3,0.0107906,650.940
Industry groups,"Transport equipment, machinery and equipment manufacturing",SG01RSC04B01CC8,2015Q3,0.0170532,983.004
Industry groups,Furniture and other manufacturing,SG01RSC04B01CC9,2015Q3,0.0026285,162.210
Industry groups,"Electricity, gas, water, and waste services",SG01RSC04B01DD1,2015Q3,0.0300285,1688.812
Industry groups,Construction,SG01RSC04B01EE1,2015Q3,0.0600585,3315.845
Industry groups,Wholesale trade,SG01RSC04B01FF1,2015Q3,0.0503384,2880.617
Industry groups,Retail trade,SG01RSC04B01GH1,2015Q3,0.0434032,2635.166
Industry groups,Accommodation services,SG01RSC04B01GH2,2015Q3,0.0207666,1173.887
Industry groups,"Transport, postal, and warehousing",SG01RSC04B01II1,2015Q3,0.0486596,2536.605
Industry groups,Information media and telecommunications,SG01RSC04B01JJ1,2015Q3,0.0265562,2161.804
Industry groups,Financial and insurance services,SG01RSC04B01KK1,2015Q3,0.0547046,3174.042
Industry groups,"Rental, hiring, and real estate services",SG01RSC04B01LL1,2015Q3,0.0701573,3882.310
Industry groups,Ownership of owner-occupied dwellings,SG01RSC04B01LL2,2015Q3,0.0708767,3886.615
Industry groups,"Prof, scientific, and technical services",SG01RSC04B01MN1,2015Q3,0.0780692,4503.564
Industry groups,Administrative and support services,SG01RSC04B01MN2,2015Q3,0.0191398,1104.534
Industry groups,Local Government administration,SG01RSC04B01OO1,2015Q3,0.0046993,289.590
Industry groups,"Central government administration, defence, and public safety",SG01RSC04B01OO2,2015Q3,0.0356828,2136.390
Industry groups,Education and training,SG01RSC04B01PP1,2015Q3,0.0447483,2335.794
Industry groups,Health care and social assistance,SG01RSC04B01QQ1,2015Q3,0.0593754,3287.470
Industry groups,Arts and recreation services,SG01RSC04B01RS1,2015Q3,0.0138141,761.590
Industry groups,Other services,SG01RSC04B01RS2,2015Q3,0.0184535,964.927
Industry groups,"GST, import duties, stamp duty",SG01RSC04B01UZ9,2015Q3,0.0836516,4219.319
Industry groups,Agriculture,SG01RSC04B01AA1,2015Q4,0.0301069,2388.766
Industry groups,Forestry and logging,SG01RSC04B01AA2,2015Q4,0.0061061,343.210
Industry groups,"Fishing, aquaculture and agriculture, forestry and fishing support services",SG01RSC04B01AA3,2015Q4,0.0084824,481.972
Industry groups,Mining,SG01RSC04B01BB1,2015Q4,0.0093192,799.923
Industry groups,"Food, beverage, and tobacco manufacturing",SG01RSC04B01CC1,2015Q4,0.0437974,1868.746
Industry groups,"Textile, leather, clothing, and footwear manufacturing",SG01RSC04B01CC2,2015Q4,0.0026257,162.434
Industry groups,Wood and paper products manufacturing,SG01RSC04B01CC3,2015Q4,0.0082587,525.891
Industry groups,Printing,SG01RSC04B01CC4,2015Q4,0.0025676,143.150
Industry groups,"Petroleum, chemical, polymer, and rubber product manufacturing",SG01RSC04B01CC5,2015Q4,0.0207163,927.958
Industry groups,Non-metallic mineral product manufacturing,SG01RSC04B01CC6,2015Q4,0.0043638,288.112
Industry groups,Metal product manufacturing,SG01RSC04B01CC7,2015Q4,0.0107906,652.707
Industry groups,"Transport equipment, machinery and equipment manufacturing",SG01RSC04B01CC8,2015Q4,0.0170532,1009.584
Industry groups,Furniture and other manufacturing,SG01RSC04B01CC9,2015Q4,0.0026285,160.588
Industry groups,"Electricity, gas, water, and waste services",SG01RSC04B01DD1,2015Q4,0.0300285,1701.792
Industry groups,Construction,SG01RSC04B01EE1,2015Q4,0.0600585,3393.796
Industry groups,Wholesale trade,SG01RSC04B01FF1,2015Q4,0.0503384,2885.008
Industry groups,Retail trade,SG01RSC04B01GH1,2015Q4,0.0434032,2670.683
Industry groups,Accommodation services,SG01RSC04B01GH2,2015Q4,0.0207666,1197.466
Industry groups,"Transport, postal, and warehousing",SG01RSC04B01II1,2015Q4,0.0486596,2547.532
Industry groups,Information media and telecommunications,SG01RSC04B01JJ1,2015Q4,0.0265562,2186.263
Industry groups,Financial and insurance services,SG01RSC04B01KK1,2015Q4,0.0547046,3212.307
Industry groups,"Rental, hiring, and real estate services",SG01RSC04B01LL1,2015Q4,0.0701573,3922.722
Industry groups,Ownership of owner-occupied dwellings,SG01RSC04B01LL2,2015Q4,0.0708767,3912.083
Industry groups,"Prof, scientific, and technical services",SG01RSC04B01MN1,2015Q4,0.0780692,4582.765
Industry groups,Administrative and support services,SG01RSC04B01MN2,2015Q4,0.0191398,1115.308
Industry groups,Local Government administration,SG01RSC04B01OO1,2015Q4,0.0046993,290.857
Industry groups,"Central government administration, defence, and public safety",SG01RSC04B01OO2,2015Q4,0.0356828,2164.986
Industry groups,Education and training,SG01RSC04B01PP1,2015Q4,0.0447483,2339.318
Industry groups,Health care and social assistance,SG01RSC04B01QQ1,2015Q4,0.0593754,3324.512
Industry groups,Arts and recreation services,SG01RSC04B01RS1,2015Q4,0.0138141,803.148
Industry groups,Other services,SG01RSC04B01RS2,2015Q4,0.0184535,972.633
Industry groups,"GST, import duties, stamp duty",SG01RSC04B01UZ9,2015Q4,0.0836516,4276.624
Industry groups,Agriculture,SG01RSC04B01AA1,2016Q1,0.0301069,2402.436
Industry groups,Forestry and logging,SG01RSC04B01AA2,2016Q1,0.0061061,356.700
Industry groups,"Fishing, aquaculture and agriculture, forestry and fishing support services",SG01RSC04B01AA3,2016Q1,0.0084824,491.810
Industry groups,Mining,SG01RSC04B01BB1,2016Q1,0.0093192,783.000
Industry groups,"Food, beverage, and tobacco manufacturing",SG01RSC04B01CC1,2016Q1,0.0437974,1859.182
Industry groups,"Textile, leather, clothing, and footwear manufacturing",SG01RSC04B01CC2,2016Q1,0.0026257,166.033
Industry groups,Wood and paper products manufacturing,SG01RSC04B01CC3,2016Q1,0.0082587,521.337
Industry groups,Printing,SG01RSC04B01CC4,2016Q1,0.0025676,148.388
Industry groups,"Petroleum, chemical, polymer, and rubber product manufacturing",SG01RSC04B01CC5,2016Q1,0.0207163,941.131
Industry groups,Non-metallic mineral product manufacturing,SG01RSC04B01CC6,2016Q1,0.0043638,276.154
Industry groups,Metal product manufacturing,SG01RSC04B01CC7,2016Q1,0.0107906,649.309
Industry groups,"Transport equipment, machinery and equipment manufacturing",SG01RSC04B01CC8,2016Q1,0.0170532,1016.479
Industry groups,Furniture and other manufacturing,SG01RSC04B01CC9,2016Q1,0.0026285,156.593
Industry groups,"Electricity, gas, water, and waste services",SG01RSC04B01DD1,2016Q1,0.0300285,1706.416
Industry groups,Construction,SG01RSC04B01EE1,2016Q1,0.0600585,3538.707
Industry groups,Wholesale trade,SG01RSC04B01FF1,2016Q1,0.0503384,2884.853
Industry groups,Retail trade,SG01RSC04B01GH1,2016Q1,0.0434032,2708.027
Industry groups,Accommodation services,SG01RSC04B01GH2,2016Q1,0.0207666,1211.901
Industry groups,"Transport, postal, and warehousing",SG01RSC04B01II1,2016Q1,0.0486596,2604.359
Industry groups,Information media and telecommunications,SG01RSC04B01JJ1,2016Q1,0.0265562,2176.126
Industry groups,Financial and insurance services,SG01RSC04B01KK1,2016Q1,0.0547046,3214.056
Industry groups,"Rental, hiring, and real estate services",SG01RSC04B01LL1,2016Q1,0.0701573,4025.718
Industry groups,Ownership of owner-occupied dwellings,SG01RSC04B01LL2,2016Q1,0.0708767,3938.274
Industry groups,"Prof, scientific, and technical services",SG01RSC04B01MN1,2016Q1,0.0780692,4663.557
Industry groups,Administrative and support services,SG01RSC04B01MN2,2016Q1,0.0191398,1190.288
Industry groups,Local Government administration,SG01RSC04B01OO1,2016Q1,0.0046993,295.658
Industry groups,"Central government administration, defence, and public safety",SG01RSC04B01OO2,2016Q1,0.0356828,2178.090
Industry groups,Education and training,SG01RSC04B01PP1,2016Q1,0.0447483,2344.061
Industry groups,Health care and social assistance,SG01RSC04B01QQ1,2016Q1,0.0593754,3396.889
Industry groups,Arts and recreation services,SG01RSC04B01RS1,2016Q1,0.0138141,781.935
Industry groups,Other services,SG01RSC04B01RS2,2016Q1,0.0184535,979.982
Industry groups,"GST, import duties, stamp duty",SG01RSC04B01UZ9,2016Q1,0.0836516,4301.994
Industry groups,Agriculture,SG01RSC04B01AA1,2016Q2,0.0409216,2432.877
Industry groups,Forestry and logging,SG01RSC04B01AA2,2016Q2,0.0062605,349.437
Industry groups,"Fishing, aquaculture and agriculture, forestry and fishing support services",SG01RSC04B01AA3,2016Q2,0.0083001,493.177
Industry groups,Mining,SG01RSC04B01BB1,2016Q2,0.0091570,761.436
Industry groups,"Food, beverage, and tobacco manufacturing",SG01RSC04B01CC1,2016Q2,0.0335765,1859.762
Industry groups,"Textile, leather, clothing, and footwear manufacturing",SG01RSC04B01CC2,2016Q2,0.0026920,150.744
Industry groups,Wood and paper products manufacturing,SG01RSC04B01CC3,2016Q2,0.0079817,529.391
Industry groups,Printing,SG01RSC04B01CC4,2016Q2,0.0026405,156.542
Industry groups,"Petroleum, chemical, polymer, and rubber product manufacturing",SG01RSC04B01CC5,2016Q2,0.0189476,923.449
Industry groups,Non-metallic mineral product manufacturing,SG01RSC04B01CC6,2016Q2,0.0041962,289.958
Industry groups,Metal product manufacturing,SG01RSC04B01CC7,2016Q2,0.0110465,658.754
Industry groups,"Transport equipment, machinery and equipment manufacturing",SG01RSC04B01CC8,2016Q2,0.0169540,1026.007
Industry groups,Furniture and other manufacturing,SG01RSC04B01CC9,2016Q2,0.0028688,172.417
Industry groups,"Electricity, gas, water, and waste services",SG01RSC04B01DD1,2016Q2,0.0290215,1694.631
Industry groups,Construction,SG01RSC04B01EE1,2016Q2,0.0628260,3610.208
Industry groups,Wholesale trade,SG01RSC04B01FF1,2016Q2,0.0473289,2911.414
Industry groups,Retail trade,SG01RSC04B01GH1,2016Q2,0.0453115,2754.023
Industry groups,Accommodation services,SG01RSC04B01GH2,2016Q2,0.0222650,1217.404
Industry groups,"Transport, postal, and warehousing",SG01RSC04B01II1,2016Q2,0.0448203,2572.527
Industry groups,Information media and telecommunications,SG01RSC04B01JJ1,2016Q2,0.0248750,2136.189
Industry groups,Financial and insurance services,SG01RSC04B01KK1,2016Q2,0.0534309,3234.505
Industry groups,"Rental, hiring, and real estate services",SG01RSC04B01LL1,2016Q2,0.0725422,4058.609
Industry groups,Ownership of owner-occupied dwellings,SG01RSC04B01LL2,2016Q2,0.0710809,4006.928
Industry groups,"Prof, scientific, and technical services",SG01RSC04B01MN1,2016Q2,0.0802874,4758.212
Industry groups,Administrative and support services,SG01RSC04B01MN2,2016Q2,0.0196384,1185.021
Industry groups,Local Government administration,SG01RSC04B01OO1,2016Q2,0.0048437,297.430
Industry groups,"Central government administration, defence, and public safety",SG01RSC04B01OO2,2016Q2,0.0352841,2157.966
Industry groups,Education and training,SG01RSC04B01PP1,2016Q2,0.0439311,2349.566
Industry groups,Health care and social assistance,SG01RSC04B01QQ1,2016Q2,0.0586049,3450.112
Industry groups,Arts and recreation services,SG01RSC04B01RS1,2016Q2,0.0132947,775.245
Industry groups,Other services,SG01RSC04B01RS2,2016Q2,0.0188085,993.140
Industry groups,"GST, import duties, stamp duty",SG01RSC04B01UZ9,2016Q2,0.0862621,4404.542
Industry groups,Agriculture,SG01RSC04B01AA1,2016Q3,0.0409216,2334.422
Industry groups,Forestry and logging,SG01RSC04B01AA2,2016Q3,0.0062605,371.945
Industry groups,"Fishing, aquaculture and agriculture, forestry and fishing support services",SG01RSC04B01AA3,2016Q3,0.0083001,502.805
Industry groups,Mining,SG01RSC04B01BB1,2016Q3,0.0091570,766.992
Industry groups,"Food, beverage, and tobacco manufacturing",SG01RSC04B01CC1,2016Q3,0.0335765,1883.906
Industry groups,"Textile, leather, clothing, and footwear manufacturing",SG01RSC04B01CC2,2016Q3,0.0026920,146.310
Industry groups,Wood and paper products manufacturing,SG01RSC04B01CC3,2016Q3,0.0079817,526.549
Industry groups,Printing,SG01RSC04B01CC4,2016Q3,0.0026405,151.473
Industry groups,"Petroleum, chemical, polymer, and rubber product manufacturing",SG01RSC04B01CC5,2016Q3,0.0189476,1011.234
Industry groups,Non-metallic mineral product manufacturing,SG01RSC04B01CC6,2016Q3,0.0041962,278.429
Industry groups,Metal product manufacturing,SG01RSC04B01CC7,2016Q3,0.0110465,654.524
Industry groups,"Transport equipment, machinery and equipment manufacturing",SG01RSC04B01CC8,2016Q3,0.0169540,1056.065
Industry groups,Furniture and other manufacturing,SG01RSC04B01CC9,2016Q3,0.0028688,176.071
Industry groups,"Electricity, gas, water, and waste services",SG01RSC04B01DD1,2016Q3,0.0290215,1701.177
Industry groups,Construction,SG01RSC04B01EE1,2016Q3,0.0628260,3621.992
Industry groups,Wholesale trade,SG01RSC04B01FF1,2016Q3,0.0473289,2947.671
Industry groups,Retail trade,SG01RSC04B01GH1,2016Q3,0.0453115,2775.028
Industry groups,Accommodation services,SG01RSC04B01GH2,2016Q3,0.0222650,1255.449
Industry groups,"Transport, postal, and warehousing",SG01RSC04B01II1,2016Q3,0.0448203,2650.344
Industry groups,Information media and telecommunications,SG01RSC04B01JJ1,2016Q3,0.0248750,2092.765
Industry groups,Financial and insurance services,SG01RSC04B01KK1,2016Q3,0.0534309,3259.600
Industry groups,"Rental, hiring, and real estate services",SG01RSC04B01LL1,2016Q3,0.0725422,4074.601
Industry groups,Ownership of owner-occupied dwellings,SG01RSC04B01LL2,2016Q3,0.0710809,4083.829
Industry groups,"Prof, scientific, and technical services",SG01RSC04B01MN1,2016Q3,0.0802874,4830.433
Industry groups,Administrative and support services,SG01RSC04B01MN2,2016Q3,0.0196384,1202.473
Industry groups,Local Government administration,SG01RSC04B01OO1,2016Q3,0.0048437,302.817
Industry groups,"Central government administration, defence, and public safety",SG01RSC04B01OO2,2016Q3,0.0352841,2187.844
Industry groups,Education and training,SG01RSC04B01PP1,2016Q3,0.0439311,2354.030
Industry groups,Health care and social assistance,SG01RSC04B01QQ1,2016Q3,0.0586049,3462.456
Industry groups,Arts and recreation services,SG01RSC04B01RS1,2016Q3,0.0132947,760.630
Industry groups,Other services,SG01RSC04B01RS2,2016Q3,0.0188085,1014.369
Industry groups,"GST, import duties, stamp duty",SG01RSC04B01UZ9,2016Q3,0.0862621,4444.508
Industry groups,Agriculture,SG01RSC04B01AA1,2016Q4,0.0409216,2332.139
Industry groups,Forestry and logging,SG01RSC04B01AA2,2016Q4,0.0062605,349.163
Industry groups,"Fishing, aquaculture and agriculture, forestry and fishing support services",SG01RSC04B01AA3,2016Q4,0.0083001,494.750
Industry groups,Mining,SG01RSC04B01BB1,2016Q4,0.0091570,745.588
Industry groups,"Food, beverage, and tobacco manufacturing",SG01RSC04B01CC1,2016Q4,0.0335765,1826.378
Industry groups,"Textile, leather, clothing, and footwear manufacturing",SG01RSC04B01CC2,2016Q4,0.0026920,143.098
Industry groups,Wood and paper products manufacturing,SG01RSC04B01CC3,2016Q4,0.0079817,516.920
Industry groups,Printing,SG01RSC04B01CC4,2016Q4,0.0026405,156.685
Industry groups,"Petroleum, chemical, polymer, and rubber product manufacturing",SG01RSC04B01CC5,2016Q4,0.0189476,1007.821
Industry groups,Non-metallic mineral product manufacturing,SG01RSC04B01CC6,2016Q4,0.0041962,274.210
Industry groups,Metal product manufacturing,SG01RSC04B01CC7,2016Q4,0.0110465,677.968
Industry groups,"Transport equipment, machinery and equipment manufacturing",SG01RSC04B01CC8,2016Q4,0.0169540,1045.819
Industry groups,Furniture and other manufacturing,SG01RSC04B01CC9,2016Q4,0.0028688,182.039
Industry groups,"Electricity, gas, water, and waste services",SG01RSC04B01DD1,2016Q4,0.0290215,1679.821
Industry groups,Construction,SG01RSC04B01EE1,2016Q4,0.0628260,3679.729
Industry groups,Wholesale trade,SG01RSC04B01FF1,2016Q4,0.0473289,2947.845
Industry groups,Retail trade,SG01RSC04B01GH1,2016Q4,0.0453115,2795.762
Industry groups,Accommodation services,SG01RSC04B01GH2,2016Q4,0.0222650,1261.191
Industry groups,"Transport, postal, and warehousing",SG01RSC04B01II1,2016Q4,0.0448203,2624.539
Industry groups,Information media and telecommunications,SG01RSC04B01JJ1,2016Q4,0.0248750,2064.461
Industry groups,Financial and insurance services,SG01RSC04B01KK1,2016Q4,0.0534309,3308.687
Industry groups,"Rental, hiring, and real estate services",SG01RSC04B01LL1,2016Q4,0.0725422,4078.341
Industry groups,Ownership of owner-occupied dwellings,SG01RSC04B01LL2,2016Q4,0.0710809,4152.900
Industry groups,"Prof, scientific, and technical services",SG01RSC04B01MN1,2016Q4,0.0802874,4867.851
Industry groups,Administrative and support services,SG01RSC04B01MN2,2016Q4,0.0196384,1238.851
Industry groups,Local Government administration,SG01RSC04B01OO1,2016Q4,0.0048437,303.952
Industry groups,"Central government administration, defence, and public safety",SG01RSC04B01OO2,2016Q4,0.0352841,2186.668
Industry groups,Education and training,SG01RSC04B01PP1,2016Q4,0.0439311,2357.453
Industry groups,Health care and social assistance,SG01RSC04B01QQ1,2016Q4,0.0586049,3506.544
Industry groups,Arts and recreation services,SG01RSC04B01RS1,2016Q4,0.0132947,823.973
Industry groups,Other services,SG01RSC04B01RS2,2016Q4,0.0188085,1068.264
Industry groups,"GST, import duties, stamp duty",SG01RSC04B01UZ9,2016Q4,0.0862621,4436.242
Industry groups,Agriculture,SG01RSC04B01AA1,2017Q1,0.0409216,2397.675
Industry groups,Forestry and logging,SG01RSC04B01AA2,2017Q1,0.0062605,357.471
Industry groups,"Fishing, aquaculture and agriculture, forestry and fishing support services",SG01RSC04B01AA3,2017Q1,0.0083001,496.091
Industry groups,Mining,SG01RSC04B01BB1,2017Q1,0.0091570,731.162
Industry groups,"Food, beverage, and tobacco manufacturing",SG01RSC04B01CC1,2017Q1,0.0335765,1830.346
Industry groups,"Textile, leather, clothing, and footwear manufacturing",SG01RSC04B01CC2,2017Q1,0.0026920,148.575
Industry groups,Wood and paper products manufacturing,SG01RSC04B01CC3,2017Q1,0.0079817,525.986
Industry groups,Printing,SG01RSC04B01CC4,2017Q1,0.0026405,147.494
Industry groups,"Petroleum, chemical, polymer, and rubber product manufacturing",SG01RSC04B01CC5,2017Q1,0.0189476,983.742
Industry groups,Non-metallic mineral product manufacturing,SG01RSC04B01CC6,2017Q1,0.0041962,270.886
Industry groups,Metal product manufacturing,SG01RSC04B01CC7,2017Q1,0.0110465,668.494
Industry groups,"Transport equipment, machinery and equipment manufacturing",SG01RSC04B01CC8,2017Q1,0.0169540,1091.012
Industry groups,Furniture and other manufacturing,SG01RSC04B01CC9,2017Q1,0.0028688,177.482
Industry groups,"Electricity, gas, water, and waste services",SG01RSC04B01DD1,2017Q1,0.0290215,1694.569
Industry groups,Construction,SG01RSC04B01EE1,2017Q1,0.0628260,3706.223
Industry groups,Wholesale trade,SG01RSC04B01FF1,2017Q1,0.0473289,2993.134
Industry groups,Retail trade,SG01RSC04B01GH1,2017Q1,0.0453115,2856.726
Industry groups,Accommodation services,SG01RSC04B01GH2,2017Q1,0.0222650,1295.751
Industry groups,"Transport, postal, and warehousing",SG01RSC04B01II1,2017Q1,0.0448203,2593.284
Industry groups,Information media and telecommunications,SG01RSC04B01JJ1,2017Q1,0.0248750,2066.029
Industry groups,Financial and insurance services,SG01RSC04B01KK1,2017Q1,0.0534309,3322.503
Industry groups,"Rental, hiring, and real estate services",SG01RSC04B01LL1,2017Q1,0.0725422,4118.664
Industry groups,Ownership of owner-occupied dwellings,SG01RSC04B01LL2,2017Q1,0.0710809,4200.379
Industry groups,"Prof, scientific, and technical services",SG01RSC04B01MN1,2017Q1,0.0802874,4985.826
Industry groups,Administrative and support services,SG01RSC04B01MN2,2017Q1,0.0196384,1245.938
Industry groups,Local Government administration,SG01RSC04B01OO1,2017Q1,0.0048437,306.286
Industry groups,"Central government administration, defence, and public safety",SG01RSC04B01OO2,2017Q1,0.0352841,2220.993
Industry groups,Education and training,SG01RSC04B01PP1,2017Q1,0.0439311,2359.835
Industry groups,Health care and social assistance,SG01RSC04B01QQ1,2017Q1,0.0586049,3540.443
Industry groups,Arts and recreation services,SG01RSC04B01RS1,2017Q1,0.0132947,785.623
Industry groups,Other services,SG01RSC04B01RS2,2017Q1,0.0188085,1076.161
Industry groups,"GST, import duties, stamp duty",SG01RSC04B01UZ9,2017Q1,0.0862621,4511.888
Industry groups,Agriculture,SG01RSC04B01AA1,2017Q2,0.0433782,2207.825
Industry groups,Forestry and logging,SG01RSC04B01AA2,2017Q2,0.0072225,391.786
Industry groups,"Fishing, aquaculture and agriculture, forestry and fishing support services",SG01RSC04B01AA3,2017Q2,0.0085539,514.767
Industry groups,Mining,SG01RSC04B01BB1,2017Q2,0.0097584,714.127
Industry groups,"Food, beverage, and tobacco manufacturing",SG01RSC04B01CC1,2017Q2,0.0368940,1941.428
Industry groups,"Textile, leather, clothing, and footwear manufacturing",SG01RSC04B01CC2,2017Q2,0.0023279,143.666
Industry groups,Wood and paper products manufacturing,SG01RSC04B01CC3,2017Q2,0.0078908,523.477
Industry groups,Printing,SG01RSC04B01CC4,2017Q2,0.0023269,144.122
Industry groups,"Petroleum, chemical, polymer, and rubber product manufacturing",SG01RSC04B01CC5,2017Q2,0.0184108,1007.170
Industry groups,Non-metallic mineral product manufacturing,SG01RSC04B01CC6,2017Q2,0.0040522,269.684
Industry groups,Metal product manufacturing,SG01RSC04B01CC7,2017Q2,0.0107298,667.111
Industry groups,"Transport equipment, machinery and equipment manufacturing",SG01RSC04B01CC8,2017Q2,0.0167471,1054.727
Industry groups,Furniture and other manufacturing,SG01RSC04B01CC9,2017Q2,0.0026193,168.935
Industry groups,"Electricity, gas, water, and waste services",SG01RSC04B01DD1,2017Q2,0.0275130,1668.328
Industry groups,Construction,SG01RSC04B01EE1,2017Q2,0.0662705,3814.612
Industry groups,Wholesale trade,SG01RSC04B01FF1,2017Q2,0.0481019,3023.596
Industry groups,Retail trade,SG01RSC04B01GH1,2017Q2,0.0443915,2877.819
Industry groups,Accommodation services,SG01RSC04B01GH2,2017Q2,0.0218880,1341.523
Industry groups,"Transport, postal, and warehousing",SG01RSC04B01II1,2017Q2,0.0436178,2644.354
Industry groups,Information media and telecommunications,SG01RSC04B01JJ1,2017Q2,0.0230166,2069.909
Industry groups,Financial and insurance services,SG01RSC04B01KK1,2017Q2,0.0560180,3379.311
Industry groups,"Rental, hiring, and real estate services",SG01RSC04B01LL1,2017Q2,0.0706583,4105.964
Industry groups,Ownership of owner-occupied dwellings,SG01RSC04B01LL2,2017Q2,0.0714521,4288.678
Industry groups,"Prof, scientific, and technical services",SG01RSC04B01MN1,2017Q2,0.0805040,5011.980
Industry groups,Administrative and support services,SG01RSC04B01MN2,2017Q2,0.0197094,1277.485
Industry groups,Local Government administration,SG01RSC04B01OO1,2017Q2,0.0047435,308.825
Industry groups,"Central government administration, defence, and public safety",SG01RSC04B01OO2,2017Q2,0.0348700,2267.167
Industry groups,Education and training,SG01RSC04B01PP1,2017Q2,0.0422132,2363.047
Industry groups,Health care and social assistance,SG01RSC04B01QQ1,2017Q2,0.0574945,3541.334
Industry groups,Arts and recreation services,SG01RSC04B01RS1,2017Q2,0.0134446,789.867
Industry groups,Other services,SG01RSC04B01RS2,2017Q2,0.0182907,1068.402
Industry groups,"GST, import duties, stamp duty",SG01RSC04B01UZ9,2017Q2,0.0848905,4508.086
Industry groups,Agriculture,SG01RSC04B01AA1,2017Q3,0.0433782,2157.900
Industry groups,Forestry and logging,SG01RSC04B01AA2,2017Q3,0.0072225,393.444
Industry groups,"Fishing, aquaculture and agriculture, forestry and fishing support services",SG01RSC04B01AA3,2017Q3,0.0085539,530.173
Industry groups,Mining,SG01RSC04B01BB1,2017Q3,0.0097584,720.973
Industry groups,"Food, beverage, and tobacco manufacturing",SG01RSC04B01CC1,2017Q3,0.0368940,1875.279
Industry groups,"Textile, leather, clothing, and footwear manufacturing",SG01RSC04B01CC2,2017Q3,0.0023279,145.069
Industry groups,Wood and paper products manufacturing,SG01RSC04B01CC3,2017Q3,0.0078908,537.897
Industry groups,Printing,SG01RSC04B01CC4,2017Q3,0.0023269,152.453
Industry groups,"Petroleum, chemical, polymer, and rubber product manufacturing",SG01RSC04B01CC5,2017Q3,0.0184108,993.171
Industry groups,Non-metallic mineral product manufacturing,SG01RSC04B01CC6,2017Q3,0.0040522,279.872
Industry groups,Metal product manufacturing,SG01RSC04B01CC7,2017Q3,0.0107298,667.470
Industry groups,"Transport equipment, machinery and equipment manufacturing",SG01RSC04B01CC8,2017Q3,0.0167471,1157.942
Industry groups,Furniture and other manufacturing,SG01RSC04B01CC9,2017Q3,0.0026193,169.563
Industry groups,"Electricity, gas, water, and waste services",SG01RSC04B01DD1,2017Q3,0.0275130,1651.862
Industry groups,Construction,SG01RSC04B01EE1,2017Q3,0.0662705,4016.251
Industry groups,Wholesale trade,SG01RSC04B01FF1,2017Q3,0.0481019,3034.197
Industry groups,Retail trade,SG01RSC04B01GH1,2017Q3,0.0443915,2903.565
Industry groups,Accommodation services,SG01RSC04B01GH2,2017Q3,0.0218880,1323.363
Industry groups,"Transport, postal, and warehousing",SG01RSC04B01II1,2017Q3,0.0436178,2657.008
Industry groups,Information media and telecommunications,SG01RSC04B01JJ1,2017Q3,0.0230166,2094.985
Industry groups,Financial and insurance services,SG01RSC04B01KK1,2017Q3,0.0560180,3415.301
Industry groups,"Rental, hiring, and real estate services",SG01RSC04B01LL1,2017Q3,0.0706583,4056.344
Industry groups,Ownership of owner-occupied dwellings,SG01RSC04B01LL2,2017Q3,0.0714521,4338.864
Industry groups,"Prof, scientific, and technical services",SG01RSC04B01MN1,2017Q3,0.0805040,5106.835
Industry groups,Administrative and support services,SG01RSC04B01MN2,2017Q3,0.0197094,1250.929
Industry groups,Local Government administration,SG01RSC04B01OO1,2017Q3,0.0047435,308.589
Industry groups,"Central government administration, defence, and public safety",SG01RSC04B01OO2,2017Q3,0.0348700,2266.425
Industry groups,Education and training,SG01RSC04B01PP1,2017Q3,0.0422132,2368.425
Industry groups,Health care and social assistance,SG01RSC04B01QQ1,2017Q3,0.0574945,3591.864
Industry groups,Arts and recreation services,SG01RSC04B01RS1,2017Q3,0.0134446,829.734
Industry groups,Other services,SG01RSC04B01RS2,2017Q3,0.0182907,1088.679
Industry groups,"GST, import duties, stamp duty",SG01RSC04B01UZ9,2017Q3,0.0848905,4560.696
Industry groups,Agriculture,SG01RSC04B01AA1,2017Q4,0.0433782,2131.811
Industry groups,Forestry and logging,SG01RSC04B01AA2,2017Q4,0.0072225,413.288
Industry groups,"Fishing, aquaculture and agriculture, forestry and fishing support services",SG01RSC04B01AA3,2017Q4,0.0085539,540.789
Industry groups,Mining,SG01RSC04B01BB1,2017Q4,0.0097584,761.779
Industry groups,"Food, beverage, and tobacco manufacturing",SG01RSC04B01CC1,2017Q4,0.0368940,1878.708
Industry groups,"Textile, leather, clothing, and footwear manufacturing",SG01RSC04B01CC2,2017Q4,0.0023279,164.051
Industry groups,Wood and paper products manufacturing,SG01RSC04B01CC3,2017Q4,0.0078908,537.855
Industry groups,Printing,SG01RSC04B01CC4,2017Q4,0.0023269,147.284
Industry groups,"Petroleum, chemical, polymer, and rubber product manufacturing",SG01RSC04B01CC5,2017Q4,0.0184108,993.954
Industry groups,Non-metallic mineral product manufacturing,SG01RSC04B01CC6,2017Q4,0.0040522,286.747
Industry groups,Metal product manufacturing,SG01RSC04B01CC7,2017Q4,0.0107298,653.596
Industry groups,"Transport equipment, machinery and equipment manufacturing",SG01RSC04B01CC8,2017Q4,0.0167471,1097.807
Industry groups,Furniture and other manufacturing,SG01RSC04B01CC9,2017Q4,0.0026193,169.371
Industry groups,"Electricity, gas, water, and waste services",SG01RSC04B01DD1,2017Q4,0.0275130,1672.570
Industry groups,Construction,SG01RSC04B01EE1,2017Q4,0.0662705,4054.814
Industry groups,Wholesale trade,SG01RSC04B01FF1,2017Q4,0.0481019,3118.530
Industry groups,Retail trade,SG01RSC04B01GH1,2017Q4,0.0443915,2948.790
Industry groups,Accommodation services,SG01RSC04B01GH2,2017Q4,0.0218880,1322.300
Industry groups,"Transport, postal, and warehousing",SG01RSC04B01II1,2017Q4,0.0436178,2693.693
Industry groups,Information media and telecommunications,SG01RSC04B01JJ1,2017Q4,0.0230166,2128.333
Industry groups,Financial and insurance services,SG01RSC04B01KK1,2017Q4,0.0560180,3543.851
Industry groups,"Rental, hiring, and real estate services",SG01RSC04B01LL1,2017Q4,0.0706583,4079.585
Industry groups,Ownership of owner-occupied dwellings,SG01RSC04B01LL2,2017Q4,0.0714521,4380.295
Industry groups,"Prof, scientific, and technical services",SG01RSC04B01MN1,2017Q4,0.0805040,5158.188
Industry groups,Administrative and support services,SG01RSC04B01MN2,2017Q4,0.0197094,1293.887
Industry groups,Local Government administration,SG01RSC04B01OO1,2017Q4,0.0047435,308.067
Industry groups,"Central government administration, defence, and public safety",SG01RSC04B01OO2,2017Q4,0.0348700,2291.011
Industry groups,Education and training,SG01RSC04B01PP1,2017Q4,0.0422132,2375.970
Industry groups,Health care and social assistance,SG01RSC04B01QQ1,2017Q4,0.0574945,3599.682
Industry groups,Arts and recreation services,SG01RSC04B01RS1,2017Q4,0.0134446,882.494
Industry groups,Other services,SG01RSC04B01RS2,2017Q4,0.0182907,1084.709
Industry groups,"GST, import duties, stamp duty",SG01RSC04B01UZ9,2017Q4,0.0848905,4685.039
Industry groups,Agriculture,SG01RSC04B01AA1,2018Q1,0.0433782,2184.858
Industry groups,Forestry and logging,SG01RSC04B01AA2,2018Q1,0.0072225,399.406
Industry groups,"Fishing, aquaculture and agriculture, forestry and fishing support services",SG01RSC04B01AA3,2018Q1,0.0085539,543.944
Industry groups,Mining,SG01RSC04B01BB1,2018Q1,0.0097584,722.326
Industry groups,"Food, beverage, and tobacco manufacturing",SG01RSC04B01CC1,2018Q1,0.0368940,1871.891
Industry groups,"Textile, leather, clothing, and footwear manufacturing",SG01RSC04B01CC2,2018Q1,0.0023279,150.421
Industry groups,Wood and paper products manufacturing,SG01RSC04B01CC3,2018Q1,0.0078908,548.095
Industry groups,Printing,SG01RSC04B01CC4,2018Q1,0.0023269,151.036
Industry groups,"Petroleum, chemical, polymer, and rubber product manufacturing",SG01RSC04B01CC5,2018Q1,0.0184108,988.957
Industry groups,Non-metallic mineral product manufacturing,SG01RSC04B01CC6,2018Q1,0.0040522,275.038
Industry groups,Metal product manufacturing,SG01RSC04B01CC7,2018Q1,0.0107298,670.522
Industry groups,"Transport equipment, machinery and equipment manufacturing",SG01RSC04B01CC8,2018Q1,0.0167471,1174.218
Industry groups,Furniture and other manufacturing,SG01RSC04B01CC9,2018Q1,0.0026193,176.290
Industry groups,"Electricity, gas, water, and waste services",SG01RSC04B01DD1,2018Q1,0.0275130,1664.889
Industry groups,Construction,SG01RSC04B01EE1,2018Q1,0.0662705,4019.856
Industry groups,Wholesale trade,SG01RSC04B01FF1,2018Q1,0.0481019,3130.993
Industry groups,Retail trade,SG01RSC04B01GH1,2018Q1,0.0443915,2970.179
Industry groups,Accommodation services,SG01RSC04B01GH2,2018Q1,0.0218880,1348.334
Industry groups,"Transport, postal, and warehousing",SG01RSC04B01II1,2018Q1,0.0436178,2710.208
Industry groups,Information media and telecommunications,SG01RSC04B01JJ1,2018Q1,0.0230166,2183.678
Industry groups,Financial and insurance services,SG01RSC04B01KK1,2018Q1,0.0560180,3528.660
Industry groups,"Rental, hiring, and real estate services",SG01RSC04B01LL1,2018Q1,0.0706583,4102.069
Industry groups,Ownership of owner-occupied dwellings,SG01RSC04B01LL2,2018Q1,0.0714521,4423.522
Industry groups,"Prof, scientific, and technical services",SG01RSC04B01MN1,2018Q1,0.0805040,5183.566
Industry groups,Administrative and support services,SG01RSC04B01MN2,2018Q1,0.0197094,1333.300
Industry groups,Local Government administration,SG01RSC04B01OO1,2018Q1,0.0047435,316.613
Industry groups,"Central government administration, defence, and public safety",SG01RSC04B01OO2,2018Q1,0.0348700,2336.048
Industry groups,Education and training,SG01RSC04B01PP1,2018Q1,0.0422132,2385.680
Industry groups,Health care and social assistance,SG01RSC04B01QQ1,2018Q1,0.0574945,3624.409
Industry groups,Arts and recreation services,SG01RSC04B01RS1,2018Q1,0.0134446,856.501
Industry groups,Other services,SG01RSC04B01RS2,2018Q1,0.0182907,1095.285
Industry groups,"GST, import duties, stamp duty",SG01RSC04B01UZ9,2018Q1,0.0848905,4688.804
Industry groups,Agriculture,SG01RSC04B01AA1,2018Q2,0.0413565,2296.883
Industry groups,Forestry and logging,SG01RSC04B01AA2,2018Q2,0.0066811,402.333
Industry groups,"Fishing, aquaculture and agriculture, forestry and fishing support services",SG01RSC04B01AA3,2018Q2,0.0086474,537.449
Industry groups,Mining,SG01RSC04B01BB1,2018Q2,0.0097754,642.766
Industry groups,"Food, beverage, and tobacco manufacturing",SG01RSC04B01CC1,2018Q2,0.0364309,1921.227
Industry groups,"Textile, leather, clothing, and footwear manufacturing",SG01RSC04B01CC2,2018Q2,0.0020703,155.536
Industry groups,Wood and paper products manufacturing,SG01RSC04B01CC3,2018Q2,0.0080359,531.207
Industry groups,Printing,SG01RSC04B01CC4,2018Q2,0.0022111,150.330
Industry groups,"Petroleum, chemical, polymer, and rubber product manufacturing",SG01RSC04B01CC5,2018Q2,0.0166167,974.243
Industry groups,Non-metallic mineral product manufacturing,SG01RSC04B01CC6,2018Q2,0.0039476,281.140
Industry groups,Metal product manufacturing,SG01RSC04B01CC7,2018Q2,0.0109978,676.028
Industry groups,"Transport equipment, machinery and equipment manufacturing",SG01RSC04B01CC8,2018Q2,0.0167019,1219.736
Industry groups,Furniture and other manufacturing,SG01RSC04B01CC9,2018Q2,0.0025785,173.840
Industry groups,"Electricity, gas, water, and waste services",SG01RSC04B01DD1,2018Q2,0.0276583,1759.863
Industry groups,Construction,SG01RSC04B01EE1,2018Q2,0.0670492,4034.341
Industry groups,Wholesale trade,SG01RSC04B01FF1,2018Q2,0.0470128,3176.272
Industry groups,Retail trade,SG01RSC04B01GH1,2018Q2,0.0441491,3021.297
Industry groups,Accommodation services,SG01RSC04B01GH2,2018Q2,0.0219443,1347.276
Industry groups,"Transport, postal, and warehousing",SG01RSC04B01II1,2018Q2,0.0438526,2720.857
Industry groups,Information media and telecommunications,SG01RSC04B01JJ1,2018Q2,0.0227865,2263.276
Industry groups,Financial and insurance services,SG01RSC04B01KK1,2018Q2,0.0561051,3584.420
Industry groups,"Rental, hiring, and real estate services",SG01RSC04B01LL1,2018Q2,0.0717457,4109.806
Industry groups,Ownership of owner-occupied dwellings,SG01RSC04B01LL2,2018Q2,0.0717747,4451.668
Industry groups,"Prof, scientific, and technical services",SG01RSC04B01MN1,2018Q2,0.0818192,5263.011
Industry groups,Administrative and support services,SG01RSC04B01MN2,2018Q2,0.0199898,1378.121
Industry groups,Local Government administration,SG01RSC04B01OO1,2018Q2,0.0047409,321.278
Industry groups,"Central government administration, defence, and public safety",SG01RSC04B01OO2,2018Q2,0.0353148,2341.697
Industry groups,Education and training,SG01RSC04B01PP1,2018Q2,0.0427808,2394.706
Industry groups,Health care and social assistance,SG01RSC04B01QQ1,2018Q2,0.0588814,3673.359
Industry groups,Arts and recreation services,SG01RSC04B01RS1,2018Q2,0.0133664,861.242
Industry groups,Other services,SG01RSC04B01RS2,2018Q2,0.0185679,1114.982
Industry groups,"GST, import duties, stamp duty",SG01RSC04B01UZ9,2018Q2,0.0844093,4747.470
Industry groups,Agriculture,SG01RSC04B01AA1,2018Q3,0.0413565,2307.283
Industry groups,Forestry and logging,SG01RSC04B01AA2,2018Q3,0.0066811,419.702
Industry groups,"Fishing, aquaculture and agriculture, forestry and fishing support services",SG01RSC04B01AA3,2018Q3,0.0086474,539.252
Industry groups,Mining,SG01RSC04B01BB1,2018Q3,0.0097754,719.104
Industry groups,"Food, beverage, and tobacco manufacturing",SG01RSC04B01CC1,2018Q3,0.0364309,1881.956
Industry groups,"Textile, leather, clothing, and footwear manufacturing",SG01RSC04B01CC2,2018Q3,0.0020703,152.730
Industry groups,Wood and paper products manufacturing,SG01RSC04B01CC3,2018Q3,0.0080359,532.155
Industry groups,Printing,SG01RSC04B01CC4,2018Q3,0.0022111,147.424
Industry groups,"Petroleum, chemical, polymer, and rubber product manufacturing",SG01RSC04B01CC5,2018Q3,0.0166167,1023.497
Industry groups,Non-metallic mineral product manufacturing,SG01RSC04B01CC6,2018Q3,0.0039476,286.748
Industry groups,Metal product manufacturing,SG01RSC04B01CC7,2018Q3,0.0109978,682.353
Industry groups,"Transport equipment, machinery and equipment manufacturing",SG01RSC04B01CC8,2018Q3,0.0167019,1168.317
Industry groups,Furniture and other manufacturing,SG01RSC04B01CC9,2018Q3,0.0025785,161.781
Industry groups,"Electricity, gas, water, and waste services",SG01RSC04B01DD1,2018Q3,0.0276583,1742.150
Industry groups,Construction,SG01RSC04B01EE1,2018Q3,0.0670492,3987.453
Industry groups,Wholesale trade,SG01RSC04B01FF1,2018Q3,0.0470128,3192.920
Industry groups,Retail trade,SG01RSC04B01GH1,2018Q3,0.0441491,3040.044
Industry groups,Accommodation services,SG01RSC04B01GH2,2018Q3,0.0219443,1336.308
Industry groups,"Transport, postal, and warehousing",SG01RSC04B01II1,2018Q3,0.0438526,2735.999
Industry groups,Information media and telecommunications,SG01RSC04B01JJ1,2018Q3,0.0227865,2279.406
Industry groups,Financial and insurance services,SG01RSC04B01KK1,2018Q3,0.0561051,3566.529
Industry groups,"Rental, hiring, and real estate services",SG01RSC04B01LL1,2018Q3,0.0717457,4102.727
Industry groups,Ownership of owner-occupied dwellings,SG01RSC04B01LL2,2018Q3,0.0717747,4482.583
Industry groups,"Prof, scientific, and technical services",SG01RSC04B01MN1,2018Q3,0.0818192,5189.799
Industry groups,Administrative and support services,SG01RSC04B01MN2,2018Q3,0.0199898,1343.379
Industry groups,Local Government administration,SG01RSC04B01OO1,2018Q3,0.0047409,319.188
Industry groups,"Central government administration, defence, and public safety",SG01RSC04B01OO2,2018Q3,0.0353148,2398.514
Industry groups,Education and training,SG01RSC04B01PP1,2018Q3,0.0427808,2402.580
Industry groups,Health care and social assistance,SG01RSC04B01QQ1,2018Q3,0.0588814,3716.122
Industry groups,Arts and recreation services,SG01RSC04B01RS1,2018Q3,0.0133664,905.362
Industry groups,Other services,SG01RSC04B01RS2,2018Q3,0.0185679,1091.672
Industry groups,"GST, import duties, stamp duty",SG01RSC04B01UZ9,2018Q3,0.0844093,4745.997
Industry groups,Agriculture,SG01RSC04B01AA1,2018Q4,0.0413565,2332.694
Industry groups,Forestry and logging,SG01RSC04B01AA2,2018Q4,0.0066811,417.260
Industry groups,"Fishing, aquaculture and agriculture, forestry and fishing support services",SG01RSC04B01AA3,2018Q4,0.0086474,551.407
Industry groups,Mining,SG01RSC04B01BB1,2018Q4,0.0097754,685.291
Industry groups,"Food, beverage, and tobacco manufacturing",SG01RSC04B01CC1,2018Q4,0.0364309,1940.872
Industry groups,"Textile, leather, clothing, and footwear manufacturing",SG01RSC04B01CC2,2018Q4,0.0020703,153.905
Industry groups,Wood and paper products manufacturing,SG01RSC04B01CC3,2018Q4,0.0080359,538.467
Industry groups,Printing,SG01RSC04B01CC4,2018Q4,0.0022111,147.076
Industry groups,"Petroleum, chemical, polymer, and rubber product manufacturing",SG01RSC04B01CC5,2018Q4,0.0166167,1009.120
Industry groups,Non-metallic mineral product manufacturing,SG01RSC04B01CC6,2018Q4,0.0039476,280.799
Industry groups,Metal product manufacturing,SG01RSC04B01CC7,2018Q4,0.0109978,682.843
Industry groups,"Transport equipment, machinery and equipment manufacturing",SG01RSC04B01CC8,2018Q4,0.0167019,1155.102
Industry groups,Furniture and other manufacturing,SG01RSC04B01CC9,2018Q4,0.0025785,175.164
Industry groups,"Electricity, gas, water, and waste services",SG01RSC04B01DD1,2018Q4,0.0276583,1740.643
Industry groups,Construction,SG01RSC04B01EE1,2018Q4,0.0670492,4080.757
Industry groups,Wholesale trade,SG01RSC04B01FF1,2018Q4,0.0470128,3200.454
Industry groups,Retail trade,SG01RSC04B01GH1,2018Q4,0.0441491,3095.884
Industry groups,Accommodation services,SG01RSC04B01GH2,2018Q4,0.0219443,1370.374
Industry groups,"Transport, postal, and warehousing",SG01RSC04B01II1,2018Q4,0.0438526,2733.867
Industry groups,Information media and telecommunications,SG01RSC04B01JJ1,2018Q4,0.0227865,2306.251
Industry groups,Financial and insurance services,SG01RSC04B01KK1,2018Q4,0.0561051,3621.865
Industry groups,"Rental, hiring, and real estate services",SG01RSC04B01LL1,2018Q4,0.0717457,4060.045
Industry groups,Ownership of owner-occupied dwellings,SG01RSC04B01LL2,2018Q4,0.0717747,4523.611
Industry groups,"Prof, scientific, and technical services",SG01RSC04B01MN1,2018Q4,0.0818192,5309.236
Industry groups,Administrative and support services,SG01RSC04B01MN2,2018Q4,0.0199898,1372.928
Industry groups,Local Government administration,SG01RSC04B01OO1,2018Q4,0.0047409,329.969
Industry groups,"Central government administration, defence, and public safety",SG01RSC04B01OO2,2018Q4,0.0353148,2429.131
Industry groups,Education and training,SG01RSC04B01PP1,2018Q4,0.0427808,2409.304
Industry groups,Health care and social assistance,SG01RSC04B01QQ1,2018Q4,0.0588814,3753.846
Industry groups,Arts and recreation services,SG01RSC04B01RS1,2018Q4,0.0133664,876.631
Industry groups,Other services,SG01RSC04B01RS2,2018Q4,0.0185679,1090.872
Industry groups,"GST, import duties, stamp duty",SG01RSC04B01UZ9,2018Q4,0.0844093,4809.500
Industry groups,Agriculture,SG01RSC04B01AA1,2019Q1,0.0413565,2286.136
Industry groups,Forestry and logging,SG01RSC04B01AA2,2019Q1,0.0066811,427.820
Industry groups,"Fishing, aquaculture and agriculture, forestry and fishing support services",SG01RSC04B01AA3,2019Q1,0.0086474,563.677
Industry groups,Mining,SG01RSC04B01BB1,2019Q1,0.0097754,688.885
Industry groups,"Food, beverage, and tobacco manufacturing",SG01RSC04B01CC1,2019Q1,0.0364309,1993.213
Industry groups,"Textile, leather, clothing, and footwear manufacturing",SG01RSC04B01CC2,2019Q1,0.0020703,159.080
Industry groups,Wood and paper products manufacturing,SG01RSC04B01CC3,2019Q1,0.0080359,522.762
Industry groups,Printing,SG01RSC04B01CC4,2019Q1,0.0022111,150.497
Industry groups,"Petroleum, chemical, polymer, and rubber product manufacturing",SG01RSC04B01CC5,2019Q1,0.0166167,1043.450
Industry groups,Non-metallic mineral product manufacturing,SG01RSC04B01CC6,2019Q1,0.0039476,294.730
Industry groups,Metal product manufacturing,SG01RSC04B01CC7,2019Q1,0.0109978,706.994
Industry groups,"Transport equipment, machinery and equipment manufacturing",SG01RSC04B01CC8,2019Q1,0.0167019,1139.979
Industry groups,Furniture and other manufacturing,SG01RSC04B01CC9,2019Q1,0.0025785,171.674
Industry groups,"Electricity, gas, water, and waste services",SG01RSC04B01DD1,2019Q1,0.0276583,1768.570
Industry groups,Construction,SG01RSC04B01EE1,2019Q1,0.0670492,4288.844
Industry groups,Wholesale trade,SG01RSC04B01FF1,2019Q1,0.0470128,3211.962
Industry groups,Retail trade,SG01RSC04B01GH1,2019Q1,0.0441491,3137.114
Industry groups,Accommodation services,SG01RSC04B01GH2,2019Q1,0.0219443,1363.260
Industry groups,"Transport, postal, and warehousing",SG01RSC04B01II1,2019Q1,0.0438526,2797.925
Industry groups,Information media and telecommunications,SG01RSC04B01JJ1,2019Q1,0.0227865,2281.047
Industry groups,Financial and insurance services,SG01RSC04B01KK1,2019Q1,0.0561051,3589.348
Industry groups,"Rental, hiring, and real estate services",SG01RSC04B01LL1,2019Q1,0.0717457,4090.924
Industry groups,Ownership of owner-occupied dwellings,SG01RSC04B01LL2,2019Q1,0.0717747,4590.382
Industry groups,"Prof, scientific, and technical services",SG01RSC04B01MN1,2019Q1,0.0818192,5342.113
Industry groups,Administrative and support services,SG01RSC04B01MN2,2019Q1,0.0199898,1341.259
Industry groups,Local Government administration,SG01RSC04B01OO1,2019Q1,0.0047409,329.529
Industry groups,"Central government administration, defence, and public safety",SG01RSC04B01OO2,2019Q1,0.0353148,2446.510
Industry groups,Education and training,SG01RSC04B01PP1,2019Q1,0.0427808,2414.877
Industry groups,Health care and social assistance,SG01RSC04B01QQ1,2019Q1,0.0588814,3849.887
Industry groups,Arts and recreation services,SG01RSC04B01RS1,2019Q1,0.0133664,835.184
Industry groups,Other services,SG01RSC04B01RS2,2019Q1,0.0185679,1114.109
Industry groups,"GST, import duties, stamp duty",SG01RSC04B01UZ9,2019Q1,0.0844093,4810.296
Industry groups,Agriculture,SG01RSC04B01AA1,2019Q2,0.0428707,2240.621
Industry groups,Forestry and logging,SG01RSC04B01AA2,2019Q2,0.0051570,414.516
Industry groups,"Fishing, aquaculture and agriculture, forestry and fishing support services",SG01RSC04B01AA3,2019Q2,0.0088492,563.021
Industry groups,Mining,SG01RSC04B01BB1,2019Q2,0.0089006,681.002
Industry groups,"Food, beverage, and tobacco manufacturing",SG01RSC04B01CC1,2019Q2,0.0358229,1903.338
Industry groups,"Textile, leather, clothing, and footwear manufacturing",SG01RSC04B01CC2,2019Q2,0.0019272,156.037
Industry groups,Wood and paper products manufacturing,SG01RSC04B01CC3,2019Q2,0.0068929,530.540
Industry groups,Printing,SG01RSC04B01CC4,2019Q2,0.0020385,147.766
Industry groups,"Petroleum, chemical, polymer, and rubber product manufacturing",SG01RSC04B01CC5,2019Q2,0.0171894,1039.171
Industry groups,Non-metallic mineral product manufacturing,SG01RSC04B01CC6,2019Q2,0.0035858,288.095
Industry groups,Metal product manufacturing,SG01RSC04B01CC7,2019Q2,0.0095073,692.178
Industry groups,"Transport equipment, machinery and equipment manufacturing",SG01RSC04B01CC8,2019Q2,0.0171678,1140.255
Industry groups,Furniture and other manufacturing,SG01RSC04B01CC9,2019Q2,0.0025794,171.924
Industry groups,"Electricity, gas, water, and waste services",SG01RSC04B01DD1,2019Q2,0.0277405,1790.407
Industry groups,Construction,SG01RSC04B01EE1,2019Q2,0.0701524,4327.171
Industry groups,Wholesale trade,SG01RSC04B01FF1,2019Q2,0.0449982,3225.973
Industry groups,Retail trade,SG01RSC04B01GH1,2019Q2,0.0432580,3141.155
Industry groups,Accommodation services,SG01RSC04B01GH2,2019Q2,0.0216934,1350.533
Industry groups,"Transport, postal, and warehousing",SG01RSC04B01II1,2019Q2,0.0427386,2860.749
Industry groups,Information media and telecommunications,SG01RSC04B01JJ1,2019Q2,0.0216723,2285.389
Industry groups,Financial and insurance services,SG01RSC04B01KK1,2019Q2,0.0542536,3640.959
Industry groups,"Rental, hiring, and real estate services",SG01RSC04B01LL1,2019Q2,0.0730636,4144.939
Industry groups,Ownership of owner-occupied dwellings,SG01RSC04B01LL2,2019Q2,0.0730450,4639.219
Industry groups,"Prof, scientific, and technical services",SG01RSC04B01MN1,2019Q2,0.0835404,5407.411
Industry groups,Administrative and support services,SG01RSC04B01MN2,2019Q2,0.0194487,1365.037
Industry groups,Local Government administration,SG01RSC04B01OO1,2019Q2,0.0049167,331.612
Industry groups,"Central government administration, defence, and public safety",SG01RSC04B01OO2,2019Q2,0.0366382,2501.836
Industry groups,Education and training,SG01RSC04B01PP1,2019Q2,0.0426340,2421.148
Industry groups,Health care and social assistance,SG01RSC04B01QQ1,2019Q2,0.0600479,3849.687
Industry groups,Arts and recreation services,SG01RSC04B01RS1,2019Q2,0.0133286,867.257
Industry groups,Other services,SG01RSC04B01RS2,2019Q2,0.0187460,1131.755
Industry groups,"GST, import duties, stamp duty",SG01RSC04B01UZ9,2019Q2,0.0855952,4785.994
Industry groups,Agriculture,SG01RSC04B01AA1,2019Q3,0.0428707,2231.915
Industry groups,Forestry and logging,SG01RSC04B01AA2,2019Q3,0.0051570,405.602
Industry groups,"Fishing, aquaculture and agriculture, forestry and fishing support services",SG01RSC04B01AA3,2019Q3,0.0088492,559.231
Industry groups,Mining,SG01RSC04B01BB1,2019Q3,0.0089006,692.588
Industry groups,"Food, beverage, and tobacco manufacturing",SG01RSC04B01CC1,2019Q3,0.0358229,1915.598
Industry groups,"Textile, leather, clothing, and footwear manufacturing",SG01RSC04B01CC2,2019Q3,0.0019272,153.111
Industry groups,Wood and paper products manufacturing,SG01RSC04B01CC3,2019Q3,0.0068929,527.003
Industry groups,Printing,SG01RSC04B01CC4,2019Q3,0.0020385,149.323
Industry groups,"Petroleum, chemical, polymer, and rubber product manufacturing",SG01RSC04B01CC5,2019Q3,0.0171894,1007.374
Industry groups,Non-metallic mineral product manufacturing,SG01RSC04B01CC6,2019Q3,0.0035858,275.623
Industry groups,Metal product manufacturing,SG01RSC04B01CC7,2019Q3,0.0095073,693.381
Industry groups,"Transport equipment, machinery and equipment manufacturing",SG01RSC04B01CC8,2019Q3,0.0171678,1187.932
Industry groups,Furniture and other manufacturing,SG01RSC04B01CC9,2019Q3,0.0025794,186.207
Industry groups,"Electricity, gas, water, and waste services",SG01RSC04B01DD1,2019Q3,0.0277405,1783.115
Industry groups,Construction,SG01RSC04B01EE1,2019Q3,0.0701524,4396.991
Industry groups,Wholesale trade,SG01RSC04B01FF1,2019Q3,0.0449982,3232.487
Industry groups,Retail trade,SG01RSC04B01GH1,2019Q3,0.0432580,3197.944
Industry groups,Accommodation services,SG01RSC04B01GH2,2019Q3,0.0216934,1366.673
Industry groups,"Transport, postal, and warehousing",SG01RSC04B01II1,2019Q3,0.0427386,2809.405
Industry groups,Information media and telecommunications,SG01RSC04B01JJ1,2019Q3,0.0216723,2327.042
Industry groups,Financial and insurance services,SG01RSC04B01KK1,2019Q3,0.0542536,3641.163
Industry groups,"Rental, hiring, and real estate services",SG01RSC04B01LL1,2019Q3,0.0730636,4135.194
Industry groups,Ownership of owner-occupied dwellings,SG01RSC04B01LL2,2019Q3,0.0730450,4698.875
Industry groups,"Prof, scientific, and technical services",SG01RSC04B01MN1,2019Q3,0.0835404,5627.427
Industry groups,Administrative and support services,SG01RSC04B01MN2,2019Q3,0.0194487,1338.953
Industry groups,Local Government administration,SG01RSC04B01OO1,2019Q3,0.0049167,340.121
Industry groups,"Central government administration, defence, and public safety",SG01RSC04B01OO2,2019Q3,0.0366382,2522.488
Industry groups,Education and training,SG01RSC04B01PP1,2019Q3,0.0426340,2426.404
Industry groups,Health care and social assistance,SG01RSC04B01QQ1,2019Q3,0.0600479,3859.171
Industry groups,Arts and recreation services,SG01RSC04B01RS1,2019Q3,0.0133286,904.073
Industry groups,Other services,SG01RSC04B01RS2,2019Q3,0.0187460,1136.836
Industry groups,"GST, import duties, stamp duty",SG01RSC04B01UZ9,2019Q3,0.0855952,4930.377
Industry groups,Agriculture,SG01RSC04B01AA1,2019Q4,0.0428707,2229.452
Industry groups,Forestry and logging,SG01RSC04B01AA2,2019Q4,0.0051570,391.919
Industry groups,"Fishing, aquaculture and agriculture, forestry and fishing support services",SG01RSC04B01AA3,2019Q4,0.0088492,558.079
Industry groups,Mining,SG01RSC04B01BB1,2019Q4,0.0089006,680.890
Industry groups,"Food, beverage, and tobacco manufacturing",SG01RSC04B01CC1,2019Q4,0.0358229,1909.473
Industry groups,"Textile, leather, clothing, and footwear manufacturing",SG01RSC04B01CC2,2019Q4,0.0019272,143.614
Industry groups,Wood and paper products manufacturing,SG01RSC04B01CC3,2019Q4,0.0068929,515.380
Industry groups,Printing,SG01RSC04B01CC4,2019Q4,0.0020385,146.414
Industry groups,"Petroleum, chemical, polymer, and rubber product manufacturing",SG01RSC04B01CC5,2019Q4,0.0171894,998.084
Industry groups,Non-metallic mineral product manufacturing,SG01RSC04B01CC6,2019Q4,0.0035858,278.700
Industry groups,Metal product manufacturing,SG01RSC04B01CC7,2019Q4,0.0095073,688.808
Industry groups,"Transport equipment, machinery and equipment manufacturing",SG01RSC04B01CC8,2019Q4,0.0171678,1210.291
Industry groups,Furniture and other manufacturing,SG01RSC04B01CC9,2019Q4,0.0025794,179.125
Industry groups,"Electricity, gas, water, and waste services",SG01RSC04B01DD1,2019Q4,0.0277405,1789.903
Industry groups,Construction,SG01RSC04B01EE1,2019Q4,0.0701524,4481.855
Industry groups,Wholesale trade,SG01RSC04B01FF1,2019Q4,0.0449982,3247.672
Industry groups,Retail trade,SG01RSC04B01GH1,2019Q4,0.0432580,3210.405
Industry groups,Accommodation services,SG01RSC04B01GH2,2019Q4,0.0216934,1361.842
Industry groups,"Transport, postal, and warehousing",SG01RSC04B01II1,2019Q4,0.0427386,2866.349
Industry groups,Information media and telecommunications,SG01RSC04B01JJ1,2019Q4,0.0216723,2341.270
Industry groups,Financial and insurance services,SG01RSC04B01KK1,2019Q4,0.0542536,3652.647
Industry groups,"Rental, hiring, and real estate services",SG01RSC04B01LL1,2019Q4,0.0730636,4136.250
Industry groups,Ownership of owner-occupied dwellings,SG01RSC04B01LL2,2019Q4,0.0730450,4738.857
Industry groups,"Prof, scientific, and technical services",SG01RSC04B01MN1,2019Q4,0.0835404,5587.772
Industry groups,Administrative and support services,SG01RSC04B01MN2,2019Q4,0.0194487,1381.487
Industry groups,Local Government administration,SG01RSC04B01OO1,2019Q4,0.0049167,347.541
Industry groups,"Central government administration, defence, and public safety",SG01RSC04B01OO2,2019Q4,0.0366382,2597.982
Industry groups,Education and training,SG01RSC04B01PP1,2019Q4,0.0426340,2430.647
Industry groups,Health care and social assistance,SG01RSC04B01QQ1,2019Q4,0.0600479,3886.931
Industry groups,Arts and recreation services,SG01RSC04B01RS1,2019Q4,0.0133286,956.842
Industry groups,Other services,SG01RSC04B01RS2,2019Q4,0.0187460,1134.809
Industry groups,"GST, import duties, stamp duty",SG01RSC04B01UZ9,2019Q4,0.0855952,4976.576
Industry groups,Agriculture,SG01RSC04B01AA1,2020Q1,0.0428707,2227.234
Industry groups,Forestry and logging,SG01RSC04B01AA2,2020Q1,0.0051570,384.956
Industry groups,"Fishing, aquaculture and agriculture, forestry and fishing support services",SG01RSC04B01AA3,2020Q1,0.0088492,548.243
Industry groups,Mining,SG01RSC04B01BB1,2020Q1,0.0089006,683.383
Industry groups,"Food, beverage, and tobacco manufacturing",SG01RSC04B01CC1,2020Q1,0.0358229,1894.754
Industry groups,"Textile, leather, clothing, and footwear manufacturing",SG01RSC04B01CC2,2020Q1,0.0019272,126.109
Industry groups,Wood and paper products manufacturing,SG01RSC04B01CC3,2020Q1,0.0068929,541.534
Industry groups,Printing,SG01RSC04B01CC4,2020Q1,0.0020385,139.577
Industry groups,"Petroleum, chemical, polymer, and rubber product manufacturing",SG01RSC04B01CC5,2020Q1,0.0171894,970.301
Industry groups,Non-metallic mineral product manufacturing,SG01RSC04B01CC6,2020Q1,0.0035858,279.374
Industry groups,Metal product manufacturing,SG01RSC04B01CC7,2020Q1,0.0095073,663.523
Industry groups,"Transport equipment, machinery and equipment manufacturing",SG01RSC04B01CC8,2020Q1,0.0171678,1165.499
Industry groups,Furniture and other manufacturing,SG01RSC04B01CC9,2020Q1,0.0025794,174.961
Industry groups,"Electricity, gas, water, and waste services",SG01RSC04B01DD1,2020Q1,0.0277405,1786.530
Industry groups,Construction,SG01RSC04B01EE1,2020Q1,0.0701524,4336.119
Industry groups,Wholesale trade,SG01RSC04B01FF1,2020Q1,0.0449982,3213.305
Industry groups,Retail trade,SG01RSC04B01GH1,2020Q1,0.0432580,3239.777
Industry groups,Accommodation services,SG01RSC04B01GH2,2020Q1,0.0216934,1283.159
Industry groups,"Transport, postal, and warehousing",SG01RSC04B01II1,2020Q1,0.0427386,2640.161
Industry groups,Information media and telecommunications,SG01RSC04B01JJ1,2020Q1,0.0216723,2408.301
Industry groups,Financial and insurance services,SG01RSC04B01KK1,2020Q1,0.0542536,3624.936
Industry groups,"Rental, hiring, and real estate services",SG01RSC04B01LL1,2020Q1,0.0730636,4074.751
Industry groups,Ownership of owner-occupied dwellings,SG01RSC04B01LL2,2020Q1,0.0730450,4745.900
Industry groups,"Prof, scientific, and technical services",SG01RSC04B01MN1,2020Q1,0.0835404,5736.214
Industry groups,Administrative and support services,SG01RSC04B01MN2,2020Q1,0.0194487,1372.834
Industry groups,Local Government administration,SG01RSC04B01OO1,2020Q1,0.0049167,355.100
Industry groups,"Central government administration, defence, and public safety",SG01RSC04B01OO2,2020Q1,0.0366382,2605.682
Industry groups,Education and training,SG01RSC04B01PP1,2020Q1,0.0426340,2408.125
Industry groups,Health care and social assistance,SG01RSC04B01QQ1,2020Q1,0.0600479,3870.508
Industry groups,Arts and recreation services,SG01RSC04B01RS1,2020Q1,0.0133286,894.146
Industry groups,Other services,SG01RSC04B01RS2,2020Q1,0.0187460,1106.520
Industry groups,"GST, import duties, stamp duty",SG01RSC04B01UZ9,2020Q1,0.0855952,4848.359
Industry groups,Agriculture,SG01RSC04B01AA1,2020Q2,0.0435277,2234.579
Industry groups,Forestry and logging,SG01RSC04B01AA2,2020Q2,0.0046330,309.759
Industry groups,"Fishing, aquaculture and agriculture, forestry and fishing support services",SG01RSC04B01AA3,2020Q2,0.0088133,548.747
Industry groups,Mining,SG01RSC04B01BB1,2020Q2,0.0070064,520.970
Industry groups,"Food, beverage, and tobacco manufacturing",SG01RSC04B01CC1,2020Q2,0.0339824,1815.561
Industry groups,"Textile, leather, clothing, and footwear manufacturing",SG01RSC04B01CC2,2020Q2,0.0020821,95.379
Industry groups,Wood and paper products manufacturing,SG01RSC04B01CC3,2020Q2,0.0069936,439.311
Industry groups,Printing,SG01RSC04B01CC4,2020Q2,0.0017030,105.421
Industry groups,"Petroleum, chemical, polymer, and rubber product manufacturing",SG01RSC04B01CC5,2020Q2,0.0146127,848.505
Industry groups,Non-metallic mineral product manufacturing,SG01RSC04B01CC6,2020Q2,0.0035887,211.534
Industry groups,Metal product manufacturing,SG01RSC04B01CC7,2020Q2,0.0102998,518.634
Industry groups,"Transport equipment, machinery and equipment manufacturing",SG01RSC04B01CC8,2020Q2,0.0180862,991.493
Industry groups,Furniture and other manufacturing,SG01RSC04B01CC9,2020Q2,0.0024848,143.433
Industry groups,"Electricity, gas, water, and waste services",SG01RSC04B01DD1,2020Q2,0.0257911,1670.613
Industry groups,Construction,SG01RSC04B01EE1,2020Q2,0.0727458,3401.499
Industry groups,Wholesale trade,SG01RSC04B01FF1,2020Q2,0.0484448,2821.864
Industry groups,Retail trade,SG01RSC04B01GH1,2020Q2,0.0463716,2829.117
Industry groups,Accommodation services,SG01RSC04B01GH2,2020Q2,0.0176773,769.375
Industry groups,"Transport, postal, and warehousing",SG01RSC04B01II1,2020Q2,0.0356460,2074.115
Industry groups,Information media and telecommunications,SG01RSC04B01JJ1,2020Q2,0.0220899,2340.805
Industry groups,Financial and insurance services,SG01RSC04B01KK1,2020Q2,0.0550602,3686.860
Industry groups,"Rental, hiring, and real estate services",SG01RSC04B01LL1,2020Q2,0.0749189,3847.062
Industry groups,Ownership of owner-occupied dwellings,SG01RSC04B01LL2,2020Q2,0.0766638,4798.281
Industry groups,"Prof, scientific, and technical services",SG01RSC04B01MN1,2020Q2,0.0846936,5376.610
Industry groups,Administrative and support services,SG01RSC04B01MN2,2020Q2,0.0171319,986.721
Industry groups,Local Government administration,SG01RSC04B01OO1,2020Q2,0.0047994,363.601
Industry groups,"Central government administration, defence, and public safety",SG01RSC04B01OO2,2020Q2,0.0384043,2631.568
Industry groups,Education and training,SG01RSC04B01PP1,2020Q2,0.0440995,2237.365
Industry groups,Health care and social assistance,SG01RSC04B01QQ1,2020Q2,0.0648094,3731.529
Industry groups,Arts and recreation services,SG01RSC04B01RS1,2020Q2,0.0119655,578.770
Industry groups,Other services,SG01RSC04B01RS2,2020Q2,0.0184829,915.532
Industry groups,"GST, import duties, stamp duty",SG01RSC04B01UZ9,2020Q2,0.0823905,4170.771
Industry groups,Agriculture,SG01RSC04B01AA1,2020Q3,0.0435277,2390.252
Industry groups,Forestry and logging,SG01RSC04B01AA2,2020Q3,0.0046330,407.999
Industry groups,"Fishing, aquaculture and agriculture, forestry and fishing support services",SG01RSC04B01AA3,2020Q3,0.0088133,614.118
Industry groups,Mining,SG01RSC04B01BB1,2020Q3,0.0070064,616.852
Industry groups,"Food, beverage, and tobacco manufacturing",SG01RSC04B01CC1,2020Q3,0.0339824,1969.456
Industry groups,"Textile, leather, clothing, and footwear manufacturing",SG01RSC04B01CC2,2020Q3,0.0020821,164.207
Industry groups,Wood and paper products manufacturing,SG01RSC04B01CC3,2020Q3,0.0069936,561.416
Industry groups,Printing,SG01RSC04B01CC4,2020Q3,0.0017030,126.244
Industry groups,"Petroleum, chemical, polymer, and rubber product manufacturing",SG01RSC04B01CC5,2020Q3,0.0146127,918.547
Industry groups,Non-metallic mineral product manufacturing,SG01RSC04B01CC6,2020Q3,0.0035887,296.590
Industry groups,Metal product manufacturing,SG01RSC04B01CC7,2020Q3,0.0102998,682.641
Industry groups,"Transport equipment, machinery and equipment manufacturing",SG01RSC04B01CC8,2020Q3,0.0180862,1182.813
Industry groups,Furniture and other manufacturing,SG01RSC04B01CC9,2020Q3,0.0024848,211.233
Industry groups,"Electricity, gas, water, and waste services",SG01RSC04B01DD1,2020Q3,0.0257911,1755.768
Industry groups,Construction,SG01RSC04B01EE1,2020Q3,0.0727458,5187.518
Industry groups,Wholesale trade,SG01RSC04B01FF1,2020Q3,0.0484448,3361.292
Industry groups,Retail trade,SG01RSC04B01GH1,2020Q3,0.0463716,3523.138
Industry groups,Accommodation services,SG01RSC04B01GH2,2020Q3,0.0176773,1417.347
Industry groups,"Transport, postal, and warehousing",SG01RSC04B01II1,2020Q3,0.0356460,2264.759
Industry groups,Information media and telecommunications,SG01RSC04B01JJ1,2020Q3,0.0220899,2530.168
Industry groups,Financial and insurance services,SG01RSC04B01KK1,2020Q3,0.0550602,3753.686
Industry groups,"Rental, hiring, and real estate services",SG01RSC04B01LL1,2020Q3,0.0749189,4170.082
Industry groups,Ownership of owner-occupied dwellings,SG01RSC04B01LL2,2020Q3,0.0766638,4841.059
Industry groups,"Prof, scientific, and technical services",SG01RSC04B01MN1,2020Q3,0.0846936,5743.496
Industry groups,Administrative and support services,SG01RSC04B01MN2,2020Q3,0.0171319,1213.597
Industry groups,Local Government administration,SG01RSC04B01OO1,2020Q3,0.0047994,359.316
Industry groups,"Central government administration, defence, and public safety",SG01RSC04B01OO2,2020Q3,0.0384043,2683.790
Industry groups,Education and training,SG01RSC04B01PP1,2020Q3,0.0440995,2376.559
Industry groups,Health care and social assistance,SG01RSC04B01QQ1,2020Q3,0.0648094,3980.522
Industry groups,Arts and recreation services,SG01RSC04B01RS1,2020Q3,0.0119655,872.331
Industry groups,Other services,SG01RSC04B01RS2,2020Q3,0.0184829,1100.273
Industry groups,"GST, import duties, stamp duty",SG01RSC04B01UZ9,2020Q3,0.0823905,4972.855
Industry groups,Agriculture,SG01RSC04B01AA1,2020Q4,0.0435277,2351.496
Industry groups,Forestry and logging,SG01RSC04B01AA2,2020Q4,0.0046330,407.667
Industry groups,"Fishing, aquaculture and agriculture, forestry and fishing support services",SG01RSC04B01AA3,2020Q4,0.0088133,597.863
Industry groups,Mining,SG01RSC04B01BB1,2020Q4,0.0070064,629.589
Industry groups,"Food, beverage, and tobacco manufacturing",SG01RSC04B01CC1,2020Q4,0.0339824,1924.639
Industry groups,"Textile, leather, clothing, and footwear manufacturing",SG01RSC04B01CC2,2020Q4,0.0020821,132.306
Industry groups,Wood and paper products manufacturing,SG01RSC04B01CC3,2020Q4,0.0069936,579.737
Industry groups,Printing,SG01RSC04B01CC4,2020Q4,0.0017030,132.210
Industry groups,"Petroleum, chemical, polymer, and rubber product manufacturing",SG01RSC04B01CC5,2020Q4,0.0146127,898.499
Industry groups,Non-metallic mineral product manufacturing,SG01RSC04B01CC6,2020Q4,0.0035887,293.071
Industry groups,Metal product manufacturing,SG01RSC04B01CC7,2020Q4,0.0102998,686.028
Industry groups,"Transport equipment, machinery and equipment manufacturing",SG01RSC04B01CC8,2020Q4,0.0180862,1256.217
Industry groups,Furniture and other manufacturing,SG01RSC04B01CC9,2020Q4,0.0024848,183.805
Industry groups,"Electricity, gas, water, and waste services",SG01RSC04B01DD1,2020Q4,0.0257911,1770.011
Industry groups,Construction,SG01RSC04B01EE1,2020Q4,0.0727458,4747.191
Industry groups,Wholesale trade,SG01RSC04B01FF1,2020Q4,0.0484448,3309.974
Industry groups,Retail trade,SG01RSC04B01GH1,2020Q4,0.0463716,3428.328
Industry groups,Accommodation services,SG01RSC04B01GH2,2020Q4,0.0176773,1361.248
Industry groups,"Transport, postal, and warehousing",SG01RSC04B01II1,2020Q4,0.0356460,2352.219
Industry groups,Information media and telecommunications,SG01RSC04B01JJ1,2020Q4,0.0220899,2634.226
Industry groups,Financial and insurance services,SG01RSC04B01KK1,2020Q4,0.0550602,3791.128
Industry groups,"Rental, hiring, and real estate services",SG01RSC04B01LL1,2020Q4,0.0749189,4210.619
Industry groups,Ownership of owner-occupied dwellings,SG01RSC04B01LL2,2020Q4,0.0766638,4903.175
Industry groups,"Prof, scientific, and technical services",SG01RSC04B01MN1,2020Q4,0.0846936,5694.381
Industry groups,Administrative and support services,SG01RSC04B01MN2,2020Q4,0.0171319,1294.691
Industry groups,Local Government administration,SG01RSC04B01OO1,2020Q4,0.0047994,356.737
Industry groups,"Central government administration, defence, and public safety",SG01RSC04B01OO2,2020Q4,0.0384043,2716.757
Industry groups,Education and training,SG01RSC04B01PP1,2020Q4,0.0440995,2410.274
Industry groups,Health care and social assistance,SG01RSC04B01QQ1,2020Q4,0.0648094,4057.282
Industry groups,Arts and recreation services,SG01RSC04B01RS1,2020Q4,0.0119655,939.393
Industry groups,Other services,SG01RSC04B01RS2,2020Q4,0.0184829,1216.852
Industry groups,"GST, import duties, stamp duty",SG01RSC04B01UZ9,2020Q4,0.0823905,4811.886
Industry groups,Agriculture,SG01RSC04B01AA1,2021Q1,0.0435277,2365.541
Industry groups,Forestry and logging,SG01RSC04B01AA2,2021Q1,0.0046330,408.765
Industry groups,"Fishing, aquaculture and agriculture, forestry and fishing support services",SG01RSC04B01AA3,2021Q1,0.0088133,608.427
Industry groups,Mining,SG01RSC04B01BB1,2021Q1,0.0070064,603.818
Industry groups,"Food, beverage, and tobacco manufacturing",SG01RSC04B01CC1,2021Q1,0.0339824,1954.575
Industry groups,"Textile, leather, clothing, and footwear manufacturing",SG01RSC04B01CC2,2021Q1,0.0020821,164.643
Industry groups,Wood and paper products manufacturing,SG01RSC04B01CC3,2021Q1,0.0069936,580.204
Industry groups,Printing,SG01RSC04B01CC4,2021Q1,0.0017030,131.284
Industry groups,"Petroleum, chemical, polymer, and rubber product manufacturing",SG01RSC04B01CC5,2021Q1,0.0146127,865.380
Industry groups,Non-metallic mineral product manufacturing,SG01RSC04B01CC6,2021Q1,0.0035887,299.989
Industry groups,Metal product manufacturing,SG01RSC04B01CC7,2021Q1,0.0102998,688.161
Industry groups,"Transport equipment, machinery and equipment manufacturing",SG01RSC04B01CC8,2021Q1,0.0180862,1367.356
Industry groups,Furniture and other manufacturing,SG01RSC04B01CC9,2021Q1,0.0024848,192.962
Industry groups,"Electricity, gas, water, and waste services",SG01RSC04B01DD1,2021Q1,0.0257911,1759.865
Industry groups,Construction,SG01RSC04B01EE1,2021Q1,0.0727458,4819.180
Industry groups,Wholesale trade,SG01RSC04B01FF1,2021Q1,0.0484448,3434.594
Industry groups,Retail trade,SG01RSC04B01GH1,2021Q1,0.0463716,3524.192
Industry groups,Accommodation services,SG01RSC04B01GH2,2021Q1,0.0176773,1408.691
Industry groups,"Transport, postal, and warehousing",SG01RSC04B01II1,2021Q1,0.0356460,2355.917
Industry groups,Information media and telecommunications,SG01RSC04B01JJ1,2021Q1,0.0220899,2760.986
Industry groups,Financial and insurance services,SG01RSC04B01KK1,2021Q1,0.0550602,3733.283
Industry groups,"Rental, hiring, and real estate services",SG01RSC04B01LL1,2021Q1,0.0749189,4206.535
Industry groups,Ownership of owner-occupied dwellings,SG01RSC04B01LL2,2021Q1,0.0766638,4924.888
Industry groups,"Prof, scientific, and technical services",SG01RSC04B01MN1,2021Q1,0.0846936,5893.138
Industry groups,Administrative and support services,SG01RSC04B01MN2,2021Q1,0.0171319,1351.566
Industry groups,Local Government administration,SG01RSC04B01OO1,2021Q1,0.0047994,358.262
Industry groups,"Central government administration, defence, and public safety",SG01RSC04B01OO2,2021Q1,0.0384043,2754.908
Industry groups,Education and training,SG01RSC04B01PP1,2021Q1,0.0440995,2481.710
Industry groups,Health care and social assistance,SG01RSC04B01QQ1,2021Q1,0.0648094,4169.180
Industry groups,Arts and recreation services,SG01RSC04B01RS1,2021Q1,0.0119655,908.503
Industry groups,Other services,SG01RSC04B01RS2,2021Q1,0.0184829,1181.422
Industry groups,"GST, import duties, stamp duty",SG01RSC04B01UZ9,2021Q1,0.0823905,5183.669
Industry groups,Agriculture,SG01RSC04B01AA1,2021Q2,0.0450973,2402.861
Industry groups,Forestry and logging,SG01RSC04B01AA2,2021Q2,0.0045082,399.787
Industry groups,"Fishing, aquaculture and agriculture, forestry and fishing support services",SG01RSC04B01AA3,2021Q2,0.0081442,616.461
Industry groups,Mining,SG01RSC04B01BB1,2021Q2,0.0069304,592.985
Industry groups,"Food, beverage, and tobacco manufacturing",SG01RSC04B01CC1,2021Q2,0.0287952,1974.399
Industry groups,"Textile, leather, clothing, and footwear manufacturing",SG01RSC04B01CC2,2021Q2,0.0020019,156.008
Industry groups,Wood and paper products manufacturing,SG01RSC04B01CC3,2021Q2,0.0075696,568.453
Industry groups,Printing,SG01RSC04B01CC4,2021Q2,0.0017739,133.278
Industry groups,"Petroleum, chemical, polymer, and rubber product manufacturing",SG01RSC04B01CC5,2021Q2,0.0129684,929.414
Industry groups,Non-metallic mineral product manufacturing,SG01RSC04B01CC6,2021Q2,0.0037949,304.733
Industry groups,Metal product manufacturing,SG01RSC04B01CC7,2021Q2,0.0102494,703.438
Industry groups,"Transport equipment, machinery and equipment manufacturing",SG01RSC04B01CC8,2021Q2,0.0171826,1331.267
Industry groups,Furniture and other manufacturing,SG01RSC04B01CC9,2021Q2,0.0025950,205.611
Industry groups,"Electricity, gas, water, and waste services",SG01RSC04B01DD1,2021Q2,0.0263029,1770.298
Industry groups,Construction,SG01RSC04B01EE1,2021Q2,0.0662214,4543.643
Industry groups,Wholesale trade,SG01RSC04B01FF1,2021Q2,0.0533561,3517.531
Industry groups,Retail trade,SG01RSC04B01GH1,2021Q2,0.0475284,3674.055
Industry groups,Accommodation services,SG01RSC04B01GH2,2021Q2,0.0186310,1605.296
Industry groups,"Transport, postal, and warehousing",SG01RSC04B01II1,2021Q2,0.0374620,2500.946
Industry groups,Information media and telecommunications,SG01RSC04B01JJ1,2021Q2,0.0216457,2823.093
Industry groups,Financial and insurance services,SG01RSC04B01KK1,2021Q2,0.0554266,3728.460
Industry groups,"Rental, hiring, and real estate services",SG01RSC04B01LL1,2021Q2,0.0723022,4269.417
Industry groups,Ownership of owner-occupied dwellings,SG01RSC04B01LL2,2021Q2,0.0746696,4974.432
Industry groups,"Prof, scientific, and technical services",SG01RSC04B01MN1,2021Q2,0.0891732,6108.593
Industry groups,Administrative and support services,SG01RSC04B01MN2,2021Q2,0.0186890,1433.294
Industry groups,Local Government administration,SG01RSC04B01OO1,2021Q2,0.0046700,359.337
Industry groups,"Central government administration, defence, and public safety",SG01RSC04B01OO2,2021Q2,0.0377340,2747.799
Industry groups,Education and training,SG01RSC04B01PP1,2021Q2,0.0431686,2478.759
Industry groups,Health care and social assistance,SG01RSC04B01QQ1,2021Q2,0.0665548,4251.039
Industry groups,Arts and recreation services,SG01RSC04B01RS1,2021Q2,0.0114998,944.764
Industry groups,Other services,SG01RSC04B01RS2,2021Q2,0.0189902,1263.698
Industry groups,"GST, import duties, stamp duty",SG01RSC04B01UZ9,2021Q2,0.0843637,5086.985
Industry groups,Agriculture,SG01RSC04B01AA1,2021Q3,0.0450973,2261.187
Industry groups,Forestry and logging,SG01RSC04B01AA2,2021Q3,0.0045082,378.088
Industry groups,"Fishing, aquaculture and agriculture, forestry and fishing support services",SG01RSC04B01AA3,2021Q3,0.0081442,601.634
Industry groups,Mining,SG01RSC04B01BB1,2021Q3,0.0069304,533.717
Industry groups,"Food, beverage, and tobacco manufacturing",SG01RSC04B01CC1,2021Q3,0.0287952,1941.720
Industry groups,"Textile, leather, clothing, and footwear manufacturing",SG01RSC04B01CC2,2021Q3,0.0020019,143.032
Industry groups,Wood and paper products manufacturing,SG01RSC04B01CC3,2021Q3,0.0075696,494.245
Industry groups,Printing,SG01RSC04B01CC4,2021Q3,0.0017739,123.021
Industry groups,"Petroleum, chemical, polymer, and rubber product manufacturing",SG01RSC04B01CC5,2021Q3,0.0129684,864.131
Industry groups,Non-metallic mineral product manufacturing,SG01RSC04B01CC6,2021Q3,0.0037949,232.811
Industry groups,Metal product manufacturing,SG01RSC04B01CC7,2021Q3,0.0102494,618.995
Industry groups,"Transport equipment, machinery and equipment manufacturing",SG01RSC04B01CC8,2021Q3,0.0171826,1205.838
Industry groups,Furniture and other manufacturing,SG01RSC04B01CC9,2021Q3,0.0025950,178.203
Industry groups,"Electricity, gas, water, and waste services",SG01RSC04B01DD1,2021Q3,0.0263029,1768.812
Industry groups,Construction,SG01RSC04B01EE1,2021Q3,0.0662214,3901.302
Industry groups,Wholesale trade,SG01RSC04B01FF1,2021Q3,0.0533561,3450.499
Industry groups,Retail trade,SG01RSC04B01GH1,2021Q3,0.0475284,3327.069
Industry groups,Accommodation services,SG01RSC04B01GH2,2021Q3,0.0186310,1203.881
Industry groups,"Transport, postal, and warehousing",SG01RSC04B01II1,2021Q3,0.0374620,2396.262
Industry groups,Information media and telecommunications,SG01RSC04B01JJ1,2021Q3,0.0216457,2817.326
Industry groups,Financial and insurance services,SG01RSC04B01KK1,2021Q3,0.0554266,3747.202
Industry groups,"Rental, hiring, and real estate services",SG01RSC04B01LL1,2021Q3,0.0723022,4279.567
Industry groups,Ownership of owner-occupied dwellings,SG01RSC04B01LL2,2021Q3,0.0746696,5040.200
Industry groups,"Prof, scientific, and technical services",SG01RSC04B01MN1,2021Q3,0.0891732,6154.263
Industry groups,Administrative and support services,SG01RSC04B01MN2,2021Q3,0.0186890,1334.586
Industry groups,Local Government administration,SG01RSC04B01OO1,2021Q3,0.0046700,363.877
Industry groups,"Central government administration, defence, and public safety",SG01RSC04B01OO2,2021Q3,0.0377340,2796.403
Industry groups,Education and training,SG01RSC04B01PP1,2021Q3,0.0431686,2344.872
Industry groups,Health care and social assistance,SG01RSC04B01QQ1,2021Q3,0.0665548,4202.973
Industry groups,Arts and recreation services,SG01RSC04B01RS1,2021Q3,0.0114998,801.000
Industry groups,Other services,SG01RSC04B01RS2,2021Q3,0.0189902,1097.023
Industry groups,"GST, import duties, stamp duty",SG01RSC04B01UZ9,2021Q3,0.0843637,4948.836
Industry groups,Agriculture,SG01RSC04B01AA1,2021Q4,0.0450973,2219.953
Industry groups,Forestry and logging,SG01RSC04B01AA2,2021Q4,0.0045082,372.819
Industry groups,"Fishing, aquaculture and agriculture, forestry and fishing support services",SG01RSC04B01AA3,2021Q4,0.0081442,628.615
Industry groups,Mining,SG01RSC04B01BB1,2021Q4,0.0069304,580.203
Industry groups,"Food, beverage, and tobacco manufacturing",SG01RSC04B01CC1,2021Q4,0.0287952,1895.238
Industry groups,"Textile, leather, clothing, and footwear manufacturing",SG01RSC04B01CC2,2021Q4,0.0020019,164.819
Industry groups,Wood and paper products manufacturing,SG01RSC04B01CC3,2021Q4,0.0075696,574.848
Industry groups,Printing,SG01RSC04B01CC4,2021Q4,0.0017739,129.968
Industry groups,"Petroleum, chemical, polymer, and rubber product manufacturing",SG01RSC04B01CC5,2021Q4,0.0129684,873.404
Industry groups,Non-metallic mineral product manufacturing,SG01RSC04B01CC6,2021Q4,0.0037949,307.119
Industry groups,Metal product manufacturing,SG01RSC04B01CC7,2021Q4,0.0102494,713.914
Industry groups,"Transport equipment, machinery and equipment manufacturing",SG01RSC04B01CC8,2021Q4,0.0171826,1354.405
Industry groups,Furniture and other manufacturing,SG01RSC04B01CC9,2021Q4,0.0025950,201.043
Industry groups,"Electricity, gas, water, and waste services",SG01RSC04B01DD1,2021Q4,0.0263029,1794.941
Industry groups,Construction,SG01RSC04B01EE1,2021Q4,0.0662214,4215.290
Industry groups,Wholesale trade,SG01RSC04B01FF1,2021Q4,0.0533561,3629.388
Industry groups,Retail trade,SG01RSC04B01GH1,2021Q4,0.0475284,3706.997
Industry groups,Accommodation services,SG01RSC04B01GH2,2021Q4,0.0186310,1217.721
Industry groups,"Transport, postal, and warehousing",SG01RSC04B01II1,2021Q4,0.0374620,2465.789
Industry groups,Information media and telecommunications,SG01RSC04B01JJ1,2021Q4,0.0216457,2896.122
Industry groups,Financial and insurance services,SG01RSC04B01KK1,2021Q4,0.0554266,3739.943
Industry groups,"Rental, hiring, and real estate services",SG01RSC04B01LL1,2021Q4,0.0723022,4312.192
Industry groups,Ownership of owner-occupied dwellings,SG01RSC04B01LL2,2021Q4,0.0746696,5083.614
Industry groups,"Prof, scientific, and technical services",SG01RSC04B01MN1,2021Q4,0.0891732,6545.427
Industry groups,Administrative and support services,SG01RSC04B01MN2,2021Q4,0.0186890,1383.495
Industry groups,Local Government administration,SG01RSC04B01OO1,2021Q4,0.0046700,366.501
Industry groups,"Central government administration, defence, and public safety",SG01RSC04B01OO2,2021Q4,0.0377340,2817.205
Industry groups,Education and training,SG01RSC04B01PP1,2021Q4,0.0431686,2297.241
Industry groups,Health care and social assistance,SG01RSC04B01QQ1,2021Q4,0.0665548,4292.132
Industry groups,Arts and recreation services,SG01RSC04B01RS1,2021Q4,0.0114998,792.941
Industry groups,Other services,SG01RSC04B01RS2,2021Q4,0.0189902,1232.120
Industry groups,"GST, import duties, stamp duty",SG01RSC04B01UZ9,2021Q4,0.0843637,5097.727
Industry groups,Agriculture,SG01RSC04B01AA1,2022Q1,0.0450973,2240.342
Industry groups,Forestry and logging,SG01RSC04B01AA2,2022Q1,0.0045082,370.564
Industry groups,"Fishing, aquaculture and agriculture, forestry and fishing support services",SG01RSC04B01AA3,2022Q1,0.0081442,638.047
Industry groups,Mining,SG01RSC04B01BB1,2022Q1,0.0069304,557.607
Industry groups,"Food, beverage, and tobacco manufacturing",SG01RSC04B01CC1,2022Q1,0.0287952,1864.837
Industry groups,"Textile, leather, clothing, and footwear manufacturing",SG01RSC04B01CC2,2022Q1,0.0020019,158.263
Industry groups,Wood and paper products manufacturing,SG01RSC04B01CC3,2022Q1,0.0075696,553.838
Industry groups,Printing,SG01RSC04B01CC4,2022Q1,0.0017739,130.876
Industry groups,"Petroleum, chemical, polymer, and rubber product manufacturing",SG01RSC04B01CC5,2022Q1,0.0129684,886.129
Industry groups,Non-metallic mineral product manufacturing,SG01RSC04B01CC6,2022Q1,0.0037949,308.446
Industry groups,Metal product manufacturing,SG01RSC04B01CC7,2022Q1,0.0102494,714.596
Industry groups,"Transport equipment, machinery and equipment manufacturing",SG01RSC04B01CC8,2022Q1,0.0171826,1308.122
Industry groups,Furniture and other manufacturing,SG01RSC04B01CC9,2022Q1,0.0025950,203.072
Industry groups,"Electricity, gas, water, and waste services",SG01RSC04B01DD1,2022Q1,0.0263029,1801.541
Industry groups,Construction,SG01RSC04B01EE1,2022Q1,0.0662214,4237.375
Industry groups,Wholesale trade,SG01RSC04B01FF1,2022Q1,0.0533561,3665.872
Industry groups,Retail trade,SG01RSC04B01GH1,2022Q1,0.0475284,3603.212
Industry groups,Accommodation services,SG01RSC04B01GH2,2022Q1,0.0186310,1261.067
Industry groups,"Transport, postal, and warehousing",SG01RSC04B01II1,2022Q1,0.0374620,2409.690
Industry groups,Information media and telecommunications,SG01RSC04B01JJ1,2022Q1,0.0216457,2831.335
Industry groups,Financial and insurance services,SG01RSC04B01KK1,2022Q1,0.0554266,3729.838
Industry groups,"Rental, hiring, and real estate services",SG01RSC04B01LL1,2022Q1,0.0723022,4273.186
Industry groups,Ownership of owner-occupied dwellings,SG01RSC04B01LL2,2022Q1,0.0746696,5114.628
Industry groups,"Prof, scientific, and technical services",SG01RSC04B01MN1,2022Q1,0.0891732,6580.206
Industry groups,Administrative and support services,SG01RSC04B01MN2,2022Q1,0.0186890,1378.113
Industry groups,Local Government administration,SG01RSC04B01OO1,2022Q1,0.0046700,368.939
Industry groups,"Central government administration, defence, and public safety",SG01RSC04B01OO2,2022Q1,0.0377340,2835.615
Industry groups,Education and training,SG01RSC04B01PP1,2022Q1,0.0431686,2393.906
Industry groups,Health care and social assistance,SG01RSC04B01QQ1,2022Q1,0.0665548,4331.759
Industry groups,Arts and recreation services,SG01RSC04B01RS1,2022Q1,0.0114998,799.159
Industry groups,Other services,SG01RSC04B01RS2,2022Q1,0.0189902,1247.249
Industry groups,"GST, import duties, stamp duty",SG01RSC04B01UZ9,2022Q1,0.0843637,4998.940
Industry groups,Agriculture,SG01RSC04B01AA1,2022Q2,0.0335919,2229.687
Industry groups,Forestry and logging,SG01RSC04B01AA2,2022Q2,0.0037870,399.439
Industry groups,"Fishing, aquaculture and agriculture, forestry and fishing support services",SG01RSC04B01AA3,2022Q2,0.0083839,636.292
Industry groups,Mining,SG01RSC04B01BB1,2022Q2,0.0083167,535.497
Industry groups,"Food, beverage, and tobacco manufacturing",SG01RSC04B01CC1,2022Q2,0.0357501,1940.543
Industry groups,"Textile, leather, clothing, and footwear manufacturing",SG01RSC04B01CC2,2022Q2,0.0020296,155.340
Industry groups,Wood and paper products manufacturing,SG01RSC04B01CC3,2022Q2,0.0079610,550.645
Industry groups,Printing,SG01RSC04B01CC4,2022Q2,0.0016644,139.739
Industry groups,"Petroleum, chemical, polymer, and rubber product manufacturing",SG01RSC04B01CC5,2022Q2,0.0076435,513.428
Industry groups,Non-metallic mineral product manufacturing,SG01RSC04B01CC6,2022Q2,0.0037231,305.100
Industry groups,Metal product manufacturing,SG01RSC04B01CC7,2022Q2,0.0112820,683.651
Industry groups,"Transport equipment, machinery and equipment manufacturing",SG01RSC04B01CC8,2022Q2,0.0165151,1278.915
Industry groups,Furniture and other manufacturing,SG01RSC04B01CC9,2022Q2,0.0025622,191.869
Industry groups,"Electricity, gas, water, and waste services",SG01RSC04B01DD1,2022Q2,0.0252046,1775.438
Industry groups,Construction,SG01RSC04B01EE1,2022Q2,0.0736693,4397.582
Industry groups,Wholesale trade,SG01RSC04B01FF1,2022Q2,0.0499072,3695.809
Industry groups,Retail trade,SG01RSC04B01GH1,2022Q2,0.0441941,3533.762
Industry groups,Accommodation services,SG01RSC04B01GH2,2022Q2,0.0217834,1547.402
Industry groups,"Transport, postal, and warehousing",SG01RSC04B01II1,2022Q2,0.0431260,2704.616
Industry groups,Information media and telecommunications,SG01RSC04B01JJ1,2022Q2,0.0194627,2718.780
Industry groups,Financial and insurance services,SG01RSC04B01KK1,2022Q2,0.0604563,3843.691
Industry groups,"Rental, hiring, and real estate services",SG01RSC04B01LL1,2022Q2,0.0672228,4235.694
Industry groups,Ownership of owner-occupied dwellings,SG01RSC04B01LL2,2022Q2,0.0748255,5154.748
Industry groups,"Prof, scientific, and technical services",SG01RSC04B01MN1,2022Q2,0.0905904,6655.480
Industry groups,Administrative and support services,SG01RSC04B01MN2,2022Q2,0.0196475,1455.434
Industry groups,Local Government administration,SG01RSC04B01OO1,2022Q2,0.0047802,379.046
Industry groups,"Central government administration, defence, and public safety",SG01RSC04B01OO2,2022Q2,0.0373187,2875.374
Industry groups,Education and training,SG01RSC04B01PP1,2022Q2,0.0401573,2371.307
Industry groups,Health care and social assistance,SG01RSC04B01QQ1,2022Q2,0.0682157,4278.901
Industry groups,Arts and recreation services,SG01RSC04B01RS1,2022Q2,0.0125737,941.832
Industry groups,Other services,SG01RSC04B01RS2,2022Q2,0.0197654,1254.286
Industry groups,"GST, import duties, stamp duty",SG01RSC04B01UZ9,2022Q2,0.0838884,5241.372
Industry groups,Agriculture,SG01RSC04B01AA1,2022Q3,0.0335919,2273.595
Industry groups,Forestry and logging,SG01RSC04B01AA2,2022Q3,0.0037870,390.205
Industry groups,"Fishing, aquaculture and agriculture, forestry and fishing support services",SG01RSC04B01AA3,2022Q3,0.0083839,626.990
Industry groups,Mining,SG01RSC04B01BB1,2022Q3,0.0083167,531.011
Industry groups,"Food, beverage, and tobacco manufacturing",SG01RSC04B01CC1,2022Q3,0.0357501,1996.410
Industry groups,"Textile, leather, clothing, and footwear manufacturing",SG01RSC04B01CC2,2022Q3,0.0020296,163.420
Industry groups,Wood and paper products manufacturing,SG01RSC04B01CC3,2022Q3,0.0079610,549.588
Industry groups,Printing,SG01RSC04B01CC4,2022Q3,0.0016644,141.693
Industry groups,"Petroleum, chemical, polymer, and rubber product manufacturing",SG01RSC04B01CC5,2022Q3,0.0076435,484.857
Industry groups,Non-metallic mineral product manufacturing,SG01RSC04B01CC6,2022Q3,0.0037231,301.576
Industry groups,Metal product manufacturing,SG01RSC04B01CC7,2022Q3,0.0112820,702.066
Industry groups,"Transport equipment, machinery and equipment manufacturing",SG01RSC04B01CC8,2022Q3,0.0165151,1308.229
Industry groups,Furniture and other manufacturing,SG01RSC04B01CC9,2022Q3,0.0025622,193.058
Industry groups,"Electricity, gas, water, and waste services",SG01RSC04B01DD1,2022Q3,0.0252046,1837.707
Industry groups,Construction,SG01RSC04B01EE1,2022Q3,0.0736693,4604.531
Industry groups,Wholesale trade,SG01RSC04B01FF1,2022Q3,0.0499072,3709.496
Industry groups,Retail trade,SG01RSC04B01GH1,2022Q3,0.0441941,3509.186
Industry groups,Accommodation services,SG01RSC04B01GH2,2022Q3,0.0217834,1496.165
Industry groups,"Transport, postal, and warehousing",SG01RSC04B01II1,2022Q3,0.0431260,2932.241
Industry groups,Information media and telecommunications,SG01RSC04B01JJ1,2022Q3,0.0194627,2722.828
Industry groups,Financial and insurance services,SG01RSC04B01KK1,2022Q3,0.0604563,3923.847
Industry groups,"Rental, hiring, and real estate services",SG01RSC04B01LL1,2022Q3,0.0672228,4234.446
Industry groups,Ownership of owner-occupied dwellings,SG01RSC04B01LL2,2022Q3,0.0748255,5201.922
Industry groups,"Prof, scientific, and technical services",SG01RSC04B01MN1,2022Q3,0.0905904,6861.586
Industry groups,Administrative and support services,SG01RSC04B01MN2,2022Q3,0.0196475,1518.027
Industry groups,Local Government administration,SG01RSC04B01OO1,2022Q3,0.0047802,387.065
Industry groups,"Central government administration, defence, and public safety",SG01RSC04B01OO2,2022Q3,0.0373187,2871.766
Industry groups,Education and training,SG01RSC04B01PP1,2022Q3,0.0401573,2367.970
Industry groups,Health care and social assistance,SG01RSC04B01QQ1,2022Q3,0.0682157,4514.588
Industry groups,Arts and recreation services,SG01RSC04B01RS1,2022Q3,0.0125737,966.697
Industry groups,Other services,SG01RSC04B01RS2,2022Q3,0.0197654,1296.827
Industry groups,"GST, import duties, stamp duty",SG01RSC04B01UZ9,2022Q3,0.0838884,5399.100
Industry groups,Agriculture,SG01RSC04B01AA1,2022Q4,0.0335919,2312.201
Industry groups,Forestry and logging,SG01RSC04B01AA2,2022Q4,0.0037870,386.518
Industry groups,"Fishing, aquaculture and agriculture, forestry and fishing support services",SG01RSC04B01AA3,2022Q4,0.0083839,591.221
Industry groups,Mining,SG01RSC04B01BB1,2022Q4,0.0083167,546.292
Industry groups,"Food, beverage, and tobacco manufacturing",SG01RSC04B01CC1,2022Q4,0.0357501,1940.130
Industry groups,"Textile, leather, clothing, and footwear manufacturing",SG01RSC04B01CC2,2022Q4,0.0020296,156.946
Industry groups,Wood and paper products manufacturing,SG01RSC04B01CC3,2022Q4,0.0079610,529.611
Industry groups,Printing,SG01RSC04B01CC4,2022Q4,0.0016644,138.921
Industry groups,"Petroleum, chemical, polymer, and rubber product manufacturing",SG01RSC04B01CC5,2022Q4,0.0076435,507.587
Industry groups,Non-metallic mineral product manufacturing,SG01RSC04B01CC6,2022Q4,0.0037231,285.236
Industry groups,Metal product manufacturing,SG01RSC04B01CC7,2022Q4,0.0112820,673.986
Industry groups,"Transport equipment, machinery and equipment manufacturing",SG01RSC04B01CC8,2022Q4,0.0165151,1285.802
Industry groups,Furniture and other manufacturing,SG01RSC04B01CC9,2022Q4,0.0025622,204.435
Industry groups,"Electricity, gas, water, and waste services",SG01RSC04B01DD1,2022Q4,0.0252046,1834.580
Industry groups,Construction,SG01RSC04B01EE1,2022Q4,0.0736693,4714.295
Industry groups,Wholesale trade,SG01RSC04B01FF1,2022Q4,0.0499072,3694.576
Industry groups,Retail trade,SG01RSC04B01GH1,2022Q4,0.0441941,3474.666
Industry groups,Accommodation services,SG01RSC04B01GH2,2022Q4,0.0217834,1399.410
Industry groups,"Transport, postal, and warehousing",SG01RSC04B01II1,2022Q4,0.0431260,2931.342
Industry groups,Information media and telecommunications,SG01RSC04B01JJ1,2022Q4,0.0194627,2726.020
Industry groups,Financial and insurance services,SG01RSC04B01KK1,2022Q4,0.0604563,3893.124
Industry groups,"Rental, hiring, and real estate services",SG01RSC04B01LL1,2022Q4,0.0672228,4166.586
Industry groups,Ownership of owner-occupied dwellings,SG01RSC04B01LL2,2022Q4,0.0748255,5251.038
Industry groups,"Prof, scientific, and technical services",SG01RSC04B01MN1,2022Q4,0.0905904,6992.787
Industry groups,Administrative and support services,SG01RSC04B01MN2,2022Q4,0.0196475,1515.009
Industry groups,Local Government administration,SG01RSC04B01OO1,2022Q4,0.0047802,390.992
Industry groups,"Central government administration, defence, and public safety",SG01RSC04B01OO2,2022Q4,0.0373187,2845.029
Industry groups,Education and training,SG01RSC04B01PP1,2022Q4,0.0401573,2372.698
Industry groups,Health care and social assistance,SG01RSC04B01QQ1,2022Q4,0.0682157,4526.611
Industry groups,Arts and recreation services,SG01RSC04B01RS1,2022Q4,0.0125737,963.387
Industry groups,Other services,SG01RSC04B01RS2,2022Q4,0.0197654,1237.169
Industry groups,"GST, import duties, stamp duty",SG01RSC04B01UZ9,2022Q4,0.0838884,5313.800
Industry groups,Agriculture,SG01RSC04B01AA1,2023Q1,0.0335919,2355.219
Industry groups,Forestry and logging,SG01RSC04B01AA2,2023Q1,0.0037870,367.510
Industry groups,"Fishing, aquaculture and agriculture, forestry and fishing support services",SG01RSC04B01AA3,2023Q1,0.0083839,586.473
Industry groups,Mining,SG01RSC04B01BB1,2023Q1,0.0083167,566.768
Industry groups,"Food, beverage, and tobacco manufacturing",SG01RSC04B01CC1,2023Q1,0.0357501,1952.300
Industry groups,"Textile, leather, clothing, and footwear manufacturing",SG01RSC04B01CC2,2023Q1,0.0020296,154.610
Industry groups,Wood and paper products manufacturing,SG01RSC04B01CC3,2023Q1,0.0079610,504.378
Industry groups,Printing,SG01RSC04B01CC4,2023Q1,0.0016644,139.033
Industry groups,"Petroleum, chemical, polymer, and rubber product manufacturing",SG01RSC04B01CC5,2023Q1,0.0076435,493.678
Industry groups,Non-metallic mineral product manufacturing,SG01RSC04B01CC6,2023Q1,0.0037231,266.197
Industry groups,Metal product manufacturing,SG01RSC04B01CC7,2023Q1,0.0112820,651.125
Industry groups,"Transport equipment, machinery and equipment manufacturing",SG01RSC04B01CC8,2023Q1,0.0165151,1303.156
Industry groups,Furniture and other manufacturing,SG01RSC04B01CC9,2023Q1,0.0025622,208.188
Industry groups,"Electricity, gas, water, and waste services",SG01RSC04B01DD1,2023Q1,0.0252046,1814.480
Industry groups,Construction,SG01RSC04B01EE1,2023Q1,0.0736693,4785.453
Industry groups,Wholesale trade,SG01RSC04B01FF1,2023Q1,0.0499072,3660.885
Industry groups,Retail trade,SG01RSC04B01GH1,2023Q1,0.0441941,3443.864
Industry groups,Accommodation services,SG01RSC04B01GH2,2023Q1,0.0217834,1374.182
Industry groups,"Transport, postal, and warehousing",SG01RSC04B01II1,2023Q1,0.0431260,2881.079
Industry groups,Information media and telecommunications,SG01RSC04B01JJ1,2023Q1,0.0194627,2801.799
Industry groups,Financial and insurance services,SG01RSC04B01KK1,2023Q1,0.0604563,3951.508
Industry groups,"Rental, hiring, and real estate services",SG01RSC04B01LL1,2023Q1,0.0672228,4241.488
Industry groups,Ownership of owner-occupied dwellings,SG01RSC04B01LL2,2023Q1,0.0748255,5263.707
Industry groups,"Prof, scientific, and technical services",SG01RSC04B01MN1,2023Q1,0.0905904,6817.463
Industry groups,Administrative and support services,SG01RSC04B01MN2,2023Q1,0.0196475,1533.656
Industry groups,Local Government administration,SG01RSC04B01OO1,2023Q1,0.0047802,396.794
Industry groups,"Central government administration, defence, and public safety",SG01RSC04B01OO2,2023Q1,0.0373187,2889.541
Industry groups,Education and training,SG01RSC04B01PP1,2023Q1,0.0401573,2334.829
Industry groups,Health care and social assistance,SG01RSC04B01QQ1,2023Q1,0.0682157,4488.899
Industry groups,Arts and recreation services,SG01RSC04B01RS1,2023Q1,0.0125737,896.097
Industry groups,Other services,SG01RSC04B01RS2,2023Q1,0.0197654,1292.728
Industry groups,"GST, import duties, stamp duty",SG01RSC04B01UZ9,2023Q1,0.0838884,5311.469
Industry groups,Agriculture,SG01RSC04B01AA1,2023Q2,0.0292382,2364.995
Industry groups,Forestry and logging,SG01RSC04B01AA2,2023Q2,0.0023577,367.102
Industry groups,"Fishing, aquaculture and agriculture, forestry and fishing support services",SG01RSC04B01AA3,2023Q2,0.0084902,588.876
Industry groups,Mining,SG01RSC04B01BB1,2023Q2,0.0074217,593.780
Industry groups,"Food, beverage, and tobacco manufacturing",SG01RSC04B01CC1,2023Q2,0.0329428,1974.466
Industry groups,"Textile, leather, clothing, and footwear manufacturing",SG01RSC04B01CC2,2023Q2,0.0017774,158.722
Industry groups,Wood and paper products manufacturing,SG01RSC04B01CC3,2023Q2,0.0057107,473.960
Industry groups,Printing,SG01RSC04B01CC4,2023Q2,0.0014829,135.001
Industry groups,"Petroleum, chemical, polymer, and rubber product manufacturing",SG01RSC04B01CC5,2023Q2,0.0078260,516.259
Industry groups,Non-metallic mineral product manufacturing,SG01RSC04B01CC6,2023Q2,0.0033251,256.945
Industry groups,Metal product manufacturing,SG01RSC04B01CC7,2023Q2,0.0107586,662.523
Industry groups,"Transport equipment, machinery and equipment manufacturing",SG01RSC04B01CC8,2023Q2,0.0163335,1327.110
Industry groups,Furniture and other manufacturing,SG01RSC04B01CC9,2023Q2,0.0025112,200.792
Industry groups,"Electricity, gas, water, and waste services",SG01RSC04B01DD1,2023Q2,0.0266333,1838.701
Industry groups,Construction,SG01RSC04B01EE1,2023Q2,0.0776316,4950.384
Industry groups,Wholesale trade,SG01RSC04B01FF1,2023Q2,0.0453238,3660.229
Industry groups,Retail trade,SG01RSC04B01GH1,2023Q2,0.0428122,3392.439
Industry groups,Accommodation services,SG01RSC04B01GH2,2023Q2,0.0219995,1397.749
Industry groups,"Transport, postal, and warehousing",SG01RSC04B01II1,2023Q2,0.0432453,2947.094
Industry groups,Information media and telecommunications,SG01RSC04B01JJ1,2023Q2,0.0193471,2855.752
Industry groups,Financial and insurance services,SG01RSC04B01KK1,2023Q2,0.0630781,3976.794
Industry groups,"Rental, hiring, and real estate services",SG01RSC04B01LL1,2023Q2,0.0692990,4336.327
Industry groups,Ownership of owner-occupied dwellings,SG01RSC04B01LL2,2023Q2,0.0778717,5312.626
Industry groups,"Prof, scientific, and technical services",SG01RSC04B01MN1,2023Q2,0.0884178,6821.030
Industry groups,Administrative and support services,SG01RSC04B01MN2,2023Q2,0.0212224,1662.552
Industry groups,Local Government administration,SG01RSC04B01OO1,2023Q2,0.0049286,393.115
Industry groups,"Central government administration, defence, and public safety",SG01RSC04B01OO2,2023Q2,0.0391483,2995.063
Industry groups,Education and training,SG01RSC04B01PP1,2023Q2,0.0408896,2390.675
Industry groups,Health care and social assistance,SG01RSC04B01QQ1,2023Q2,0.0715712,4550.040
Industry groups,Arts and recreation services,SG01RSC04B01RS1,2023Q2,0.0128377,961.159
Industry groups,Other services,SG01RSC04B01RS2,2023Q2,0.0203430,1289.982
Industry groups,"GST, import duties, stamp duty",SG01RSC04B01UZ9,2023Q2,0.0832239,5327.610
Industry groups,Agriculture,SG01RSC04B01AA1,2023Q3,0.0292382,2421.180
Industry groups,Forestry and logging,SG01RSC04B01AA2,2023Q3,0.0023577,359.411
Industry groups,"Fishing, aquaculture and agriculture, forestry and fishing support services",SG01RSC04B01AA3,2023Q3,0.0084902,589.348
Industry groups,Mining,SG01RSC04B01BB1,2023Q3,0.0074217,577.041
Industry groups,"Food, beverage, and tobacco manufacturing",SG01RSC04B01CC1,2023Q3,0.0329428,1985.341
Industry groups,"Textile, leather, clothing, and footwear manufacturing",SG01RSC04B01CC2,2023Q3,0.0017774,141.209
Industry groups,Wood and paper products manufacturing,SG01RSC04B01CC3,2023Q3,0.0057107,478.253
Industry groups,Printing,SG01RSC04B01CC4,2023Q3,0.0014829,133.385
Industry groups,"Petroleum, chemical, polymer, and rubber product manufacturing",SG01RSC04B01CC5,2023Q3,0.0078260,468.458
Industry groups,Non-metallic mineral product manufacturing,SG01RSC04B01CC6,2023Q3,0.0033251,251.759
Industry groups,Metal product manufacturing,SG01RSC04B01CC7,2023Q3,0.0107586,639.498
Industry groups,"Transport equipment, machinery and equipment manufacturing",SG01RSC04B01CC8,2023Q3,0.0163335,1308.893
Industry groups,Furniture and other manufacturing,SG01RSC04B01CC9,2023Q3,0.0025112,199.778
Industry groups,"Electricity, gas, water, and waste services",SG01RSC04B01DD1,2023Q3,0.0266333,1805.696
Industry groups,Construction,SG01RSC04B01EE1,2023Q3,0.0776316,4956.461
Industry groups,Wholesale trade,SG01RSC04B01FF1,2023Q3,0.0453238,3574.724
Industry groups,Retail trade,SG01RSC04B01GH1,2023Q3,0.0428122,3361.867
Industry groups,Accommodation services,SG01RSC04B01GH2,2023Q3,0.0219995,1410.852
Industry groups,"Transport, postal, and warehousing",SG01RSC04B01II1,2023Q3,0.0432453,2909.684
Industry groups,Information media and telecommunications,SG01RSC04B01JJ1,2023Q3,0.0193471,2904.361
Industry groups,Financial and insurance services,SG01RSC04B01KK1,2023Q3,0.0630781,3958.842
Industry groups,"Rental, hiring, and real estate services",SG01RSC04B01LL1,2023Q3,0.0692990,4385.039
Industry groups,Ownership of owner-occupied dwellings,SG01RSC04B01LL2,2023Q3,0.0778717,5363.029
Industry groups,"Prof, scientific, and technical services",SG01RSC04B01MN1,2023Q3,0.0884178,6806.098
Industry groups,Administrative and support services,SG01RSC04B01MN2,2023Q3,0.0212224,1613.406
Industry groups,Local Government administration,SG01RSC04B01OO1,2023Q3,0.0049286,396.972
Industry groups,"Central government administration, defence, and public safety",SG01RSC04B01OO2,2023Q3,0.0391483,3005.034
Industry groups,Education and training,SG01RSC04B01PP1,2023Q3,0.0408896,2432.373
Industry groups,Health care and social assistance,SG01RSC04B01QQ1,2023Q3,0.0715712,4719.852
Industry groups,Arts and recreation services,SG01RSC04B01RS1,2023Q3,0.0128377,977.014
Industry groups,Other services,SG01RSC04B01RS2,2023Q3,0.0203430,1374.940
Industry groups,"GST, import duties, stamp duty",SG01RSC04B01UZ9,2023Q3,0.0832239,5274.556
Industry groups,Agriculture,SG01RSC04B01AA1,2023Q4,0.0292382,2447.882
Industry groups,Forestry and logging,SG01RSC04B01AA2,2023Q4,0.0023577,372.076
Industry groups,"Fishing, aquaculture and agriculture, forestry and fishing support services",SG01RSC04B01AA3,2023Q4,0.0084902,585.093
Industry groups,Mining,SG01RSC04B01BB1,2023Q4,0.0074217,558.033
Industry groups,"Food, beverage, and tobacco manufacturing",SG01RSC04B01CC1,2023Q4,0.0329428,1959.452
Industry groups,"Textile, leather, clothing, and footwear manufacturing",SG01RSC04B01CC2,2023Q4,0.0017774,171.320
Industry groups,Wood and paper products manufacturing,SG01RSC04B01CC3,2023Q4,0.0057107,480.202
Industry groups,Printing,SG01RSC04B01CC4,2023Q4,0.0014829,132.088
Industry groups,"Petroleum, chemical, polymer, and rubber product manufacturing",SG01RSC04B01CC5,2023Q4,0.0078260,558.177
Industry groups,Non-metallic mineral product manufacturing,SG01RSC04B01CC6,2023Q4,0.0033251,241.852
Industry groups,Metal product manufacturing,SG01RSC04B01CC7,2023Q4,0.0107586,647.551
Industry groups,"Transport equipment, machinery and equipment manufacturing",SG01RSC04B01CC8,2023Q4,0.0163335,1283.774
Industry groups,Furniture and other manufacturing,SG01RSC04B01CC9,2023Q4,0.0025112,185.541
Industry groups,"Electricity, gas, water, and waste services",SG01RSC04B01DD1,2023Q4,0.0266333,1806.561
Industry groups,Construction,SG01RSC04B01EE1,2023Q4,0.0776316,5000.911
Industry groups,Wholesale trade,SG01RSC04B01FF1,2023Q4,0.0453238,3494.142
Industry groups,Retail trade,SG01RSC04B01GH1,2023Q4,0.0428122,3316.123
Industry groups,Accommodation services,SG01RSC04B01GH2,2023Q4,0.0219995,1383.742
Industry groups,"Transport, postal, and warehousing",SG01RSC04B01II1,2023Q4,0.0432453,2896.971
Industry groups,Information media and telecommunications,SG01RSC04B01JJ1,2023Q4,0.0193471,2965.395
Industry groups,Financial and insurance services,SG01RSC04B01KK1,2023Q4,0.0630781,3960.587
Industry groups,"Rental, hiring, and real estate services",SG01RSC04B01LL1,2023Q4,0.0692990,4499.042
Industry groups,Ownership of owner-occupied dwellings,SG01RSC04B01LL2,2023Q4,0.0778717,5396.843
Industry groups,"Prof, scientific, and technical services",SG01RSC04B01MN1,2023Q4,0.0884178,6741.013
Industry groups,Administrative and support services,SG01RSC04B01MN2,2023Q4,0.0212224,1603.984
Industry groups,Local Government administration,SG01RSC04B01OO1,2023Q4,0.0049286,406.701
Industry groups,"Central government administration, defence, and public safety",SG01RSC04B01OO2,2023Q4,0.0391483,3058.517
Industry groups,Education and training,SG01RSC04B01PP1,2023Q4,0.0408896,2461.583
Industry groups,Health care and social assistance,SG01RSC04B01QQ1,2023Q4,0.0715712,4724.679
Industry groups,Arts and recreation services,SG01RSC04B01RS1,2023Q4,0.0128377,969.743
Industry groups,Other services,SG01RSC04B01RS2,2023Q4,0.0203430,1261.143
Industry groups,"GST, import duties, stamp duty",SG01RSC04B01UZ9,2023Q4,0.0832239,5290.547
Industry groups,Agriculture,SG01RSC04B01AA1,2024Q1,0.0292382,2482.008
Industry groups,Forestry and logging,SG01RSC04B01AA2,2024Q1,0.0023577,378.200
Industry groups,"Fishing, aquaculture and agriculture, forestry and fishing support services",SG01RSC04B01AA3,2024Q1,0.0084902,572.578
Industry groups,Mining,SG01RSC04B01BB1,2024Q1,0.0074217,544.982
Industry groups,"Food, beverage, and tobacco manufacturing",SG01RSC04B01CC1,2024Q1,0.0329428,2007.097
Industry groups,"Textile, leather, clothing, and footwear manufacturing",SG01RSC04B01CC2,2024Q1,0.0017774,153.366
Industry groups,Wood and paper products manufacturing,SG01RSC04B01CC3,2024Q1,0.0057107,501.575
Industry groups,Printing,SG01RSC04B01CC4,2024Q1,0.0014829,129.830
Industry groups,"Petroleum, chemical, polymer, and rubber product manufacturing",SG01RSC04B01CC5,2024Q1,0.0078260,430.472
Industry groups,Non-metallic mineral product manufacturing,SG01RSC04B01CC6,2024Q1,0.0033251,237.511
Industry groups,Metal product manufacturing,SG01RSC04B01CC7,2024Q1,0.0107586,629.949
Industry groups,"Transport equipment, machinery and equipment manufacturing",SG01RSC04B01CC8,2024Q1,0.0163335,1229.378
Industry groups,Furniture and other manufacturing,SG01RSC04B01CC9,2024Q1,0.0025112,178.256
Industry groups,"Electricity, gas, water, and waste services",SG01RSC04B01DD1,2024Q1,0.0266333,1832.745
Industry groups,Construction,SG01RSC04B01EE1,2024Q1,0.0776316,4851.963
Industry groups,Wholesale trade,SG01RSC04B01FF1,2024Q1,0.0453238,3503.252
Industry groups,Retail trade,SG01RSC04B01GH1,2024Q1,0.0428122,3326.860
Industry groups,Accommodation services,SG01RSC04B01GH2,2024Q1,0.0219995,1391.488
Industry groups,"Transport, postal, and warehousing",SG01RSC04B01II1,2024Q1,0.0432453,2951.984
Industry groups,Information media and telecommunications,SG01RSC04B01JJ1,2024Q1,0.0193471,2933.194
Industry groups,Financial and insurance services,SG01RSC04B01KK1,2024Q1,0.0630781,3941.578
Industry groups,"Rental, hiring, and real estate services",SG01RSC04B01LL1,2024Q1,0.0692990,4586.121
Industry groups,Ownership of owner-occupied dwellings,SG01RSC04B01LL2,2024Q1,0.0778717,5404.896
Industry groups,"Prof, scientific, and technical services",SG01RSC04B01MN1,2024Q1,0.0884178,6649.159
Industry groups,Administrative and support services,SG01RSC04B01MN2,2024Q1,0.0212224,1615.052
Industry groups,Local Government administration,SG01RSC04B01OO1,2024Q1,0.0049286,411.743
Industry groups,"Central government administration, defence, and public safety",SG01RSC04B01OO2,2024Q1,0.0391483,3057.480
Industry groups,Education and training,SG01RSC04B01PP1,2024Q1,0.0408896,2498.542
Industry groups,Health care and social assistance,SG01RSC04B01QQ1,2024Q1,0.0715712,4746.861
Industry groups,Arts and recreation services,SG01RSC04B01RS1,2024Q1,0.0128377,927.963
Industry groups,Other services,SG01RSC04B01RS2,2024Q1,0.0203430,1288.347
Industry groups,"GST, import duties, stamp duty",SG01RSC04B01UZ9,2024Q1,0.0832239,5358.488
Industry groups,Agriculture,SG01RSC04B01AA1,2024Q2,0.0292382,2611.503
Industry groups,Forestry and logging,SG01RSC04B01AA2,2024Q2,0.0023577,343.801
Industry groups,"Fishing, aquaculture and agriculture, forestry and fishing support services",SG01RSC04B01AA3,2024Q2,0.0084902,574.071
Industry groups,Mining,SG01RSC04B01BB1,2024Q2,0.0074217,521.099
Industry groups,"Food, beverage, and tobacco manufacturing",SG01RSC04B01CC1,2024Q2,0.0329428,1978.891
Industry groups,"Textile, leather, clothing, and footwear manufacturing",SG01RSC04B01CC2,2024Q2,0.0017774,166.967
Industry groups,Wood and paper products manufacturing,SG01RSC04B01CC3,2024Q2,0.0057107,536.416
Industry groups,Printing,SG01RSC04B01CC4,2024Q2,0.0014829,127.193
Industry groups,"Petroleum, chemical, polymer, and rubber product manufacturing",SG01RSC04B01CC5,2024Q2,0.0078260,490.064
Industry groups,Non-metallic mineral product manufacturing,SG01RSC04B01CC6,2024Q2,0.0033251,232.675
Industry groups,Metal product manufacturing,SG01RSC04B01CC7,2024Q2,0.0107586,603.524
Industry groups,"Transport equipment, machinery and equipment manufacturing",SG01RSC04B01CC8,2024Q2,0.0163335,1348.831
Industry groups,Furniture and other manufacturing,SG01RSC04B01CC9,2024Q2,0.0025112,177.066
Industry groups,"Electricity, gas, water, and waste services",SG01RSC04B01DD1,2024Q2,0.0266333,1800.646
Industry groups,Construction,SG01RSC04B01EE1,2024Q2,0.0776316,4727.162
Industry groups,Wholesale trade,SG01RSC04B01FF1,2024Q2,0.0453238,3444.626
Industry groups,Retail trade,SG01RSC04B01GH1,2024Q2,0.0428122,3305.491
Industry groups,Accommodation services,SG01RSC04B01GH2,2024Q2,0.0219995,1354.348
Industry groups,"Transport, postal, and warehousing",SG01RSC04B01II1,2024Q2,0.0432453,2916.162
Industry groups,Information media and telecommunications,SG01RSC04B01JJ1,2024Q2,0.0193471,2927.163
Industry groups,Financial and insurance services,SG01RSC04B01KK1,2024Q2,0.0630781,3981.556
Industry groups,"Rental, hiring, and real estate services",SG01RSC04B01LL1,2024Q2,0.0692990,4552.624
Industry groups,Ownership of owner-occupied dwellings,SG01RSC04B01LL2,2024Q2,0.0778717,5423.549
Industry groups,"Prof, scientific, and technical services",SG01RSC04B01MN1,2024Q2,0.0884178,6668.197
Industry groups,Administrative and support services,SG01RSC04B01MN2,2024Q2,0.0212224,1625.620
Industry groups,Local Government administration,SG01RSC04B01OO1,2024Q2,0.0049286,419.239
Industry groups,"Central government administration, defence, and public safety",SG01RSC04B01OO2,2024Q2,0.0391483,3003.319
Industry groups,Education and training,SG01RSC04B01PP1,2024Q2,0.0408896,2523.189
Industry groups,Health care and social assistance,SG01RSC04B01QQ1,2024Q2,0.0715712,4788.842
Industry groups,Arts and recreation services,SG01RSC04B01RS1,2024Q2,0.0128377,967.652
Industry groups,Other services,SG01RSC04B01RS2,2024Q2,0.0203430,1272.220
Industry groups,"GST, import duties, stamp duty",SG01RSC04B01UZ9,2024Q2,0.0832239,5252.796
Industry groups,Agriculture,SG01RSC04B01AA1,2024Q3,0.0292382,2590.641
Industry groups,Forestry and logging,SG01RSC04B01AA2,2024Q3,0.0023577,364.894
Industry groups,"Fishing, aquaculture and agriculture, forestry and fishing support services",SG01RSC04B01AA3,2024Q3,0.0084902,571.060
Industry groups,Mining,SG01RSC04B01BB1,2024Q3,0.0074217,505.768
Industry groups,"Food, beverage, and tobacco manufacturing",SG01RSC04B01CC1,2024Q3,0.0329428,1962.752
Industry groups,"Textile, leather, clothing, and footwear manufacturing",SG01RSC04B01CC2,2024Q3,0.0017774,147.295
Industry groups,Wood and paper products manufacturing,SG01RSC04B01CC3,2024Q3,0.0057107,507.518
Industry groups,Printing,SG01RSC04B01CC4,2024Q3,0.0014829,126.650
Industry groups,"Petroleum, chemical, polymer, and rubber product manufacturing",SG01RSC04B01CC5,2024Q3,0.0078260,500.910
Industry groups,Non-metallic mineral product manufacturing,SG01RSC04B01CC6,2024Q3,0.0033251,228.622
Industry groups,Metal product manufacturing,SG01RSC04B01CC7,2024Q3,0.0107586,568.764
Industry groups,"Transport equipment, machinery and equipment manufacturing",SG01RSC04B01CC8,2024Q3,0.0163335,1319.332
Industry groups,Furniture and other manufacturing,SG01RSC04B01CC9,2024Q3,0.0025112,172.672
Industry groups,"Electricity, gas, water, and waste services",SG01RSC04B01DD1,2024Q3,0.0266333,1724.413
Industry groups,Construction,SG01RSC04B01EE1,2024Q3,0.0776316,4552.516
Industry groups,Wholesale trade,SG01RSC04B01FF1,2024Q3,0.0453238,3417.658
Industry groups,Retail trade,SG01RSC04B01GH1,2024Q3,0.0428122,3286.364
Industry groups,Accommodation services,SG01RSC04B01GH2,2024Q3,0.0219995,1337.516
Industry groups,"Transport, postal, and warehousing",SG01RSC04B01II1,2024Q3,0.0432453,2881.282
Industry groups,Information media and telecommunications,SG01RSC04B01JJ1,2024Q3,0.0193471,2941.015
Industry groups,Financial and insurance services,SG01RSC04B01KK1,2024Q3,0.0630781,3987.537
Industry groups,"Rental, hiring, and real estate services",SG01RSC04B01LL1,2024Q3,0.0692990,4634.297
Industry groups,Ownership of owner-occupied dwellings,SG01RSC04B01LL2,2024Q3,0.0778717,5448.707
Industry groups,"Prof, scientific, and technical services",SG01RSC04B01MN1,2024Q3,0.0884178,6535.617
Industry groups,Administrative and support services,SG01RSC04B01MN2,2024Q3,0.0212224,1560.985
Industry groups,Local Government administration,SG01RSC04B01OO1,2024Q3,0.0049286,428.780
Industry groups,"Central government administration, defence, and public safety",SG01RSC04B01OO2,2024Q3,0.0391483,2936.715
Industry groups,Education and training,SG01RSC04B01PP1,2024Q3,0.0408896,2536.497
Industry groups,Health care and social assistance,SG01RSC04B01QQ1,2024Q3,0.0715712,4728.214
Industry groups,Arts and recreation services,SG01RSC04B01RS1,2024Q3,0.0128377,912.937
Industry groups,Other services,SG01RSC04B01RS2,2024Q3,0.0203430,1258.622
Industry groups,"GST, import duties, stamp duty",SG01RSC04B01UZ9,2024Q3,0.0832239,5151.896
Industry groups,Agriculture,SG01RSC04B01AA1,2024Q4,0.0292382,2599.990
Industry groups,Forestry and logging,SG01RSC04B01AA2,2024Q4,0.0023577,359.665
Industry groups,"Fishing, aquaculture and agriculture, forestry and fishing support services",SG01RSC04B01AA3,2024Q4,0.0084902,588.805
Industry groups,Mining,SG01RSC04B01BB1,2024Q4,0.0074217,497.714
Industry groups,"Food, beverage, and tobacco manufacturing",SG01RSC04B01CC1,2024Q4,0.0329428,1980.435
Industry groups,"Textile, leather, clothing, and footwear manufacturing",SG01RSC04B01CC2,2024Q4,0.0017774,134.898
Industry groups,Wood and paper products manufacturing,SG01RSC04B01CC3,2024Q4,0.0057107,498.158
Industry groups,Printing,SG01RSC04B01CC4,2024Q4,0.0014829,126.920
Industry groups,"Petroleum, chemical, polymer, and rubber product manufacturing",SG01RSC04B01CC5,2024Q4,0.0078260,476.062
Industry groups,Non-metallic mineral product manufacturing,SG01RSC04B01CC6,2024Q4,0.0033251,229.646
Industry groups,Metal product manufacturing,SG01RSC04B01CC7,2024Q4,0.0107586,549.009
Industry groups,"Transport equipment, machinery and equipment manufacturing",SG01RSC04B01CC8,2024Q4,0.0163335,1323.373
Industry groups,Furniture and other manufacturing,SG01RSC04B01CC9,2024Q4,0.0025112,170.320
Industry groups,"Electricity, gas, water, and waste services",SG01RSC04B01DD1,2024Q4,0.0266333,1757.386
Industry groups,Construction,SG01RSC04B01EE1,2024Q4,0.0776316,4365.378
Industry groups,Wholesale trade,SG01RSC04B01FF1,2024Q4,0.0453238,3430.338
Industry groups,Retail trade,SG01RSC04B01GH1,2024Q4,0.0428122,3308.869
Industry groups,Accommodation services,SG01RSC04B01GH2,2024Q4,0.0219995,1400.321
Industry groups,"Transport, postal, and warehousing",SG01RSC04B01II1,2024Q4,0.0432453,2932.602
Industry groups,Information media and telecommunications,SG01RSC04B01JJ1,2024Q4,0.0193471,2864.005
Industry groups,Financial and insurance services,SG01RSC04B01KK1,2024Q4,0.0630781,4000.132
Industry groups,"Rental, hiring, and real estate services",SG01RSC04B01LL1,2024Q4,0.0692990,4695.428
Industry groups,Ownership of owner-occupied dwellings,SG01RSC04B01LL2,2024Q4,0.0778717,5474.891
Industry groups,"Prof, scientific, and technical services",SG01RSC04B01MN1,2024Q4,0.0884178,6518.555
Industry groups,Administrative and support services,SG01RSC04B01MN2,2024Q4,0.0212224,1555.576
Industry groups,Local Government administration,SG01RSC04B01OO1,2024Q4,0.0049286,429.013
Industry groups,"Central government administration, defence, and public safety",SG01RSC04B01OO2,2024Q4,0.0391483,2930.932
Industry groups,Education and training,SG01RSC04B01PP1,2024Q4,0.0408896,2538.466
Industry groups,Health care and social assistance,SG01RSC04B01QQ1,2024Q4,0.0715712,4797.962
Industry groups,Arts and recreation services,SG01RSC04B01RS1,2024Q4,0.0128377,962.400
Industry groups,Other services,SG01RSC04B01RS2,2024Q4,0.0203430,1249.238
Industry groups,"GST, import duties, stamp duty",SG01RSC04B01UZ9,2024Q4,0.0832239,5130.086
Industry groups,Agriculture,SG01RSC04B01AA1,2025Q1,0.0292382,2618.576
Industry groups,Forestry and logging,SG01RSC04B01AA2,2025Q1,0.0023577,365.435
Industry groups,"Fishing, aquaculture and agriculture, forestry and fishing support services",SG01RSC04B01AA3,2025Q1,0.0084902,589.571
Industry groups,Mining,SG01RSC04B01BB1,2025Q1,0.0074217,499.743
Industry groups,"Food, beverage, and tobacco manufacturing",SG01RSC04B01CC1,2025Q1,0.0329428,1974.422
Industry groups,"Textile, leather, clothing, and footwear manufacturing",SG01RSC04B01CC2,2025Q1,0.0017774,147.364
Industry groups,Wood and paper products manufacturing,SG01RSC04B01CC3,2025Q1,0.0057107,502.609
Industry groups,Printing,SG01RSC04B01CC4,2025Q1,0.0014829,126.270
Industry groups,"Petroleum, chemical, polymer, and rubber product manufacturing",SG01RSC04B01CC5,2025Q1,0.0078260,501.206
Industry groups,Non-metallic mineral product manufacturing,SG01RSC04B01CC6,2025Q1,0.0033251,228.882
Industry groups,Metal product manufacturing,SG01RSC04B01CC7,2025Q1,0.0107586,581.296
Industry groups,"Transport equipment, machinery and equipment manufacturing",SG01RSC04B01CC8,2025Q1,0.0163335,1395.693
Industry groups,Furniture and other manufacturing,SG01RSC04B01CC9,2025Q1,0.0025112,172.542
Industry groups,"Electricity, gas, water, and waste services",SG01RSC04B01DD1,2025Q1,0.0266333,1747.914
Industry groups,Construction,SG01RSC04B01EE1,2025Q1,0.0776316,4442.545
Industry groups,Wholesale trade,SG01RSC04B01FF1,2025Q1,0.0453238,3422.444
Industry groups,Retail trade,SG01RSC04B01GH1,2025Q1,0.0428122,3339.201
Industry groups,Accommodation services,SG01RSC04B01GH2,2025Q1,0.0219995,1386.460
Industry groups,"Transport, postal, and warehousing",SG01RSC04B01II1,2025Q1,0.0432453,2945.847
Industry groups,Information media and telecommunications,SG01RSC04B01JJ1,2025Q1,0.0193471,2839.386
Industry groups,Financial and insurance services,SG01RSC04B01KK1,2025Q1,0.0630781,3969.306
Industry groups,"Rental, hiring, and real estate services",SG01RSC04B01LL1,2025Q1,0.0692990,4709.853
Industry groups,Ownership of owner-occupied dwellings,SG01RSC04B01LL2,2025Q1,0.0778717,5466.113
Industry groups,"Prof, scientific, and technical services",SG01RSC04B01MN1,2025Q1,0.0884178,6672.542
Industry groups,Administrative and support services,SG01RSC04B01MN2,2025Q1,0.0212224,1581.328
Industry groups,Local Government administration,SG01RSC04B01OO1,2025Q1,0.0049286,424.551
Industry groups,"Central government administration, defence, and public safety",SG01RSC04B01OO2,2025Q1,0.0391483,2930.770
Industry groups,Education and training,SG01RSC04B01PP1,2025Q1,0.0408896,2529.098
Industry groups,Health care and social assistance,SG01RSC04B01QQ1,2025Q1,0.0715712,4859.142
Industry groups,Arts and recreation services,SG01RSC04B01RS1,2025Q1,0.0128377,892.187
Industry groups,Other services,SG01RSC04B01RS2,2025Q1,0.0203430,1238.771
Industry groups,"GST, import duties, stamp duty",SG01RSC04B01UZ9,2025Q1,0.0832239,5256.124
Industry groups,Agriculture,SG01RSC04B01AA1,2025Q2,0.0292382,2644.120
Industry groups,Forestry and logging,SG01RSC04B01AA2,2025Q2,0.0023577,358.000
Industry groups,"Fishing, aquaculture and agriculture, forestry and fishing support services",SG01RSC04B01AA3,2025Q2,0.0084902,573.404
Industry groups,Mining,SG01RSC04B01BB1,2025Q2,0.0074217,482.093
Industry groups,"Food, beverage, and tobacco manufacturing",SG01RSC04B01CC1,2025Q2,0.0329428,1892.811
Industry groups,"Textile, leather, clothing, and footwear manufacturing",SG01RSC04B01CC2,2025Q2,0.0017774,129.475
Industry groups,Wood and paper products manufacturing,SG01RSC04B01CC3,2025Q2,0.0057107,508.861
Industry groups,Printing,SG01RSC04B01CC4,2025Q2,0.0014829,125.308
Industry groups,"Petroleum, chemical, polymer, and rubber product manufacturing",SG01RSC04B01CC5,2025Q2,0.0078260,495.278
Industry groups,Non-metallic mineral product manufacturing,SG01RSC04B01CC6,2025Q2,0.0033251,212.662
Industry groups,Metal product manufacturing,SG01RSC04B01CC7,2025Q2,0.0107586,555.815
Industry groups,"Transport equipment, machinery and equipment manufacturing",SG01RSC04B01CC8,2025Q2,0.0163335,1316.770
Industry groups,Furniture and other manufacturing,SG01RSC04B01CC9,2025Q2,0.0025112,175.676
Industry groups,"Electricity, gas, water, and waste services",SG01RSC04B01DD1,2025Q2,0.0266333,1759.026
Industry groups,Construction,SG01RSC04B01EE1,2025Q2,0.0776316,4315.511
Industry groups,Wholesale trade,SG01RSC04B01FF1,2025Q2,0.0453238,3473.258
Industry groups,Retail trade,SG01RSC04B01GH1,2025Q2,0.0428122,3357.727
Industry groups,Accommodation services,SG01RSC04B01GH2,2025Q2,0.0219995,1372.658
Industry groups,"Transport, postal, and warehousing",SG01RSC04B01II1,2025Q2,0.0432453,2891.318
Industry groups,Information media and telecommunications,SG01RSC04B01JJ1,2025Q2,0.0193471,2877.846
Industry groups,Financial and insurance services,SG01RSC04B01KK1,2025Q2,0.0630781,3953.311
Industry groups,"Rental, hiring, and real estate services",SG01RSC04B01LL1,2025Q2,0.0692990,4750.208
Industry groups,Ownership of owner-occupied dwellings,SG01RSC04B01LL2,2025Q2,0.0778717,5462.417
Industry groups,"Prof, scientific, and technical services",SG01RSC04B01MN1,2025Q2,0.0884178,6647.070
Industry groups,Administrative and support services,SG01RSC04B01MN2,2025Q2,0.0212224,1617.236
Industry groups,Local Government administration,SG01RSC04B01OO1,2025Q2,0.0049286,437.118
Industry groups,"Central government administration, defence, and public safety",SG01RSC04B01OO2,2025Q2,0.0391483,2944.268
Industry groups,Education and training,SG01RSC04B01PP1,2025Q2,0.0408896,2522.524
Industry groups,Health care and social assistance,SG01RSC04B01QQ1,2025Q2,0.0715712,4819.688
Industry groups,Arts and recreation services,SG01RSC04B01RS1,2025Q2,0.0128377,898.720
Industry groups,Other services,SG01RSC04B01RS2,2025Q2,0.0203430,1243.893
Industry groups,"GST, import duties, stamp duty",SG01RSC04B01UZ9,2025Q2,0.0832239,5198.584
Industry groups,Agriculture,SG01RSC04B01AA1,2025Q3,0.0292382,2661.718
Industry groups,Forestry and logging,SG01RSC04B01AA2,2025Q3,0.0023577,374.793
Industry groups,"Fishing, aquaculture and agriculture, forestry and fishing support services",SG01RSC04B01AA3,2025Q3,0.0084902,581.013
Industry groups,Mining,SG01RSC04B01BB1,2025Q3,0.0074217,485.540
Industry groups,"Food, beverage, and tobacco manufacturing",SG01RSC04B01CC1,2025Q3,0.0329428,1939.755
Industry groups,"Textile, leather, clothing, and footwear manufacturing",SG01RSC04B01CC2,2025Q3,0.0017774,142.063
Industry groups,Wood and paper products manufacturing,SG01RSC04B01CC3,2025Q3,0.0057107,501.335
Industry groups,Printing,SG01RSC04B01CC4,2025Q3,0.0014829,124.917
Industry groups,"Petroleum, chemical, polymer, and rubber product manufacturing",SG01RSC04B01CC5,2025Q3,0.0078260,519.219
Industry groups,Non-metallic mineral product manufacturing,SG01RSC04B01CC6,2025Q3,0.0033251,208.118
Industry groups,Metal product manufacturing,SG01RSC04B01CC7,2025Q3,0.0107586,569.253
Industry groups,"Transport equipment, machinery and equipment manufacturing",SG01RSC04B01CC8,2025Q3,0.0163335,1342.564
Industry groups,Furniture and other manufacturing,SG01RSC04B01CC9,2025Q3,0.0025112,176.739
Industry groups,"Electricity, gas, water, and waste services",SG01RSC04B01DD1,2025Q3,0.0266333,1800.254
Industry groups,Construction,SG01RSC04B01EE1,2025Q3,0.0776316,4389.115
Industry groups,Wholesale trade,SG01RSC04B01FF1,2025Q3,0.0453238,3528.879
Industry groups,Retail trade,SG01RSC04B01GH1,2025Q3,0.0428122,3392.356
Industry groups,Accommodation services,SG01RSC04B01GH2,2025Q3,0.0219995,1391.730
Industry groups,"Transport, postal, and warehousing",SG01RSC04B01II1,2025Q3,0.0432453,2908.912
Industry groups,Information media and telecommunications,SG01RSC04B01JJ1,2025Q3,0.0193471,2816.977
Industry groups,Financial and insurance services,SG01RSC04B01KK1,2025Q3,0.0630781,3965.136
Industry groups,"Rental, hiring, and real estate services",SG01RSC04B01LL1,2025Q3,0.0692990,4787.990
Industry groups,Ownership of owner-occupied dwellings,SG01RSC04B01LL2,2025Q3,0.0778717,5460.845
Industry groups,"Prof, scientific, and technical services",SG01RSC04B01MN1,2025Q3,0.0884178,6787.526
Industry groups,Administrative and support services,SG01RSC04B01MN2,2025Q3,0.0212224,1555.350
Industry groups,Local Government administration,SG01RSC04B01OO1,2025Q3,0.0049286,439.057
Industry groups,"Central government administration, defence, and public safety",SG01RSC04B01OO2,2025Q3,0.0391483,3008.940
Industry groups,Education and training,SG01RSC04B01PP1,2025Q3,0.0408896,2518.573
Industry groups,Health care and social assistance,SG01RSC04B01QQ1,2025Q3,0.0715712,4840.180
Industry groups,Arts and recreation services,SG01RSC04B01RS1,2025Q3,0.0128377,896.593
Industry groups,Other services,SG01RSC04B01RS2,2025Q3,0.0203430,1262.744
Industry groups,"GST, import duties, stamp duty",SG01RSC04B01UZ9,2025Q3,0.0832239,5336.091
High level industry groups,"Agriculture, forestry, and fishing",SG01RSC02B01A01,1987Q2,0.0609628,1844.204
High level industry groups,Mining,SG01RSC02B01A02,1987Q2,0.0140206,530.698
High level industry groups,Manufacturing,SG01RSC02B01B01,1987Q2,0.1939019,4492.764
High level industry groups,"Electricity, gas, water, and waste services",SG01RSC02B01B02,1987Q2,0.0297694,1125.359
High level industry groups,Construction,SG01RSC02B01B03,1987Q2,0.0500788,1565.783
High level industry groups,Wholesale trade,SG01RSC02B01C01,1987Q2,0.0574564,1556.707
High level industry groups,Retail trade and accommodation,SG01RSC02B01C02,1987Q2,0.0671556,1844.975
High level industry groups,"Transport, postal, and warehousing",SG01RSC02B01C03,1987Q2,0.0535779,941.055
High level industry groups,Information media and telecommunications,SG01RSC02B01C04,1987Q2,0.0433400,433.118
High level industry groups,Financial and insurance services,SG01RSC02B01C05,1987Q2,0.0538671,1487.323
High level industry groups,"Rental, hiring, and real estate services",SG01RSC02B01C06,1987Q2,0.1054535,3812.252
High level industry groups,"Prof, scientific, technical, admin, and support",SG01RSC02B01C07,1987Q2,0.0528712,2285.254
High level industry groups,Public administration and safety,SG01RSC02B01C08,1987Q2,0.0436076,1378.059
High level industry groups,Education and training,SG01RSC02B01C09,1987Q2,0.0388231,1379.994
High level industry groups,Health care and social assistance,SG01RSC02B01C10,1987Q2,0.0421132,1285.675
High level industry groups,"Arts, recreation, and other services",SG01RSC02B01C11,1987Q2,0.0249580,798.027
High level industry groups,"GST, import duties, stamp duty",SG01RSC04B01UZ9,1987Q2,0.0680429,1781.153
High level industry groups,"Agriculture, forestry, and fishing",SG01RSC02B01A01,1987Q3,0.0609628,1919.549
High level industry groups,Mining,SG01RSC02B01A02,1987Q3,0.0140206,446.346
High level industry groups,Manufacturing,SG01RSC02B01B01,1987Q3,0.1939019,4406.718
High level industry groups,"Electricity, gas, water, and waste services",SG01RSC02B01B02,1987Q3,0.0297694,1108.420
High level industry groups,Construction,SG01RSC02B01B03,1987Q3,0.0500788,1633.710
High level industry groups,Wholesale trade,SG01RSC02B01C01,1987Q3,0.0574564,1514.564
High level industry groups,Retail trade and accommodation,SG01RSC02B01C02,1987Q3,0.0671556,1831.242
High level industry groups,"Transport, postal, and warehousing",SG01RSC02B01C03,1987Q3,0.0535779,971.482
High level industry groups,Information media and telecommunications,SG01RSC02B01C04,1987Q3,0.0433400,448.299
High level industry groups,Financial and insurance services,SG01RSC02B01C05,1987Q3,0.0538671,1500.103
High level industry groups,"Rental, hiring, and real estate services",SG01RSC02B01C06,1987Q3,0.1054535,3867.815
High level industry groups,"Prof, scientific, technical, admin, and support",SG01RSC02B01C07,1987Q3,0.0528712,2381.015
High level industry groups,Public administration and safety,SG01RSC02B01C08,1987Q3,0.0436076,1375.315
High level industry groups,Education and training,SG01RSC02B01C09,1987Q3,0.0388231,1383.244
High level industry groups,Health care and social assistance,SG01RSC02B01C10,1987Q3,0.0421132,1284.962
High level industry groups,"Arts, recreation, and other services",SG01RSC02B01C11,1987Q3,0.0249580,803.348
High level industry groups,"GST, import duties, stamp duty",SG01RSC04B01UZ9,1987Q3,0.0680429,1803.761
High level industry groups,"Agriculture, forestry, and fishing",SG01RSC02B01A01,1987Q4,0.0609628,1996.904
High level industry groups,Mining,SG01RSC02B01A02,1987Q4,0.0140206,640.364
High level industry groups,Manufacturing,SG01RSC02B01B01,1987Q4,0.1939019,4367.252
High level industry groups,"Electricity, gas, water, and waste services",SG01RSC02B01B02,1987Q4,0.0297694,1114.319
High level industry groups,Construction,SG01RSC02B01B03,1987Q4,0.0500788,1641.194
High level industry groups,Wholesale trade,SG01RSC02B01C01,1987Q4,0.0574564,1436.549
High level industry groups,Retail trade and accommodation,SG01RSC02B01C02,1987Q4,0.0671556,1827.122
High level industry groups,"Transport, postal, and warehousing",SG01RSC02B01C03,1987Q4,0.0535779,1015.037
High level industry groups,Information media and telecommunications,SG01RSC02B01C04,1987Q4,0.0433400,450.058
High level industry groups,Financial and insurance services,SG01RSC02B01C05,1987Q4,0.0538671,1501.024
High level industry groups,"Rental, hiring, and real estate services",SG01RSC02B01C06,1987Q4,0.1054535,3841.017
High level industry groups,"Prof, scientific, technical, admin, and support",SG01RSC02B01C07,1987Q4,0.0528712,2404.058
High level industry groups,Public administration and safety,SG01RSC02B01C08,1987Q4,0.0436076,1372.139
High level industry groups,Education and training,SG01RSC02B01C09,1987Q4,0.0388231,1387.804
High level industry groups,Health care and social assistance,SG01RSC02B01C10,1987Q4,0.0421132,1285.658
High level industry groups,"Arts, recreation, and other services",SG01RSC02B01C11,1987Q4,0.0249580,828.872
High level industry groups,"GST, import duties, stamp duty",SG01RSC04B01UZ9,1987Q4,0.0680429,1825.991
High level industry groups,"Agriculture, forestry, and fishing",SG01RSC02B01A01,1988Q1,0.0609628,2015.738
High level industry groups,Mining,SG01RSC02B01A02,1988Q1,0.0140206,658.536
High level industry groups,Manufacturing,SG01RSC02B01B01,1988Q1,0.1939019,4331.364
High level industry groups,"Electricity, gas, water, and waste services",SG01RSC02B01B02,1988Q1,0.0297694,1120.915
High level industry groups,Construction,SG01RSC02B01B03,1988Q1,0.0500788,1661.185
High level industry groups,Wholesale trade,SG01RSC02B01C01,1988Q1,0.0574564,1520.610
High level industry groups,Retail trade and accommodation,SG01RSC02B01C02,1988Q1,0.0671556,1802.455
High level industry groups,"Transport, postal, and warehousing",SG01RSC02B01C03,1988Q1,0.0535779,1040.746
High level industry groups,Information media and telecommunications,SG01RSC02B01C04,1988Q1,0.0433400,448.656
High level industry groups,Financial and insurance services,SG01RSC02B01C05,1988Q1,0.0538671,1477.570
High level industry groups,"Rental, hiring, and real estate services",SG01RSC02B01C06,1988Q1,0.1054535,3791.208
High level industry groups,"Prof, scientific, technical, admin, and support",SG01RSC02B01C07,1988Q1,0.0528712,2399.175
High level industry groups,Public administration and safety,SG01RSC02B01C08,1988Q1,0.0436076,1374.413
High level industry groups,Education and training,SG01RSC02B01C09,1988Q1,0.0388231,1393.707
High level industry groups,Health care and social assistance,SG01RSC02B01C10,1988Q1,0.0421132,1261.760
High level industry groups,"Arts, recreation, and other services",SG01RSC02B01C11,1988Q1,0.0249580,791.375
High level industry groups,"GST, import duties, stamp duty",SG01RSC04B01UZ9,1988Q1,0.0680429,1742.538
High level industry groups,"Agriculture, forestry, and fishing",SG01RSC02B01A01,1988Q2,0.0650957,2005.333
High level industry groups,Mining,SG01RSC02B01A02,1988Q2,0.0125354,622.559
High level industry groups,Manufacturing,SG01RSC02B01B01,1988Q2,0.1874220,4430.567
High level industry groups,"Electricity, gas, water, and waste services",SG01RSC02B01B02,1988Q2,0.0309242,1084.626
High level industry groups,Construction,SG01RSC02B01B03,1988Q2,0.0468183,1538.195
High level industry groups,Wholesale trade,SG01RSC02B01C01,1988Q2,0.0583804,1467.245
High level industry groups,Retail trade and accommodation,SG01RSC02B01C02,1988Q2,0.0641125,1767.722
High level industry groups,"Transport, postal, and warehousing",SG01RSC02B01C03,1988Q2,0.0542121,1057.423
High level industry groups,Information media and telecommunications,SG01RSC02B01C04,1988Q2,0.0440380,450.899
High level industry groups,Financial and insurance services,SG01RSC02B01C05,1988Q2,0.0499487,1441.762
High level industry groups,"Rental, hiring, and real estate services",SG01RSC02B01C06,1988Q2,0.1168895,3776.429
High level industry groups,"Prof, scientific, technical, admin, and support",SG01RSC02B01C07,1988Q2,0.0575841,2465.339
High level industry groups,Public administration and safety,SG01RSC02B01C08,1988Q2,0.0455952,1371.845
High level industry groups,Education and training,SG01RSC02B01C09,1988Q2,0.0394615,1400.964
High level industry groups,Health care and social assistance,SG01RSC02B01C10,1988Q2,0.0425844,1317.574
High level industry groups,"Arts, recreation, and other services",SG01RSC02B01C11,1988Q2,0.0255795,782.048
High level industry groups,"GST, import duties, stamp duty",SG01RSC04B01UZ9,1988Q2,0.0588185,1706.650
High level industry groups,"Agriculture, forestry, and fishing",SG01RSC02B01A01,1988Q3,0.0650957,1957.824
High level industry groups,Mining,SG01RSC02B01A02,1988Q3,0.0125354,588.714
High level industry groups,Manufacturing,SG01RSC02B01B01,1988Q3,0.1874220,4360.096
High level industry groups,"Electricity, gas, water, and waste services",SG01RSC02B01B02,1988Q3,0.0309242,1088.059
High level industry groups,Construction,SG01RSC02B01B03,1988Q3,0.0468183,1539.338
High level industry groups,Wholesale trade,SG01RSC02B01C01,1988Q3,0.0583804,1519.964
High level industry groups,Retail trade and accommodation,SG01RSC02B01C02,1988Q3,0.0641125,1794.476
High level industry groups,"Transport, postal, and warehousing",SG01RSC02B01C03,1988Q3,0.0542121,1067.839
High level industry groups,Information media and telecommunications,SG01RSC02B01C04,1988Q3,0.0440380,449.755
High level industry groups,Financial and insurance services,SG01RSC02B01C05,1988Q3,0.0499487,1436.139
High level industry groups,"Rental, hiring, and real estate services",SG01RSC02B01C06,1988Q3,0.1168895,3742.509
High level industry groups,"Prof, scientific, technical, admin, and support",SG01RSC02B01C07,1988Q3,0.0575841,2437.764
High level industry groups,Public administration and safety,SG01RSC02B01C08,1988Q3,0.0455952,1353.806
High level industry groups,Education and training,SG01RSC02B01C09,1988Q3,0.0394615,1409.758
High level industry groups,Health care and social assistance,SG01RSC02B01C10,1988Q3,0.0425844,1330.370
High level industry groups,"Arts, recreation, and other services",SG01RSC02B01C11,1988Q3,0.0255795,781.352
High level industry groups,"GST, import duties, stamp duty",SG01RSC04B01UZ9,1988Q3,0.0588185,1756.889
High level industry groups,"Agriculture, forestry, and fishing",SG01RSC02B01A01,1988Q4,0.0650957,1854.028
High level industry groups,Mining,SG01RSC02B01A02,1988Q4,0.0125354,440.721
High level industry groups,Manufacturing,SG01RSC02B01B01,1988Q4,0.1874220,4320.471
High level industry groups,"Electricity, gas, water, and waste services",SG01RSC02B01B02,1988Q4,0.0309242,1125.813
High level industry groups,Construction,SG01RSC02B01B03,1988Q4,0.0468183,1507.277
High level industry groups,Wholesale trade,SG01RSC02B01C01,1988Q4,0.0583804,1592.269
High level industry groups,Retail trade and accommodation,SG01RSC02B01C02,1988Q4,0.0641125,1787.089
High level industry groups,"Transport, postal, and warehousing",SG01RSC02B01C03,1988Q4,0.0542121,1050.655
High level industry groups,Information media and telecommunications,SG01RSC02B01C04,1988Q4,0.0440380,450.727
High level industry groups,Financial and insurance services,SG01RSC02B01C05,1988Q4,0.0499487,1462.409
High level industry groups,"Rental, hiring, and real estate services",SG01RSC02B01C06,1988Q4,0.1168895,3725.064
High level industry groups,"Prof, scientific, technical, admin, and support",SG01RSC02B01C07,1988Q4,0.0575841,2428.671
High level industry groups,Public administration and safety,SG01RSC02B01C08,1988Q4,0.0455952,1355.714
High level industry groups,Education and training,SG01RSC02B01C09,1988Q4,0.0394615,1419.666
High level industry groups,Health care and social assistance,SG01RSC02B01C10,1988Q4,0.0425844,1340.522
High level industry groups,"Arts, recreation, and other services",SG01RSC02B01C11,1988Q4,0.0255795,782.853
High level industry groups,"GST, import duties, stamp duty",SG01RSC04B01UZ9,1988Q4,0.0588185,1755.387
High level industry groups,"Agriculture, forestry, and fishing",SG01RSC02B01A01,1989Q1,0.0650957,1826.686
High level industry groups,Mining,SG01RSC02B01A02,1989Q1,0.0125354,669.802
High level industry groups,Manufacturing,SG01RSC02B01B01,1989Q1,0.1874220,4388.681
High level industry groups,"Electricity, gas, water, and waste services",SG01RSC02B01B02,1989Q1,0.0309242,1094.090
High level industry groups,Construction,SG01RSC02B01B03,1989Q1,0.0468183,1522.701
High level industry groups,Wholesale trade,SG01RSC02B01C01,1989Q1,0.0583804,1668.257
High level industry groups,Retail trade and accommodation,SG01RSC02B01C02,1989Q1,0.0641125,1791.925
High level industry groups,"Transport, postal, and warehousing",SG01RSC02B01C03,1989Q1,0.0542121,1027.573
High level industry groups,Information media and telecommunications,SG01RSC02B01C04,1989Q1,0.0440380,458.475
High level industry groups,Financial and insurance services,SG01RSC02B01C05,1989Q1,0.0499487,1455.241
High level industry groups,"Rental, hiring, and real estate services",SG01RSC02B01C06,1989Q1,0.1168895,3682.366
High level industry groups,"Prof, scientific, technical, admin, and support",SG01RSC02B01C07,1989Q1,0.0575841,2490.053
High level industry groups,Public administration and safety,SG01RSC02B01C08,1989Q1,0.0455952,1375.076
High level industry groups,Education and training,SG01RSC02B01C09,1989Q1,0.0394615,1431.087
High level industry groups,Health care and social assistance,SG01RSC02B01C10,1989Q1,0.0425844,1359.582
High level industry groups,"Arts, recreation, and other services",SG01RSC02B01C11,1989Q1,0.0255795,790.191
High level industry groups,"GST, import duties, stamp duty",SG01RSC04B01UZ9,1989Q1,0.0588185,1853.394
High level industry groups,"Agriculture, forestry, and fishing",SG01RSC02B01A01,1989Q2,0.0676867,1760.022
High level industry groups,Mining,SG01RSC02B01A02,1989Q2,0.0120160,485.271
High level industry groups,Manufacturing,SG01RSC02B01B01,1989Q2,0.1862033,4388.738
High level industry groups,"Electricity, gas, water, and waste services",SG01RSC02B01B02,1989Q2,0.0311955,1132.648
High level industry groups,Construction,SG01RSC02B01B03,1989Q2,0.0476383,1637.109
High level industry groups,Wholesale trade,SG01RSC02B01C01,1989Q2,0.0522401,1668.656
High level industry groups,Retail trade and accommodation,SG01RSC02B01C02,1989Q2,0.0621863,1868.637
High level industry groups,"Transport, postal, and warehousing",SG01RSC02B01C03,1989Q2,0.0536872,1031.226
High level industry groups,Information media and telecommunications,SG01RSC02B01C04,1989Q2,0.0404773,475.465
High level industry groups,Financial and insurance services,SG01RSC02B01C05,1989Q2,0.0472555,1399.530
High level industry groups,"Rental, hiring, and real estate services",SG01RSC02B01C06,1989Q2,0.1206447,3691.077
High level industry groups,"Prof, scientific, technical, admin, and support",SG01RSC02B01C07,1989Q2,0.0566807,2501.882
High level industry groups,Public administration and safety,SG01RSC02B01C08,1989Q2,0.0466142,1383.939
High level industry groups,Education and training,SG01RSC02B01C09,1989Q2,0.0399625,1444.130
High level industry groups,Health care and social assistance,SG01RSC02B01C10,1989Q2,0.0408506,1326.896
High level industry groups,"Arts, recreation, and other services",SG01RSC02B01C11,1989Q2,0.0252562,797.316
High level industry groups,"GST, import duties, stamp duty",SG01RSC04B01UZ9,1989Q2,0.0694051,1900.571
High level industry groups,"Agriculture, forestry, and fishing",SG01RSC02B01A01,1989Q3,0.0676867,1776.549
High level industry groups,Mining,SG01RSC02B01A02,1989Q3,0.0120160,539.925
High level industry groups,Manufacturing,SG01RSC02B01B01,1989Q3,0.1862033,4295.051
High level industry groups,"Electricity, gas, water, and waste services",SG01RSC02B01B02,1989Q3,0.0311955,1143.797
High level industry groups,Construction,SG01RSC02B01B03,1989Q3,0.0476383,1605.692
High level industry groups,Wholesale trade,SG01RSC02B01C01,1989Q3,0.0522401,1574.269
High level industry groups,Retail trade and accommodation,SG01RSC02B01C02,1989Q3,0.0621863,1768.985
High level industry groups,"Transport, postal, and warehousing",SG01RSC02B01C03,1989Q3,0.0536872,1012.290
High level industry groups,Information media and telecommunications,SG01RSC02B01C04,1989Q3,0.0404773,474.148
High level industry groups,Financial and insurance services,SG01RSC02B01C05,1989Q3,0.0472555,1370.285
High level industry groups,"Rental, hiring, and real estate services",SG01RSC02B01C06,1989Q3,0.1206447,3685.108
High level industry groups,"Prof, scientific, technical, admin, and support",SG01RSC02B01C07,1989Q3,0.0566807,2486.428
High level industry groups,Public administration and safety,SG01RSC02B01C08,1989Q3,0.0466142,1420.040
High level industry groups,Education and training,SG01RSC02B01C09,1989Q3,0.0399625,1456.892
High level industry groups,Health care and social assistance,SG01RSC02B01C10,1989Q3,0.0408506,1344.301
High level industry groups,"Arts, recreation, and other services",SG01RSC02B01C11,1989Q3,0.0252562,788.094
High level industry groups,"GST, import duties, stamp duty",SG01RSC04B01UZ9,1989Q3,0.0694051,1847.385
High level industry groups,"Agriculture, forestry, and fishing",SG01RSC02B01A01,1989Q4,0.0676867,1781.596
High level industry groups,Mining,SG01RSC02B01A02,1989Q4,0.0120160,450.382
High level industry groups,Manufacturing,SG01RSC02B01B01,1989Q4,0.1862033,4318.708
High level industry groups,"Electricity, gas, water, and waste services",SG01RSC02B01B02,1989Q4,0.0311955,1099.588
High level industry groups,Construction,SG01RSC02B01B03,1989Q4,0.0476383,1602.461
High level industry groups,Wholesale trade,SG01RSC02B01C01,1989Q4,0.0522401,1617.027
High level industry groups,Retail trade and accommodation,SG01RSC02B01C02,1989Q4,0.0621863,1760.281
High level industry groups,"Transport, postal, and warehousing",SG01RSC02B01C03,1989Q4,0.0536872,1023.264
High level industry groups,Information media and telecommunications,SG01RSC02B01C04,1989Q4,0.0404773,478.286
High level industry groups,Financial and insurance services,SG01RSC02B01C05,1989Q4,0.0472555,1370.191
High level industry groups,"Rental, hiring, and real estate services",SG01RSC02B01C06,1989Q4,0.1206447,3689.819
High level industry groups,"Prof, scientific, technical, admin, and support",SG01RSC02B01C07,1989Q4,0.0566807,2428.061
High level industry groups,Public administration and safety,SG01RSC02B01C08,1989Q4,0.0466142,1406.867
High level industry groups,Education and training,SG01RSC02B01C09,1989Q4,0.0399625,1467.864
High level industry groups,Health care and social assistance,SG01RSC02B01C10,1989Q4,0.0408506,1353.940
High level industry groups,"Arts, recreation, and other services",SG01RSC02B01C11,1989Q4,0.0252562,772.229
High level industry groups,"GST, import duties, stamp duty",SG01RSC04B01UZ9,1989Q4,0.0694051,1845.903
High level industry groups,"Agriculture, forestry, and fishing",SG01RSC02B01A01,1990Q1,0.0676867,1848.412
High level industry groups,Mining,SG01RSC02B01A02,1990Q1,0.0120160,471.016
High level industry groups,Manufacturing,SG01RSC02B01B01,1990Q1,0.1862033,4257.419
High level industry groups,"Electricity, gas, water, and waste services",SG01RSC02B01B02,1990Q1,0.0311955,1155.023
High level industry groups,Construction,SG01RSC02B01B03,1990Q1,0.0476383,1492.418
High level industry groups,Wholesale trade,SG01RSC02B01C01,1990Q1,0.0522401,1638.633
High level industry groups,Retail trade and accommodation,SG01RSC02B01C02,1990Q1,0.0621863,1765.151
High level industry groups,"Transport, postal, and warehousing",SG01RSC02B01C03,1990Q1,0.0536872,1011.412
High level industry groups,Information media and telecommunications,SG01RSC02B01C04,1990Q1,0.0404773,481.204
High level industry groups,Financial and insurance services,SG01RSC02B01C05,1990Q1,0.0472555,1352.866
High level industry groups,"Rental, hiring, and real estate services",SG01RSC02B01C06,1990Q1,0.1206447,3712.186
High level industry groups,"Prof, scientific, technical, admin, and support",SG01RSC02B01C07,1990Q1,0.0566807,2422.056
High level industry groups,Public administration and safety,SG01RSC02B01C08,1990Q1,0.0466142,1425.038
High level industry groups,Education and training,SG01RSC02B01C09,1990Q1,0.0399625,1477.816
High level industry groups,Health care and social assistance,SG01RSC02B01C10,1990Q1,0.0408506,1355.115
High level industry groups,"Arts, recreation, and other services",SG01RSC02B01C11,1990Q1,0.0252562,774.094
High level industry groups,"GST, import duties, stamp duty",SG01RSC04B01UZ9,1990Q1,0.0694051,1876.530
High level industry groups,"Agriculture, forestry, and fishing",SG01RSC02B01A01,1990Q2,0.0598848,1988.697
High level industry groups,Mining,SG01RSC02B01A02,1990Q2,0.0159853,472.795
High level industry groups,Manufacturing,SG01RSC02B01B01,1990Q2,0.1778995,4225.663
High level industry groups,"Electricity, gas, water, and waste services",SG01RSC02B01B02,1990Q2,0.0304128,1174.507
High level industry groups,Construction,SG01RSC02B01B03,1990Q2,0.0410605,1439.539
High level industry groups,Wholesale trade,SG01RSC02B01C01,1990Q2,0.0609452,1613.308
High level industry groups,Retail trade and accommodation,SG01RSC02B01C02,1990Q2,0.0621990,1752.494
High level industry groups,"Transport, postal, and warehousing",SG01RSC02B01C03,1990Q2,0.0516453,1019.268
High level industry groups,Information media and telecommunications,SG01RSC02B01C04,1990Q2,0.0401594,478.030
High level industry groups,Financial and insurance services,SG01RSC02B01C05,1990Q2,0.0520924,1344.691
High level industry groups,"Rental, hiring, and real estate services",SG01RSC02B01C06,1990Q2,0.1267719,3760.465
High level industry groups,"Prof, scientific, technical, admin, and support",SG01RSC02B01C07,1990Q2,0.0555397,2342.377
High level industry groups,Public administration and safety,SG01RSC02B01C08,1990Q2,0.0476141,1425.403
High level industry groups,Education and training,SG01RSC02B01C09,1990Q2,0.0396665,1487.025
High level industry groups,Health care and social assistance,SG01RSC02B01C10,1990Q2,0.0410972,1357.433
High level industry groups,"Arts, recreation, and other services",SG01RSC02B01C11,1990Q2,0.0256358,769.608
High level industry groups,"GST, import duties, stamp duty",SG01RSC04B01UZ9,1990Q2,0.0713906,1870.079
High level industry groups,"Agriculture, forestry, and fishing",SG01RSC02B01A01,1990Q3,0.0598848,2076.424
High level industry groups,Mining,SG01RSC02B01A02,1990Q3,0.0159853,575.184
High level industry groups,Manufacturing,SG01RSC02B01B01,1990Q3,0.1778995,4193.882
High level industry groups,"Electricity, gas, water, and waste services",SG01RSC02B01B02,1990Q3,0.0304128,1203.813
High level industry groups,Construction,SG01RSC02B01B03,1990Q3,0.0410605,1325.243
High level industry groups,Wholesale trade,SG01RSC02B01C01,1990Q3,0.0609452,1644.015
High level industry groups,Retail trade and accommodation,SG01RSC02B01C02,1990Q3,0.0621990,1739.688
High level industry groups,"Transport, postal, and warehousing",SG01RSC02B01C03,1990Q3,0.0516453,1025.691
High level industry groups,Information media and telecommunications,SG01RSC02B01C04,1990Q3,0.0401594,482.216
High level industry groups,Financial and insurance services,SG01RSC02B01C05,1990Q3,0.0520924,1363.098
High level industry groups,"Rental, hiring, and real estate services",SG01RSC02B01C06,1990Q3,0.1267719,3770.149
High level industry groups,"Prof, scientific, technical, admin, and support",SG01RSC02B01C07,1990Q3,0.0555397,2389.408
High level industry groups,Public administration and safety,SG01RSC02B01C08,1990Q3,0.0476141,1420.527
High level industry groups,Education and training,SG01RSC02B01C09,1990Q3,0.0396665,1498.642
High level industry groups,Health care and social assistance,SG01RSC02B01C10,1990Q3,0.0410972,1371.333
High level industry groups,"Arts, recreation, and other services",SG01RSC02B01C11,1990Q3,0.0256358,769.915
High level industry groups,"GST, import duties, stamp duty",SG01RSC04B01UZ9,1990Q3,0.0713906,1884.286
High level industry groups,"Agriculture, forestry, and fishing",SG01RSC02B01A01,1990Q4,0.0598848,2163.506
High level industry groups,Mining,SG01RSC02B01A02,1990Q4,0.0159853,652.973
High level industry groups,Manufacturing,SG01RSC02B01B01,1990Q4,0.1778995,4206.413
High level industry groups,"Electricity, gas, water, and waste services",SG01RSC02B01B02,1990Q4,0.0304128,1179.686
High level industry groups,Construction,SG01RSC02B01B03,1990Q4,0.0410605,1343.084
High level industry groups,Wholesale trade,SG01RSC02B01C01,1990Q4,0.0609452,1629.308
High level industry groups,Retail trade and accommodation,SG01RSC02B01C02,1990Q4,0.0621990,1764.503
High level industry groups,"Transport, postal, and warehousing",SG01RSC02B01C03,1990Q4,0.0516453,997.870
High level industry groups,Information media and telecommunications,SG01RSC02B01C04,1990Q4,0.0401594,478.951
High level industry groups,Financial and insurance services,SG01RSC02B01C05,1990Q4,0.0520924,1378.690
High level industry groups,"Rental, hiring, and real estate services",SG01RSC02B01C06,1990Q4,0.1267719,3773.293
High level industry groups,"Prof, scientific, technical, admin, and support",SG01RSC02B01C07,1990Q4,0.0555397,2371.613
High level industry groups,Public administration and safety,SG01RSC02B01C08,1990Q4,0.0476141,1442.418
High level industry groups,Education and training,SG01RSC02B01C09,1990Q4,0.0396665,1513.115
High level industry groups,Health care and social assistance,SG01RSC02B01C10,1990Q4,0.0410972,1395.094
High level industry groups,"Arts, recreation, and other services",SG01RSC02B01C11,1990Q4,0.0256358,778.610
High level industry groups,"GST, import duties, stamp duty",SG01RSC04B01UZ9,1990Q4,0.0713906,1879.979
High level industry groups,"Agriculture, forestry, and fishing",SG01RSC02B01A01,1991Q1,0.0598848,2147.375
High level industry groups,Mining,SG01RSC02B01A02,1991Q1,0.0159853,558.377
High level industry groups,Manufacturing,SG01RSC02B01B01,1991Q1,0.1778995,4031.213
High level industry groups,"Electricity, gas, water, and waste services",SG01RSC02B01B02,1991Q1,0.0304128,1146.573
High level industry groups,Construction,SG01RSC02B01B03,1991Q1,0.0410605,1297.090
High level industry groups,Wholesale trade,SG01RSC02B01C01,1991Q1,0.0609452,1531.503
High level industry groups,Retail trade and accommodation,SG01RSC02B01C02,1991Q1,0.0621990,1712.448
High level industry groups,"Transport, postal, and warehousing",SG01RSC02B01C03,1991Q1,0.0516453,1008.791
High level industry groups,Information media and telecommunications,SG01RSC02B01C04,1991Q1,0.0401594,482.910
High level industry groups,Financial and insurance services,SG01RSC02B01C05,1991Q1,0.0520924,1379.457
High level industry groups,"Rental, hiring, and real estate services",SG01RSC02B01C06,1991Q1,0.1267719,3796.199
High level industry groups,"Prof, scientific, technical, admin, and support",SG01RSC02B01C07,1991Q1,0.0555397,2387.870
High level industry groups,Public administration and safety,SG01RSC02B01C08,1991Q1,0.0476141,1395.355
High level industry groups,Education and training,SG01RSC02B01C09,1991Q1,0.0396665,1528.997
High level industry groups,Health care and social assistance,SG01RSC02B01C10,1991Q1,0.0410972,1417.150
High level industry groups,"Arts, recreation, and other services",SG01RSC02B01C11,1991Q1,0.0256358,777.474
High level industry groups,"GST, import duties, stamp duty",SG01RSC04B01UZ9,1991Q1,0.0713906,1816.478
High level industry groups,"Agriculture, forestry, and fishing",SG01RSC02B01A01,1991Q2,0.0688863,2193.781
High level industry groups,Mining,SG01RSC02B01A02,1991Q2,0.0148126,596.647
High level industry groups,Manufacturing,SG01RSC02B01B01,1991Q2,0.1786457,3915.768
High level industry groups,"Electricity, gas, water, and waste services",SG01RSC02B01B02,1991Q2,0.0307215,1176.910
High level industry groups,Construction,SG01RSC02B01B03,1991Q2,0.0356918,1176.939
High level industry groups,Wholesale trade,SG01RSC02B01C01,1991Q2,0.0481044,1488.632
High level industry groups,Retail trade and accommodation,SG01RSC02B01C02,1991Q2,0.0599576,1698.052
High level industry groups,"Transport, postal, and warehousing",SG01RSC02B01C03,1991Q2,0.0518027,1029.265
High level industry groups,Information media and telecommunications,SG01RSC02B01C04,1991Q2,0.0424866,484.307
High level industry groups,Financial and insurance services,SG01RSC02B01C05,1991Q2,0.0497001,1386.307
High level industry groups,"Rental, hiring, and real estate services",SG01RSC02B01C06,1991Q2,0.1320976,3831.720
High level industry groups,"Prof, scientific, technical, admin, and support",SG01RSC02B01C07,1991Q2,0.0574136,2378.863
High level industry groups,Public administration and safety,SG01RSC02B01C08,1991Q2,0.0469698,1373.378
High level industry groups,Education and training,SG01RSC02B01C09,1991Q2,0.0410382,1550.572
High level industry groups,Health care and social assistance,SG01RSC02B01C10,1991Q2,0.0444184,1404.066
High level industry groups,"Arts, recreation, and other services",SG01RSC02B01C11,1991Q2,0.0266560,774.041
High level industry groups,"GST, import duties, stamp duty",SG01RSC04B01UZ9,1991Q2,0.0705969,1794.937
High level industry groups,"Agriculture, forestry, and fishing",SG01RSC02B01A01,1991Q3,0.0688863,2167.710
High level industry groups,Mining,SG01RSC02B01A02,1991Q3,0.0148126,618.019
High level industry groups,Manufacturing,SG01RSC02B01B01,1991Q3,0.1786457,4057.648
High level industry groups,"Electricity, gas, water, and waste services",SG01RSC02B01B02,1991Q3,0.0307215,1147.873
High level industry groups,Construction,SG01RSC02B01B03,1991Q3,0.0356918,1117.407
High level industry groups,Wholesale trade,SG01RSC02B01C01,1991Q3,0.0481044,1493.358
High level industry groups,Retail trade and accommodation,SG01RSC02B01C02,1991Q3,0.0599576,1695.327
High level industry groups,"Transport, postal, and warehousing",SG01RSC02B01C03,1991Q3,0.0518027,1018.640
High level industry groups,Information media and telecommunications,SG01RSC02B01C04,1991Q3,0.0424866,491.679
High level industry groups,Financial and insurance services,SG01RSC02B01C05,1991Q3,0.0497001,1407.472
High level industry groups,"Rental, hiring, and real estate services",SG01RSC02B01C06,1991Q3,0.1320976,3833.702
High level industry groups,"Prof, scientific, technical, admin, and support",SG01RSC02B01C07,1991Q3,0.0574136,2306.149
High level industry groups,Public administration and safety,SG01RSC02B01C08,1991Q3,0.0469698,1357.427
High level industry groups,Education and training,SG01RSC02B01C09,1991Q3,0.0410382,1568.577
High level industry groups,Health care and social assistance,SG01RSC02B01C10,1991Q3,0.0444184,1393.247
High level industry groups,"Arts, recreation, and other services",SG01RSC02B01C11,1991Q3,0.0266560,775.850
High level industry groups,"GST, import duties, stamp duty",SG01RSC04B01UZ9,1991Q3,0.0705969,1801.105
High level industry groups,"Agriculture, forestry, and fishing",SG01RSC02B01A01,1991Q4,0.0688863,2098.218
High level industry groups,Mining,SG01RSC02B01A02,1991Q4,0.0148126,565.163
High level industry groups,Manufacturing,SG01RSC02B01B01,1991Q4,0.1786457,4134.516
High level industry groups,"Electricity, gas, water, and waste services",SG01RSC02B01B02,1991Q4,0.0307215,1179.552
High level industry groups,Construction,SG01RSC02B01B03,1991Q4,0.0356918,1113.871
High level industry groups,Wholesale trade,SG01RSC02B01C01,1991Q4,0.0481044,1496.574
High level industry groups,Retail trade and accommodation,SG01RSC02B01C02,1991Q4,0.0599576,1687.554
High level industry groups,"Transport, postal, and warehousing",SG01RSC02B01C03,1991Q4,0.0518027,1100.728
High level industry groups,Information media and telecommunications,SG01RSC02B01C04,1991Q4,0.0424866,501.470
High level industry groups,Financial and insurance services,SG01RSC02B01C05,1991Q4,0.0497001,1424.997
High level industry groups,"Rental, hiring, and real estate services",SG01RSC02B01C06,1991Q4,0.1320976,3828.295
High level industry groups,"Prof, scientific, technical, admin, and support",SG01RSC02B01C07,1991Q4,0.0574136,2303.188
High level industry groups,Public administration and safety,SG01RSC02B01C08,1991Q4,0.0469698,1366.040
High level industry groups,Education and training,SG01RSC02B01C09,1991Q4,0.0410382,1583.865
High level industry groups,Health care and social assistance,SG01RSC02B01C10,1991Q4,0.0444184,1401.493
High level industry groups,"Arts, recreation, and other services",SG01RSC02B01C11,1991Q4,0.0266560,774.138
High level industry groups,"GST, import duties, stamp duty",SG01RSC04B01UZ9,1991Q4,0.0705969,1825.152
High level industry groups,"Agriculture, forestry, and fishing",SG01RSC02B01A01,1992Q1,0.0688863,2061.441
High level industry groups,Mining,SG01RSC02B01A02,1992Q1,0.0148126,600.489
High level industry groups,Manufacturing,SG01RSC02B01B01,1992Q1,0.1786457,4157.728
High level industry groups,"Electricity, gas, water, and waste services",SG01RSC02B01B02,1992Q1,0.0307215,1169.003
High level industry groups,Construction,SG01RSC02B01B03,1992Q1,0.0356918,1205.016
High level industry groups,Wholesale trade,SG01RSC02B01C01,1992Q1,0.0481044,1474.254
High level industry groups,Retail trade and accommodation,SG01RSC02B01C02,1992Q1,0.0599576,1727.215
High level industry groups,"Transport, postal, and warehousing",SG01RSC02B01C03,1992Q1,0.0518027,1043.374
High level industry groups,Information media and telecommunications,SG01RSC02B01C04,1992Q1,0.0424866,511.133
High level industry groups,Financial and insurance services,SG01RSC02B01C05,1992Q1,0.0497001,1428.894
High level industry groups,"Rental, hiring, and real estate services",SG01RSC02B01C06,1992Q1,0.1320976,3823.784
High level industry groups,"Prof, scientific, technical, admin, and support",SG01RSC02B01C07,1992Q1,0.0574136,2356.823
High level industry groups,Public administration and safety,SG01RSC02B01C08,1992Q1,0.0469698,1348.690
High level industry groups,Education and training,SG01RSC02B01C09,1992Q1,0.0410382,1594.250
High level industry groups,Health care and social assistance,SG01RSC02B01C10,1992Q1,0.0444184,1410.229
High level industry groups,"Arts, recreation, and other services",SG01RSC02B01C11,1992Q1,0.0266560,767.992
High level industry groups,"GST, import duties, stamp duty",SG01RSC04B01UZ9,1992Q1,0.0705969,1870.276
High level industry groups,"Agriculture, forestry, and fishing",SG01RSC02B01A01,1992Q2,0.0671670,1903.632
High level industry groups,Mining,SG01RSC02B01A02,1992Q2,0.0152170,680.636
High level industry groups,Manufacturing,SG01RSC02B01B01,1992Q2,0.1791257,4217.713
High level industry groups,"Electricity, gas, water, and waste services",SG01RSC02B01B02,1992Q2,0.0304391,1140.709
High level industry groups,Construction,SG01RSC02B01B03,1992Q2,0.0348169,1128.077
High level industry groups,Wholesale trade,SG01RSC02B01C01,1992Q2,0.0498079,1559.451
High level industry groups,Retail trade and accommodation,SG01RSC02B01C02,1992Q2,0.0627694,1714.838
High level industry groups,"Transport, postal, and warehousing",SG01RSC02B01C03,1992Q2,0.0521696,1039.586
High level industry groups,Information media and telecommunications,SG01RSC02B01C04,1992Q2,0.0417875,513.145
High level industry groups,Financial and insurance services,SG01RSC02B01C05,1992Q2,0.0489984,1438.233
High level industry groups,"Rental, hiring, and real estate services",SG01RSC02B01C06,1992Q2,0.1287353,3807.380
High level industry groups,"Prof, scientific, technical, admin, and support",SG01RSC02B01C07,1992Q2,0.0589389,2351.906
High level industry groups,Public administration and safety,SG01RSC02B01C08,1992Q2,0.0454693,1352.825
High level industry groups,Education and training,SG01RSC02B01C09,1992Q2,0.0412847,1603.255
High level industry groups,Health care and social assistance,SG01RSC02B01C10,1992Q2,0.0444452,1418.698
High level industry groups,"Arts, recreation, and other services",SG01RSC02B01C11,1992Q2,0.0281076,772.675
High level industry groups,"GST, import duties, stamp duty",SG01RSC04B01UZ9,1992Q2,0.0707207,1823.959
High level industry groups,"Agriculture, forestry, and fishing",SG01RSC02B01A01,1992Q3,0.0671670,1811.845
High level industry groups,Mining,SG01RSC02B01A02,1992Q3,0.0152170,608.261
High level industry groups,Manufacturing,SG01RSC02B01B01,1992Q3,0.1791257,4156.358
High level industry groups,"Electricity, gas, water, and waste services",SG01RSC02B01B02,1992Q3,0.0304391,1035.724
High level industry groups,Construction,SG01RSC02B01B03,1992Q3,0.0348169,1108.418
High level industry groups,Wholesale trade,SG01RSC02B01C01,1992Q3,0.0498079,1529.017
High level industry groups,Retail trade and accommodation,SG01RSC02B01C02,1992Q3,0.0627694,1735.287
High level industry groups,"Transport, postal, and warehousing",SG01RSC02B01C03,1992Q3,0.0521696,1076.227
High level industry groups,Information media and telecommunications,SG01RSC02B01C04,1992Q3,0.0417875,507.909
High level industry groups,Financial and insurance services,SG01RSC02B01C05,1992Q3,0.0489984,1446.626
High level industry groups,"Rental, hiring, and real estate services",SG01RSC02B01C06,1992Q3,0.1287353,3775.041
High level industry groups,"Prof, scientific, technical, admin, and support",SG01RSC02B01C07,1992Q3,0.0589389,2338.262
High level industry groups,Public administration and safety,SG01RSC02B01C08,1992Q3,0.0454693,1361.777
High level industry groups,Education and training,SG01RSC02B01C09,1992Q3,0.0412847,1613.883
High level industry groups,Health care and social assistance,SG01RSC02B01C10,1992Q3,0.0444452,1440.379
High level industry groups,"Arts, recreation, and other services",SG01RSC02B01C11,1992Q3,0.0281076,779.277
High level industry groups,"GST, import duties, stamp duty",SG01RSC04B01UZ9,1992Q3,0.0707207,1839.889
High level industry groups,"Agriculture, forestry, and fishing",SG01RSC02B01A01,1992Q4,0.0671670,1829.789
High level industry groups,Mining,SG01RSC02B01A02,1992Q4,0.0152170,544.824
High level industry groups,Manufacturing,SG01RSC02B01B01,1992Q4,0.1791257,4232.902
High level industry groups,"Electricity, gas, water, and waste services",SG01RSC02B01B02,1992Q4,0.0304391,1181.674
High level industry groups,Construction,SG01RSC02B01B03,1992Q4,0.0348169,1135.354
High level industry groups,Wholesale trade,SG01RSC02B01C01,1992Q4,0.0498079,1516.882
High level industry groups,Retail trade and accommodation,SG01RSC02B01C02,1992Q4,0.0627694,1763.848
High level industry groups,"Transport, postal, and warehousing",SG01RSC02B01C03,1992Q4,0.0521696,1129.666
High level industry groups,Information media and telecommunications,SG01RSC02B01C04,1992Q4,0.0417875,523.050
High level industry groups,Financial and insurance services,SG01RSC02B01C05,1992Q4,0.0489984,1436.139
High level industry groups,"Rental, hiring, and real estate services",SG01RSC02B01C06,1992Q4,0.1287353,3791.104
High level industry groups,"Prof, scientific, technical, admin, and support",SG01RSC02B01C07,1992Q4,0.0589389,2375.873
High level industry groups,Public administration and safety,SG01RSC02B01C08,1992Q4,0.0454693,1360.980
High level industry groups,Education and training,SG01RSC02B01C09,1992Q4,0.0412847,1628.053
High level industry groups,Health care and social assistance,SG01RSC02B01C10,1992Q4,0.0444452,1443.817
High level industry groups,"Arts, recreation, and other services",SG01RSC02B01C11,1992Q4,0.0281076,806.925
High level industry groups,"GST, import duties, stamp duty",SG01RSC04B01UZ9,1992Q4,0.0707207,1867.243
High level industry groups,"Agriculture, forestry, and fishing",SG01RSC02B01A01,1993Q1,0.0671670,1896.025
High level industry groups,Mining,SG01RSC02B01A02,1993Q1,0.0152170,607.204
High level industry groups,Manufacturing,SG01RSC02B01B01,1993Q1,0.1791257,4351.390
High level industry groups,"Electricity, gas, water, and waste services",SG01RSC02B01B02,1993Q1,0.0304391,1198.045
High level industry groups,Construction,SG01RSC02B01B03,1993Q1,0.0348169,1154.633
High level industry groups,Wholesale trade,SG01RSC02B01C01,1993Q1,0.0498079,1518.302
High level industry groups,Retail trade and accommodation,SG01RSC02B01C02,1993Q1,0.0627694,1770.964
High level industry groups,"Transport, postal, and warehousing",SG01RSC02B01C03,1993Q1,0.0521696,1159.311
High level industry groups,Information media and telecommunications,SG01RSC02B01C04,1993Q1,0.0417875,529.418
High level industry groups,Financial and insurance services,SG01RSC02B01C05,1993Q1,0.0489984,1447.117
High level industry groups,"Rental, hiring, and real estate services",SG01RSC02B01C06,1993Q1,0.1287353,3829.509
High level industry groups,"Prof, scientific, technical, admin, and support",SG01RSC02B01C07,1993Q1,0.0589389,2424.678
High level industry groups,Public administration and safety,SG01RSC02B01C08,1993Q1,0.0454693,1354.459
High level industry groups,Education and training,SG01RSC02B01C09,1993Q1,0.0412847,1643.999
High level industry groups,Health care and social assistance,SG01RSC02B01C10,1993Q1,0.0444452,1460.450
High level industry groups,"Arts, recreation, and other services",SG01RSC02B01C11,1993Q1,0.0281076,831.251
High level industry groups,"GST, import duties, stamp duty",SG01RSC04B01UZ9,1993Q1,0.0707207,1869.243
High level industry groups,"Agriculture, forestry, and fishing",SG01RSC02B01A01,1993Q2,0.0732583,2044.861
High level industry groups,Mining,SG01RSC02B01A02,1993Q2,0.0137555,626.491
High level industry groups,Manufacturing,SG01RSC02B01B01,1993Q2,0.1793748,4444.905
High level industry groups,"Electricity, gas, water, and waste services",SG01RSC02B01B02,1993Q2,0.0305941,1183.896
High level industry groups,Construction,SG01RSC02B01B03,1993Q2,0.0359270,1202.031
High level industry groups,Wholesale trade,SG01RSC02B01C01,1993Q2,0.0550565,1578.559
High level industry groups,Retail trade and accommodation,SG01RSC02B01C02,1993Q2,0.0632417,1796.449
High level industry groups,"Transport, postal, and warehousing",SG01RSC02B01C03,1993Q2,0.0518636,1185.924
High level industry groups,Information media and telecommunications,SG01RSC02B01C04,1993Q2,0.0397334,533.609
High level industry groups,Financial and insurance services,SG01RSC02B01C05,1993Q2,0.0450688,1477.453
High level industry groups,"Rental, hiring, and real estate services",SG01RSC02B01C06,1993Q2,0.1234578,3869.593
High level industry groups,"Prof, scientific, technical, admin, and support",SG01RSC02B01C07,1993Q2,0.0633981,2442.692
High level industry groups,Public administration and safety,SG01RSC02B01C08,1993Q2,0.0437373,1377.801
High level industry groups,Education and training,SG01RSC02B01C09,1993Q2,0.0399740,1663.759
High level industry groups,Health care and social assistance,SG01RSC02B01C10,1993Q2,0.0434436,1473.173
High level industry groups,"Arts, recreation, and other services",SG01RSC02B01C11,1993Q2,0.0275694,850.771
High level industry groups,"GST, import duties, stamp duty",SG01RSC04B01UZ9,1993Q2,0.0705460,1912.753
High level industry groups,"Agriculture, forestry, and fishing",SG01RSC02B01A01,1993Q3,0.0732583,2159.168
High level industry groups,Mining,SG01RSC02B01A02,1993Q3,0.0137555,616.416
High level industry groups,Manufacturing,SG01RSC02B01B01,1993Q3,0.1793748,4544.950
High level industry groups,"Electricity, gas, water, and waste services",SG01RSC02B01B02,1993Q3,0.0305941,1248.695
High level industry groups,Construction,SG01RSC02B01B03,1993Q3,0.0359270,1277.621
High level industry groups,Wholesale trade,SG01RSC02B01C01,1993Q3,0.0550565,1603.909
High level industry groups,Retail trade and accommodation,SG01RSC02B01C02,1993Q3,0.0632417,1828.338
High level industry groups,"Transport, postal, and warehousing",SG01RSC02B01C03,1993Q3,0.0518636,1183.948
High level industry groups,Information media and telecommunications,SG01RSC02B01C04,1993Q3,0.0397334,545.512
High level industry groups,Financial and insurance services,SG01RSC02B01C05,1993Q3,0.0450688,1497.805
High level industry groups,"Rental, hiring, and real estate services",SG01RSC02B01C06,1993Q3,0.1234578,3906.488
High level industry groups,"Prof, scientific, technical, admin, and support",SG01RSC02B01C07,1993Q3,0.0633981,2473.499
High level industry groups,Public administration and safety,SG01RSC02B01C08,1993Q3,0.0437373,1365.944
High level industry groups,Education and training,SG01RSC02B01C09,1993Q3,0.0399740,1681.022
High level industry groups,Health care and social assistance,SG01RSC02B01C10,1993Q3,0.0434436,1463.695
High level industry groups,"Arts, recreation, and other services",SG01RSC02B01C11,1993Q3,0.0275694,877.728
High level industry groups,"GST, import duties, stamp duty",SG01RSC04B01UZ9,1993Q3,0.0705460,1948.471
High level industry groups,"Agriculture, forestry, and fishing",SG01RSC02B01A01,1993Q4,0.0732583,2194.617
High level industry groups,Mining,SG01RSC02B01A02,1993Q4,0.0137555,676.092
High level industry groups,Manufacturing,SG01RSC02B01B01,1993Q4,0.1793748,4517.672
High level industry groups,"Electricity, gas, water, and waste services",SG01RSC02B01B02,1993Q4,0.0305941,1161.571
High level industry groups,Construction,SG01RSC02B01B03,1993Q4,0.0359270,1248.567
High level industry groups,Wholesale trade,SG01RSC02B01C01,1993Q4,0.0550565,1596.350
High level industry groups,Retail trade and accommodation,SG01RSC02B01C02,1993Q4,0.0632417,1855.064
High level industry groups,"Transport, postal, and warehousing",SG01RSC02B01C03,1993Q4,0.0518636,1194.963
High level industry groups,Information media and telecommunications,SG01RSC02B01C04,1993Q4,0.0397334,551.244
High level industry groups,Financial and insurance services,SG01RSC02B01C05,1993Q4,0.0450688,1500.096
High level industry groups,"Rental, hiring, and real estate services",SG01RSC02B01C06,1993Q4,0.1234578,3936.989
High level industry groups,"Prof, scientific, technical, admin, and support",SG01RSC02B01C07,1993Q4,0.0633981,2571.353
High level industry groups,Public administration and safety,SG01RSC02B01C08,1993Q4,0.0437373,1375.853
High level industry groups,Education and training,SG01RSC02B01C09,1993Q4,0.0399740,1699.285
High level industry groups,Health care and social assistance,SG01RSC02B01C10,1993Q4,0.0434436,1477.485
High level industry groups,"Arts, recreation, and other services",SG01RSC02B01C11,1993Q4,0.0275694,900.780
High level industry groups,"GST, import duties, stamp duty",SG01RSC04B01UZ9,1993Q4,0.0705460,1990.322
High level industry groups,"Agriculture, forestry, and fishing",SG01RSC02B01A01,1994Q1,0.0732583,2230.388
High level industry groups,Mining,SG01RSC02B01A02,1994Q1,0.0137555,637.466
High level industry groups,Manufacturing,SG01RSC02B01B01,1994Q1,0.1793748,4602.178
High level industry groups,"Electricity, gas, water, and waste services",SG01RSC02B01B02,1994Q1,0.0305941,1224.265
High level industry groups,Construction,SG01RSC02B01B03,1994Q1,0.0359270,1196.584
High level industry groups,Wholesale trade,SG01RSC02B01C01,1994Q1,0.0550565,1703.868
High level industry groups,Retail trade and accommodation,SG01RSC02B01C02,1994Q1,0.0632417,1894.722
High level industry groups,"Transport, postal, and warehousing",SG01RSC02B01C03,1994Q1,0.0518636,1257.232
High level industry groups,Information media and telecommunications,SG01RSC02B01C04,1994Q1,0.0397334,578.864
High level industry groups,Financial and insurance services,SG01RSC02B01C05,1994Q1,0.0450688,1516.145
High level industry groups,"Rental, hiring, and real estate services",SG01RSC02B01C06,1994Q1,0.1234578,3970.552
High level industry groups,"Prof, scientific, technical, admin, and support",SG01RSC02B01C07,1994Q1,0.0633981,2621.782
High level industry groups,Public administration and safety,SG01RSC02B01C08,1994Q1,0.0437373,1378.639
High level industry groups,Education and training,SG01RSC02B01C09,1994Q1,0.0399740,1716.234
High level industry groups,Health care and social assistance,SG01RSC02B01C10,1994Q1,0.0434436,1486.813
High level industry groups,"Arts, recreation, and other services",SG01RSC02B01C11,1994Q1,0.0275694,936.023
High level industry groups,"GST, import duties, stamp duty",SG01RSC04B01UZ9,1994Q1,0.0705460,2019.303
High level industry groups,"Agriculture, forestry, and fishing",SG01RSC02B01A01,1994Q2,0.0650778,2103.926
High level industry groups,Mining,SG01RSC02B01A02,1994Q2,0.0121190,608.282
High level industry groups,Manufacturing,SG01RSC02B01B01,1994Q2,0.1845458,4674.853
High level industry groups,"Electricity, gas, water, and waste services",SG01RSC02B01B02,1994Q2,0.0295518,1180.765
High level industry groups,Construction,SG01RSC02B01B03,1994Q2,0.0391560,1313.004
High level industry groups,Wholesale trade,SG01RSC02B01C01,1994Q2,0.0552540,1684.290
High level industry groups,Retail trade and accommodation,SG01RSC02B01C02,1994Q2,0.0649951,1946.529
High level industry groups,"Transport, postal, and warehousing",SG01RSC02B01C03,1994Q2,0.0532403,1316.569
High level industry groups,Information media and telecommunications,SG01RSC02B01C04,1994Q2,0.0398255,594.541
High level industry groups,Financial and insurance services,SG01RSC02B01C05,1994Q2,0.0450668,1512.545
High level industry groups,"Rental, hiring, and real estate services",SG01RSC02B01C06,1994Q2,0.1225007,3929.163
High level industry groups,"Prof, scientific, technical, admin, and support",SG01RSC02B01C07,1994Q2,0.0659720,2558.554
High level industry groups,Public administration and safety,SG01RSC02B01C08,1994Q2,0.0398945,1364.943
High level industry groups,Education and training,SG01RSC02B01C09,1994Q2,0.0387527,1734.017
High level industry groups,Health care and social assistance,SG01RSC02B01C10,1994Q2,0.0423560,1481.375
High level industry groups,"Arts, recreation, and other services",SG01RSC02B01C11,1994Q2,0.0278439,946.634
High level industry groups,"GST, import duties, stamp duty",SG01RSC04B01UZ9,1994Q2,0.0738481,2081.765
High level industry groups,"Agriculture, forestry, and fishing",SG01RSC02B01A01,1994Q3,0.0650778,2203.973
High level industry groups,Mining,SG01RSC02B01A02,1994Q3,0.0121190,562.877
High level industry groups,Manufacturing,SG01RSC02B01B01,1994Q3,0.1845458,4822.208
High level industry groups,"Electricity, gas, water, and waste services",SG01RSC02B01B02,1994Q3,0.0295518,1317.384
High level industry groups,Construction,SG01RSC02B01B03,1994Q3,0.0391560,1367.717
High level industry groups,Wholesale trade,SG01RSC02B01C01,1994Q3,0.0552540,1701.719
High level industry groups,Retail trade and accommodation,SG01RSC02B01C02,1994Q3,0.0649951,1992.551
High level industry groups,"Transport, postal, and warehousing",SG01RSC02B01C03,1994Q3,0.0532403,1281.846
High level industry groups,Information media and telecommunications,SG01RSC02B01C04,1994Q3,0.0398255,603.502
High level industry groups,Financial and insurance services,SG01RSC02B01C05,1994Q3,0.0450668,1528.079
High level industry groups,"Rental, hiring, and real estate services",SG01RSC02B01C06,1994Q3,0.1225007,3943.544
High level industry groups,"Prof, scientific, technical, admin, and support",SG01RSC02B01C07,1994Q3,0.0659720,2522.406
High level industry groups,Public administration and safety,SG01RSC02B01C08,1994Q3,0.0398945,1379.010
High level industry groups,Education and training,SG01RSC02B01C09,1994Q3,0.0387527,1745.024
High level industry groups,Health care and social assistance,SG01RSC02B01C10,1994Q3,0.0423560,1501.772
High level industry groups,"Arts, recreation, and other services",SG01RSC02B01C11,1994Q3,0.0278439,952.303
High level industry groups,"GST, import duties, stamp duty",SG01RSC04B01UZ9,1994Q3,0.0738481,2127.780
High level industry groups,"Agriculture, forestry, and fishing",SG01RSC02B01A01,1994Q4,0.0650778,2202.131
High level industry groups,Mining,SG01RSC02B01A02,1994Q4,0.0121190,566.510
High level industry groups,Manufacturing,SG01RSC02B01B01,1994Q4,0.1845458,4898.295
High level industry groups,"Electricity, gas, water, and waste services",SG01RSC02B01B02,1994Q4,0.0295518,1267.191
High level industry groups,Construction,SG01RSC02B01B03,1994Q4,0.0391560,1384.841
High level industry groups,Wholesale trade,SG01RSC02B01C01,1994Q4,0.0552540,1739.969
High level industry groups,Retail trade and accommodation,SG01RSC02B01C02,1994Q4,0.0649951,2015.132
High level industry groups,"Transport, postal, and warehousing",SG01RSC02B01C03,1994Q4,0.0532403,1342.170
High level industry groups,Information media and telecommunications,SG01RSC02B01C04,1994Q4,0.0398255,627.086
High level industry groups,Financial and insurance services,SG01RSC02B01C05,1994Q4,0.0450668,1572.564
High level industry groups,"Rental, hiring, and real estate services",SG01RSC02B01C06,1994Q4,0.1225007,3985.727
High level industry groups,"Prof, scientific, technical, admin, and support",SG01RSC02B01C07,1994Q4,0.0659720,2576.111
High level industry groups,Public administration and safety,SG01RSC02B01C08,1994Q4,0.0398945,1351.863
High level industry groups,Education and training,SG01RSC02B01C09,1994Q4,0.0387527,1752.538
High level industry groups,Health care and social assistance,SG01RSC02B01C10,1994Q4,0.0423560,1516.077
High level industry groups,"Arts, recreation, and other services",SG01RSC02B01C11,1994Q4,0.0278439,976.076
High level industry groups,"GST, import duties, stamp duty",SG01RSC04B01UZ9,1994Q4,0.0738481,2158.684
High level industry groups,"Agriculture, forestry, and fishing",SG01RSC02B01A01,1995Q1,0.0650778,2180.031
High level industry groups,Mining,SG01RSC02B01A02,1995Q1,0.0121190,554.115
High level industry groups,Manufacturing,SG01RSC02B01B01,1995Q1,0.1845458,4938.548
High level industry groups,"Electricity, gas, water, and waste services",SG01RSC02B01B02,1995Q1,0.0295518,1232.530
High level industry groups,Construction,SG01RSC02B01B03,1995Q1,0.0391560,1451.575
High level industry groups,Wholesale trade,SG01RSC02B01C01,1995Q1,0.0552540,1776.364
High level industry groups,Retail trade and accommodation,SG01RSC02B01C02,1995Q1,0.0649951,2017.309
High level industry groups,"Transport, postal, and warehousing",SG01RSC02B01C03,1995Q1,0.0532403,1386.913
High level industry groups,Information media and telecommunications,SG01RSC02B01C04,1995Q1,0.0398255,632.459
High level industry groups,Financial and insurance services,SG01RSC02B01C05,1995Q1,0.0450668,1602.421
High level industry groups,"Rental, hiring, and real estate services",SG01RSC02B01C06,1995Q1,0.1225007,4068.016
High level industry groups,"Prof, scientific, technical, admin, and support",SG01RSC02B01C07,1995Q1,0.0659720,2732.421
High level industry groups,Public administration and safety,SG01RSC02B01C08,1995Q1,0.0398945,1365.262
High level industry groups,Education and training,SG01RSC02B01C09,1995Q1,0.0387527,1757.452
High level industry groups,Health care and social assistance,SG01RSC02B01C10,1995Q1,0.0423560,1540.216
High level industry groups,"Arts, recreation, and other services",SG01RSC02B01C11,1995Q1,0.0278439,1001.313
High level industry groups,"GST, import duties, stamp duty",SG01RSC04B01UZ9,1995Q1,0.0738481,2185.057
High level industry groups,"Agriculture, forestry, and fishing",SG01RSC02B01A01,1995Q2,0.0645055,2301.124
High level industry groups,Mining,SG01RSC02B01A02,1995Q2,0.0112127,538.046
High level industry groups,Manufacturing,SG01RSC02B01B01,1995Q2,0.1770064,4843.258
High level industry groups,"Electricity, gas, water, and waste services",SG01RSC02B01B02,1995Q2,0.0273793,1338.691
High level industry groups,Construction,SG01RSC02B01B03,1995Q2,0.0416344,1508.675
High level industry groups,Wholesale trade,SG01RSC02B01C01,1995Q2,0.0560645,1842.214
High level industry groups,Retail trade and accommodation,SG01RSC02B01C02,1995Q2,0.0648026,2089.632
High level industry groups,"Transport, postal, and warehousing",SG01RSC02B01C03,1995Q2,0.0540741,1416.616
High level industry groups,Information media and telecommunications,SG01RSC02B01C04,1995Q2,0.0424079,645.973
High level industry groups,Financial and insurance services,SG01RSC02B01C05,1995Q2,0.0401640,1593.536
High level industry groups,"Rental, hiring, and real estate services",SG01RSC02B01C06,1995Q2,0.1267255,4072.473
High level industry groups,"Prof, scientific, technical, admin, and support",SG01RSC02B01C07,1995Q2,0.0702314,2641.097
High level industry groups,Public administration and safety,SG01RSC02B01C08,1995Q2,0.0388078,1368.228
High level industry groups,Education and training,SG01RSC02B01C09,1995Q2,0.0393389,1764.459
High level industry groups,Health care and social assistance,SG01RSC02B01C10,1995Q2,0.0428286,1574.544
High level industry groups,"Arts, recreation, and other services",SG01RSC02B01C11,1995Q2,0.0288806,1028.501
High level industry groups,"GST, import duties, stamp duty",SG01RSC04B01UZ9,1995Q2,0.0739358,2190.710
High level industry groups,"Agriculture, forestry, and fishing",SG01RSC02B01A01,1995Q3,0.0645055,2283.986
High level industry groups,Mining,SG01RSC02B01A02,1995Q3,0.0112127,639.823
High level industry groups,Manufacturing,SG01RSC02B01B01,1995Q3,0.1770064,4819.279
High level industry groups,"Electricity, gas, water, and waste services",SG01RSC02B01B02,1995Q3,0.0273793,1293.342
High level industry groups,Construction,SG01RSC02B01B03,1995Q3,0.0416344,1480.340
High level industry groups,Wholesale trade,SG01RSC02B01C01,1995Q3,0.0560645,1857.764
High level industry groups,Retail trade and accommodation,SG01RSC02B01C02,1995Q3,0.0648026,2047.114
High level industry groups,"Transport, postal, and warehousing",SG01RSC02B01C03,1995Q3,0.0540741,1473.420
High level industry groups,Information media and telecommunications,SG01RSC02B01C04,1995Q3,0.0424079,668.536
High level industry groups,Financial and insurance services,SG01RSC02B01C05,1995Q3,0.0401640,1607.650
High level industry groups,"Rental, hiring, and real estate services",SG01RSC02B01C06,1995Q3,0.1267255,4107.284
High level industry groups,"Prof, scientific, technical, admin, and support",SG01RSC02B01C07,1995Q3,0.0702314,2795.613
High level industry groups,Public administration and safety,SG01RSC02B01C08,1995Q3,0.0388078,1372.578
High level industry groups,Education and training,SG01RSC02B01C09,1995Q3,0.0393389,1777.331
High level industry groups,Health care and social assistance,SG01RSC02B01C10,1995Q3,0.0428286,1583.687
High level industry groups,"Arts, recreation, and other services",SG01RSC02B01C11,1995Q3,0.0288806,1056.530
High level industry groups,"GST, import duties, stamp duty",SG01RSC04B01UZ9,1995Q3,0.0739358,2212.300
High level industry groups,"Agriculture, forestry, and fishing",SG01RSC02B01A01,1995Q4,0.0645055,2330.272
High level industry groups,Mining,SG01RSC02B01A02,1995Q4,0.0112127,582.130
High level industry groups,Manufacturing,SG01RSC02B01B01,1995Q4,0.1770064,4865.405
High level industry groups,"Electricity, gas, water, and waste services",SG01RSC02B01B02,1995Q4,0.0273793,1323.224
High level industry groups,Construction,SG01RSC02B01B03,1995Q4,0.0416344,1526.876
High level industry groups,Wholesale trade,SG01RSC02B01C01,1995Q4,0.0560645,1832.241
High level industry groups,Retail trade and accommodation,SG01RSC02B01C02,1995Q4,0.0648026,2046.893
High level industry groups,"Transport, postal, and warehousing",SG01RSC02B01C03,1995Q4,0.0540741,1488.792
High level industry groups,Information media and telecommunications,SG01RSC02B01C04,1995Q4,0.0424079,674.411
High level industry groups,Financial and insurance services,SG01RSC02B01C05,1995Q4,0.0401640,1617.018
High level industry groups,"Rental, hiring, and real estate services",SG01RSC02B01C06,1995Q4,0.1267255,4146.704
High level industry groups,"Prof, scientific, technical, admin, and support",SG01RSC02B01C07,1995Q4,0.0702314,2803.667
High level industry groups,Public administration and safety,SG01RSC02B01C08,1995Q4,0.0388078,1387.527
High level industry groups,Education and training,SG01RSC02B01C09,1995Q4,0.0393389,1789.731
High level industry groups,Health care and social assistance,SG01RSC02B01C10,1995Q4,0.0428286,1602.329
High level industry groups,"Arts, recreation, and other services",SG01RSC02B01C11,1995Q4,0.0288806,1068.151
High level industry groups,"GST, import duties, stamp duty",SG01RSC04B01UZ9,1995Q4,0.0739358,2227.461
High level industry groups,"Agriculture, forestry, and fishing",SG01RSC02B01A01,1996Q1,0.0645055,2399.278
High level industry groups,Mining,SG01RSC02B01A02,1996Q1,0.0112127,598.960
High level industry groups,Manufacturing,SG01RSC02B01B01,1996Q1,0.1770064,4921.914
High level industry groups,"Electricity, gas, water, and waste services",SG01RSC02B01B02,1996Q1,0.0273793,1322.135
High level industry groups,Construction,SG01RSC02B01B03,1996Q1,0.0416344,1546.310
High level industry groups,Wholesale trade,SG01RSC02B01C01,1996Q1,0.0560645,1805.523
High level industry groups,Retail trade and accommodation,SG01RSC02B01C02,1996Q1,0.0648026,2080.256
High level industry groups,"Transport, postal, and warehousing",SG01RSC02B01C03,1996Q1,0.0540741,1537.169
High level industry groups,Information media and telecommunications,SG01RSC02B01C04,1996Q1,0.0424079,688.404
High level industry groups,Financial and insurance services,SG01RSC02B01C05,1996Q1,0.0401640,1604.161
High level industry groups,"Rental, hiring, and real estate services",SG01RSC02B01C06,1996Q1,0.1267255,4224.912
High level industry groups,"Prof, scientific, technical, admin, and support",SG01RSC02B01C07,1996Q1,0.0702314,2904.402
High level industry groups,Public administration and safety,SG01RSC02B01C08,1996Q1,0.0388078,1414.237
High level industry groups,Education and training,SG01RSC02B01C09,1996Q1,0.0393389,1801.654
High level industry groups,Health care and social assistance,SG01RSC02B01C10,1996Q1,0.0428286,1590.616
High level industry groups,"Arts, recreation, and other services",SG01RSC02B01C11,1996Q1,0.0288806,1083.988
High level industry groups,"GST, import duties, stamp duty",SG01RSC04B01UZ9,1996Q1,0.0739358,2296.045
High level industry groups,"Agriculture, forestry, and fishing",SG01RSC02B01A01,1996Q2,0.0643741,2409.464
High level industry groups,Mining,SG01RSC02B01A02,1996Q2,0.0123538,616.364
High level industry groups,Manufacturing,SG01RSC02B01B01,1996Q2,0.1665965,4956.811
High level industry groups,"Electricity, gas, water, and waste services",SG01RSC02B01B02,1996Q2,0.0280689,1265.436
High level industry groups,Construction,SG01RSC02B01B03,1996Q2,0.0436017,1598.556
High level industry groups,Wholesale trade,SG01RSC02B01C01,1996Q2,0.0526870,1820.098
High level industry groups,Retail trade and accommodation,SG01RSC02B01C02,1996Q2,0.0643615,2100.040
High level industry groups,"Transport, postal, and warehousing",SG01RSC02B01C03,1996Q2,0.0496948,1516.510
High level industry groups,Information media and telecommunications,SG01RSC02B01C04,1996Q2,0.0426668,701.299
High level industry groups,Financial and insurance services,SG01RSC02B01C05,1996Q2,0.0405114,1614.428
High level industry groups,"Rental, hiring, and real estate services",SG01RSC02B01C06,1996Q2,0.1312785,4197.716
High level industry groups,"Prof, scientific, technical, admin, and support",SG01RSC02B01C07,1996Q2,0.0781791,2950.583
High level industry groups,Public administration and safety,SG01RSC02B01C08,1996Q2,0.0386514,1414.936
High level industry groups,Education and training,SG01RSC02B01C09,1996Q2,0.0395432,1815.202
High level industry groups,Health care and social assistance,SG01RSC02B01C10,1996Q2,0.0437946,1606.492
High level industry groups,"Arts, recreation, and other services",SG01RSC02B01C11,1996Q2,0.0290412,1082.892
High level industry groups,"GST, import duties, stamp duty",SG01RSC04B01UZ9,1996Q2,0.0745954,2339.106
High level industry groups,"Agriculture, forestry, and fishing",SG01RSC02B01A01,1996Q3,0.0643741,2516.784
High level industry groups,Mining,SG01RSC02B01A02,1996Q3,0.0123538,684.400
High level industry groups,Manufacturing,SG01RSC02B01B01,1996Q3,0.1665965,4953.440
High level industry groups,"Electricity, gas, water, and waste services",SG01RSC02B01B02,1996Q3,0.0280689,1185.743
High level industry groups,Construction,SG01RSC02B01B03,1996Q3,0.0436017,1621.904
High level industry groups,Wholesale trade,SG01RSC02B01C01,1996Q3,0.0526870,1860.072
High level industry groups,Retail trade and accommodation,SG01RSC02B01C02,1996Q3,0.0643615,2112.365
High level industry groups,"Transport, postal, and warehousing",SG01RSC02B01C03,1996Q3,0.0496948,1519.174
High level industry groups,Information media and telecommunications,SG01RSC02B01C04,1996Q3,0.0426668,714.659
High level industry groups,Financial and insurance services,SG01RSC02B01C05,1996Q3,0.0405114,1621.637
High level industry groups,"Rental, hiring, and real estate services",SG01RSC02B01C06,1996Q3,0.1312785,4192.065
High level industry groups,"Prof, scientific, technical, admin, and support",SG01RSC02B01C07,1996Q3,0.0781791,3014.095
High level industry groups,Public administration and safety,SG01RSC02B01C08,1996Q3,0.0386514,1375.396
High level industry groups,Education and training,SG01RSC02B01C09,1996Q3,0.0395432,1827.210
High level industry groups,Health care and social assistance,SG01RSC02B01C10,1996Q3,0.0437946,1597.540
High level industry groups,"Arts, recreation, and other services",SG01RSC02B01C11,1996Q3,0.0290412,1110.050
High level industry groups,"GST, import duties, stamp duty",SG01RSC04B01UZ9,1996Q3,0.0745954,2354.321
High level industry groups,"Agriculture, forestry, and fishing",SG01RSC02B01A01,1996Q4,0.0643741,2570.464
High level industry groups,Mining,SG01RSC02B01A02,1996Q4,0.0123538,764.652
High level industry groups,Manufacturing,SG01RSC02B01B01,1996Q4,0.1665965,4968.437
High level industry groups,"Electricity, gas, water, and waste services",SG01RSC02B01B02,1996Q4,0.0280689,1266.639
High level industry groups,Construction,SG01RSC02B01B03,1996Q4,0.0436017,1654.867
High level industry groups,Wholesale trade,SG01RSC02B01C01,1996Q4,0.0526870,1854.651
High level industry groups,Retail trade and accommodation,SG01RSC02B01C02,1996Q4,0.0643615,2118.119
High level industry groups,"Transport, postal, and warehousing",SG01RSC02B01C03,1996Q4,0.0496948,1522.117
High level industry groups,Information media and telecommunications,SG01RSC02B01C04,1996Q4,0.0426668,723.432
High level industry groups,Financial and insurance services,SG01RSC02B01C05,1996Q4,0.0405114,1648.301
High level industry groups,"Rental, hiring, and real estate services",SG01RSC02B01C06,1996Q4,0.1312785,4247.527
High level industry groups,"Prof, scientific, technical, admin, and support",SG01RSC02B01C07,1996Q4,0.0781791,3123.647
High level industry groups,Public administration and safety,SG01RSC02B01C08,1996Q4,0.0386514,1392.104
High level industry groups,Education and training,SG01RSC02B01C09,1996Q4,0.0395432,1837.684
High level industry groups,Health care and social assistance,SG01RSC02B01C10,1996Q4,0.0437946,1610.621
High level industry groups,"Arts, recreation, and other services",SG01RSC02B01C11,1996Q4,0.0290412,1099.480
High level industry groups,"GST, import duties, stamp duty",SG01RSC04B01UZ9,1996Q4,0.0745954,2365.416
High level industry groups,"Agriculture, forestry, and fishing",SG01RSC02B01A01,1997Q1,0.0643741,2600.384
High level industry groups,Mining,SG01RSC02B01A02,1997Q1,0.0123538,840.412
High level industry groups,Manufacturing,SG01RSC02B01B01,1997Q1,0.1665965,4877.438
High level industry groups,"Electricity, gas, water, and waste services",SG01RSC02B01B02,1997Q1,0.0280689,1223.958
High level industry groups,Construction,SG01RSC02B01B03,1997Q1,0.0436017,1717.588
High level industry groups,Wholesale trade,SG01RSC02B01C01,1997Q1,0.0526870,1826.848
High level industry groups,Retail trade and accommodation,SG01RSC02B01C02,1997Q1,0.0643615,2097.132
High level industry groups,"Transport, postal, and warehousing",SG01RSC02B01C03,1997Q1,0.0496948,1481.275
High level industry groups,Information media and telecommunications,SG01RSC02B01C04,1997Q1,0.0426668,731.571
High level industry groups,Financial and insurance services,SG01RSC02B01C05,1997Q1,0.0405114,1679.011
High level industry groups,"Rental, hiring, and real estate services",SG01RSC02B01C06,1997Q1,0.1312785,4282.560
High level industry groups,"Prof, scientific, technical, admin, and support",SG01RSC02B01C07,1997Q1,0.0781791,3152.694
High level industry groups,Public administration and safety,SG01RSC02B01C08,1997Q1,0.0386514,1364.865
High level industry groups,Education and training,SG01RSC02B01C09,1997Q1,0.0395432,1846.631
High level industry groups,Health care and social assistance,SG01RSC02B01C10,1997Q1,0.0437946,1616.627
High level industry groups,"Arts, recreation, and other services",SG01RSC02B01C11,1997Q1,0.0290412,1084.829
High level industry groups,"GST, import duties, stamp duty",SG01RSC04B01UZ9,1997Q1,0.0745954,2352.912
High level industry groups,"Agriculture, forestry, and fishing",SG01RSC02B01A01,1997Q2,0.0607739,2648.406
High level industry groups,Mining,SG01RSC02B01A02,1997Q2,0.0119163,801.612
High level industry groups,Manufacturing,SG01RSC02B01B01,1997Q2,0.1632152,5035.577
High level industry groups,"Electricity, gas, water, and waste services",SG01RSC02B01B02,1997Q2,0.0287044,1194.305
High level industry groups,Construction,SG01RSC02B01B03,1997Q2,0.0442895,1695.450
High level industry groups,Wholesale trade,SG01RSC02B01C01,1997Q2,0.0548013,1912.704
High level industry groups,Retail trade and accommodation,SG01RSC02B01C02,1997Q2,0.0628921,2130.071
High level industry groups,"Transport, postal, and warehousing",SG01RSC02B01C03,1997Q2,0.0470367,1508.392
High level industry groups,Information media and telecommunications,SG01RSC02B01C04,1997Q2,0.0434882,756.117
High level industry groups,Financial and insurance services,SG01RSC02B01C05,1997Q2,0.0419889,1693.378
High level industry groups,"Rental, hiring, and real estate services",SG01RSC02B01C06,1997Q2,0.1318655,4293.183
High level industry groups,"Prof, scientific, technical, admin, and support",SG01RSC02B01C07,1997Q2,0.0812223,3113.314
High level industry groups,Public administration and safety,SG01RSC02B01C08,1997Q2,0.0384234,1381.859
High level industry groups,Education and training,SG01RSC02B01C09,1997Q2,0.0400618,1853.909
High level industry groups,Health care and social assistance,SG01RSC02B01C10,1997Q2,0.0451691,1701.811
High level industry groups,"Arts, recreation, and other services",SG01RSC02B01C11,1997Q2,0.0308530,1159.607
High level industry groups,"GST, import duties, stamp duty",SG01RSC04B01UZ9,1997Q2,0.0732985,2409.351
High level industry groups,"Agriculture, forestry, and fishing",SG01RSC02B01A01,1997Q3,0.0607739,2571.015
High level industry groups,Mining,SG01RSC02B01A02,1997Q3,0.0119163,725.583
High level industry groups,Manufacturing,SG01RSC02B01B01,1997Q3,0.1632152,4938.578
High level industry groups,"Electricity, gas, water, and waste services",SG01RSC02B01B02,1997Q3,0.0287044,1244.381
High level industry groups,Construction,SG01RSC02B01B03,1997Q3,0.0442895,1778.941
High level industry groups,Wholesale trade,SG01RSC02B01C01,1997Q3,0.0548013,1838.283
High level industry groups,Retail trade and accommodation,SG01RSC02B01C02,1997Q3,0.0628921,2145.365
High level industry groups,"Transport, postal, and warehousing",SG01RSC02B01C03,1997Q3,0.0470367,1518.802
High level industry groups,Information media and telecommunications,SG01RSC02B01C04,1997Q3,0.0434882,769.417
High level industry groups,Financial and insurance services,SG01RSC02B01C05,1997Q3,0.0419889,1693.010
High level industry groups,"Rental, hiring, and real estate services",SG01RSC02B01C06,1997Q3,0.1318655,4288.950
High level industry groups,"Prof, scientific, technical, admin, and support",SG01RSC02B01C07,1997Q3,0.0812223,3213.907
High level industry groups,Public administration and safety,SG01RSC02B01C08,1997Q3,0.0384234,1363.895
High level industry groups,Education and training,SG01RSC02B01C09,1997Q3,0.0400618,1862.906
High level industry groups,Health care and social assistance,SG01RSC02B01C10,1997Q3,0.0451691,1738.632
High level industry groups,"Arts, recreation, and other services",SG01RSC02B01C11,1997Q3,0.0308530,1161.850
High level industry groups,"GST, import duties, stamp duty",SG01RSC04B01UZ9,1997Q3,0.0732985,2376.637
High level industry groups,"Agriculture, forestry, and fishing",SG01RSC02B01A01,1997Q4,0.0607739,2548.142
High level industry groups,Mining,SG01RSC02B01A02,1997Q4,0.0119163,700.615
High level industry groups,Manufacturing,SG01RSC02B01B01,1997Q4,0.1632152,4933.009
High level industry groups,"Electricity, gas, water, and waste services",SG01RSC02B01B02,1997Q4,0.0287044,1268.655
High level industry groups,Construction,SG01RSC02B01B03,1997Q4,0.0442895,1712.130
High level industry groups,Wholesale trade,SG01RSC02B01C01,1997Q4,0.0548013,1883.632
High level industry groups,Retail trade and accommodation,SG01RSC02B01C02,1997Q4,0.0628921,2159.330
High level industry groups,"Transport, postal, and warehousing",SG01RSC02B01C03,1997Q4,0.0470367,1532.376
High level industry groups,Information media and telecommunications,SG01RSC02B01C04,1997Q4,0.0434882,765.073
High level industry groups,Financial and insurance services,SG01RSC02B01C05,1997Q4,0.0419889,1686.944
High level industry groups,"Rental, hiring, and real estate services",SG01RSC02B01C06,1997Q4,0.1318655,4300.476
High level industry groups,"Prof, scientific, technical, admin, and support",SG01RSC02B01C07,1997Q4,0.0812223,3136.988
High level industry groups,Public administration and safety,SG01RSC02B01C08,1997Q4,0.0384234,1347.176
High level industry groups,Education and training,SG01RSC02B01C09,1997Q4,0.0400618,1872.435
High level industry groups,Health care and social assistance,SG01RSC02B01C10,1997Q4,0.0451691,1746.462
High level industry groups,"Arts, recreation, and other services",SG01RSC02B01C11,1997Q4,0.0308530,1201.465
High level industry groups,"GST, import duties, stamp duty",SG01RSC04B01UZ9,1997Q4,0.0732985,2382.774
High level industry groups,"Agriculture, forestry, and fishing",SG01RSC02B01A01,1998Q1,0.0607739,2450.861
High level industry groups,Mining,SG01RSC02B01A02,1998Q1,0.0119163,598.307
High level industry groups,Manufacturing,SG01RSC02B01B01,1998Q1,0.1632152,4915.794
High level industry groups,"Electricity, gas, water, and waste services",SG01RSC02B01B02,1998Q1,0.0287044,1323.870
High level industry groups,Construction,SG01RSC02B01B03,1998Q1,0.0442895,1702.155
High level industry groups,Wholesale trade,SG01RSC02B01C01,1998Q1,0.0548013,1908.888
High level industry groups,Retail trade and accommodation,SG01RSC02B01C02,1998Q1,0.0628921,2141.849
High level industry groups,"Transport, postal, and warehousing",SG01RSC02B01C03,1998Q1,0.0470367,1499.027
High level industry groups,Information media and telecommunications,SG01RSC02B01C04,1998Q1,0.0434882,763.035
High level industry groups,Financial and insurance services,SG01RSC02B01C05,1998Q1,0.0419889,1685.755
High level industry groups,"Rental, hiring, and real estate services",SG01RSC02B01C06,1998Q1,0.1318655,4292.552
High level industry groups,"Prof, scientific, technical, admin, and support",SG01RSC02B01C07,1998Q1,0.0812223,3135.675
High level industry groups,Public administration and safety,SG01RSC02B01C08,1998Q1,0.0384234,1332.641
High level industry groups,Education and training,SG01RSC02B01C09,1998Q1,0.0400618,1882.499
High level industry groups,Health care and social assistance,SG01RSC02B01C10,1998Q1,0.0451691,1782.565
High level industry groups,"Arts, recreation, and other services",SG01RSC02B01C11,1998Q1,0.0308530,1199.478
High level industry groups,"GST, import duties, stamp duty",SG01RSC04B01UZ9,1998Q1,0.0732985,2397.513
High level industry groups,"Agriculture, forestry, and fishing",SG01RSC02B01A01,1998Q2,0.0594654,2480.502
High level industry groups,Mining,SG01RSC02B01A02,1998Q2,0.0106779,694.796
High level industry groups,Manufacturing,SG01RSC02B01B01,1998Q2,0.1578491,4842.491
High level industry groups,"Electricity, gas, water, and waste services",SG01RSC02B01B02,1998Q2,0.0274116,1327.958
High level industry groups,Construction,SG01RSC02B01B03,1998Q2,0.0421663,1725.889
High level industry groups,Wholesale trade,SG01RSC02B01C01,1998Q2,0.0564695,1859.391
High level industry groups,Retail trade and accommodation,SG01RSC02B01C02,1998Q2,0.0636339,2122.886
High level industry groups,"Transport, postal, and warehousing",SG01RSC02B01C03,1998Q2,0.0469003,1507.157
High level industry groups,Information media and telecommunications,SG01RSC02B01C04,1998Q2,0.0425161,786.576
High level industry groups,Financial and insurance services,SG01RSC02B01C05,1998Q2,0.0421569,1710.739
High level industry groups,"Rental, hiring, and real estate services",SG01RSC02B01C06,1998Q2,0.1338812,4278.122
High level industry groups,"Prof, scientific, technical, admin, and support",SG01RSC02B01C07,1998Q2,0.0827109,3136.400
High level industry groups,Public administration and safety,SG01RSC02B01C08,1998Q2,0.0399161,1303.514
High level industry groups,Education and training,SG01RSC02B01C09,1998Q2,0.0424601,1888.366
High level industry groups,Health care and social assistance,SG01RSC02B01C10,1998Q2,0.0480811,1825.661
High level industry groups,"Arts, recreation, and other services",SG01RSC02B01C11,1998Q2,0.0339406,1242.281
High level industry groups,"GST, import duties, stamp duty",SG01RSC04B01UZ9,1998Q2,0.0697631,2415.326
High level industry groups,"Agriculture, forestry, and fishing",SG01RSC02B01A01,1998Q3,0.0594654,2415.465
High level industry groups,Mining,SG01RSC02B01A02,1998Q3,0.0106779,672.543
High level industry groups,Manufacturing,SG01RSC02B01B01,1998Q3,0.1578491,4829.623
High level industry groups,"Electricity, gas, water, and waste services",SG01RSC02B01B02,1998Q3,0.0274116,1341.619
High level industry groups,Construction,SG01RSC02B01B03,1998Q3,0.0421663,1602.941
High level industry groups,Wholesale trade,SG01RSC02B01C01,1998Q3,0.0564695,1879.786
High level industry groups,Retail trade and accommodation,SG01RSC02B01C02,1998Q3,0.0636339,2114.518
High level industry groups,"Transport, postal, and warehousing",SG01RSC02B01C03,1998Q3,0.0469003,1520.383
High level industry groups,Information media and telecommunications,SG01RSC02B01C04,1998Q3,0.0425161,785.905
High level industry groups,Financial and insurance services,SG01RSC02B01C05,1998Q3,0.0421569,1725.112
High level industry groups,"Rental, hiring, and real estate services",SG01RSC02B01C06,1998Q3,0.1338812,4292.551
High level industry groups,"Prof, scientific, technical, admin, and support",SG01RSC02B01C07,1998Q3,0.0827109,3100.067
High level industry groups,Public administration and safety,SG01RSC02B01C08,1998Q3,0.0399161,1390.441
High level industry groups,Education and training,SG01RSC02B01C09,1998Q3,0.0424601,1890.583
High level industry groups,Health care and social assistance,SG01RSC02B01C10,1998Q3,0.0480811,1897.699
High level industry groups,"Arts, recreation, and other services",SG01RSC02B01C11,1998Q3,0.0339406,1264.084
High level industry groups,"GST, import duties, stamp duty",SG01RSC04B01UZ9,1998Q3,0.0697631,2427.082
High level industry groups,"Agriculture, forestry, and fishing",SG01RSC02B01A01,1998Q4,0.0594654,2448.456
High level industry groups,Mining,SG01RSC02B01A02,1998Q4,0.0106779,708.278
High level industry groups,Manufacturing,SG01RSC02B01B01,1998Q4,0.1578491,4743.089
High level industry groups,"Electricity, gas, water, and waste services",SG01RSC02B01B02,1998Q4,0.0274116,1308.077
High level industry groups,Construction,SG01RSC02B01B03,1998Q4,0.0421663,1662.973
High level industry groups,Wholesale trade,SG01RSC02B01C01,1998Q4,0.0564695,1992.702
High level industry groups,Retail trade and accommodation,SG01RSC02B01C02,1998Q4,0.0636339,2163.133
High level industry groups,"Transport, postal, and warehousing",SG01RSC02B01C03,1998Q4,0.0469003,1502.747
High level industry groups,Information media and telecommunications,SG01RSC02B01C04,1998Q4,0.0425161,815.928
High level industry groups,Financial and insurance services,SG01RSC02B01C05,1998Q4,0.0421569,1754.021
High level industry groups,"Rental, hiring, and real estate services",SG01RSC02B01C06,1998Q4,0.1338812,4347.370
High level industry groups,"Prof, scientific, technical, admin, and support",SG01RSC02B01C07,1998Q4,0.0827109,3259.490
High level industry groups,Public administration and safety,SG01RSC02B01C08,1998Q4,0.0399161,1332.829
High level industry groups,Education and training,SG01RSC02B01C09,1998Q4,0.0424601,1889.148
High level industry groups,Health care and social assistance,SG01RSC02B01C10,1998Q4,0.0480811,1936.333
High level industry groups,"Arts, recreation, and other services",SG01RSC02B01C11,1998Q4,0.0339406,1278.134
High level industry groups,"GST, import duties, stamp duty",SG01RSC04B01UZ9,1998Q4,0.0697631,2477.774
High level industry groups,"Agriculture, forestry, and fishing",SG01RSC02B01A01,1999Q1,0.0594654,2430.979
High level industry groups,Mining,SG01RSC02B01A02,1999Q1,0.0106779,712.046
High level industry groups,Manufacturing,SG01RSC02B01B01,1999Q1,0.1578491,4888.031
High level industry groups,"Electricity, gas, water, and waste services",SG01RSC02B01B02,1999Q1,0.0274116,1277.931
High level industry groups,Construction,SG01RSC02B01B03,1999Q1,0.0421663,1650.919
High level industry groups,Wholesale trade,SG01RSC02B01C01,1999Q1,0.0564695,1996.905
High level industry groups,Retail trade and accommodation,SG01RSC02B01C02,1999Q1,0.0636339,2195.204
High level industry groups,"Transport, postal, and warehousing",SG01RSC02B01C03,1999Q1,0.0469003,1569.223
High level industry groups,Information media and telecommunications,SG01RSC02B01C04,1999Q1,0.0425161,839.533
High level industry groups,Financial and insurance services,SG01RSC02B01C05,1999Q1,0.0421569,1776.813
High level industry groups,"Rental, hiring, and real estate services",SG01RSC02B01C06,1999Q1,0.1338812,4392.778
High level industry groups,"Prof, scientific, technical, admin, and support",SG01RSC02B01C07,1999Q1,0.0827109,3238.359
High level industry groups,Public administration and safety,SG01RSC02B01C08,1999Q1,0.0399161,1332.920
High level industry groups,Education and training,SG01RSC02B01C09,1999Q1,0.0424601,1884.062
High level industry groups,Health care and social assistance,SG01RSC02B01C10,1999Q1,0.0480811,1944.855
High level industry groups,"Arts, recreation, and other services",SG01RSC02B01C11,1999Q1,0.0339406,1320.276
High level industry groups,"GST, import duties, stamp duty",SG01RSC04B01UZ9,1999Q1,0.0697631,2524.038
High level industry groups,"Agriculture, forestry, and fishing",SG01RSC02B01A01,1999Q2,0.0627601,2403.888
High level industry groups,Mining,SG01RSC02B01A02,1999Q2,0.0105740,677.443
High level industry groups,Manufacturing,SG01RSC02B01B01,1999Q2,0.1555646,4790.526
High level industry groups,"Electricity, gas, water, and waste services",SG01RSC02B01B02,1999Q2,0.0286994,1302.514
High level industry groups,Construction,SG01RSC02B01B03,1999Q2,0.0457365,1713.615
High level industry groups,Wholesale trade,SG01RSC02B01C01,1999Q2,0.0548521,2032.037
High level industry groups,Retail trade and accommodation,SG01RSC02B01C02,1999Q2,0.0633403,2237.518
High level industry groups,"Transport, postal, and warehousing",SG01RSC02B01C03,1999Q2,0.0465764,1560.365
High level industry groups,Information media and telecommunications,SG01RSC02B01C04,1999Q2,0.0405294,851.307
High level industry groups,Financial and insurance services,SG01RSC02B01C05,1999Q2,0.0437726,1795.612
High level industry groups,"Rental, hiring, and real estate services",SG01RSC02B01C06,1999Q2,0.1304531,4422.657
High level industry groups,"Prof, scientific, technical, admin, and support",SG01RSC02B01C07,1999Q2,0.0852997,3298.848
High level industry groups,Public administration and safety,SG01RSC02B01C08,1999Q2,0.0380925,1307.301
High level industry groups,Education and training,SG01RSC02B01C09,1999Q2,0.0427293,1884.548
High level industry groups,Health care and social assistance,SG01RSC02B01C10,1999Q2,0.0471970,1949.996
High level industry groups,"Arts, recreation, and other services",SG01RSC02B01C11,1999Q2,0.0341907,1310.941
High level industry groups,"GST, import duties, stamp duty",SG01RSC04B01UZ9,1999Q2,0.0696322,2548.371
High level industry groups,"Agriculture, forestry, and fishing",SG01RSC02B01A01,1999Q3,0.0627601,2567.448
High level industry groups,Mining,SG01RSC02B01A02,1999Q3,0.0105740,706.513
High level industry groups,Manufacturing,SG01RSC02B01B01,1999Q3,0.1555646,4990.536
High level industry groups,"Electricity, gas, water, and waste services",SG01RSC02B01B02,1999Q3,0.0286994,1280.821
High level industry groups,Construction,SG01RSC02B01B03,1999Q3,0.0457365,1823.171
High level industry groups,Wholesale trade,SG01RSC02B01C01,1999Q3,0.0548521,2146.437
High level industry groups,Retail trade and accommodation,SG01RSC02B01C02,1999Q3,0.0633403,2296.192
High level industry groups,"Transport, postal, and warehousing",SG01RSC02B01C03,1999Q3,0.0465764,1586.989
High level industry groups,Information media and telecommunications,SG01RSC02B01C04,1999Q3,0.0405294,909.366
High level industry groups,Financial and insurance services,SG01RSC02B01C05,1999Q3,0.0437726,1813.904
High level industry groups,"Rental, hiring, and real estate services",SG01RSC02B01C06,1999Q3,0.1304531,4470.526
High level industry groups,"Prof, scientific, technical, admin, and support",SG01RSC02B01C07,1999Q3,0.0852997,3449.966
High level industry groups,Public administration and safety,SG01RSC02B01C08,1999Q3,0.0380925,1328.103
High level industry groups,Education and training,SG01RSC02B01C09,1999Q3,0.0427293,1889.832
High level industry groups,Health care and social assistance,SG01RSC02B01C10,1999Q3,0.0471970,1953.113
High level industry groups,"Arts, recreation, and other services",SG01RSC02B01C11,1999Q3,0.0341907,1338.322
High level industry groups,"GST, import duties, stamp duty",SG01RSC04B01UZ9,1999Q3,0.0696322,2602.073
High level industry groups,"Agriculture, forestry, and fishing",SG01RSC02B01A01,1999Q4,0.0627601,2576.121
High level industry groups,Mining,SG01RSC02B01A02,1999Q4,0.0105740,656.564
High level industry groups,Manufacturing,SG01RSC02B01B01,1999Q4,0.1555646,5158.920
High level industry groups,"Electricity, gas, water, and waste services",SG01RSC02B01B02,1999Q4,0.0286994,1250.602
High level industry groups,Construction,SG01RSC02B01B03,1999Q4,0.0457365,1897.050
High level industry groups,Wholesale trade,SG01RSC02B01C01,1999Q4,0.0548521,2172.290
High level industry groups,Retail trade and accommodation,SG01RSC02B01C02,1999Q4,0.0633403,2289.720
High level industry groups,"Transport, postal, and warehousing",SG01RSC02B01C03,1999Q4,0.0465764,1636.292
High level industry groups,Information media and telecommunications,SG01RSC02B01C04,1999Q4,0.0405294,962.581
High level industry groups,Financial and insurance services,SG01RSC02B01C05,1999Q4,0.0437726,1842.870
High level industry groups,"Rental, hiring, and real estate services",SG01RSC02B01C06,1999Q4,0.1304531,4507.725
High level industry groups,"Prof, scientific, technical, admin, and support",SG01RSC02B01C07,1999Q4,0.0852997,3465.781
High level industry groups,Public administration and safety,SG01RSC02B01C08,1999Q4,0.0380925,1331.166
High level industry groups,Education and training,SG01RSC02B01C09,1999Q4,0.0427293,1899.912
High level industry groups,Health care and social assistance,SG01RSC02B01C10,1999Q4,0.0471970,1970.191
High level industry groups,"Arts, recreation, and other services",SG01RSC02B01C11,1999Q4,0.0341907,1348.876
High level industry groups,"GST, import duties, stamp duty",SG01RSC04B01UZ9,1999Q4,0.0696322,2617.691
High level industry groups,"Agriculture, forestry, and fishing",SG01RSC02B01A01,2000Q1,0.0627601,2623.381
High level industry groups,Mining,SG01RSC02B01A02,2000Q1,0.0105740,690.732
High level industry groups,Manufacturing,SG01RSC02B01B01,2000Q1,0.1555646,5170.819
High level industry groups,"Electricity, gas, water, and waste services",SG01RSC02B01B02,2000Q1,0.0286994,1264.810
High level industry groups,Construction,SG01RSC02B01B03,2000Q1,0.0457365,2173.391
High level industry groups,Wholesale trade,SG01RSC02B01C01,2000Q1,0.0548521,2150.814
High level industry groups,Retail trade and accommodation,SG01RSC02B01C02,2000Q1,0.0633403,2303.012
High level industry groups,"Transport, postal, and warehousing",SG01RSC02B01C03,2000Q1,0.0465764,1631.915
High level industry groups,Information media and telecommunications,SG01RSC02B01C04,2000Q1,0.0405294,969.871
High level industry groups,Financial and insurance services,SG01RSC02B01C05,2000Q1,0.0437726,1874.043
High level industry groups,"Rental, hiring, and real estate services",SG01RSC02B01C06,2000Q1,0.1304531,4557.710
High level industry groups,"Prof, scientific, technical, admin, and support",SG01RSC02B01C07,2000Q1,0.0852997,3539.992
High level industry groups,Public administration and safety,SG01RSC02B01C08,2000Q1,0.0380925,1330.541
High level industry groups,Education and training,SG01RSC02B01C09,2000Q1,0.0427293,1914.789
High level industry groups,Health care and social assistance,SG01RSC02B01C10,2000Q1,0.0471970,2011.866
High level industry groups,"Arts, recreation, and other services",SG01RSC02B01C11,2000Q1,0.0341907,1341.185
High level industry groups,"GST, import duties, stamp duty",SG01RSC04B01UZ9,2000Q1,0.0696322,2649.292
High level industry groups,"Agriculture, forestry, and fishing",SG01RSC02B01A01,2000Q2,0.0775310,2573.470
High level industry groups,Mining,SG01RSC02B01A02,2000Q2,0.0115317,649.423
High level industry groups,Manufacturing,SG01RSC02B01B01,2000Q2,0.1550423,5080.394
High level industry groups,"Electricity, gas, water, and waste services",SG01RSC02B01B02,2000Q2,0.0264470,1299.742
High level industry groups,Construction,SG01RSC02B01B03,2000Q2,0.0428795,1892.427
High level industry groups,Wholesale trade,SG01RSC02B01C01,2000Q2,0.0552525,2391.536
High level industry groups,Retail trade and accommodation,SG01RSC02B01C02,2000Q2,0.0639422,2294.158
High level industry groups,"Transport, postal, and warehousing",SG01RSC02B01C03,2000Q2,0.0442037,1643.324
High level industry groups,Information media and telecommunications,SG01RSC02B01C04,2000Q2,0.0404036,1005.883
High level industry groups,Financial and insurance services,SG01RSC02B01C05,2000Q2,0.0449775,1890.428
High level industry groups,"Rental, hiring, and real estate services",SG01RSC02B01C06,2000Q2,0.1271116,4578.462
High level industry groups,"Prof, scientific, technical, admin, and support",SG01RSC02B01C07,2000Q2,0.0806321,3448.025
High level industry groups,Public administration and safety,SG01RSC02B01C08,2000Q2,0.0375948,1332.331
High level industry groups,Education and training,SG01RSC02B01C09,2000Q2,0.0422775,1928.770
High level industry groups,Health care and social assistance,SG01RSC02B01C10,2000Q2,0.0476538,2023.357
High level industry groups,"Arts, recreation, and other services",SG01RSC02B01C11,2000Q2,0.0340601,1332.402
High level industry groups,"GST, import duties, stamp duty",SG01RSC04B01UZ9,2000Q2,0.0684593,2619.901
High level industry groups,"Agriculture, forestry, and fishing",SG01RSC02B01A01,2000Q3,0.0775310,2680.937
High level industry groups,Mining,SG01RSC02B01A02,2000Q3,0.0115317,673.470
High level industry groups,Manufacturing,SG01RSC02B01B01,2000Q3,0.1550423,5167.861
High level industry groups,"Electricity, gas, water, and waste services",SG01RSC02B01B02,2000Q3,0.0264470,1288.784
High level industry groups,Construction,SG01RSC02B01B03,2000Q3,0.0428795,1870.440
High level industry groups,Wholesale trade,SG01RSC02B01C01,2000Q3,0.0552525,2265.498
High level industry groups,Retail trade and accommodation,SG01RSC02B01C02,2000Q3,0.0639422,2310.681
High level industry groups,"Transport, postal, and warehousing",SG01RSC02B01C03,2000Q3,0.0442037,1637.407
High level industry groups,Information media and telecommunications,SG01RSC02B01C04,2000Q3,0.0404036,1016.064
High level industry groups,Financial and insurance services,SG01RSC02B01C05,2000Q3,0.0449775,1909.251
High level industry groups,"Rental, hiring, and real estate services",SG01RSC02B01C06,2000Q3,0.1271116,4623.243
High level industry groups,"Prof, scientific, technical, admin, and support",SG01RSC02B01C07,2000Q3,0.0806321,3487.182
High level industry groups,Public administration and safety,SG01RSC02B01C08,2000Q3,0.0375948,1323.667
High level industry groups,Education and training,SG01RSC02B01C09,2000Q3,0.0422775,1942.064
High level industry groups,Health care and social assistance,SG01RSC02B01C10,2000Q3,0.0476538,2078.261
High level industry groups,"Arts, recreation, and other services",SG01RSC02B01C11,2000Q3,0.0340601,1325.250
High level industry groups,"GST, import duties, stamp duty",SG01RSC04B01UZ9,2000Q3,0.0684593,2632.630
High level industry groups,"Agriculture, forestry, and fishing",SG01RSC02B01A01,2000Q4,0.0775310,2671.634
High level industry groups,Mining,SG01RSC02B01A02,2000Q4,0.0115317,706.774
High level industry groups,Manufacturing,SG01RSC02B01B01,2000Q4,0.1550423,5240.701
High level industry groups,"Electricity, gas, water, and waste services",SG01RSC02B01B02,2000Q4,0.0264470,1278.131
High level industry groups,Construction,SG01RSC02B01B03,2000Q4,0.0428795,1786.309
High level industry groups,Wholesale trade,SG01RSC02B01C01,2000Q4,0.0552525,2247.567
High level industry groups,Retail trade and accommodation,SG01RSC02B01C02,2000Q4,0.0639422,2332.315
High level industry groups,"Transport, postal, and warehousing",SG01RSC02B01C03,2000Q4,0.0442037,1662.016
High level industry groups,Information media and telecommunications,SG01RSC02B01C04,2000Q4,0.0404036,1019.704
High level industry groups,Financial and insurance services,SG01RSC02B01C05,2000Q4,0.0449775,1910.755
High level industry groups,"Rental, hiring, and real estate services",SG01RSC02B01C06,2000Q4,0.1271116,4665.250
High level industry groups,"Prof, scientific, technical, admin, and support",SG01RSC02B01C07,2000Q4,0.0806321,3473.767
High level industry groups,Public administration and safety,SG01RSC02B01C08,2000Q4,0.0375948,1338.860
High level industry groups,Education and training,SG01RSC02B01C09,2000Q4,0.0422775,1954.670
High level industry groups,Health care and social assistance,SG01RSC02B01C10,2000Q4,0.0476538,2110.044
High level industry groups,"Arts, recreation, and other services",SG01RSC02B01C11,2000Q4,0.0340601,1347.873
High level industry groups,"GST, import duties, stamp duty",SG01RSC04B01UZ9,2000Q4,0.0684593,2610.484
High level industry groups,"Agriculture, forestry, and fishing",SG01RSC02B01A01,2001Q1,0.0775310,2639.494
High level industry groups,Mining,SG01RSC02B01A02,2001Q1,0.0115317,683.669
High level industry groups,Manufacturing,SG01RSC02B01B01,2001Q1,0.1550423,5128.958
High level industry groups,"Electricity, gas, water, and waste services",SG01RSC02B01B02,2001Q1,0.0264470,1260.639
High level industry groups,Construction,SG01RSC02B01B03,2001Q1,0.0428795,1766.310
High level industry groups,Wholesale trade,SG01RSC02B01C01,2001Q1,0.0552525,2282.481
High level industry groups,Retail trade and accommodation,SG01RSC02B01C02,2001Q1,0.0639422,2335.869
High level industry groups,"Transport, postal, and warehousing",SG01RSC02B01C03,2001Q1,0.0442037,1659.673
High level industry groups,Information media and telecommunications,SG01RSC02B01C04,2001Q1,0.0404036,1062.749
High level industry groups,Financial and insurance services,SG01RSC02B01C05,2001Q1,0.0449775,1909.748
High level industry groups,"Rental, hiring, and real estate services",SG01RSC02B01C06,2001Q1,0.1271116,4725.500
High level industry groups,"Prof, scientific, technical, admin, and support",SG01RSC02B01C07,2001Q1,0.0806321,3541.346
High level industry groups,Public administration and safety,SG01RSC02B01C08,2001Q1,0.0375948,1364.201
High level industry groups,Education and training,SG01RSC02B01C09,2001Q1,0.0422775,1966.590
High level industry groups,Health care and social assistance,SG01RSC02B01C10,2001Q1,0.0476538,2120.481
High level industry groups,"Arts, recreation, and other services",SG01RSC02B01C11,2001Q1,0.0340601,1385.598
High level industry groups,"GST, import duties, stamp duty",SG01RSC04B01UZ9,2001Q1,0.0684593,2610.940
High level industry groups,"Agriculture, forestry, and fishing",SG01RSC02B01A01,2001Q2,0.0798153,2640.164
High level industry groups,Mining,SG01RSC02B01A02,2001Q2,0.0110532,660.993
High level industry groups,Manufacturing,SG01RSC02B01B01,2001Q2,0.1518974,5266.324
High level industry groups,"Electricity, gas, water, and waste services",SG01RSC02B01B02,2001Q2,0.0255396,1267.692
High level industry groups,Construction,SG01RSC02B01B03,2001Q2,0.0426094,1869.317
High level industry groups,Wholesale trade,SG01RSC02B01C01,2001Q2,0.0577452,2328.015
High level industry groups,Retail trade and accommodation,SG01RSC02B01C02,2001Q2,0.0672119,2364.620
High level industry groups,"Transport, postal, and warehousing",SG01RSC02B01C03,2001Q2,0.0436019,1708.006
High level industry groups,Information media and telecommunications,SG01RSC02B01C04,2001Q2,0.0388094,1076.392
High level industry groups,Financial and insurance services,SG01RSC02B01C05,2001Q2,0.0458866,1910.246
High level industry groups,"Rental, hiring, and real estate services",SG01RSC02B01C06,2001Q2,0.1234799,4778.432
High level industry groups,"Prof, scientific, technical, admin, and support",SG01RSC02B01C07,2001Q2,0.0835011,3618.293
High level industry groups,Public administration and safety,SG01RSC02B01C08,2001Q2,0.0372431,1374.548
High level industry groups,Education and training,SG01RSC02B01C09,2001Q2,0.0404569,1982.209
High level industry groups,Health care and social assistance,SG01RSC02B01C10,2001Q2,0.0479433,2097.177
High level industry groups,"Arts, recreation, and other services",SG01RSC02B01C11,2001Q2,0.0353047,1424.355
High level industry groups,"GST, import duties, stamp duty",SG01RSC04B01UZ9,2001Q2,0.0679010,2678.052
High level industry groups,"Agriculture, forestry, and fishing",SG01RSC02B01A01,2001Q3,0.0798153,2613.064
High level industry groups,Mining,SG01RSC02B01A02,2001Q3,0.0110532,674.030
High level industry groups,Manufacturing,SG01RSC02B01B01,2001Q3,0.1518974,5222.887
High level industry groups,"Electricity, gas, water, and waste services",SG01RSC02B01B02,2001Q3,0.0255396,1194.843
High level industry groups,Construction,SG01RSC02B01B03,2001Q3,0.0426094,1854.330
High level industry groups,Wholesale trade,SG01RSC02B01C01,2001Q3,0.0577452,2463.827
High level industry groups,Retail trade and accommodation,SG01RSC02B01C02,2001Q3,0.0672119,2379.012
High level industry groups,"Transport, postal, and warehousing",SG01RSC02B01C03,2001Q3,0.0436019,1724.798
High level industry groups,Information media and telecommunications,SG01RSC02B01C04,2001Q3,0.0388094,1085.728
High level industry groups,Financial and insurance services,SG01RSC02B01C05,2001Q3,0.0458866,1920.786
High level industry groups,"Rental, hiring, and real estate services",SG01RSC02B01C06,2001Q3,0.1234799,4853.953
High level industry groups,"Prof, scientific, technical, admin, and support",SG01RSC02B01C07,2001Q3,0.0835011,3710.849
High level industry groups,Public administration and safety,SG01RSC02B01C08,2001Q3,0.0372431,1350.630
High level industry groups,Education and training,SG01RSC02B01C09,2001Q3,0.0404569,2001.505
High level industry groups,Health care and social assistance,SG01RSC02B01C10,2001Q3,0.0479433,2117.824
High level industry groups,"Arts, recreation, and other services",SG01RSC02B01C11,2001Q3,0.0353047,1456.728
High level industry groups,"GST, import duties, stamp duty",SG01RSC04B01UZ9,2001Q3,0.0679010,2686.301
High level industry groups,"Agriculture, forestry, and fishing",SG01RSC02B01A01,2001Q4,0.0798153,2569.798
High level industry groups,Mining,SG01RSC02B01A02,2001Q4,0.0110532,634.445
High level industry groups,Manufacturing,SG01RSC02B01B01,2001Q4,0.1518974,5214.860
High level industry groups,"Electricity, gas, water, and waste services",SG01RSC02B01B02,2001Q4,0.0255396,1222.419
High level industry groups,Construction,SG01RSC02B01B03,2001Q4,0.0426094,1984.583
High level industry groups,Wholesale trade,SG01RSC02B01C01,2001Q4,0.0577452,2504.843
High level industry groups,Retail trade and accommodation,SG01RSC02B01C02,2001Q4,0.0672119,2410.544
High level industry groups,"Transport, postal, and warehousing",SG01RSC02B01C03,2001Q4,0.0436019,1691.543
High level industry groups,Information media and telecommunications,SG01RSC02B01C04,2001Q4,0.0388094,1100.134
High level industry groups,Financial and insurance services,SG01RSC02B01C05,2001Q4,0.0458866,1926.168
High level industry groups,"Rental, hiring, and real estate services",SG01RSC02B01C06,2001Q4,0.1234799,4915.004
High level industry groups,"Prof, scientific, technical, admin, and support",SG01RSC02B01C07,2001Q4,0.0835011,3892.022
High level industry groups,Public administration and safety,SG01RSC02B01C08,2001Q4,0.0372431,1355.650
High level industry groups,Education and training,SG01RSC02B01C09,2001Q4,0.0404569,2024.477
High level industry groups,Health care and social assistance,SG01RSC02B01C10,2001Q4,0.0479433,2146.588
High level industry groups,"Arts, recreation, and other services",SG01RSC02B01C11,2001Q4,0.0353047,1482.061
High level industry groups,"GST, import duties, stamp duty",SG01RSC04B01UZ9,2001Q4,0.0679010,2753.648
High level industry groups,"Agriculture, forestry, and fishing",SG01RSC02B01A01,2002Q1,0.0798153,2600.121
High level industry groups,Mining,SG01RSC02B01A02,2002Q1,0.0110532,592.591
High level industry groups,Manufacturing,SG01RSC02B01B01,2002Q1,0.1518974,5212.582
High level industry groups,"Electricity, gas, water, and waste services",SG01RSC02B01B02,2002Q1,0.0255396,1268.414
High level industry groups,Construction,SG01RSC02B01B03,2002Q1,0.0426094,1900.964
High level industry groups,Wholesale trade,SG01RSC02B01C01,2002Q1,0.0577452,2516.441
High level industry groups,Retail trade and accommodation,SG01RSC02B01C02,2002Q1,0.0672119,2459.924
High level industry groups,"Transport, postal, and warehousing",SG01RSC02B01C03,2002Q1,0.0436019,1787.292
High level industry groups,Information media and telecommunications,SG01RSC02B01C04,2002Q1,0.0388094,1116.956
High level industry groups,Financial and insurance services,SG01RSC02B01C05,2002Q1,0.0458866,1918.159
High level industry groups,"Rental, hiring, and real estate services",SG01RSC02B01C06,2002Q1,0.1234799,5003.964
High level industry groups,"Prof, scientific, technical, admin, and support",SG01RSC02B01C07,2002Q1,0.0835011,3938.432
High level industry groups,Public administration and safety,SG01RSC02B01C08,2002Q1,0.0372431,1376.905
High level industry groups,Education and training,SG01RSC02B01C09,2002Q1,0.0404569,2051.124
High level industry groups,Health care and social assistance,SG01RSC02B01C10,2002Q1,0.0479433,2143.589
High level industry groups,"Arts, recreation, and other services",SG01RSC02B01C11,2002Q1,0.0353047,1500.031
High level industry groups,"GST, import duties, stamp duty",SG01RSC04B01UZ9,2002Q1,0.0679010,2766.797
High level industry groups,"Agriculture, forestry, and fishing",SG01RSC02B01A01,2002Q2,0.0585303,2581.165
High level industry groups,Mining,SG01RSC02B01A02,2002Q2,0.0109249,696.502
High level industry groups,Manufacturing,SG01RSC02B01B01,2002Q2,0.1555182,5460.573
High level industry groups,"Electricity, gas, water, and waste services",SG01RSC02B01B02,2002Q2,0.0273595,1280.266
High level industry groups,Construction,SG01RSC02B01B03,2002Q2,0.0447755,1925.697
High level industry groups,Wholesale trade,SG01RSC02B01C01,2002Q2,0.0536983,2539.579
High level industry groups,Retail trade and accommodation,SG01RSC02B01C02,2002Q2,0.0688193,2493.642
High level industry groups,"Transport, postal, and warehousing",SG01RSC02B01C03,2002Q2,0.0453389,1750.168
High level industry groups,Information media and telecommunications,SG01RSC02B01C04,2002Q2,0.0403776,1131.929
High level industry groups,Financial and insurance services,SG01RSC02B01C05,2002Q2,0.0475668,1943.634
High level industry groups,"Rental, hiring, and real estate services",SG01RSC02B01C06,2002Q2,0.1263239,5110.907
High level industry groups,"Prof, scientific, technical, admin, and support",SG01RSC02B01C07,2002Q2,0.0861684,3985.437
High level industry groups,Public administration and safety,SG01RSC02B01C08,2002Q2,0.0372738,1415.869
High level industry groups,Education and training,SG01RSC02B01C09,2002Q2,0.0410768,2079.937
High level industry groups,Health care and social assistance,SG01RSC02B01C10,2002Q2,0.0487203,2145.833
High level industry groups,"Arts, recreation, and other services",SG01RSC02B01C11,2002Q2,0.0367038,1525.306
High level industry groups,"GST, import duties, stamp duty",SG01RSC04B01UZ9,2002Q2,0.0708237,2804.138
High level industry groups,"Agriculture, forestry, and fishing",SG01RSC02B01A01,2002Q3,0.0585303,2538.005
High level industry groups,Mining,SG01RSC02B01A02,2002Q3,0.0109249,644.872
High level industry groups,Manufacturing,SG01RSC02B01B01,2002Q3,0.1555182,5709.318
High level industry groups,"Electricity, gas, water, and waste services",SG01RSC02B01B02,2002Q3,0.0273595,1325.329
High level industry groups,Construction,SG01RSC02B01B03,2002Q3,0.0447755,2054.801
High level industry groups,Wholesale trade,SG01RSC02B01C01,2002Q3,0.0536983,2292.125
High level industry groups,Retail trade and accommodation,SG01RSC02B01C02,2002Q3,0.0688193,2515.338
High level industry groups,"Transport, postal, and warehousing",SG01RSC02B01C03,2002Q3,0.0453389,1786.840
High level industry groups,Information media and telecommunications,SG01RSC02B01C04,2002Q3,0.0403776,1146.050
High level industry groups,Financial and insurance services,SG01RSC02B01C05,2002Q3,0.0475668,1968.065
High level industry groups,"Rental, hiring, and real estate services",SG01RSC02B01C06,2002Q3,0.1263239,5152.647
High level industry groups,"Prof, scientific, technical, admin, and support",SG01RSC02B01C07,2002Q3,0.0861684,3968.701
High level industry groups,Public administration and safety,SG01RSC02B01C08,2002Q3,0.0372738,1437.359
High level industry groups,Education and training,SG01RSC02B01C09,2002Q3,0.0410768,2114.449
High level industry groups,Health care and social assistance,SG01RSC02B01C10,2002Q3,0.0487203,2162.832
High level industry groups,"Arts, recreation, and other services",SG01RSC02B01C11,2002Q3,0.0367038,1551.456
High level industry groups,"GST, import duties, stamp duty",SG01RSC04B01UZ9,2002Q3,0.0708237,2904.475
High level industry groups,"Agriculture, forestry, and fishing",SG01RSC02B01A01,2002Q4,0.0585303,2590.954
High level industry groups,Mining,SG01RSC02B01A02,2002Q4,0.0109249,652.919
High level industry groups,Manufacturing,SG01RSC02B01B01,2002Q4,0.1555182,5672.458
High level industry groups,"Electricity, gas, water, and waste services",SG01RSC02B01B02,2002Q4,0.0273595,1352.810
High level industry groups,Construction,SG01RSC02B01B03,2002Q4,0.0447755,2096.074
High level industry groups,Wholesale trade,SG01RSC02B01C01,2002Q4,0.0536983,2155.492
High level industry groups,Retail trade and accommodation,SG01RSC02B01C02,2002Q4,0.0688193,2526.898
High level industry groups,"Transport, postal, and warehousing",SG01RSC02B01C03,2002Q4,0.0453389,1814.851
High level industry groups,Information media and telecommunications,SG01RSC02B01C04,2002Q4,0.0403776,1157.060
High level industry groups,Financial and insurance services,SG01RSC02B01C05,2002Q4,0.0475668,2005.295
High level industry groups,"Rental, hiring, and real estate services",SG01RSC02B01C06,2002Q4,0.1263239,5202.768
High level industry groups,"Prof, scientific, technical, admin, and support",SG01RSC02B01C07,2002Q4,0.0861684,4022.165
High level industry groups,Public administration and safety,SG01RSC02B01C08,2002Q4,0.0372738,1423.581
High level industry groups,Education and training,SG01RSC02B01C09,2002Q4,0.0410768,2154.658
High level industry groups,Health care and social assistance,SG01RSC02B01C10,2002Q4,0.0487203,2175.206
High level industry groups,"Arts, recreation, and other services",SG01RSC02B01C11,2002Q4,0.0367038,1543.805
High level industry groups,"GST, import duties, stamp duty",SG01RSC04B01UZ9,2002Q4,0.0708237,2950.195
High level industry groups,"Agriculture, forestry, and fishing",SG01RSC02B01A01,2003Q1,0.0585303,2616.955
High level industry groups,Mining,SG01RSC02B01A02,2003Q1,0.0109249,634.102
High level industry groups,Manufacturing,SG01RSC02B01B01,2003Q1,0.1555182,5754.322
High level industry groups,"Electricity, gas, water, and waste services",SG01RSC02B01B02,2003Q1,0.0273595,1316.486
High level industry groups,Construction,SG01RSC02B01B03,2003Q1,0.0447755,2137.204
High level industry groups,Wholesale trade,SG01RSC02B01C01,2003Q1,0.0536983,2138.004
High level industry groups,Retail trade and accommodation,SG01RSC02B01C02,2003Q1,0.0688193,2536.549
High level industry groups,"Transport, postal, and warehousing",SG01RSC02B01C03,2003Q1,0.0453389,1809.036
High level industry groups,Information media and telecommunications,SG01RSC02B01C04,2003Q1,0.0403776,1187.552
High level industry groups,Financial and insurance services,SG01RSC02B01C05,2003Q1,0.0475668,2046.423
High level industry groups,"Rental, hiring, and real estate services",SG01RSC02B01C06,2003Q1,0.1263239,5263.784
High level industry groups,"Prof, scientific, technical, admin, and support",SG01RSC02B01C07,2003Q1,0.0861684,4103.269
High level industry groups,Public administration and safety,SG01RSC02B01C08,2003Q1,0.0372738,1423.991
High level industry groups,Education and training,SG01RSC02B01C09,2003Q1,0.0410768,2200.560
High level industry groups,Health care and social assistance,SG01RSC02B01C10,2003Q1,0.0487203,2204.053
High level industry groups,"Arts, recreation, and other services",SG01RSC02B01C11,2003Q1,0.0367038,1564.884
High level industry groups,"GST, import duties, stamp duty",SG01RSC04B01UZ9,2003Q1,0.0708237,2984.748
High level industry groups,"Agriculture, forestry, and fishing",SG01RSC02B01A01,2003Q2,0.0572902,2711.658
High level industry groups,Mining,SG01RSC02B01A02,2003Q2,0.0091646,577.938
High level industry groups,Manufacturing,SG01RSC02B01B01,2003Q2,0.1471781,5703.990
High level industry groups,"Electricity, gas, water, and waste services",SG01RSC02B01B02,2003Q2,0.0291378,1289.357
High level industry groups,Construction,SG01RSC02B01B03,2003Q2,0.0471000,2119.603
High level industry groups,Wholesale trade,SG01RSC02B01C01,2003Q2,0.0548928,2177.907
High level industry groups,Retail trade and accommodation,SG01RSC02B01C02,2003Q2,0.0694367,2572.064
High level industry groups,"Transport, postal, and warehousing",SG01RSC02B01C03,2003Q2,0.0455759,1803.766
High level industry groups,Information media and telecommunications,SG01RSC02B01C04,2003Q2,0.0397875,1171.790
High level industry groups,Financial and insurance services,SG01RSC02B01C05,2003Q2,0.0504427,2090.494
High level industry groups,"Rental, hiring, and real estate services",SG01RSC02B01C06,2003Q2,0.1278889,5333.915
High level industry groups,"Prof, scientific, technical, admin, and support",SG01RSC02B01C07,2003Q2,0.0858460,4070.658
High level industry groups,Public administration and safety,SG01RSC02B01C08,2003Q2,0.0367477,1437.026
High level industry groups,Education and training,SG01RSC02B01C09,2003Q2,0.0418274,2240.719
High level industry groups,Health care and social assistance,SG01RSC02B01C10,2003Q2,0.0497887,2257.835
High level industry groups,"Arts, recreation, and other services",SG01RSC02B01C11,2003Q2,0.0368190,1593.674
High level industry groups,"GST, import duties, stamp duty",SG01RSC04B01UZ9,2003Q2,0.0710760,3052.266
High level industry groups,"Agriculture, forestry, and fishing",SG01RSC02B01A01,2003Q3,0.0572902,2874.580
High level industry groups,Mining,SG01RSC02B01A02,2003Q3,0.0091646,601.149
High level industry groups,Manufacturing,SG01RSC02B01B01,2003Q3,0.1471781,5778.889
High level industry groups,"Electricity, gas, water, and waste services",SG01RSC02B01B02,2003Q3,0.0291378,1356.327
High level industry groups,Construction,SG01RSC02B01B03,2003Q3,0.0471000,2245.937
High level industry groups,Wholesale trade,SG01RSC02B01C01,2003Q3,0.0548928,2266.720
High level industry groups,Retail trade and accommodation,SG01RSC02B01C02,2003Q3,0.0694367,2620.236
High level industry groups,"Transport, postal, and warehousing",SG01RSC02B01C03,2003Q3,0.0455759,1804.838
High level industry groups,Information media and telecommunications,SG01RSC02B01C04,2003Q3,0.0397875,1224.765
High level industry groups,Financial and insurance services,SG01RSC02B01C05,2003Q3,0.0504427,2136.317
High level industry groups,"Rental, hiring, and real estate services",SG01RSC02B01C06,2003Q3,0.1278889,5405.535
High level industry groups,"Prof, scientific, technical, admin, and support",SG01RSC02B01C07,2003Q3,0.0858460,4075.988
High level industry groups,Public administration and safety,SG01RSC02B01C08,2003Q3,0.0367477,1475.722
High level industry groups,Education and training,SG01RSC02B01C09,2003Q3,0.0418274,2269.263
High level industry groups,Health care and social assistance,SG01RSC02B01C10,2003Q3,0.0497887,2297.751
High level industry groups,"Arts, recreation, and other services",SG01RSC02B01C11,2003Q3,0.0368190,1607.951
High level industry groups,"GST, import duties, stamp duty",SG01RSC04B01UZ9,2003Q3,0.0710760,3100.370
High level industry groups,"Agriculture, forestry, and fishing",SG01RSC02B01A01,2003Q4,0.0572902,2910.005
High level industry groups,Mining,SG01RSC02B01A02,2003Q4,0.0091646,527.841
High level industry groups,Manufacturing,SG01RSC02B01B01,2003Q4,0.1471781,5812.472
High level industry groups,"Electricity, gas, water, and waste services",SG01RSC02B01B02,2003Q4,0.0291378,1385.028
High level industry groups,Construction,SG01RSC02B01B03,2003Q4,0.0471000,2249.886
High level industry groups,Wholesale trade,SG01RSC02B01C01,2003Q4,0.0548928,2342.270
High level industry groups,Retail trade and accommodation,SG01RSC02B01C02,2003Q4,0.0694367,2671.691
High level industry groups,"Transport, postal, and warehousing",SG01RSC02B01C03,2003Q4,0.0455759,1871.838
High level industry groups,Information media and telecommunications,SG01RSC02B01C04,2003Q4,0.0397875,1214.509
High level industry groups,Financial and insurance services,SG01RSC02B01C05,2003Q4,0.0504427,2176.384
High level industry groups,"Rental, hiring, and real estate services",SG01RSC02B01C06,2003Q4,0.1278889,5461.841
High level industry groups,"Prof, scientific, technical, admin, and support",SG01RSC02B01C07,2003Q4,0.0858460,4086.921
High level industry groups,Public administration and safety,SG01RSC02B01C08,2003Q4,0.0367477,1520.914
High level industry groups,Education and training,SG01RSC02B01C09,2003Q4,0.0418274,2286.197
High level industry groups,Health care and social assistance,SG01RSC02B01C10,2003Q4,0.0497887,2306.376
High level industry groups,"Arts, recreation, and other services",SG01RSC02B01C11,2003Q4,0.0368190,1643.794
High level industry groups,"GST, import duties, stamp duty",SG01RSC04B01UZ9,2003Q4,0.0710760,3150.831
High level industry groups,"Agriculture, forestry, and fishing",SG01RSC02B01A01,2004Q1,0.0572902,2925.507
High level industry groups,Mining,SG01RSC02B01A02,2004Q1,0.0091646,578.013
High level industry groups,Manufacturing,SG01RSC02B01B01,2004Q1,0.1471781,6002.978
High level industry groups,"Electricity, gas, water, and waste services",SG01RSC02B01B02,2004Q1,0.0291378,1413.606
High level industry groups,Construction,SG01RSC02B01B03,2004Q1,0.0471000,2300.587
High level industry groups,Wholesale trade,SG01RSC02B01C01,2004Q1,0.0548928,2400.636
High level industry groups,Retail trade and accommodation,SG01RSC02B01C02,2004Q1,0.0694367,2713.843
High level industry groups,"Transport, postal, and warehousing",SG01RSC02B01C03,2004Q1,0.0455759,1901.349
High level industry groups,Information media and telecommunications,SG01RSC02B01C04,2004Q1,0.0397875,1220.221
High level industry groups,Financial and insurance services,SG01RSC02B01C05,2004Q1,0.0504427,2237.475
High level industry groups,"Rental, hiring, and real estate services",SG01RSC02B01C06,2004Q1,0.1278889,5497.785
High level industry groups,"Prof, scientific, technical, admin, and support",SG01RSC02B01C07,2004Q1,0.0858460,4144.077
High level industry groups,Public administration and safety,SG01RSC02B01C08,2004Q1,0.0367477,1540.571
High level industry groups,Education and training,SG01RSC02B01C09,2004Q1,0.0418274,2291.527
High level industry groups,Health care and social assistance,SG01RSC02B01C10,2004Q1,0.0497887,2370.191
High level industry groups,"Arts, recreation, and other services",SG01RSC02B01C11,2004Q1,0.0368190,1667.007
High level industry groups,"GST, import duties, stamp duty",SG01RSC04B01UZ9,2004Q1,0.0710760,3226.233
High level industry groups,"Agriculture, forestry, and fishing",SG01RSC02B01A01,2004Q2,0.0536584,2875.504
High level industry groups,Mining,SG01RSC02B01A02,2004Q2,0.0099164,597.923
High level industry groups,Manufacturing,SG01RSC02B01B01,2004Q2,0.1455639,5955.749
High level industry groups,"Electricity, gas, water, and waste services",SG01RSC02B01B02,2004Q2,0.0282182,1381.380
High level industry groups,Construction,SG01RSC02B01B03,2004Q2,0.0518223,2462.963
High level industry groups,Wholesale trade,SG01RSC02B01C01,2004Q2,0.0533618,2437.684
High level industry groups,Retail trade and accommodation,SG01RSC02B01C02,2004Q2,0.0682155,2741.222
High level industry groups,"Transport, postal, and warehousing",SG01RSC02B01C03,2004Q2,0.0462901,1944.933
High level industry groups,Information media and telecommunications,SG01RSC02B01C04,2004Q2,0.0380300,1229.368
High level industry groups,Financial and insurance services,SG01RSC02B01C05,2004Q2,0.0504845,2282.613
High level industry groups,"Rental, hiring, and real estate services",SG01RSC02B01C06,2004Q2,0.1291075,5545.081
High level industry groups,"Prof, scientific, technical, admin, and support",SG01RSC02B01C07,2004Q2,0.0864359,4126.497
High level industry groups,Public administration and safety,SG01RSC02B01C08,2004Q2,0.0373256,1584.910
High level industry groups,Education and training,SG01RSC02B01C09,2004Q2,0.0424717,2291.175
High level industry groups,Health care and social assistance,SG01RSC02B01C10,2004Q2,0.0512439,2347.393
High level industry groups,"Arts, recreation, and other services",SG01RSC02B01C11,2004Q2,0.0359405,1665.171
High level industry groups,"GST, import duties, stamp duty",SG01RSC04B01UZ9,2004Q2,0.0719137,3259.494
High level industry groups,"Agriculture, forestry, and fishing",SG01RSC02B01A01,2004Q3,0.0536584,2742.851
High level industry groups,Mining,SG01RSC02B01A02,2004Q3,0.0099164,538.497
High level industry groups,Manufacturing,SG01RSC02B01B01,2004Q3,0.1455639,6010.702
High level industry groups,"Electricity, gas, water, and waste services",SG01RSC02B01B02,2004Q3,0.0282182,1375.154
High level industry groups,Construction,SG01RSC02B01B03,2004Q3,0.0518223,2477.037
High level industry groups,Wholesale trade,SG01RSC02B01C01,2004Q3,0.0533618,2482.669
High level industry groups,Retail trade and accommodation,SG01RSC02B01C02,2004Q3,0.0682155,2827.367
High level industry groups,"Transport, postal, and warehousing",SG01RSC02B01C03,2004Q3,0.0462901,1962.943
High level industry groups,Information media and telecommunications,SG01RSC02B01C04,2004Q3,0.0380300,1239.427
High level industry groups,Financial and insurance services,SG01RSC02B01C05,2004Q3,0.0504845,2316.485
High level industry groups,"Rental, hiring, and real estate services",SG01RSC02B01C06,2004Q3,0.1291075,5579.773
High level industry groups,"Prof, scientific, technical, admin, and support",SG01RSC02B01C07,2004Q3,0.0864359,4118.997
High level industry groups,Public administration and safety,SG01RSC02B01C08,2004Q3,0.0373256,1571.854
High level industry groups,Education and training,SG01RSC02B01C09,2004Q3,0.0424717,2288.157
High level industry groups,Health care and social assistance,SG01RSC02B01C10,2004Q3,0.0512439,2349.979
High level industry groups,"Arts, recreation, and other services",SG01RSC02B01C11,2004Q3,0.0359405,1669.517
High level industry groups,"GST, import duties, stamp duty",SG01RSC04B01UZ9,2004Q3,0.0719137,3280.275
High level industry groups,"Agriculture, forestry, and fishing",SG01RSC02B01A01,2004Q4,0.0536584,2735.031
High level industry groups,Mining,SG01RSC02B01A02,2004Q4,0.0099164,554.892
High level industry groups,Manufacturing,SG01RSC02B01B01,2004Q4,0.1455639,6077.985
High level industry groups,"Electricity, gas, water, and waste services",SG01RSC02B01B02,2004Q4,0.0282182,1307.979
High level industry groups,Construction,SG01RSC02B01B03,2004Q4,0.0518223,2428.628
High level industry groups,Wholesale trade,SG01RSC02B01C01,2004Q4,0.0533618,2525.786
High level industry groups,Retail trade and accommodation,SG01RSC02B01C02,2004Q4,0.0682155,2831.867
High level industry groups,"Transport, postal, and warehousing",SG01RSC02B01C03,2004Q4,0.0462901,1987.361
High level industry groups,Information media and telecommunications,SG01RSC02B01C04,2004Q4,0.0380300,1259.831
High level industry groups,Financial and insurance services,SG01RSC02B01C05,2004Q4,0.0504845,2351.435
High level industry groups,"Rental, hiring, and real estate services",SG01RSC02B01C06,2004Q4,0.1291075,5678.267
High level industry groups,"Prof, scientific, technical, admin, and support",SG01RSC02B01C07,2004Q4,0.0864359,4229.780
High level industry groups,Public administration and safety,SG01RSC02B01C08,2004Q4,0.0373256,1591.834
High level industry groups,Education and training,SG01RSC02B01C09,2004Q4,0.0424717,2282.474
High level industry groups,Health care and social assistance,SG01RSC02B01C10,2004Q4,0.0512439,2391.237
High level industry groups,"Arts, recreation, and other services",SG01RSC02B01C11,2004Q4,0.0359405,1663.033
High level industry groups,"GST, import duties, stamp duty",SG01RSC04B01UZ9,2004Q4,0.0719137,3288.308
High level industry groups,"Agriculture, forestry, and fishing",SG01RSC02B01A01,2005Q1,0.0536584,2825.695
High level industry groups,Mining,SG01RSC02B01A02,2005Q1,0.0099164,542.939
High level industry groups,Manufacturing,SG01RSC02B01B01,2005Q1,0.1455639,5997.016
High level industry groups,"Electricity, gas, water, and waste services",SG01RSC02B01B02,2005Q1,0.0282182,1335.264
High level industry groups,Construction,SG01RSC02B01B03,2005Q1,0.0518223,2459.337
High level industry groups,Wholesale trade,SG01RSC02B01C01,2005Q1,0.0533618,2528.339
High level industry groups,Retail trade and accommodation,SG01RSC02B01C02,2005Q1,0.0682155,2847.716
High level industry groups,"Transport, postal, and warehousing",SG01RSC02B01C03,2005Q1,0.0462901,2027.808
High level industry groups,Information media and telecommunications,SG01RSC02B01C04,2005Q1,0.0380300,1262.294
High level industry groups,Financial and insurance services,SG01RSC02B01C05,2005Q1,0.0504845,2400.376
High level industry groups,"Rental, hiring, and real estate services",SG01RSC02B01C06,2005Q1,0.1291075,5775.466
High level industry groups,"Prof, scientific, technical, admin, and support",SG01RSC02B01C07,2005Q1,0.0864359,4268.673
High level industry groups,Public administration and safety,SG01RSC02B01C08,2005Q1,0.0373256,1601.457
High level industry groups,Education and training,SG01RSC02B01C09,2005Q1,0.0424717,2274.125
High level industry groups,Health care and social assistance,SG01RSC02B01C10,2005Q1,0.0512439,2444.879
High level industry groups,"Arts, recreation, and other services",SG01RSC02B01C11,2005Q1,0.0359405,1648.698
High level industry groups,"GST, import duties, stamp duty",SG01RSC04B01UZ9,2005Q1,0.0719137,3329.602
High level industry groups,"Agriculture, forestry, and fishing",SG01RSC02B01A01,2005Q2,0.0451777,2853.259
High level industry groups,Mining,SG01RSC02B01A02,2005Q2,0.0110444,583.436
High level industry groups,Manufacturing,SG01RSC02B01B01,2005Q2,0.1452494,6064.320
High level industry groups,"Electricity, gas, water, and waste services",SG01RSC02B01B02,2005Q2,0.0296734,1370.631
High level industry groups,Construction,SG01RSC02B01B03,2005Q2,0.0534528,2540.803
High level industry groups,Wholesale trade,SG01RSC02B01C01,2005Q2,0.0515476,2624.503
High level industry groups,Retail trade and accommodation,SG01RSC02B01C02,2005Q2,0.0672916,2902.406
High level industry groups,"Transport, postal, and warehousing",SG01RSC02B01C03,2005Q2,0.0461058,2066.303
High level industry groups,Information media and telecommunications,SG01RSC02B01C04,2005Q2,0.0370418,1262.420
High level industry groups,Financial and insurance services,SG01RSC02B01C05,2005Q2,0.0487376,2416.252
High level industry groups,"Rental, hiring, and real estate services",SG01RSC02B01C06,2005Q2,0.1329543,5834.390
High level industry groups,"Prof, scientific, technical, admin, and support",SG01RSC02B01C07,2005Q2,0.0894213,4349.900
High level industry groups,Public administration and safety,SG01RSC02B01C08,2005Q2,0.0393654,1643.755
High level industry groups,Education and training,SG01RSC02B01C09,2005Q2,0.0424035,2261.839
High level industry groups,Health care and social assistance,SG01RSC02B01C10,2005Q2,0.0535953,2512.235
High level industry groups,"Arts, recreation, and other services",SG01RSC02B01C11,2005Q2,0.0346071,1636.840
High level industry groups,"GST, import duties, stamp duty",SG01RSC04B01UZ9,2005Q2,0.0723310,3369.631
High level industry groups,"Agriculture, forestry, and fishing",SG01RSC02B01A01,2005Q3,0.0451777,2905.900
High level industry groups,Mining,SG01RSC02B01A02,2005Q3,0.0110444,571.517
High level industry groups,Manufacturing,SG01RSC02B01B01,2005Q3,0.1452494,6141.431
High level industry groups,"Electricity, gas, water, and waste services",SG01RSC02B01B02,2005Q3,0.0296734,1345.616
High level industry groups,Construction,SG01RSC02B01B03,2005Q3,0.0534528,2460.522
High level industry groups,Wholesale trade,SG01RSC02B01C01,2005Q3,0.0515476,2621.064
High level industry groups,Retail trade and accommodation,SG01RSC02B01C02,2005Q3,0.0672916,2946.680
High level industry groups,"Transport, postal, and warehousing",SG01RSC02B01C03,2005Q3,0.0461058,2068.538
High level industry groups,Information media and telecommunications,SG01RSC02B01C04,2005Q3,0.0370418,1271.143
High level industry groups,Financial and insurance services,SG01RSC02B01C05,2005Q3,0.0487376,2445.964
High level industry groups,"Rental, hiring, and real estate services",SG01RSC02B01C06,2005Q3,0.1329543,5879.404
High level industry groups,"Prof, scientific, technical, admin, and support",SG01RSC02B01C07,2005Q3,0.0894213,4385.128
High level industry groups,Public administration and safety,SG01RSC02B01C08,2005Q3,0.0393654,1669.461
High level industry groups,Education and training,SG01RSC02B01C09,2005Q3,0.0424035,2248.778
High level industry groups,Health care and social assistance,SG01RSC02B01C10,2005Q3,0.0535953,2527.989
High level industry groups,"Arts, recreation, and other services",SG01RSC02B01C11,2005Q3,0.0346071,1646.206
High level industry groups,"GST, import duties, stamp duty",SG01RSC04B01UZ9,2005Q3,0.0723310,3377.964
High level industry groups,"Agriculture, forestry, and fishing",SG01RSC02B01A01,2005Q4,0.0451777,2916.777
High level industry groups,Mining,SG01RSC02B01A02,2005Q4,0.0110444,569.890
High level industry groups,Manufacturing,SG01RSC02B01B01,2005Q4,0.1452494,5998.564
High level industry groups,"Electricity, gas, water, and waste services",SG01RSC02B01B02,2005Q4,0.0296734,1344.066
High level industry groups,Construction,SG01RSC02B01B03,2005Q4,0.0534528,2507.406
High level industry groups,Wholesale trade,SG01RSC02B01C01,2005Q4,0.0515476,2580.961
High level industry groups,Retail trade and accommodation,SG01RSC02B01C02,2005Q4,0.0672916,2960.415
High level industry groups,"Transport, postal, and warehousing",SG01RSC02B01C03,2005Q4,0.0461058,1999.425
High level industry groups,Information media and telecommunications,SG01RSC02B01C04,2005Q4,0.0370418,1277.901
High level industry groups,Financial and insurance services,SG01RSC02B01C05,2005Q4,0.0487376,2463.640
High level industry groups,"Rental, hiring, and real estate services",SG01RSC02B01C06,2005Q4,0.1329543,5928.859
High level industry groups,"Prof, scientific, technical, admin, and support",SG01RSC02B01C07,2005Q4,0.0894213,4409.799
High level industry groups,Public administration and safety,SG01RSC02B01C08,2005Q4,0.0393654,1679.070
High level industry groups,Education and training,SG01RSC02B01C09,2005Q4,0.0424035,2234.946
High level industry groups,Health care and social assistance,SG01RSC02B01C10,2005Q4,0.0535953,2557.396
High level industry groups,"Arts, recreation, and other services",SG01RSC02B01C11,2005Q4,0.0346071,1632.559
High level industry groups,"GST, import duties, stamp duty",SG01RSC04B01UZ9,2005Q4,0.0723310,3388.288
High level industry groups,"Agriculture, forestry, and fishing",SG01RSC02B01A01,2006Q1,0.0451777,3014.120
High level industry groups,Mining,SG01RSC02B01A02,2006Q1,0.0110444,594.183
High level industry groups,Manufacturing,SG01RSC02B01B01,2006Q1,0.1452494,6076.644
High level industry groups,"Electricity, gas, water, and waste services",SG01RSC02B01B02,2006Q1,0.0296734,1336.918
High level industry groups,Construction,SG01RSC02B01B03,2006Q1,0.0534528,2634.297
High level industry groups,Wholesale trade,SG01RSC02B01C01,2006Q1,0.0515476,2625.748
High level industry groups,Retail trade and accommodation,SG01RSC02B01C02,2006Q1,0.0672916,2969.411
High level industry groups,"Transport, postal, and warehousing",SG01RSC02B01C03,2006Q1,0.0461058,1991.488
High level industry groups,Information media and telecommunications,SG01RSC02B01C04,2006Q1,0.0370418,1275.461
High level industry groups,Financial and insurance services,SG01RSC02B01C05,2006Q1,0.0487376,2493.669
High level industry groups,"Rental, hiring, and real estate services",SG01RSC02B01C06,2006Q1,0.1329543,5984.408
High level industry groups,"Prof, scientific, technical, admin, and support",SG01RSC02B01C07,2006Q1,0.0894213,4443.145
High level industry groups,Public administration and safety,SG01RSC02B01C08,2006Q1,0.0393654,1726.695
High level industry groups,Education and training,SG01RSC02B01C09,2006Q1,0.0424035,2220.346
High level industry groups,Health care and social assistance,SG01RSC02B01C10,2006Q1,0.0535953,2575.905
High level industry groups,"Arts, recreation, and other services",SG01RSC02B01C11,2006Q1,0.0346071,1679.248
High level industry groups,"GST, import duties, stamp duty",SG01RSC04B01UZ9,2006Q1,0.0723310,3461.743
High level industry groups,"Agriculture, forestry, and fishing",SG01RSC02B01A01,2006Q2,0.0498383,3042.926
High level industry groups,Mining,SG01RSC02B01A02,2006Q2,0.0119248,542.358
High level industry groups,Manufacturing,SG01RSC02B01B01,2006Q2,0.1331015,5987.256
High level industry groups,"Electricity, gas, water, and waste services",SG01RSC02B01B02,2006Q2,0.0289118,1435.185
High level industry groups,Construction,SG01RSC02B01B03,2006Q2,0.0560146,2568.781
High level industry groups,Wholesale trade,SG01RSC02B01C01,2006Q2,0.0501398,2600.833
High level industry groups,Retail trade and accommodation,SG01RSC02B01C02,2006Q2,0.0679592,3002.643
High level industry groups,"Transport, postal, and warehousing",SG01RSC02B01C03,2006Q2,0.0425367,1966.120
High level industry groups,Information media and telecommunications,SG01RSC02B01C04,2006Q2,0.0337261,1291.700
High level industry groups,Financial and insurance services,SG01RSC02B01C05,2006Q2,0.0462210,2541.578
High level industry groups,"Rental, hiring, and real estate services",SG01RSC02B01C06,2006Q2,0.1352898,6032.317
High level industry groups,"Prof, scientific, technical, admin, and support",SG01RSC02B01C07,2006Q2,0.0931615,4571.519
High level industry groups,Public administration and safety,SG01RSC02B01C08,2006Q2,0.0410106,1726.951
High level industry groups,Education and training,SG01RSC02B01C09,2006Q2,0.0437901,2213.036
High level industry groups,Health care and social assistance,SG01RSC02B01C10,2006Q2,0.0545485,2616.486
High level industry groups,"Arts, recreation, and other services",SG01RSC02B01C11,2006Q2,0.0349336,1634.574
High level industry groups,"GST, import duties, stamp duty",SG01RSC04B01UZ9,2006Q2,0.0768920,3421.536
High level industry groups,"Agriculture, forestry, and fishing",SG01RSC02B01A01,2006Q3,0.0498383,3033.661
High level industry groups,Mining,SG01RSC02B01A02,2006Q3,0.0119248,524.906
High level industry groups,Manufacturing,SG01RSC02B01B01,2006Q3,0.1331015,5739.926
High level industry groups,"Electricity, gas, water, and waste services",SG01RSC02B01B02,2006Q3,0.0289118,1415.328
High level industry groups,Construction,SG01RSC02B01B03,2006Q3,0.0560146,2628.560
High level industry groups,Wholesale trade,SG01RSC02B01C01,2006Q3,0.0501398,2657.022
High level industry groups,Retail trade and accommodation,SG01RSC02B01C02,2006Q3,0.0679592,3032.383
High level industry groups,"Transport, postal, and warehousing",SG01RSC02B01C03,2006Q3,0.0425367,1979.018
High level industry groups,Information media and telecommunications,SG01RSC02B01C04,2006Q3,0.0337261,1321.398
High level industry groups,Financial and insurance services,SG01RSC02B01C05,2006Q3,0.0462210,2565.951
High level industry groups,"Rental, hiring, and real estate services",SG01RSC02B01C06,2006Q3,0.1352898,6153.701
High level industry groups,"Prof, scientific, technical, admin, and support",SG01RSC02B01C07,2006Q3,0.0931615,4626.880
High level industry groups,Public administration and safety,SG01RSC02B01C08,2006Q3,0.0410106,1912.471
High level industry groups,Education and training,SG01RSC02B01C09,2006Q3,0.0437901,2212.247
High level industry groups,Health care and social assistance,SG01RSC02B01C10,2006Q3,0.0545485,2614.960
High level industry groups,"Arts, recreation, and other services",SG01RSC02B01C11,2006Q3,0.0349336,1626.660
High level industry groups,"GST, import duties, stamp duty",SG01RSC04B01UZ9,2006Q3,0.0768920,3502.926
High level industry groups,"Agriculture, forestry, and fishing",SG01RSC02B01A01,2006Q4,0.0498383,2941.255
High level industry groups,Mining,SG01RSC02B01A02,2006Q4,0.0119248,583.532
High level industry groups,Manufacturing,SG01RSC02B01B01,2006Q4,0.1331015,5906.316
High level industry groups,"Electricity, gas, water, and waste services",SG01RSC02B01B02,2006Q4,0.0289118,1462.554
High level industry groups,Construction,SG01RSC02B01B03,2006Q4,0.0560146,2691.850
High level industry groups,Wholesale trade,SG01RSC02B01C01,2006Q4,0.0501398,2658.721
High level industry groups,Retail trade and accommodation,SG01RSC02B01C02,2006Q4,0.0679592,3112.060
High level industry groups,"Transport, postal, and warehousing",SG01RSC02B01C03,2006Q4,0.0425367,1971.966
High level industry groups,Information media and telecommunications,SG01RSC02B01C04,2006Q4,0.0337261,1363.832
High level industry groups,Financial and insurance services,SG01RSC02B01C05,2006Q4,0.0462210,2604.583
High level industry groups,"Rental, hiring, and real estate services",SG01RSC02B01C06,2006Q4,0.1352898,6213.174
High level industry groups,"Prof, scientific, technical, admin, and support",SG01RSC02B01C07,2006Q4,0.0931615,4652.012
High level industry groups,Public administration and safety,SG01RSC02B01C08,2006Q4,0.0410106,1949.695
High level industry groups,Education and training,SG01RSC02B01C09,2006Q4,0.0437901,2217.974
High level industry groups,Health care and social assistance,SG01RSC02B01C10,2006Q4,0.0545485,2646.071
High level industry groups,"Arts, recreation, and other services",SG01RSC02B01C11,2006Q4,0.0349336,1633.638
High level industry groups,"GST, import duties, stamp duty",SG01RSC04B01UZ9,2006Q4,0.0768920,3518.762
High level industry groups,"Agriculture, forestry, and fishing",SG01RSC02B01A01,2007Q1,0.0498383,2822.518
High level industry groups,Mining,SG01RSC02B01A02,2007Q1,0.0119248,575.798
High level industry groups,Manufacturing,SG01RSC02B01B01,2007Q1,0.1331015,5902.843
High level industry groups,"Electricity, gas, water, and waste services",SG01RSC02B01B02,2007Q1,0.0289118,1471.661
High level industry groups,Construction,SG01RSC02B01B03,2007Q1,0.0560146,2740.630
High level industry groups,Wholesale trade,SG01RSC02B01C01,2007Q1,0.0501398,2690.194
High level industry groups,Retail trade and accommodation,SG01RSC02B01C02,2007Q1,0.0679592,3206.121
High level industry groups,"Transport, postal, and warehousing",SG01RSC02B01C03,2007Q1,0.0425367,1995.568
High level industry groups,Information media and telecommunications,SG01RSC02B01C04,2007Q1,0.0337261,1378.259
High level industry groups,Financial and insurance services,SG01RSC02B01C05,2007Q1,0.0462210,2638.342
High level industry groups,"Rental, hiring, and real estate services",SG01RSC02B01C06,2007Q1,0.1352898,6320.656
High level industry groups,"Prof, scientific, technical, admin, and support",SG01RSC02B01C07,2007Q1,0.0931615,4727.254
High level industry groups,Public administration and safety,SG01RSC02B01C08,2007Q1,0.0410106,2009.265
High level industry groups,Education and training,SG01RSC02B01C09,2007Q1,0.0437901,2230.216
High level industry groups,Health care and social assistance,SG01RSC02B01C10,2007Q1,0.0545485,2683.521
High level industry groups,"Arts, recreation, and other services",SG01RSC02B01C11,2007Q1,0.0349336,1646.446
High level industry groups,"GST, import duties, stamp duty",SG01RSC04B01UZ9,2007Q1,0.0768920,3633.586
High level industry groups,"Agriculture, forestry, and fishing",SG01RSC02B01A01,2007Q2,0.0606840,2712.381
High level industry groups,Mining,SG01RSC02B01A02,2007Q2,0.0203058,628.605
High level industry groups,Manufacturing,SG01RSC02B01B01,2007Q2,0.1232657,6046.743
High level industry groups,"Electricity, gas, water, and waste services",SG01RSC02B01B02,2007Q2,0.0287887,1417.333
High level industry groups,Construction,SG01RSC02B01B03,2007Q2,0.0573309,2766.170
High level industry groups,Wholesale trade,SG01RSC02B01C01,2007Q2,0.0516521,2731.197
High level industry groups,Retail trade and accommodation,SG01RSC02B01C02,2007Q2,0.0647921,3183.365
High level industry groups,"Transport, postal, and warehousing",SG01RSC02B01C03,2007Q2,0.0429286,2009.267
High level industry groups,Information media and telecommunications,SG01RSC02B01C04,2007Q2,0.0330741,1399.491
High level industry groups,Financial and insurance services,SG01RSC02B01C05,2007Q2,0.0436523,2649.608
High level industry groups,"Rental, hiring, and real estate services",SG01RSC02B01C06,2007Q2,0.1293700,6267.879
High level industry groups,"Prof, scientific, technical, admin, and support",SG01RSC02B01C07,2007Q2,0.0944134,4821.468
High level industry groups,Public administration and safety,SG01RSC02B01C08,2007Q2,0.0412315,1955.069
High level industry groups,Education and training,SG01RSC02B01C09,2007Q2,0.0431723,2238.553
High level industry groups,Health care and social assistance,SG01RSC02B01C10,2007Q2,0.0552801,2714.215
High level industry groups,"Arts, recreation, and other services",SG01RSC02B01C11,2007Q2,0.0344789,1680.505
High level industry groups,"GST, import duties, stamp duty",SG01RSC04B01UZ9,2007Q2,0.0755795,3644.750
High level industry groups,"Agriculture, forestry, and fishing",SG01RSC02B01A01,2007Q3,0.0606840,2544.894
High level industry groups,Mining,SG01RSC02B01A02,2007Q3,0.0203058,954.939
High level industry groups,Manufacturing,SG01RSC02B01B01,2007Q3,0.1232657,5971.665
High level industry groups,"Electricity, gas, water, and waste services",SG01RSC02B01B02,2007Q3,0.0287887,1436.083
High level industry groups,Construction,SG01RSC02B01B03,2007Q3,0.0573309,2820.585
High level industry groups,Wholesale trade,SG01RSC02B01C01,2007Q3,0.0516521,2765.940
High level industry groups,Retail trade and accommodation,SG01RSC02B01C02,2007Q3,0.0647921,3155.435
High level industry groups,"Transport, postal, and warehousing",SG01RSC02B01C03,2007Q3,0.0429286,2026.316
High level industry groups,Information media and telecommunications,SG01RSC02B01C04,2007Q3,0.0330741,1418.328
High level industry groups,Financial and insurance services,SG01RSC02B01C05,2007Q3,0.0436523,2658.013
High level industry groups,"Rental, hiring, and real estate services",SG01RSC02B01C06,2007Q3,0.1293700,6224.968
High level industry groups,"Prof, scientific, technical, admin, and support",SG01RSC02B01C07,2007Q3,0.0944134,4868.538
High level industry groups,Public administration and safety,SG01RSC02B01C08,2007Q3,0.0412315,2033.449
High level industry groups,Education and training,SG01RSC02B01C09,2007Q3,0.0431723,2241.582
High level industry groups,Health care and social assistance,SG01RSC02B01C10,2007Q3,0.0552801,2766.559
High level industry groups,"Arts, recreation, and other services",SG01RSC02B01C11,2007Q3,0.0344789,1699.335
High level industry groups,"GST, import duties, stamp duty",SG01RSC04B01UZ9,2007Q3,0.0755795,3659.452
High level industry groups,"Agriculture, forestry, and fishing",SG01RSC02B01A01,2007Q4,0.0606840,2459.884
High level industry groups,Mining,SG01RSC02B01A02,2007Q4,0.0203058,1184.686
High level industry groups,Manufacturing,SG01RSC02B01B01,2007Q4,0.1232657,5929.740
High level industry groups,"Electricity, gas, water, and waste services",SG01RSC02B01B02,2007Q4,0.0287887,1435.472
High level industry groups,Construction,SG01RSC02B01B03,2007Q4,0.0573309,2900.505
High level industry groups,Wholesale trade,SG01RSC02B01C01,2007Q4,0.0516521,2791.745
High level industry groups,Retail trade and accommodation,SG01RSC02B01C02,2007Q4,0.0647921,3121.345
High level industry groups,"Transport, postal, and warehousing",SG01RSC02B01C03,2007Q4,0.0429286,2056.237
High level industry groups,Information media and telecommunications,SG01RSC02B01C04,2007Q4,0.0330741,1446.082
High level industry groups,Financial and insurance services,SG01RSC02B01C05,2007Q4,0.0436523,2657.900
High level industry groups,"Rental, hiring, and real estate services",SG01RSC02B01C06,2007Q4,0.1293700,6208.647
High level industry groups,"Prof, scientific, technical, admin, and support",SG01RSC02B01C07,2007Q4,0.0944134,4941.700
High level industry groups,Public administration and safety,SG01RSC02B01C08,2007Q4,0.0412315,2069.981
High level industry groups,Education and training,SG01RSC02B01C09,2007Q4,0.0431723,2239.303
High level industry groups,Health care and social assistance,SG01RSC02B01C10,2007Q4,0.0552801,2785.321
High level industry groups,"Arts, recreation, and other services",SG01RSC02B01C11,2007Q4,0.0344789,1700.484
High level industry groups,"GST, import duties, stamp duty",SG01RSC04B01UZ9,2007Q4,0.0755795,3674.212
High level industry groups,"Agriculture, forestry, and fishing",SG01RSC02B01A01,2008Q1,0.0606840,2412.445
High level industry groups,Mining,SG01RSC02B01A02,2008Q1,0.0203058,1155.570
High level industry groups,Manufacturing,SG01RSC02B01B01,2008Q1,0.1232657,5853.662
High level industry groups,"Electricity, gas, water, and waste services",SG01RSC02B01B02,2008Q1,0.0287887,1442.708
High level industry groups,Construction,SG01RSC02B01B03,2008Q1,0.0573309,2788.267
High level industry groups,Wholesale trade,SG01RSC02B01C01,2008Q1,0.0516521,2748.301
High level industry groups,Retail trade and accommodation,SG01RSC02B01C02,2008Q1,0.0647921,3140.241
High level industry groups,"Transport, postal, and warehousing",SG01RSC02B01C03,2008Q1,0.0429286,2112.826
High level industry groups,Information media and telecommunications,SG01RSC02B01C04,2008Q1,0.0330741,1468.298
High level industry groups,Financial and insurance services,SG01RSC02B01C05,2008Q1,0.0436523,2648.422
High level industry groups,"Rental, hiring, and real estate services",SG01RSC02B01C06,2008Q1,0.1293700,6171.029
High level industry groups,"Prof, scientific, technical, admin, and support",SG01RSC02B01C07,2008Q1,0.0944134,4905.201
High level industry groups,Public administration and safety,SG01RSC02B01C08,2008Q1,0.0412315,2088.723
High level industry groups,Education and training,SG01RSC02B01C09,2008Q1,0.0431723,2231.717
High level industry groups,Health care and social assistance,SG01RSC02B01C10,2008Q1,0.0552801,2822.870
High level industry groups,"Arts, recreation, and other services",SG01RSC02B01C11,2008Q1,0.0344789,1685.919
High level industry groups,"GST, import duties, stamp duty",SG01RSC04B01UZ9,2008Q1,0.0755795,3631.821
High level industry groups,"Agriculture, forestry, and fishing",SG01RSC02B01A01,2008Q2,0.0500112,2464.902
High level industry groups,Mining,SG01RSC02B01A02,2008Q2,0.0223216,1115.232
High level industry groups,Manufacturing,SG01RSC02B01B01,2008Q2,0.1238288,5790.520
High level industry groups,"Electricity, gas, water, and waste services",SG01RSC02B01B02,2008Q2,0.0309301,1416.852
High level industry groups,Construction,SG01RSC02B01B03,2008Q2,0.0571028,2723.958
High level industry groups,Wholesale trade,SG01RSC02B01C01,2008Q2,0.0497964,2706.113
High level industry groups,Retail trade and accommodation,SG01RSC02B01C02,2008Q2,0.0616141,3071.007
High level industry groups,"Transport, postal, and warehousing",SG01RSC02B01C03,2008Q2,0.0390825,2111.452
High level industry groups,Information media and telecommunications,SG01RSC02B01C04,2008Q2,0.0300480,1458.213
High level industry groups,Financial and insurance services,SG01RSC02B01C05,2008Q2,0.0478479,2649.169
High level industry groups,"Rental, hiring, and real estate services",SG01RSC02B01C06,2008Q2,0.1322278,6203.842
High level industry groups,"Prof, scientific, technical, admin, and support",SG01RSC02B01C07,2008Q2,0.0978833,4805.984
High level industry groups,Public administration and safety,SG01RSC02B01C08,2008Q2,0.0443974,2178.488
High level industry groups,Education and training,SG01RSC02B01C09,2008Q2,0.0458169,2231.126
High level industry groups,Health care and social assistance,SG01RSC02B01C10,2008Q2,0.0593084,2856.212
High level industry groups,"Arts, recreation, and other services",SG01RSC02B01C11,2008Q2,0.0338098,1694.364
High level industry groups,"GST, import duties, stamp duty",SG01RSC04B01UZ9,2008Q2,0.0739731,3592.901
High level industry groups,"Agriculture, forestry, and fishing",SG01RSC02B01A01,2008Q3,0.0500112,2723.993
High level industry groups,Mining,SG01RSC02B01A02,2008Q3,0.0223216,968.998
High level industry groups,Manufacturing,SG01RSC02B01B01,2008Q3,0.1238288,5621.825
High level industry groups,"Electricity, gas, water, and waste services",SG01RSC02B01B02,2008Q3,0.0309301,1462.002
High level industry groups,Construction,SG01RSC02B01B03,2008Q3,0.0571028,2783.371
High level industry groups,Wholesale trade,SG01RSC02B01C01,2008Q3,0.0497964,2677.790
High level industry groups,Retail trade and accommodation,SG01RSC02B01C02,2008Q3,0.0616141,3049.359
High level industry groups,"Transport, postal, and warehousing",SG01RSC02B01C03,2008Q3,0.0390825,2075.001
High level industry groups,Information media and telecommunications,SG01RSC02B01C04,2008Q3,0.0300480,1457.746
High level industry groups,Financial and insurance services,SG01RSC02B01C05,2008Q3,0.0478479,2657.569
High level industry groups,"Rental, hiring, and real estate services",SG01RSC02B01C06,2008Q3,0.1322278,6230.022
High level industry groups,"Prof, scientific, technical, admin, and support",SG01RSC02B01C07,2008Q3,0.0978833,4737.646
High level industry groups,Public administration and safety,SG01RSC02B01C08,2008Q3,0.0443974,2144.475
High level industry groups,Education and training,SG01RSC02B01C09,2008Q3,0.0458169,2237.946
High level industry groups,Health care and social assistance,SG01RSC02B01C10,2008Q3,0.0593084,2867.772
High level industry groups,"Arts, recreation, and other services",SG01RSC02B01C11,2008Q3,0.0338098,1664.482
High level industry groups,"GST, import duties, stamp duty",SG01RSC04B01UZ9,2008Q3,0.0739731,3554.465
High level industry groups,"Agriculture, forestry, and fishing",SG01RSC02B01A01,2008Q4,0.0500112,2797.353
High level industry groups,Mining,SG01RSC02B01A02,2008Q4,0.0223216,901.879
High level industry groups,Manufacturing,SG01RSC02B01B01,2008Q4,0.1238288,5247.008
High level industry groups,"Electricity, gas, water, and waste services",SG01RSC02B01B02,2008Q4,0.0309301,1448.814
High level industry groups,Construction,SG01RSC02B01B03,2008Q4,0.0571028,2671.648
High level industry groups,Wholesale trade,SG01RSC02B01C01,2008Q4,0.0497964,2617.250
High level industry groups,Retail trade and accommodation,SG01RSC02B01C02,2008Q4,0.0616141,3015.980
High level industry groups,"Transport, postal, and warehousing",SG01RSC02B01C03,2008Q4,0.0390825,2041.534
High level industry groups,Information media and telecommunications,SG01RSC02B01C04,2008Q4,0.0300480,1453.630
High level industry groups,Financial and insurance services,SG01RSC02B01C05,2008Q4,0.0478479,2704.049
High level industry groups,"Rental, hiring, and real estate services",SG01RSC02B01C06,2008Q4,0.1322278,6274.010
High level industry groups,"Prof, scientific, technical, admin, and support",SG01RSC02B01C07,2008Q4,0.0978833,4757.497
High level industry groups,Public administration and safety,SG01RSC02B01C08,2008Q4,0.0443974,2183.998
High level industry groups,Education and training,SG01RSC02B01C09,2008Q4,0.0458169,2252.178
High level industry groups,Health care and social assistance,SG01RSC02B01C10,2008Q4,0.0593084,2908.066
High level industry groups,"Arts, recreation, and other services",SG01RSC02B01C11,2008Q4,0.0338098,1660.094
High level industry groups,"GST, import duties, stamp duty",SG01RSC04B01UZ9,2008Q4,0.0739731,3532.934
High level industry groups,"Agriculture, forestry, and fishing",SG01RSC02B01A01,2009Q1,0.0500112,2823.623
High level industry groups,Mining,SG01RSC02B01A02,2009Q1,0.0223216,935.547
High level industry groups,Manufacturing,SG01RSC02B01B01,2009Q1,0.1238288,5085.450
High level industry groups,"Electricity, gas, water, and waste services",SG01RSC02B01B02,2009Q1,0.0309301,1450.944
High level industry groups,Construction,SG01RSC02B01B03,2009Q1,0.0571028,2756.977
High level industry groups,Wholesale trade,SG01RSC02B01C01,2009Q1,0.0497964,2503.679
High level industry groups,Retail trade and accommodation,SG01RSC02B01C02,2009Q1,0.0616141,2947.016
High level industry groups,"Transport, postal, and warehousing",SG01RSC02B01C03,2009Q1,0.0390825,1938.846
High level industry groups,Information media and telecommunications,SG01RSC02B01C04,2009Q1,0.0300480,1469.928
High level industry groups,Financial and insurance services,SG01RSC02B01C05,2009Q1,0.0478479,2751.340
High level industry groups,"Rental, hiring, and real estate services",SG01RSC02B01C06,2009Q1,0.1322278,6332.491
High level industry groups,"Prof, scientific, technical, admin, and support",SG01RSC02B01C07,2009Q1,0.0978833,4677.784
High level industry groups,Public administration and safety,SG01RSC02B01C08,2009Q1,0.0443974,2186.275
High level industry groups,Education and training,SG01RSC02B01C09,2009Q1,0.0458169,2273.823
High level industry groups,Health care and social assistance,SG01RSC02B01C10,2009Q1,0.0593084,2919.725
High level industry groups,"Arts, recreation, and other services",SG01RSC02B01C11,2009Q1,0.0338098,1592.757
High level industry groups,"GST, import duties, stamp duty",SG01RSC04B01UZ9,2009Q1,0.0739731,3470.955
High level industry groups,"Agriculture, forestry, and fishing",SG01RSC02B01A01,2009Q2,0.0573699,2837.805
High level industry groups,Mining,SG01RSC02B01A02,2009Q2,0.0212145,949.051
High level industry groups,Manufacturing,SG01RSC02B01B01,2009Q2,0.1074381,5077.967
High level industry groups,"Electricity, gas, water, and waste services",SG01RSC02B01B02,2009Q2,0.0311595,1518.462
High level industry groups,Construction,SG01RSC02B01B03,2009Q2,0.0561070,2731.487
High level industry groups,Wholesale trade,SG01RSC02B01C01,2009Q2,0.0506700,2470.651
High level industry groups,Retail trade and accommodation,SG01RSC02B01C02,2009Q2,0.0620275,2974.713
High level industry groups,"Transport, postal, and warehousing",SG01RSC02B01C03,2009Q2,0.0407088,1928.316
High level industry groups,Information media and telecommunications,SG01RSC02B01C04,2009Q2,0.0303436,1488.972
High level industry groups,Financial and insurance services,SG01RSC02B01C05,2009Q2,0.0570892,2766.751
High level industry groups,"Rental, hiring, and real estate services",SG01RSC02B01C06,2009Q2,0.1314608,6379.189
High level industry groups,"Prof, scientific, technical, admin, and support",SG01RSC02B01C07,2009Q2,0.0943074,4591.432
High level industry groups,Public administration and safety,SG01RSC02B01C08,2009Q2,0.0448326,2177.239
High level industry groups,Education and training,SG01RSC02B01C09,2009Q2,0.0472533,2289.750
High level industry groups,Health care and social assistance,SG01RSC02B01C10,2009Q2,0.0613948,2967.040
High level industry groups,"Arts, recreation, and other services",SG01RSC02B01C11,2009Q2,0.0337841,1664.136
High level industry groups,"GST, import duties, stamp duty",SG01RSC04B01UZ9,2009Q2,0.0728389,3529.666
High level industry groups,"Agriculture, forestry, and fishing",SG01RSC02B01A01,2009Q3,0.0573699,2796.428
High level industry groups,Mining,SG01RSC02B01A02,2009Q3,0.0212145,1134.847
High level industry groups,Manufacturing,SG01RSC02B01B01,2009Q3,0.1074381,5102.843
High level industry groups,"Electricity, gas, water, and waste services",SG01RSC02B01B02,2009Q3,0.0311595,1486.473
High level industry groups,Construction,SG01RSC02B01B03,2009Q3,0.0561070,2716.845
High level industry groups,Wholesale trade,SG01RSC02B01C01,2009Q3,0.0506700,2440.740
High level industry groups,Retail trade and accommodation,SG01RSC02B01C02,2009Q3,0.0620275,2997.758
High level industry groups,"Transport, postal, and warehousing",SG01RSC02B01C03,2009Q3,0.0407088,1937.462
High level industry groups,Information media and telecommunications,SG01RSC02B01C04,2009Q3,0.0303436,1484.169
High level industry groups,Financial and insurance services,SG01RSC02B01C05,2009Q3,0.0570892,2780.115
High level industry groups,"Rental, hiring, and real estate services",SG01RSC02B01C06,2009Q3,0.1314608,6387.582
High level industry groups,"Prof, scientific, technical, admin, and support",SG01RSC02B01C07,2009Q3,0.0943074,4575.997
High level industry groups,Public administration and safety,SG01RSC02B01C08,2009Q3,0.0448326,2130.739
High level industry groups,Education and training,SG01RSC02B01C09,2009Q3,0.0472533,2300.570
High level industry groups,Health care and social assistance,SG01RSC02B01C10,2009Q3,0.0613948,3005.870
High level industry groups,"Arts, recreation, and other services",SG01RSC02B01C11,2009Q3,0.0337841,1612.653
High level industry groups,"GST, import duties, stamp duty",SG01RSC04B01UZ9,2009Q3,0.0728389,3562.940
High level industry groups,"Agriculture, forestry, and fishing",SG01RSC02B01A01,2009Q4,0.0573699,2793.119
High level industry groups,Mining,SG01RSC02B01A02,2009Q4,0.0212145,1011.415
High level industry groups,Manufacturing,SG01RSC02B01B01,2009Q4,0.1074381,5343.365
High level industry groups,"Electricity, gas, water, and waste services",SG01RSC02B01B02,2009Q4,0.0311595,1534.858
High level industry groups,Construction,SG01RSC02B01B03,2009Q4,0.0561070,2749.985
High level industry groups,Wholesale trade,SG01RSC02B01C01,2009Q4,0.0506700,2460.827
High level industry groups,Retail trade and accommodation,SG01RSC02B01C02,2009Q4,0.0620275,3041.105
High level industry groups,"Transport, postal, and warehousing",SG01RSC02B01C03,2009Q4,0.0407088,2001.149
High level industry groups,Information media and telecommunications,SG01RSC02B01C04,2009Q4,0.0303436,1458.677
High level industry groups,Financial and insurance services,SG01RSC02B01C05,2009Q4,0.0570892,2787.805
High level industry groups,"Rental, hiring, and real estate services",SG01RSC02B01C06,2009Q4,0.1314608,6404.235
High level industry groups,"Prof, scientific, technical, admin, and support",SG01RSC02B01C07,2009Q4,0.0943074,4546.497
High level industry groups,Public administration and safety,SG01RSC02B01C08,2009Q4,0.0448326,2233.918
High level industry groups,Education and training,SG01RSC02B01C09,2009Q4,0.0472533,2306.281
High level industry groups,Health care and social assistance,SG01RSC02B01C10,2009Q4,0.0613948,2980.515
High level industry groups,"Arts, recreation, and other services",SG01RSC02B01C11,2009Q4,0.0337841,1632.490
High level industry groups,"GST, import duties, stamp duty",SG01RSC04B01UZ9,2009Q4,0.0728389,3532.646
High level industry groups,"Agriculture, forestry, and fishing",SG01RSC02B01A01,2010Q1,0.0573699,2746.632
High level industry groups,Mining,SG01RSC02B01A02,2010Q1,0.0212145,1032.163
High level industry groups,Manufacturing,SG01RSC02B01B01,2010Q1,0.1074381,5401.627
High level industry groups,"Electricity, gas, water, and waste services",SG01RSC02B01B02,2010Q1,0.0311595,1531.322
High level industry groups,Construction,SG01RSC02B01B03,2010Q1,0.0561070,2727.926
High level industry groups,Wholesale trade,SG01RSC02B01C01,2010Q1,0.0506700,2496.822
High level industry groups,Retail trade and accommodation,SG01RSC02B01C02,2010Q1,0.0620275,3067.570
High level industry groups,"Transport, postal, and warehousing",SG01RSC02B01C03,2010Q1,0.0407088,2058.039
High level industry groups,Information media and telecommunications,SG01RSC02B01C04,2010Q1,0.0303436,1478.591
High level industry groups,Financial and insurance services,SG01RSC02B01C05,2010Q1,0.0570892,2784.630
High level industry groups,"Rental, hiring, and real estate services",SG01RSC02B01C06,2010Q1,0.1314608,6434.528
High level industry groups,"Prof, scientific, technical, admin, and support",SG01RSC02B01C07,2010Q1,0.0943074,4669.591
High level industry groups,Public administration and safety,SG01RSC02B01C08,2010Q1,0.0448326,2190.185
High level industry groups,Education and training,SG01RSC02B01C09,2010Q1,0.0472533,2306.882
High level industry groups,Health care and social assistance,SG01RSC02B01C10,2010Q1,0.0613948,3001.229
High level industry groups,"Arts, recreation, and other services",SG01RSC02B01C11,2010Q1,0.0337841,1671.432
High level industry groups,"GST, import duties, stamp duty",SG01RSC04B01UZ9,2010Q1,0.0728389,3564.489
High level industry groups,"Agriculture, forestry, and fishing",SG01RSC02B01A01,2010Q2,0.0657131,2549.354
High level industry groups,Mining,SG01RSC02B01A02,2010Q2,0.0205293,1025.127
High level industry groups,Manufacturing,SG01RSC02B01B01,2010Q2,0.1081702,5308.600
High level industry groups,"Electricity, gas, water, and waste services",SG01RSC02B01B02,2010Q2,0.0311646,1561.580
High level industry groups,Construction,SG01RSC02B01B03,2010Q2,0.0538754,2825.536
High level industry groups,Wholesale trade,SG01RSC02B01C01,2010Q2,0.0494534,2549.243
High level industry groups,Retail trade and accommodation,SG01RSC02B01C02,2010Q2,0.0604641,3084.167
High level industry groups,"Transport, postal, and warehousing",SG01RSC02B01C03,2010Q2,0.0429642,2092.820
High level industry groups,Information media and telecommunications,SG01RSC02B01C04,2010Q2,0.0287189,1511.288
High level industry groups,Financial and insurance services,SG01RSC02B01C05,2010Q2,0.0489310,2781.567
High level industry groups,"Rental, hiring, and real estate services",SG01RSC02B01C06,2010Q2,0.1330936,6449.604
High level industry groups,"Prof, scientific, technical, admin, and support",SG01RSC02B01C07,2010Q2,0.0955975,4774.357
High level industry groups,Public administration and safety,SG01RSC02B01C08,2010Q2,0.0433397,2207.617
High level industry groups,Education and training,SG01RSC02B01C09,2010Q2,0.0470683,2308.755
High level industry groups,Health care and social assistance,SG01RSC02B01C10,2010Q2,0.0605214,2981.544
High level industry groups,"Arts, recreation, and other services",SG01RSC02B01C11,2010Q2,0.0322147,1626.006
High level industry groups,"GST, import duties, stamp duty",SG01RSC04B01UZ9,2010Q2,0.0781806,3615.836
High level industry groups,"Agriculture, forestry, and fishing",SG01RSC02B01A01,2010Q3,0.0657131,2542.136
High level industry groups,Mining,SG01RSC02B01A02,2010Q3,0.0205293,935.888
High level industry groups,Manufacturing,SG01RSC02B01B01,2010Q3,0.1081702,5222.635
High level industry groups,"Electricity, gas, water, and waste services",SG01RSC02B01B02,2010Q3,0.0311646,1557.408
High level industry groups,Construction,SG01RSC02B01B03,2010Q3,0.0538754,2717.116
High level industry groups,Wholesale trade,SG01RSC02B01C01,2010Q3,0.0494534,2645.392
High level industry groups,Retail trade and accommodation,SG01RSC02B01C02,2010Q3,0.0604641,3091.415
High level industry groups,"Transport, postal, and warehousing",SG01RSC02B01C03,2010Q3,0.0429642,2169.377
High level industry groups,Information media and telecommunications,SG01RSC02B01C04,2010Q3,0.0287189,1535.814
High level industry groups,Financial and insurance services,SG01RSC02B01C05,2010Q3,0.0489310,2790.844
High level industry groups,"Rental, hiring, and real estate services",SG01RSC02B01C06,2010Q3,0.1330936,6507.019
High level industry groups,"Prof, scientific, technical, admin, and support",SG01RSC02B01C07,2010Q3,0.0955975,4914.635
High level industry groups,Public administration and safety,SG01RSC02B01C08,2010Q3,0.0433397,2233.111
High level industry groups,Education and training,SG01RSC02B01C09,2010Q3,0.0470683,2310.445
High level industry groups,Health care and social assistance,SG01RSC02B01C10,2010Q3,0.0605214,2966.845
High level industry groups,"Arts, recreation, and other services",SG01RSC02B01C11,2010Q3,0.0322147,1618.507
High level industry groups,"GST, import duties, stamp duty",SG01RSC04B01UZ9,2010Q3,0.0781806,3538.913
High level industry groups,"Agriculture, forestry, and fishing",SG01RSC02B01A01,2010Q4,0.0657131,2553.498
High level industry groups,Mining,SG01RSC02B01A02,2010Q4,0.0205293,891.304
High level industry groups,Manufacturing,SG01RSC02B01B01,2010Q4,0.1081702,5417.808
High level industry groups,"Electricity, gas, water, and waste services",SG01RSC02B01B02,2010Q4,0.0311646,1554.038
High level industry groups,Construction,SG01RSC02B01B03,2010Q4,0.0538754,2699.293
High level industry groups,Wholesale trade,SG01RSC02B01C01,2010Q4,0.0494534,2652.085
High level industry groups,Retail trade and accommodation,SG01RSC02B01C02,2010Q4,0.0604641,3050.883
High level industry groups,"Transport, postal, and warehousing",SG01RSC02B01C03,2010Q4,0.0429642,2179.963
High level industry groups,Information media and telecommunications,SG01RSC02B01C04,2010Q4,0.0287189,1577.302
High level industry groups,Financial and insurance services,SG01RSC02B01C05,2010Q4,0.0489310,2808.803
High level industry groups,"Rental, hiring, and real estate services",SG01RSC02B01C06,2010Q4,0.1330936,6544.315
High level industry groups,"Prof, scientific, technical, admin, and support",SG01RSC02B01C07,2010Q4,0.0955975,4738.305
High level industry groups,Public administration and safety,SG01RSC02B01C08,2010Q4,0.0433397,2202.206
High level industry groups,Education and training,SG01RSC02B01C09,2010Q4,0.0470683,2311.952
High level industry groups,Health care and social assistance,SG01RSC02B01C10,2010Q4,0.0605214,2985.635
High level industry groups,"Arts, recreation, and other services",SG01RSC02B01C11,2010Q4,0.0322147,1577.449
High level industry groups,"GST, import duties, stamp duty",SG01RSC04B01UZ9,2010Q4,0.0781806,3621.645
High level industry groups,"Agriculture, forestry, and fishing",SG01RSC02B01A01,2011Q1,0.0657131,2639.244
High level industry groups,Mining,SG01RSC02B01A02,2011Q1,0.0205293,867.659
High level industry groups,Manufacturing,SG01RSC02B01B01,2011Q1,0.1081702,5360.259
High level industry groups,"Electricity, gas, water, and waste services",SG01RSC02B01B02,2011Q1,0.0311646,1570.828
High level industry groups,Construction,SG01RSC02B01B03,2011Q1,0.0538754,2632.393
High level industry groups,Wholesale trade,SG01RSC02B01C01,2011Q1,0.0494534,2657.932
High level industry groups,Retail trade and accommodation,SG01RSC02B01C02,2011Q1,0.0604641,3099.881
High level industry groups,"Transport, postal, and warehousing",SG01RSC02B01C03,2011Q1,0.0429642,2194.873
High level industry groups,Information media and telecommunications,SG01RSC02B01C04,2011Q1,0.0287189,1598.902
High level industry groups,Financial and insurance services,SG01RSC02B01C05,2011Q1,0.0489310,2821.250
High level industry groups,"Rental, hiring, and real estate services",SG01RSC02B01C06,2011Q1,0.1330936,6633.794
High level industry groups,"Prof, scientific, technical, admin, and support",SG01RSC02B01C07,2011Q1,0.0955975,4889.807
High level industry groups,Public administration and safety,SG01RSC02B01C08,2011Q1,0.0433397,2242.110
High level industry groups,Education and training,SG01RSC02B01C09,2011Q1,0.0470683,2313.275
High level industry groups,Health care and social assistance,SG01RSC02B01C10,2011Q1,0.0605214,2949.474
High level industry groups,"Arts, recreation, and other services",SG01RSC02B01C11,2011Q1,0.0322147,1598.574
High level industry groups,"GST, import duties, stamp duty",SG01RSC04B01UZ9,2011Q1,0.0781806,3629.521
High level industry groups,"Agriculture, forestry, and fishing",SG01RSC02B01A01,2011Q2,0.0627807,2831.976
High level industry groups,Mining,SG01RSC02B01A02,2011Q2,0.0187871,806.024
High level industry groups,Manufacturing,SG01RSC02B01B01,2011Q2,0.1093370,5340.456
High level industry groups,"Electricity, gas, water, and waste services",SG01RSC02B01B02,2011Q2,0.0309495,1567.884
High level industry groups,Construction,SG01RSC02B01B03,2011Q2,0.0517847,2605.380
High level industry groups,Wholesale trade,SG01RSC02B01C01,2011Q2,0.0493611,2741.864
High level industry groups,Retail trade and accommodation,SG01RSC02B01C02,2011Q2,0.0601168,3115.684
High level industry groups,"Transport, postal, and warehousing",SG01RSC02B01C03,2011Q2,0.0437586,2179.231
High level industry groups,Information media and telecommunications,SG01RSC02B01C04,2011Q2,0.0287454,1613.807
High level industry groups,Financial and insurance services,SG01RSC02B01C05,2011Q2,0.0498253,2844.717
High level industry groups,"Rental, hiring, and real estate services",SG01RSC02B01C06,2011Q2,0.1364703,6730.987
High level industry groups,"Prof, scientific, technical, admin, and support",SG01RSC02B01C07,2011Q2,0.0939854,4907.040
High level industry groups,Public administration and safety,SG01RSC02B01C08,2011Q2,0.0424010,2225.828
High level industry groups,Education and training,SG01RSC02B01C09,2011Q2,0.0468255,2312.290
High level industry groups,Health care and social assistance,SG01RSC02B01C10,2011Q2,0.0593970,2948.743
High level industry groups,"Arts, recreation, and other services",SG01RSC02B01C11,2011Q2,0.0320365,1628.746
High level industry groups,"GST, import duties, stamp duty",SG01RSC04B01UZ9,2011Q2,0.0834381,3516.074
High level industry groups,"Agriculture, forestry, and fishing",SG01RSC02B01A01,2011Q3,0.0627807,2830.060
High level industry groups,Mining,SG01RSC02B01A02,2011Q3,0.0187871,845.036
High level industry groups,Manufacturing,SG01RSC02B01B01,2011Q3,0.1093370,5400.582
High level industry groups,"Electricity, gas, water, and waste services",SG01RSC02B01B02,2011Q3,0.0309495,1552.829
High level industry groups,Construction,SG01RSC02B01B03,2011Q3,0.0517847,2627.592
High level industry groups,Wholesale trade,SG01RSC02B01C01,2011Q3,0.0493611,2660.367
High level industry groups,Retail trade and accommodation,SG01RSC02B01C02,2011Q3,0.0601168,3195.211
High level industry groups,"Transport, postal, and warehousing",SG01RSC02B01C03,2011Q3,0.0437586,2208.177
High level industry groups,Information media and telecommunications,SG01RSC02B01C04,2011Q3,0.0287454,1612.105
High level industry groups,Financial and insurance services,SG01RSC02B01C05,2011Q3,0.0498253,2867.127
High level industry groups,"Rental, hiring, and real estate services",SG01RSC02B01C06,2011Q3,0.1364703,6788.500
High level industry groups,"Prof, scientific, technical, admin, and support",SG01RSC02B01C07,2011Q3,0.0939854,4927.612
High level industry groups,Public administration and safety,SG01RSC02B01C08,2011Q3,0.0424010,2238.079
High level industry groups,Education and training,SG01RSC02B01C09,2011Q3,0.0468255,2312.179
High level industry groups,Health care and social assistance,SG01RSC02B01C10,2011Q3,0.0593970,3012.400
High level industry groups,"Arts, recreation, and other services",SG01RSC02B01C11,2011Q3,0.0320365,1647.845
High level industry groups,"GST, import duties, stamp duty",SG01RSC04B01UZ9,2011Q3,0.0834381,3675.263
High level industry groups,"Agriculture, forestry, and fishing",SG01RSC02B01A01,2011Q4,0.0627807,2880.852
High level industry groups,Mining,SG01RSC02B01A02,2011Q4,0.0187871,821.681
High level industry groups,Manufacturing,SG01RSC02B01B01,2011Q4,0.1093370,5185.040
High level industry groups,"Electricity, gas, water, and waste services",SG01RSC02B01B02,2011Q4,0.0309495,1526.752
High level industry groups,Construction,SG01RSC02B01B03,2011Q4,0.0517847,2692.503
High level industry groups,Wholesale trade,SG01RSC02B01C01,2011Q4,0.0493611,2692.826
High level industry groups,Retail trade and accommodation,SG01RSC02B01C02,2011Q4,0.0601168,3240.936
High level industry groups,"Transport, postal, and warehousing",SG01RSC02B01C03,2011Q4,0.0437586,2197.975
High level industry groups,Information media and telecommunications,SG01RSC02B01C04,2011Q4,0.0287454,1623.753
High level industry groups,Financial and insurance services,SG01RSC02B01C05,2011Q4,0.0498253,2893.025
High level industry groups,"Rental, hiring, and real estate services",SG01RSC02B01C06,2011Q4,0.1364703,6928.758
High level industry groups,"Prof, scientific, technical, admin, and support",SG01RSC02B01C07,2011Q4,0.0939854,4872.215
High level industry groups,Public administration and safety,SG01RSC02B01C08,2011Q4,0.0424010,2196.259
High level industry groups,Education and training,SG01RSC02B01C09,2011Q4,0.0468255,2312.942
High level industry groups,Health care and social assistance,SG01RSC02B01C10,2011Q4,0.0593970,3033.692
High level industry groups,"Arts, recreation, and other services",SG01RSC02B01C11,2011Q4,0.0320365,1653.896
High level industry groups,"GST, import duties, stamp duty",SG01RSC04B01UZ9,2011Q4,0.0834381,3701.532
High level industry groups,"Agriculture, forestry, and fishing",SG01RSC02B01A01,2012Q1,0.0627807,3008.115
High level industry groups,Mining,SG01RSC02B01A02,2012Q1,0.0187871,808.400
High level industry groups,Manufacturing,SG01RSC02B01B01,2012Q1,0.1093370,5340.848
High level industry groups,"Electricity, gas, water, and waste services",SG01RSC02B01B02,2012Q1,0.0309495,1552.689
High level industry groups,Construction,SG01RSC02B01B03,2012Q1,0.0517847,2663.678
High level industry groups,Wholesale trade,SG01RSC02B01C01,2012Q1,0.0493611,2738.410
High level industry groups,Retail trade and accommodation,SG01RSC02B01C02,2012Q1,0.0601168,3241.763
High level industry groups,"Transport, postal, and warehousing",SG01RSC02B01C03,2012Q1,0.0437586,2205.449
High level industry groups,Information media and telecommunications,SG01RSC02B01C04,2012Q1,0.0287454,1616.377
High level industry groups,Financial and insurance services,SG01RSC02B01C05,2012Q1,0.0498253,2909.457
High level industry groups,"Rental, hiring, and real estate services",SG01RSC02B01C06,2012Q1,0.1364703,6936.920
High level industry groups,"Prof, scientific, technical, admin, and support",SG01RSC02B01C07,2012Q1,0.0939854,4879.879
High level industry groups,Public administration and safety,SG01RSC02B01C08,2012Q1,0.0424010,2256.889
High level industry groups,Education and training,SG01RSC02B01C09,2012Q1,0.0468255,2314.581
High level industry groups,Health care and social assistance,SG01RSC02B01C10,2012Q1,0.0593970,3081.899
High level industry groups,"Arts, recreation, and other services",SG01RSC02B01C11,2012Q1,0.0320365,1625.299
High level industry groups,"GST, import duties, stamp duty",SG01RSC04B01UZ9,2012Q1,0.0834381,3643.158
High level industry groups,"Agriculture, forestry, and fishing",SG01RSC02B01A01,2012Q2,0.0550797,3109.718
High level industry groups,Mining,SG01RSC02B01A02,2012Q2,0.0171706,817.875
High level industry groups,Manufacturing,SG01RSC02B01B01,2012Q2,0.1058983,5433.743
High level industry groups,"Electricity, gas, water, and waste services",SG01RSC02B01B02,2012Q2,0.0328367,1556.064
High level industry groups,Construction,SG01RSC02B01B03,2012Q2,0.0549525,2681.110
High level industry groups,Wholesale trade,SG01RSC02B01C01,2012Q2,0.0483318,2755.881
High level industry groups,Retail trade and accommodation,SG01RSC02B01C02,2012Q2,0.0624947,3255.764
High level industry groups,"Transport, postal, and warehousing",SG01RSC02B01C03,2012Q2,0.0449381,2230.351
High level industry groups,Information media and telecommunications,SG01RSC02B01C04,2012Q2,0.0284344,1635.746
High level industry groups,Financial and insurance services,SG01RSC02B01C05,2012Q2,0.0501296,2924.672
High level industry groups,"Rental, hiring, and real estate services",SG01RSC02B01C06,2012Q2,0.1395106,6967.688
High level industry groups,"Prof, scientific, technical, admin, and support",SG01RSC02B01C07,2012Q2,0.0951094,4911.143
High level industry groups,Public administration and safety,SG01RSC02B01C08,2012Q2,0.0419857,2205.595
High level industry groups,Education and training,SG01RSC02B01C09,2012Q2,0.0466102,2316.669
High level industry groups,Health care and social assistance,SG01RSC02B01C10,2012Q2,0.0602846,3115.064
High level industry groups,"Arts, recreation, and other services",SG01RSC02B01C11,2012Q2,0.0321049,1623.326
High level industry groups,"GST, import duties, stamp duty",SG01RSC04B01UZ9,2012Q2,0.0841282,3762.140
High level industry groups,"Agriculture, forestry, and fishing",SG01RSC02B01A01,2012Q3,0.0550797,3048.656
High level industry groups,Mining,SG01RSC02B01A02,2012Q3,0.0171706,783.740
High level industry groups,Manufacturing,SG01RSC02B01B01,2012Q3,0.1058983,5328.010
High level industry groups,"Electricity, gas, water, and waste services",SG01RSC02B01B02,2012Q3,0.0328367,1589.381
High level industry groups,Construction,SG01RSC02B01B03,2012Q3,0.0549525,2807.789
High level industry groups,Wholesale trade,SG01RSC02B01C01,2012Q3,0.0483318,2742.601
High level industry groups,Retail trade and accommodation,SG01RSC02B01C02,2012Q3,0.0624947,3260.274
High level industry groups,"Transport, postal, and warehousing",SG01RSC02B01C03,2012Q3,0.0449381,2203.903
High level industry groups,Information media and telecommunications,SG01RSC02B01C04,2012Q3,0.0284344,1689.309
High level industry groups,Financial and insurance services,SG01RSC02B01C05,2012Q3,0.0501296,2929.310
High level industry groups,"Rental, hiring, and real estate services",SG01RSC02B01C06,2012Q3,0.1395106,7025.954
High level industry groups,"Prof, scientific, technical, admin, and support",SG01RSC02B01C07,2012Q3,0.0951094,4931.142
High level industry groups,Public administration and safety,SG01RSC02B01C08,2012Q3,0.0419857,2217.559
High level industry groups,Education and training,SG01RSC02B01C09,2012Q3,0.0466102,2316.942
High level industry groups,Health care and social assistance,SG01RSC02B01C10,2012Q3,0.0602846,3100.438
High level industry groups,"Arts, recreation, and other services",SG01RSC02B01C11,2012Q3,0.0321049,1622.463
High level industry groups,"GST, import duties, stamp duty",SG01RSC04B01UZ9,2012Q3,0.0841282,3721.256
High level industry groups,"Agriculture, forestry, and fishing",SG01RSC02B01A01,2012Q4,0.0550797,3055.795
High level industry groups,Mining,SG01RSC02B01A02,2012Q4,0.0171706,759.758
High level industry groups,Manufacturing,SG01RSC02B01B01,2012Q4,0.1058983,5391.589
High level industry groups,"Electricity, gas, water, and waste services",SG01RSC02B01B02,2012Q4,0.0328367,1604.359
High level industry groups,Construction,SG01RSC02B01B03,2012Q4,0.0549525,2893.454
High level industry groups,Wholesale trade,SG01RSC02B01C01,2012Q4,0.0483318,2760.680
High level industry groups,Retail trade and accommodation,SG01RSC02B01C02,2012Q4,0.0624947,3309.811
High level industry groups,"Transport, postal, and warehousing",SG01RSC02B01C03,2012Q4,0.0449381,2220.313
High level industry groups,Information media and telecommunications,SG01RSC02B01C04,2012Q4,0.0284344,1720.539
High level industry groups,Financial and insurance services,SG01RSC02B01C05,2012Q4,0.0501296,2957.946
High level industry groups,"Rental, hiring, and real estate services",SG01RSC02B01C06,2012Q4,0.1395106,7066.882
High level industry groups,"Prof, scientific, technical, admin, and support",SG01RSC02B01C07,2012Q4,0.0951094,5017.731
High level industry groups,Public administration and safety,SG01RSC02B01C08,2012Q4,0.0419857,2243.457
High level industry groups,Education and training,SG01RSC02B01C09,2012Q4,0.0466102,2315.399
High level industry groups,Health care and social assistance,SG01RSC02B01C10,2012Q4,0.0602846,3125.120
High level industry groups,"Arts, recreation, and other services",SG01RSC02B01C11,2012Q4,0.0321049,1659.582
High level industry groups,"GST, import duties, stamp duty",SG01RSC04B01UZ9,2012Q4,0.0841282,3734.182
High level industry groups,"Agriculture, forestry, and fishing",SG01RSC02B01A01,2013Q1,0.0550797,2944.194
High level industry groups,Mining,SG01RSC02B01A02,2013Q1,0.0171706,779.607
High level industry groups,Manufacturing,SG01RSC02B01B01,2013Q1,0.1058983,5398.523
High level industry groups,"Electricity, gas, water, and waste services",SG01RSC02B01B02,2013Q1,0.0328367,1576.554
High level industry groups,Construction,SG01RSC02B01B03,2013Q1,0.0549525,2915.180
High level industry groups,Wholesale trade,SG01RSC02B01C01,2013Q1,0.0483318,2788.728
High level industry groups,Retail trade and accommodation,SG01RSC02B01C02,2013Q1,0.0624947,3344.934
High level industry groups,"Transport, postal, and warehousing",SG01RSC02B01C03,2013Q1,0.0449381,2198.086
High level industry groups,Information media and telecommunications,SG01RSC02B01C04,2013Q1,0.0284344,1750.863
High level industry groups,Financial and insurance services,SG01RSC02B01C05,2013Q1,0.0501296,2983.744
High level industry groups,"Rental, hiring, and real estate services",SG01RSC02B01C06,2013Q1,0.1395106,7080.234
High level industry groups,"Prof, scientific, technical, admin, and support",SG01RSC02B01C07,2013Q1,0.0951094,4993.597
High level industry groups,Public administration and safety,SG01RSC02B01C08,2013Q1,0.0419857,2236.687
High level industry groups,Education and training,SG01RSC02B01C09,2013Q1,0.0466102,2312.041
High level industry groups,Health care and social assistance,SG01RSC02B01C10,2013Q1,0.0602846,3130.239
High level industry groups,"Arts, recreation, and other services",SG01RSC02B01C11,2013Q1,0.0321049,1631.888
High level industry groups,"GST, import duties, stamp duty",SG01RSC04B01UZ9,2013Q1,0.0841282,3811.690
High level industry groups,"Agriculture, forestry, and fishing",SG01RSC02B01A01,2013Q2,0.0703256,2782.740
High level industry groups,Mining,SG01RSC02B01A02,2013Q2,0.0153696,820.902
High level industry groups,Manufacturing,SG01RSC02B01B01,2013Q2,0.1023436,5345.081
High level industry groups,"Electricity, gas, water, and waste services",SG01RSC02B01B02,2013Q2,0.0318805,1554.227
High level industry groups,Construction,SG01RSC02B01B03,2013Q2,0.0537759,2891.414
High level industry groups,Wholesale trade,SG01RSC02B01C01,2013Q2,0.0497916,2773.761
High level industry groups,Retail trade and accommodation,SG01RSC02B01C02,2013Q2,0.0616694,3404.087
High level industry groups,"Transport, postal, and warehousing",SG01RSC02B01C03,2013Q2,0.0444752,2215.187
High level industry groups,Information media and telecommunications,SG01RSC02B01C04,2013Q2,0.0277354,1795.519
High level industry groups,Financial and insurance services,SG01RSC02B01C05,2013Q2,0.0526870,3025.221
High level industry groups,"Rental, hiring, and real estate services",SG01RSC02B01C06,2013Q2,0.1386040,7186.737
High level industry groups,"Prof, scientific, technical, admin, and support",SG01RSC02B01C07,2013Q2,0.0946991,5187.104
High level industry groups,Public administration and safety,SG01RSC02B01C08,2013Q2,0.0403664,2305.260
High level industry groups,Education and training,SG01RSC02B01C09,2013Q2,0.0451121,2307.260
High level industry groups,Health care and social assistance,SG01RSC02B01C10,2013Q2,0.0578754,3135.371
High level industry groups,"Arts, recreation, and other services",SG01RSC02B01C11,2013Q2,0.0312572,1633.349
High level industry groups,"GST, import duties, stamp duty",SG01RSC04B01UZ9,2013Q2,0.0820317,3809.908
High level industry groups,"Agriculture, forestry, and fishing",SG01RSC02B01A01,2013Q3,0.0703256,3063.695
High level industry groups,Mining,SG01RSC02B01A02,2013Q3,0.0153696,748.267
High level industry groups,Manufacturing,SG01RSC02B01B01,2013Q3,0.1023436,5408.020
High level industry groups,"Electricity, gas, water, and waste services",SG01RSC02B01B02,2013Q3,0.0318805,1547.392
High level industry groups,Construction,SG01RSC02B01B03,2013Q3,0.0537759,2829.662
High level industry groups,Wholesale trade,SG01RSC02B01C01,2013Q3,0.0497916,2799.965
High level industry groups,Retail trade and accommodation,SG01RSC02B01C02,2013Q3,0.0616694,3426.900
High level industry groups,"Transport, postal, and warehousing",SG01RSC02B01C03,2013Q3,0.0444752,2231.306
High level industry groups,Information media and telecommunications,SG01RSC02B01C04,2013Q3,0.0277354,1854.682
High level industry groups,Financial and insurance services,SG01RSC02B01C05,2013Q3,0.0526870,3047.007
High level industry groups,"Rental, hiring, and real estate services",SG01RSC02B01C06,2013Q3,0.1386040,7264.936
High level industry groups,"Prof, scientific, technical, admin, and support",SG01RSC02B01C07,2013Q3,0.0946991,5210.089
High level industry groups,Public administration and safety,SG01RSC02B01C08,2013Q3,0.0403664,2289.449
High level industry groups,Education and training,SG01RSC02B01C09,2013Q3,0.0451121,2305.138
High level industry groups,Health care and social assistance,SG01RSC02B01C10,2013Q3,0.0578754,3175.547
High level industry groups,"Arts, recreation, and other services",SG01RSC02B01C11,2013Q3,0.0312572,1661.429
High level industry groups,"GST, import duties, stamp duty",SG01RSC04B01UZ9,2013Q3,0.0820317,3851.025
High level industry groups,"Agriculture, forestry, and fishing",SG01RSC02B01A01,2013Q4,0.0703256,3007.844
High level industry groups,Mining,SG01RSC02B01A02,2013Q4,0.0153696,787.639
High level industry groups,Manufacturing,SG01RSC02B01B01,2013Q4,0.1023436,5471.254
High level industry groups,"Electricity, gas, water, and waste services",SG01RSC02B01B02,2013Q4,0.0318805,1583.238
High level industry groups,Construction,SG01RSC02B01B03,2013Q4,0.0537759,2844.464
High level industry groups,Wholesale trade,SG01RSC02B01C01,2013Q4,0.0497916,2854.960
High level industry groups,Retail trade and accommodation,SG01RSC02B01C02,2013Q4,0.0616694,3435.397
High level industry groups,"Transport, postal, and warehousing",SG01RSC02B01C03,2013Q4,0.0444752,2273.868
High level industry groups,Information media and telecommunications,SG01RSC02B01C04,2013Q4,0.0277354,1864.629
High level industry groups,Financial and insurance services,SG01RSC02B01C05,2013Q4,0.0526870,3068.882
High level industry groups,"Rental, hiring, and real estate services",SG01RSC02B01C06,2013Q4,0.1386040,7271.093
High level industry groups,"Prof, scientific, technical, admin, and support",SG01RSC02B01C07,2013Q4,0.0946991,5232.690
High level industry groups,Public administration and safety,SG01RSC02B01C08,2013Q4,0.0403664,2288.857
High level industry groups,Education and training,SG01RSC02B01C09,2013Q4,0.0451121,2305.674
High level industry groups,Health care and social assistance,SG01RSC02B01C10,2013Q4,0.0578754,3204.369
High level industry groups,"Arts, recreation, and other services",SG01RSC02B01C11,2013Q4,0.0312572,1620.881
High level industry groups,"GST, import duties, stamp duty",SG01RSC04B01UZ9,2013Q4,0.0820317,3900.869
High level industry groups,"Agriculture, forestry, and fishing",SG01RSC02B01A01,2014Q1,0.0703256,3062.885
High level industry groups,Mining,SG01RSC02B01A02,2014Q1,0.0153696,919.514
High level industry groups,Manufacturing,SG01RSC02B01B01,2014Q1,0.1023436,5519.951
High level industry groups,"Electricity, gas, water, and waste services",SG01RSC02B01B02,2014Q1,0.0318805,1585.571
High level industry groups,Construction,SG01RSC02B01B03,2014Q1,0.0537759,3005.895
High level industry groups,Wholesale trade,SG01RSC02B01C01,2014Q1,0.0497916,2850.680
High level industry groups,Retail trade and accommodation,SG01RSC02B01C02,2014Q1,0.0616694,3467.072
High level industry groups,"Transport, postal, and warehousing",SG01RSC02B01C03,2014Q1,0.0444752,2314.816
High level industry groups,Information media and telecommunications,SG01RSC02B01C04,2014Q1,0.0277354,1910.165
High level industry groups,Financial and insurance services,SG01RSC02B01C05,2014Q1,0.0526870,3063.791
High level industry groups,"Rental, hiring, and real estate services",SG01RSC02B01C06,2014Q1,0.1386040,7304.656
High level industry groups,"Prof, scientific, technical, admin, and support",SG01RSC02B01C07,2014Q1,0.0946991,5258.429
High level industry groups,Public administration and safety,SG01RSC02B01C08,2014Q1,0.0403664,2305.634
High level industry groups,Education and training,SG01RSC02B01C09,2014Q1,0.0451121,2308.869
High level industry groups,Health care and social assistance,SG01RSC02B01C10,2014Q1,0.0578754,3214.199
High level industry groups,"Arts, recreation, and other services",SG01RSC02B01C11,2014Q1,0.0312572,1666.773
High level industry groups,"GST, import duties, stamp duty",SG01RSC04B01UZ9,2014Q1,0.0820317,3935.357
High level industry groups,"Agriculture, forestry, and fishing",SG01RSC02B01A01,2014Q2,0.0477472,3024.527
High level industry groups,Mining,SG01RSC02B01A02,2014Q2,0.0147590,877.521
High level industry groups,Manufacturing,SG01RSC02B01B01,2014Q2,0.1106591,5493.617
High level industry groups,"Electricity, gas, water, and waste services",SG01RSC02B01B02,2014Q2,0.0312614,1587.617
High level industry groups,Construction,SG01RSC02B01B03,2014Q2,0.0578594,3107.713
High level industry groups,Wholesale trade,SG01RSC02B01C01,2014Q2,0.0514346,2918.099
High level industry groups,Retail trade and accommodation,SG01RSC02B01C02,2014Q2,0.0629228,3530.397
High level industry groups,"Transport, postal, and warehousing",SG01RSC02B01C03,2014Q2,0.0470411,2393.158
High level industry groups,Information media and telecommunications,SG01RSC02B01C04,2014Q2,0.0271181,1917.201
High level industry groups,Financial and insurance services,SG01RSC02B01C05,2014Q2,0.0556784,3084.796
High level industry groups,"Rental, hiring, and real estate services",SG01RSC02B01C06,2014Q2,0.1386841,7288.977
High level industry groups,"Prof, scientific, technical, admin, and support",SG01RSC02B01C07,2014Q2,0.0952680,5352.862
High level industry groups,Public administration and safety,SG01RSC02B01C08,2014Q2,0.0404568,2337.666
High level industry groups,Education and training,SG01RSC02B01C09,2014Q2,0.0452957,2316.667
High level industry groups,Health care and social assistance,SG01RSC02B01C10,2014Q2,0.0587541,3229.302
High level industry groups,"Arts, recreation, and other services",SG01RSC02B01C11,2014Q2,0.0324394,1715.145
High level industry groups,"GST, import duties, stamp duty",SG01RSC04B01UZ9,2014Q2,0.0826207,3917.585
High level industry groups,"Agriculture, forestry, and fishing",SG01RSC02B01A01,2014Q3,0.0477472,3131.473
High level industry groups,Mining,SG01RSC02B01A02,2014Q3,0.0147590,893.957
High level industry groups,Manufacturing,SG01RSC02B01B01,2014Q3,0.1106591,5522.735
High level industry groups,"Electricity, gas, water, and waste services",SG01RSC02B01B02,2014Q3,0.0312614,1621.811
High level industry groups,Construction,SG01RSC02B01B03,2014Q3,0.0578594,3189.020
High level industry groups,Wholesale trade,SG01RSC02B01C01,2014Q3,0.0514346,2889.741
High level industry groups,Retail trade and accommodation,SG01RSC02B01C02,2014Q3,0.0629228,3596.487
High level industry groups,"Transport, postal, and warehousing",SG01RSC02B01C03,2014Q3,0.0470411,2362.774
High level industry groups,Information media and telecommunications,SG01RSC02B01C04,2014Q3,0.0271181,1985.833
High level industry groups,Financial and insurance services,SG01RSC02B01C05,2014Q3,0.0556784,3099.017
High level industry groups,"Rental, hiring, and real estate services",SG01RSC02B01C06,2014Q3,0.1386841,7333.205
High level industry groups,"Prof, scientific, technical, admin, and support",SG01RSC02B01C07,2014Q3,0.0952680,5338.212
High level industry groups,Public administration and safety,SG01RSC02B01C08,2014Q3,0.0404568,2361.766
High level industry groups,Education and training,SG01RSC02B01C09,2014Q3,0.0452957,2323.190
High level industry groups,Health care and social assistance,SG01RSC02B01C10,2014Q3,0.0587541,3286.763
High level industry groups,"Arts, recreation, and other services",SG01RSC02B01C11,2014Q3,0.0324394,1729.983
High level industry groups,"GST, import duties, stamp duty",SG01RSC04B01UZ9,2014Q3,0.0826207,4044.109
High level industry groups,"Agriculture, forestry, and fishing",SG01RSC02B01A01,2014Q4,0.0477472,3194.296
High level industry groups,Mining,SG01RSC02B01A02,2014Q4,0.0147590,871.527
High level industry groups,Manufacturing,SG01RSC02B01B01,2014Q4,0.1106591,5597.461
High level industry groups,"Electricity, gas, water, and waste services",SG01RSC02B01B02,2014Q4,0.0312614,1625.898
High level industry groups,Construction,SG01RSC02B01B03,2014Q4,0.0578594,3124.109
High level industry groups,Wholesale trade,SG01RSC02B01C01,2014Q4,0.0514346,2904.066
High level industry groups,Retail trade and accommodation,SG01RSC02B01C02,2014Q4,0.0629228,3677.840
High level industry groups,"Transport, postal, and warehousing",SG01RSC02B01C03,2014Q4,0.0470411,2423.543
High level industry groups,Information media and telecommunications,SG01RSC02B01C04,2014Q4,0.0271181,2047.424
High level industry groups,Financial and insurance services,SG01RSC02B01C05,2014Q4,0.0556784,3154.792
High level industry groups,"Rental, hiring, and real estate services",SG01RSC02B01C06,2014Q4,0.1386841,7461.130
High level industry groups,"Prof, scientific, technical, admin, and support",SG01RSC02B01C07,2014Q4,0.0952680,5410.502
High level industry groups,Public administration and safety,SG01RSC02B01C08,2014Q4,0.0404568,2390.067
High level industry groups,Education and training,SG01RSC02B01C09,2014Q4,0.0452957,2328.437
High level industry groups,Health care and social assistance,SG01RSC02B01C10,2014Q4,0.0587541,3289.675
High level industry groups,"Arts, recreation, and other services",SG01RSC02B01C11,2014Q4,0.0324394,1728.059
High level industry groups,"GST, import duties, stamp duty",SG01RSC04B01UZ9,2014Q4,0.0826207,4035.077
High level industry groups,"Agriculture, forestry, and fishing",SG01RSC02B01A01,2015Q1,0.0477472,3167.892
High level industry groups,Mining,SG01RSC02B01A02,2015Q1,0.0147590,815.007
High level industry groups,Manufacturing,SG01RSC02B01B01,2015Q1,0.1106591,5589.252
High level industry groups,"Electricity, gas, water, and waste services",SG01RSC02B01B02,2015Q1,0.0312614,1632.303
High level industry groups,Construction,SG01RSC02B01B03,2015Q1,0.0578594,3235.149
High level industry groups,Wholesale trade,SG01RSC02B01C01,2015Q1,0.0514346,2857.497
High level industry groups,Retail trade and accommodation,SG01RSC02B01C02,2015Q1,0.0629228,3736.728
High level industry groups,"Transport, postal, and warehousing",SG01RSC02B01C03,2015Q1,0.0470411,2498.729
High level industry groups,Information media and telecommunications,SG01RSC02B01C04,2015Q1,0.0271181,2058.953
High level industry groups,Financial and insurance services,SG01RSC02B01C05,2015Q1,0.0556784,3139.843
High level industry groups,"Rental, hiring, and real estate services",SG01RSC02B01C06,2015Q1,0.1386841,7533.208
High level industry groups,"Prof, scientific, technical, admin, and support",SG01RSC02B01C07,2015Q1,0.0952680,5448.338
High level industry groups,Public administration and safety,SG01RSC02B01C08,2015Q1,0.0404568,2382.497
High level industry groups,Education and training,SG01RSC02B01C09,2015Q1,0.0452957,2332.408
High level industry groups,Health care and social assistance,SG01RSC02B01C10,2015Q1,0.0587541,3286.992
High level industry groups,"Arts, recreation, and other services",SG01RSC02B01C11,2015Q1,0.0324394,1780.778
High level industry groups,"GST, import duties, stamp duty",SG01RSC04B01UZ9,2015Q1,0.0826207,4104.344
High level industry groups,"Agriculture, forestry, and fishing",SG01RSC02B01A01,2015Q2,0.0446953,3183.777
High level industry groups,Mining,SG01RSC02B01A02,2015Q2,0.0093192,869.610
High level industry groups,Manufacturing,SG01RSC02B01B01,2015Q2,0.1128019,5624.264
High level industry groups,"Electricity, gas, water, and waste services",SG01RSC02B01B02,2015Q2,0.0300285,1675.973
High level industry groups,Construction,SG01RSC02B01B03,2015Q2,0.0600585,3279.996
High level industry groups,Wholesale trade,SG01RSC02B01C01,2015Q2,0.0503384,2838.457
High level industry groups,Retail trade and accommodation,SG01RSC02B01C02,2015Q2,0.0641697,3738.347
High level industry groups,"Transport, postal, and warehousing",SG01RSC02B01C03,2015Q2,0.0486596,2486.983
High level industry groups,Information media and telecommunications,SG01RSC02B01C04,2015Q2,0.0265562,2159.123
High level industry groups,Financial and insurance services,SG01RSC02B01C05,2015Q2,0.0547046,3143.555
High level industry groups,"Rental, hiring, and real estate services",SG01RSC02B01C06,2015Q2,0.1410340,7629.073
High level industry groups,"Prof, scientific, technical, admin, and support",SG01RSC02B01C07,2015Q2,0.0972090,5507.175
High level industry groups,Public administration and safety,SG01RSC02B01C08,2015Q2,0.0403821,2402.191
High level industry groups,Education and training,SG01RSC02B01C09,2015Q2,0.0447483,2333.491
High level industry groups,Health care and social assistance,SG01RSC02B01C10,2015Q2,0.0593754,3307.300
High level industry groups,"Arts, recreation, and other services",SG01RSC02B01C11,2015Q2,0.0322676,1750.418
High level industry groups,"GST, import duties, stamp duty",SG01RSC04B01UZ9,2015Q2,0.0836516,4184.120
High level industry groups,"Agriculture, forestry, and fishing",SG01RSC02B01A01,2015Q3,0.0446953,3205.575
High level industry groups,Mining,SG01RSC02B01A02,2015Q3,0.0093192,844.707
High level industry groups,Manufacturing,SG01RSC02B01B01,2015Q3,0.1128019,5684.436
High level industry groups,"Electricity, gas, water, and waste services",SG01RSC02B01B02,2015Q3,0.0300285,1688.812
High level industry groups,Construction,SG01RSC02B01B03,2015Q3,0.0600585,3315.845
High level industry groups,Wholesale trade,SG01RSC02B01C01,2015Q3,0.0503384,2880.617
High level industry groups,Retail trade and accommodation,SG01RSC02B01C02,2015Q3,0.0641697,3809.490
High level industry groups,"Transport, postal, and warehousing",SG01RSC02B01C03,2015Q3,0.0486596,2536.605
High level industry groups,Information media and telecommunications,SG01RSC02B01C04,2015Q3,0.0265562,2161.804
High level industry groups,Financial and insurance services,SG01RSC02B01C05,2015Q3,0.0547046,3174.042
High level industry groups,"Rental, hiring, and real estate services",SG01RSC02B01C06,2015Q3,0.1410340,7768.209
High level industry groups,"Prof, scientific, technical, admin, and support",SG01RSC02B01C07,2015Q3,0.0972090,5632.554
High level industry groups,Public administration and safety,SG01RSC02B01C08,2015Q3,0.0403821,2426.031
High level industry groups,Education and training,SG01RSC02B01C09,2015Q3,0.0447483,2335.794
High level industry groups,Health care and social assistance,SG01RSC02B01C10,2015Q3,0.0593754,3287.470
High level industry groups,"Arts, recreation, and other services",SG01RSC02B01C11,2015Q3,0.0322676,1735.791
High level industry groups,"GST, import duties, stamp duty",SG01RSC04B01UZ9,2015Q3,0.0836516,4219.319
High level industry groups,"Agriculture, forestry, and fishing",SG01RSC02B01A01,2015Q4,0.0446953,3230.157
High level industry groups,Mining,SG01RSC02B01A02,2015Q4,0.0093192,799.923
High level industry groups,Manufacturing,SG01RSC02B01B01,2015Q4,0.1128019,5749.427
High level industry groups,"Electricity, gas, water, and waste services",SG01RSC02B01B02,2015Q4,0.0300285,1701.792
High level industry groups,Construction,SG01RSC02B01B03,2015Q4,0.0600585,3393.796
High level industry groups,Wholesale trade,SG01RSC02B01C01,2015Q4,0.0503384,2885.008
High level industry groups,Retail trade and accommodation,SG01RSC02B01C02,2015Q4,0.0641697,3868.718
High level industry groups,"Transport, postal, and warehousing",SG01RSC02B01C03,2015Q4,0.0486596,2547.532
High level industry groups,Information media and telecommunications,SG01RSC02B01C04,2015Q4,0.0265562,2186.263
High level industry groups,Financial and insurance services,SG01RSC02B01C05,2015Q4,0.0547046,3212.307
High level industry groups,"Rental, hiring, and real estate services",SG01RSC02B01C06,2015Q4,0.1410340,7838.064
High level industry groups,"Prof, scientific, technical, admin, and support",SG01RSC02B01C07,2015Q4,0.0972090,5713.199
High level industry groups,Public administration and safety,SG01RSC02B01C08,2015Q4,0.0403821,2455.936
High level industry groups,Education and training,SG01RSC02B01C09,2015Q4,0.0447483,2339.318
High level industry groups,Health care and social assistance,SG01RSC02B01C10,2015Q4,0.0593754,3324.512
High level industry groups,"Arts, recreation, and other services",SG01RSC02B01C11,2015Q4,0.0322676,1757.700
High level industry groups,"GST, import duties, stamp duty",SG01RSC04B01UZ9,2015Q4,0.0836516,4276.624
High level industry groups,"Agriculture, forestry, and fishing",SG01RSC02B01A01,2016Q1,0.0446953,3269.204
High level industry groups,Mining,SG01RSC02B01A02,2016Q1,0.0093192,783.000
High level industry groups,Manufacturing,SG01RSC02B01B01,2016Q1,0.1128019,5745.425
High level industry groups,"Electricity, gas, water, and waste services",SG01RSC02B01B02,2016Q1,0.0300285,1706.416
High level industry groups,Construction,SG01RSC02B01B03,2016Q1,0.0600585,3538.707
High level industry groups,Wholesale trade,SG01RSC02B01C01,2016Q1,0.0503384,2884.853
High level industry groups,Retail trade and accommodation,SG01RSC02B01C02,2016Q1,0.0641697,3920.503
High level industry groups,"Transport, postal, and warehousing",SG01RSC02B01C03,2016Q1,0.0486596,2604.359
High level industry groups,Information media and telecommunications,SG01RSC02B01C04,2016Q1,0.0265562,2176.126
High level industry groups,Financial and insurance services,SG01RSC02B01C05,2016Q1,0.0547046,3214.056
High level industry groups,"Rental, hiring, and real estate services",SG01RSC02B01C06,2016Q1,0.1410340,7979.932
High level industry groups,"Prof, scientific, technical, admin, and support",SG01RSC02B01C07,2016Q1,0.0972090,5851.239
High level industry groups,Public administration and safety,SG01RSC02B01C08,2016Q1,0.0403821,2473.789
High level industry groups,Education and training,SG01RSC02B01C09,2016Q1,0.0447483,2344.061
High level industry groups,Health care and social assistance,SG01RSC02B01C10,2016Q1,0.0593754,3396.889
High level industry groups,"Arts, recreation, and other services",SG01RSC02B01C11,2016Q1,0.0322676,1759.451
High level industry groups,"GST, import duties, stamp duty",SG01RSC04B01UZ9,2016Q1,0.0836516,4301.994
High level industry groups,"Agriculture, forestry, and fishing",SG01RSC02B01A01,2016Q2,0.0554822,3290.236
High level industry groups,Mining,SG01RSC02B01A02,2016Q2,0.0091570,761.436
High level industry groups,Manufacturing,SG01RSC02B01B01,2016Q2,0.1009037,5767.810
High level industry groups,"Electricity, gas, water, and waste services",SG01RSC02B01B02,2016Q2,0.0290215,1694.631
High level industry groups,Construction,SG01RSC02B01B03,2016Q2,0.0628260,3610.208
High level industry groups,Wholesale trade,SG01RSC02B01C01,2016Q2,0.0473289,2911.414
High level industry groups,Retail trade and accommodation,SG01RSC02B01C02,2016Q2,0.0675764,3971.302
High level industry groups,"Transport, postal, and warehousing",SG01RSC02B01C03,2016Q2,0.0448203,2572.527
High level industry groups,Information media and telecommunications,SG01RSC02B01C04,2016Q2,0.0248750,2136.189
High level industry groups,Financial and insurance services,SG01RSC02B01C05,2016Q2,0.0534309,3234.505
High level industry groups,"Rental, hiring, and real estate services",SG01RSC02B01C06,2016Q2,0.1436231,8071.189
High level industry groups,"Prof, scientific, technical, admin, and support",SG01RSC02B01C07,2016Q2,0.0999258,5923.124
High level industry groups,Public administration and safety,SG01RSC02B01C08,2016Q2,0.0401278,2455.321
High level industry groups,Education and training,SG01RSC02B01C09,2016Q2,0.0439311,2349.566
High level industry groups,Health care and social assistance,SG01RSC02B01C10,2016Q2,0.0586049,3450.112
High level industry groups,"Arts, recreation, and other services",SG01RSC02B01C11,2016Q2,0.0321032,1783.795
High level industry groups,"GST, import duties, stamp duty",SG01RSC04B01UZ9,2016Q2,0.0862621,4404.542
High level industry groups,"Agriculture, forestry, and fishing",SG01RSC02B01A01,2016Q3,0.0554822,3242.341
High level industry groups,Mining,SG01RSC02B01A02,2016Q3,0.0091570,766.992
High level industry groups,Manufacturing,SG01RSC02B01B01,2016Q3,0.1009037,5902.230
High level industry groups,"Electricity, gas, water, and waste services",SG01RSC02B01B02,2016Q3,0.0290215,1701.177
High level industry groups,Construction,SG01RSC02B01B03,2016Q3,0.0628260,3621.992
High level industry groups,Wholesale trade,SG01RSC02B01C01,2016Q3,0.0473289,2947.671
High level industry groups,Retail trade and accommodation,SG01RSC02B01C02,2016Q3,0.0675764,4031.781
High level industry groups,"Transport, postal, and warehousing",SG01RSC02B01C03,2016Q3,0.0448203,2650.344
High level industry groups,Information media and telecommunications,SG01RSC02B01C04,2016Q3,0.0248750,2092.765
High level industry groups,Financial and insurance services,SG01RSC02B01C05,2016Q3,0.0534309,3259.600
High level industry groups,"Rental, hiring, and real estate services",SG01RSC02B01C06,2016Q3,0.1436231,8158.160
High level industry groups,"Prof, scientific, technical, admin, and support",SG01RSC02B01C07,2016Q3,0.0999258,6057.992
High level industry groups,Public administration and safety,SG01RSC02B01C08,2016Q3,0.0401278,2490.553
High level industry groups,Education and training,SG01RSC02B01C09,2016Q3,0.0439311,2354.030
High level industry groups,Health care and social assistance,SG01RSC02B01C10,2016Q3,0.0586049,3462.456
High level industry groups,"Arts, recreation, and other services",SG01RSC02B01C11,2016Q3,0.0321032,1785.841
High level industry groups,"GST, import duties, stamp duty",SG01RSC04B01UZ9,2016Q3,0.0862621,4444.508
High level industry groups,"Agriculture, forestry, and fishing",SG01RSC02B01A01,2016Q4,0.0554822,3201.668
High level industry groups,Mining,SG01RSC02B01A02,2016Q4,0.0091570,745.588
High level industry groups,Manufacturing,SG01RSC02B01B01,2016Q4,0.1009037,5837.523
High level industry groups,"Electricity, gas, water, and waste services",SG01RSC02B01B02,2016Q4,0.0290215,1679.821
High level industry groups,Construction,SG01RSC02B01B03,2016Q4,0.0628260,3679.729
High level industry groups,Wholesale trade,SG01RSC02B01C01,2016Q4,0.0473289,2947.845
High level industry groups,Retail trade and accommodation,SG01RSC02B01C02,2016Q4,0.0675764,4058.120
High level industry groups,"Transport, postal, and warehousing",SG01RSC02B01C03,2016Q4,0.0448203,2624.539
High level industry groups,Information media and telecommunications,SG01RSC02B01C04,2016Q4,0.0248750,2064.461
High level industry groups,Financial and insurance services,SG01RSC02B01C05,2016Q4,0.0534309,3308.687
High level industry groups,"Rental, hiring, and real estate services",SG01RSC02B01C06,2016Q4,0.1436231,8235.942
High level industry groups,"Prof, scientific, technical, admin, and support",SG01RSC02B01C07,2016Q4,0.0999258,6117.902
High level industry groups,Public administration and safety,SG01RSC02B01C08,2016Q4,0.0401278,2490.476
High level industry groups,Education and training,SG01RSC02B01C09,2016Q4,0.0439311,2357.453
High level industry groups,Health care and social assistance,SG01RSC02B01C10,2016Q4,0.0586049,3506.544
High level industry groups,"Arts, recreation, and other services",SG01RSC02B01C11,2016Q4,0.0321032,1870.317
High level industry groups,"GST, import duties, stamp duty",SG01RSC04B01UZ9,2016Q4,0.0862621,4436.242
High level industry groups,"Agriculture, forestry, and fishing",SG01RSC02B01A01,2017Q1,0.0554822,3274.593
High level industry groups,Mining,SG01RSC02B01A02,2017Q1,0.0091570,731.162
High level industry groups,Manufacturing,SG01RSC02B01B01,2017Q1,0.1009037,5845.281
High level industry groups,"Electricity, gas, water, and waste services",SG01RSC02B01B02,2017Q1,0.0290215,1694.569
High level industry groups,Construction,SG01RSC02B01B03,2017Q1,0.0628260,3706.223
High level industry groups,Wholesale trade,SG01RSC02B01C01,2017Q1,0.0473289,2993.134
High level industry groups,Retail trade and accommodation,SG01RSC02B01C02,2017Q1,0.0675764,4154.048
High level industry groups,"Transport, postal, and warehousing",SG01RSC02B01C03,2017Q1,0.0448203,2593.284
High level industry groups,Information media and telecommunications,SG01RSC02B01C04,2017Q1,0.0248750,2066.029
High level industry groups,Financial and insurance services,SG01RSC02B01C05,2017Q1,0.0534309,3322.503
High level industry groups,"Rental, hiring, and real estate services",SG01RSC02B01C06,2017Q1,0.1436231,8334.479
High level industry groups,"Prof, scientific, technical, admin, and support",SG01RSC02B01C07,2017Q1,0.0999258,6225.861
High level industry groups,Public administration and safety,SG01RSC02B01C08,2017Q1,0.0401278,2527.195
High level industry groups,Education and training,SG01RSC02B01C09,2017Q1,0.0439311,2359.835
High level industry groups,Health care and social assistance,SG01RSC02B01C10,2017Q1,0.0586049,3540.443
High level industry groups,"Arts, recreation, and other services",SG01RSC02B01C11,2017Q1,0.0321032,1865.010
High level industry groups,"GST, import duties, stamp duty",SG01RSC04B01UZ9,2017Q1,0.0862621,4511.888
High level industry groups,"Agriculture, forestry, and fishing",SG01RSC02B01A01,2017Q2,0.0591546,3137.162
High level industry groups,Mining,SG01RSC02B01A02,2017Q2,0.0097584,714.127
High level industry groups,Manufacturing,SG01RSC02B01B01,2017Q2,0.1019988,5935.460
High level industry groups,"Electricity, gas, water, and waste services",SG01RSC02B01B02,2017Q2,0.0275130,1668.328
High level industry groups,Construction,SG01RSC02B01B03,2017Q2,0.0662705,3814.612
High level industry groups,Wholesale trade,SG01RSC02B01C01,2017Q2,0.0481019,3023.596
High level industry groups,Retail trade and accommodation,SG01RSC02B01C02,2017Q2,0.0662795,4223.212
High level industry groups,"Transport, postal, and warehousing",SG01RSC02B01C03,2017Q2,0.0436178,2644.354
High level industry groups,Information media and telecommunications,SG01RSC02B01C04,2017Q2,0.0230166,2069.909
High level industry groups,Financial and insurance services,SG01RSC02B01C05,2017Q2,0.0560180,3379.311
High level industry groups,"Rental, hiring, and real estate services",SG01RSC02B01C06,2017Q2,0.1421104,8399.755
High level industry groups,"Prof, scientific, technical, admin, and support",SG01RSC02B01C07,2017Q2,0.1002135,6271.164
High level industry groups,Public administration and safety,SG01RSC02B01C08,2017Q2,0.0396134,2575.923
High level industry groups,Education and training,SG01RSC02B01C09,2017Q2,0.0422132,2363.047
High level industry groups,Health care and social assistance,SG01RSC02B01C10,2017Q2,0.0574945,3541.334
High level industry groups,"Arts, recreation, and other services",SG01RSC02B01C11,2017Q2,0.0317354,1874.711
High level industry groups,"GST, import duties, stamp duty",SG01RSC04B01UZ9,2017Q2,0.0848905,4508.086
High level industry groups,"Agriculture, forestry, and fishing",SG01RSC02B01A01,2017Q3,0.0591546,3103.950
High level industry groups,Mining,SG01RSC02B01A02,2017Q3,0.0097584,720.973
High level industry groups,Manufacturing,SG01RSC02B01B01,2017Q3,0.1019988,5979.800
High level industry groups,"Electricity, gas, water, and waste services",SG01RSC02B01B02,2017Q3,0.0275130,1651.862
High level industry groups,Construction,SG01RSC02B01B03,2017Q3,0.0662705,4016.251
High level industry groups,Wholesale trade,SG01RSC02B01C01,2017Q3,0.0481019,3034.197
High level industry groups,Retail trade and accommodation,SG01RSC02B01C02,2017Q3,0.0662795,4228.996
High level industry groups,"Transport, postal, and warehousing",SG01RSC02B01C03,2017Q3,0.0436178,2657.008
High level industry groups,Information media and telecommunications,SG01RSC02B01C04,2017Q3,0.0230166,2094.985
High level industry groups,Financial and insurance services,SG01RSC02B01C05,2017Q3,0.0560180,3415.301
High level industry groups,"Rental, hiring, and real estate services",SG01RSC02B01C06,2017Q3,0.1421104,8393.509
High level industry groups,"Prof, scientific, technical, admin, and support",SG01RSC02B01C07,2017Q3,0.1002135,6385.227
High level industry groups,Public administration and safety,SG01RSC02B01C08,2017Q3,0.0396134,2574.940
High level industry groups,Education and training,SG01RSC02B01C09,2017Q3,0.0422132,2368.425
High level industry groups,Health care and social assistance,SG01RSC02B01C10,2017Q3,0.0574945,3591.864
High level industry groups,"Arts, recreation, and other services",SG01RSC02B01C11,2017Q3,0.0317354,1931.374
High level industry groups,"GST, import duties, stamp duty",SG01RSC04B01UZ9,2017Q3,0.0848905,4560.696
High level industry groups,"Agriculture, forestry, and fishing",SG01RSC02B01A01,2017Q4,0.0591546,3108.498
High level industry groups,Mining,SG01RSC02B01A02,2017Q4,0.0097584,761.779
High level industry groups,Manufacturing,SG01RSC02B01B01,2017Q4,0.1019988,5935.640
High level industry groups,"Electricity, gas, water, and waste services",SG01RSC02B01B02,2017Q4,0.0275130,1672.570
High level industry groups,Construction,SG01RSC02B01B03,2017Q4,0.0662705,4054.814
High level industry groups,Wholesale trade,SG01RSC02B01C01,2017Q4,0.0481019,3118.530
High level industry groups,Retail trade and accommodation,SG01RSC02B01C02,2017Q4,0.0662795,4271.883
High level industry groups,"Transport, postal, and warehousing",SG01RSC02B01C03,2017Q4,0.0436178,2693.693
High level industry groups,Information media and telecommunications,SG01RSC02B01C04,2017Q4,0.0230166,2128.333
High level industry groups,Financial and insurance services,SG01RSC02B01C05,2017Q4,0.0560180,3543.851
High level industry groups,"Rental, hiring, and real estate services",SG01RSC02B01C06,2017Q4,0.1421104,8460.129
High level industry groups,"Prof, scientific, technical, admin, and support",SG01RSC02B01C07,2017Q4,0.1002135,6459.101
High level industry groups,Public administration and safety,SG01RSC02B01C08,2017Q4,0.0396134,2599.025
High level industry groups,Education and training,SG01RSC02B01C09,2017Q4,0.0422132,2375.970
High level industry groups,Health care and social assistance,SG01RSC02B01C10,2017Q4,0.0574945,3599.682
High level industry groups,"Arts, recreation, and other services",SG01RSC02B01C11,2017Q4,0.0317354,1936.738
High level industry groups,"GST, import duties, stamp duty",SG01RSC04B01UZ9,2017Q4,0.0848905,4685.039
High level industry groups,"Agriculture, forestry, and fishing",SG01RSC02B01A01,2018Q1,0.0591546,3150.701
High level industry groups,Mining,SG01RSC02B01A02,2018Q1,0.0097584,722.326
High level industry groups,Manufacturing,SG01RSC02B01B01,2018Q1,0.1019988,6003.571
High level industry groups,"Electricity, gas, water, and waste services",SG01RSC02B01B02,2018Q1,0.0275130,1664.889
High level industry groups,Construction,SG01RSC02B01B03,2018Q1,0.0662705,4019.856
High level industry groups,Wholesale trade,SG01RSC02B01C01,2018Q1,0.0481019,3130.993
High level industry groups,Retail trade and accommodation,SG01RSC02B01C02,2018Q1,0.0662795,4320.377
High level industry groups,"Transport, postal, and warehousing",SG01RSC02B01C03,2018Q1,0.0436178,2710.208
High level industry groups,Information media and telecommunications,SG01RSC02B01C04,2018Q1,0.0230166,2183.678
High level industry groups,Financial and insurance services,SG01RSC02B01C05,2018Q1,0.0560180,3528.660
High level industry groups,"Rental, hiring, and real estate services",SG01RSC02B01C06,2018Q1,0.1421104,8535.213
High level industry groups,"Prof, scientific, technical, admin, and support",SG01RSC02B01C07,2018Q1,0.1002135,6515.473
High level industry groups,Public administration and safety,SG01RSC02B01C08,2018Q1,0.0396134,2652.588
High level industry groups,Education and training,SG01RSC02B01C09,2018Q1,0.0422132,2385.680
High level industry groups,Health care and social assistance,SG01RSC02B01C10,2018Q1,0.0574945,3624.409
High level industry groups,"Arts, recreation, and other services",SG01RSC02B01C11,2018Q1,0.0317354,1958.826
High level industry groups,"GST, import duties, stamp duty",SG01RSC04B01UZ9,2018Q1,0.0848905,4688.804
High level industry groups,"Agriculture, forestry, and fishing",SG01RSC02B01A01,2018Q2,0.0566850,3265.724
High level industry groups,Mining,SG01RSC02B01A02,2018Q2,0.0097754,642.766
High level industry groups,Manufacturing,SG01RSC02B01B01,2018Q2,0.0995908,6078.858
High level industry groups,"Electricity, gas, water, and waste services",SG01RSC02B01B02,2018Q2,0.0276583,1759.863
High level industry groups,Construction,SG01RSC02B01B03,2018Q2,0.0670492,4034.341
High level industry groups,Wholesale trade,SG01RSC02B01C01,2018Q2,0.0470128,3176.272
High level industry groups,Retail trade and accommodation,SG01RSC02B01C02,2018Q2,0.0660934,4369.179
High level industry groups,"Transport, postal, and warehousing",SG01RSC02B01C03,2018Q2,0.0438526,2720.857
High level industry groups,Information media and telecommunications,SG01RSC02B01C04,2018Q2,0.0227865,2263.276
High level industry groups,Financial and insurance services,SG01RSC02B01C05,2018Q2,0.0561051,3584.420
High level industry groups,"Rental, hiring, and real estate services",SG01RSC02B01C06,2018Q2,0.1435204,8564.560
High level industry groups,"Prof, scientific, technical, admin, and support",SG01RSC02B01C07,2018Q2,0.1018090,6621.513
High level industry groups,Public administration and safety,SG01RSC02B01C08,2018Q2,0.0400557,2662.910
High level industry groups,Education and training,SG01RSC02B01C09,2018Q2,0.0427808,2394.706
High level industry groups,Health care and social assistance,SG01RSC02B01C10,2018Q2,0.0588814,3673.359
High level industry groups,"Arts, recreation, and other services",SG01RSC02B01C11,2018Q2,0.0319342,1991.544
High level industry groups,"GST, import duties, stamp duty",SG01RSC04B01UZ9,2018Q2,0.0844093,4747.470
High level industry groups,"Agriculture, forestry, and fishing",SG01RSC02B01A01,2018Q3,0.0566850,3294.467
High level industry groups,Mining,SG01RSC02B01A02,2018Q3,0.0097754,719.104
High level industry groups,Manufacturing,SG01RSC02B01B01,2018Q3,0.0995908,6036.182
High level industry groups,"Electricity, gas, water, and waste services",SG01RSC02B01B02,2018Q3,0.0276583,1742.150
High level industry groups,Construction,SG01RSC02B01B03,2018Q3,0.0670492,3987.453
High level industry groups,Wholesale trade,SG01RSC02B01C01,2018Q3,0.0470128,3192.920
High level industry groups,Retail trade and accommodation,SG01RSC02B01C02,2018Q3,0.0660934,4375.893
High level industry groups,"Transport, postal, and warehousing",SG01RSC02B01C03,2018Q3,0.0438526,2735.999
High level industry groups,Information media and telecommunications,SG01RSC02B01C04,2018Q3,0.0227865,2279.406
High level industry groups,Financial and insurance services,SG01RSC02B01C05,2018Q3,0.0561051,3566.529
High level industry groups,"Rental, hiring, and real estate services",SG01RSC02B01C06,2018Q3,0.1435204,8582.183
High level industry groups,"Prof, scientific, technical, admin, and support",SG01RSC02B01C07,2018Q3,0.1018090,6559.318
High level industry groups,Public administration and safety,SG01RSC02B01C08,2018Q3,0.0400557,2717.609
High level industry groups,Education and training,SG01RSC02B01C09,2018Q3,0.0427808,2402.580
High level industry groups,Health care and social assistance,SG01RSC02B01C10,2018Q3,0.0588814,3716.122
High level industry groups,"Arts, recreation, and other services",SG01RSC02B01C11,2018Q3,0.0319342,2009.584
High level industry groups,"GST, import duties, stamp duty",SG01RSC04B01UZ9,2018Q3,0.0844093,4745.997
High level industry groups,"Agriculture, forestry, and fishing",SG01RSC02B01A01,2018Q4,0.0566850,3329.129
High level industry groups,Mining,SG01RSC02B01A02,2018Q4,0.0097754,685.291
High level industry groups,Manufacturing,SG01RSC02B01B01,2018Q4,0.0995908,6088.722
High level industry groups,"Electricity, gas, water, and waste services",SG01RSC02B01B02,2018Q4,0.0276583,1740.643
High level industry groups,Construction,SG01RSC02B01B03,2018Q4,0.0670492,4080.757
High level industry groups,Wholesale trade,SG01RSC02B01C01,2018Q4,0.0470128,3200.454
High level industry groups,Retail trade and accommodation,SG01RSC02B01C02,2018Q4,0.0660934,4466.256
High level industry groups,"Transport, postal, and warehousing",SG01RSC02B01C03,2018Q4,0.0438526,2733.867
High level industry groups,Information media and telecommunications,SG01RSC02B01C04,2018Q4,0.0227865,2306.251
High level industry groups,Financial and insurance services,SG01RSC02B01C05,2018Q4,0.0561051,3621.865
High level industry groups,"Rental, hiring, and real estate services",SG01RSC02B01C06,2018Q4,0.1435204,8578.701
High level industry groups,"Prof, scientific, technical, admin, and support",SG01RSC02B01C07,2018Q4,0.1018090,6683.481
High level industry groups,Public administration and safety,SG01RSC02B01C08,2018Q4,0.0400557,2759.030
High level industry groups,Education and training,SG01RSC02B01C09,2018Q4,0.0427808,2409.304
High level industry groups,Health care and social assistance,SG01RSC02B01C10,2018Q4,0.0588814,3753.846
High level industry groups,"Arts, recreation, and other services",SG01RSC02B01C11,2018Q4,0.0319342,1931.903
High level industry groups,"GST, import duties, stamp duty",SG01RSC04B01UZ9,2018Q4,0.0844093,4809.500
High level industry groups,"Agriculture, forestry, and fishing",SG01RSC02B01A01,2019Q1,0.0566850,3300.541
High level industry groups,Mining,SG01RSC02B01A02,2019Q1,0.0097754,688.885
High level industry groups,Manufacturing,SG01RSC02B01B01,2019Q1,0.0995908,6197.760
High level industry groups,"Electricity, gas, water, and waste services",SG01RSC02B01B02,2019Q1,0.0276583,1768.570
High level industry groups,Construction,SG01RSC02B01B03,2019Q1,0.0670492,4288.844
High level industry groups,Wholesale trade,SG01RSC02B01C01,2019Q1,0.0470128,3211.962
High level industry groups,Retail trade and accommodation,SG01RSC02B01C02,2019Q1,0.0660934,4498.866
High level industry groups,"Transport, postal, and warehousing",SG01RSC02B01C03,2019Q1,0.0438526,2797.925
High level industry groups,Information media and telecommunications,SG01RSC02B01C04,2019Q1,0.0227865,2281.047
High level industry groups,Financial and insurance services,SG01RSC02B01C05,2019Q1,0.0561051,3589.348
High level industry groups,"Rental, hiring, and real estate services",SG01RSC02B01C06,2019Q1,0.1435204,8683.975
High level industry groups,"Prof, scientific, technical, admin, and support",SG01RSC02B01C07,2019Q1,0.1018090,6685.475
High level industry groups,Public administration and safety,SG01RSC02B01C08,2019Q1,0.0400557,2775.971
High level industry groups,Education and training,SG01RSC02B01C09,2019Q1,0.0427808,2414.877
High level industry groups,Health care and social assistance,SG01RSC02B01C10,2019Q1,0.0588814,3849.887
High level industry groups,"Arts, recreation, and other services",SG01RSC02B01C11,2019Q1,0.0319342,1962.372
High level industry groups,"GST, import duties, stamp duty",SG01RSC04B01UZ9,2019Q1,0.0844093,4810.296
High level industry groups,"Agriculture, forestry, and fishing",SG01RSC02B01A01,2019Q2,0.0568768,3240.336
High level industry groups,Mining,SG01RSC02B01A02,2019Q2,0.0089006,681.002
High level industry groups,Manufacturing,SG01RSC02B01B01,2019Q2,0.0967113,6072.698
High level industry groups,"Electricity, gas, water, and waste services",SG01RSC02B01B02,2019Q2,0.0277405,1790.407
High level industry groups,Construction,SG01RSC02B01B03,2019Q2,0.0701524,4327.171
High level industry groups,Wholesale trade,SG01RSC02B01C01,2019Q2,0.0449982,3225.973
High level industry groups,Retail trade and accommodation,SG01RSC02B01C02,2019Q2,0.0649514,4488.775
High level industry groups,"Transport, postal, and warehousing",SG01RSC02B01C03,2019Q2,0.0427386,2860.749
High level industry groups,Information media and telecommunications,SG01RSC02B01C04,2019Q2,0.0216723,2285.389
High level industry groups,Financial and insurance services,SG01RSC02B01C05,2019Q2,0.0542536,3640.959
High level industry groups,"Rental, hiring, and real estate services",SG01RSC02B01C06,2019Q2,0.1461086,8784.313
High level industry groups,"Prof, scientific, technical, admin, and support",SG01RSC02B01C07,2019Q2,0.1029891,6754.082
High level industry groups,Public administration and safety,SG01RSC02B01C08,2019Q2,0.0415549,2833.423
High level industry groups,Education and training,SG01RSC02B01C09,2019Q2,0.0426340,2421.148
High level industry groups,Health care and social assistance,SG01RSC02B01C10,2019Q2,0.0600479,3849.687
High level industry groups,"Arts, recreation, and other services",SG01RSC02B01C11,2019Q2,0.0320746,2012.835
High level industry groups,"GST, import duties, stamp duty",SG01RSC04B01UZ9,2019Q2,0.0855952,4785.994
High level industry groups,"Agriculture, forestry, and fishing",SG01RSC02B01A01,2019Q3,0.0568768,3219.936
High level industry groups,Mining,SG01RSC02B01A02,2019Q3,0.0089006,692.588
High level industry groups,Manufacturing,SG01RSC02B01B01,2019Q3,0.0967113,6095.963
High level industry groups,"Electricity, gas, water, and waste services",SG01RSC02B01B02,2019Q3,0.0277405,1783.115
High level industry groups,Construction,SG01RSC02B01B03,2019Q3,0.0701524,4396.991
High level industry groups,Wholesale trade,SG01RSC02B01C01,2019Q3,0.0449982,3232.487
High level industry groups,Retail trade and accommodation,SG01RSC02B01C02,2019Q3,0.0649514,4560.754
High level industry groups,"Transport, postal, and warehousing",SG01RSC02B01C03,2019Q3,0.0427386,2809.405
High level industry groups,Information media and telecommunications,SG01RSC02B01C04,2019Q3,0.0216723,2327.042
High level industry groups,Financial and insurance services,SG01RSC02B01C05,2019Q3,0.0542536,3641.163
High level industry groups,"Rental, hiring, and real estate services",SG01RSC02B01C06,2019Q3,0.1461086,8824.364
High level industry groups,"Prof, scientific, technical, admin, and support",SG01RSC02B01C07,2019Q3,0.1029891,7000.850
High level industry groups,Public administration and safety,SG01RSC02B01C08,2019Q3,0.0415549,2862.550
High level industry groups,Education and training,SG01RSC02B01C09,2019Q3,0.0426340,2426.404
High level industry groups,Health care and social assistance,SG01RSC02B01C10,2019Q3,0.0600479,3859.171
High level industry groups,"Arts, recreation, and other services",SG01RSC02B01C11,2019Q3,0.0320746,2057.087
High level industry groups,"GST, import duties, stamp duty",SG01RSC04B01UZ9,2019Q3,0.0855952,4930.377
High level industry groups,"Agriculture, forestry, and fishing",SG01RSC02B01A01,2019Q4,0.0568768,3204.218
High level industry groups,Mining,SG01RSC02B01A02,2019Q4,0.0089006,680.890
High level industry groups,Manufacturing,SG01RSC02B01B01,2019Q4,0.0967113,6068.755
High level industry groups,"Electricity, gas, water, and waste services",SG01RSC02B01B02,2019Q4,0.0277405,1789.903
High level industry groups,Construction,SG01RSC02B01B03,2019Q4,0.0701524,4481.855
High level industry groups,Wholesale trade,SG01RSC02B01C01,2019Q4,0.0449982,3247.672
High level industry groups,Retail trade and accommodation,SG01RSC02B01C02,2019Q4,0.0649514,4567.290
High level industry groups,"Transport, postal, and warehousing",SG01RSC02B01C03,2019Q4,0.0427386,2866.349
High level industry groups,Information media and telecommunications,SG01RSC02B01C04,2019Q4,0.0216723,2341.270
High level industry groups,Financial and insurance services,SG01RSC02B01C05,2019Q4,0.0542536,3652.647
High level industry groups,"Rental, hiring, and real estate services",SG01RSC02B01C06,2019Q4,0.1461086,8861.273
High level industry groups,"Prof, scientific, technical, admin, and support",SG01RSC02B01C07,2019Q4,0.1029891,6971.714
High level industry groups,Public administration and safety,SG01RSC02B01C08,2019Q4,0.0415549,2945.468
High level industry groups,Education and training,SG01RSC02B01C09,2019Q4,0.0426340,2430.647
High level industry groups,Health care and social assistance,SG01RSC02B01C10,2019Q4,0.0600479,3886.931
High level industry groups,"Arts, recreation, and other services",SG01RSC02B01C11,2019Q4,0.0320746,2051.321
High level industry groups,"GST, import duties, stamp duty",SG01RSC04B01UZ9,2019Q4,0.0855952,4976.576
High level industry groups,"Agriculture, forestry, and fishing",SG01RSC02B01A01,2020Q1,0.0568768,3187.238
High level industry groups,Mining,SG01RSC02B01A02,2020Q1,0.0089006,683.383
High level industry groups,Manufacturing,SG01RSC02B01B01,2020Q1,0.0967113,5959.101
High level industry groups,"Electricity, gas, water, and waste services",SG01RSC02B01B02,2020Q1,0.0277405,1786.530
High level industry groups,Construction,SG01RSC02B01B03,2020Q1,0.0701524,4336.119
High level industry groups,Wholesale trade,SG01RSC02B01C01,2020Q1,0.0449982,3213.305
High level industry groups,Retail trade and accommodation,SG01RSC02B01C02,2020Q1,0.0649514,4509.916
High level industry groups,"Transport, postal, and warehousing",SG01RSC02B01C03,2020Q1,0.0427386,2640.161
High level industry groups,Information media and telecommunications,SG01RSC02B01C04,2020Q1,0.0216723,2408.301
High level industry groups,Financial and insurance services,SG01RSC02B01C05,2020Q1,0.0542536,3624.936
High level industry groups,"Rental, hiring, and real estate services",SG01RSC02B01C06,2020Q1,0.1461086,8812.807
High level industry groups,"Prof, scientific, technical, admin, and support",SG01RSC02B01C07,2020Q1,0.1029891,7117.436
High level industry groups,Public administration and safety,SG01RSC02B01C08,2020Q1,0.0415549,2960.661
High level industry groups,Education and training,SG01RSC02B01C09,2020Q1,0.0426340,2408.125
High level industry groups,Health care and social assistance,SG01RSC02B01C10,2020Q1,0.0600479,3870.508
High level industry groups,"Arts, recreation, and other services",SG01RSC02B01C11,2020Q1,0.0320746,2013.849
High level industry groups,"GST, import duties, stamp duty",SG01RSC04B01UZ9,2020Q1,0.0855952,4848.359
High level industry groups,"Agriculture, forestry, and fishing",SG01RSC02B01A01,2020Q2,0.0569740,3141.855
High level industry groups,Mining,SG01RSC02B01A02,2020Q2,0.0070064,520.970
High level industry groups,Manufacturing,SG01RSC02B01B01,2020Q2,0.0938333,5227.459
High level industry groups,"Electricity, gas, water, and waste services",SG01RSC02B01B02,2020Q2,0.0257911,1670.613
High level industry groups,Construction,SG01RSC02B01B03,2020Q2,0.0727458,3401.499
High level industry groups,Wholesale trade,SG01RSC02B01C01,2020Q2,0.0484448,2821.864
High level industry groups,Retail trade and accommodation,SG01RSC02B01C02,2020Q2,0.0640489,3541.349
High level industry groups,"Transport, postal, and warehousing",SG01RSC02B01C03,2020Q2,0.0356460,2074.115
High level industry groups,Information media and telecommunications,SG01RSC02B01C04,2020Q2,0.0220899,2340.805
High level industry groups,Financial and insurance services,SG01RSC02B01C05,2020Q2,0.0550602,3686.860
High level industry groups,"Rental, hiring, and real estate services",SG01RSC02B01C06,2020Q2,0.1515827,8616.807
High level industry groups,"Prof, scientific, technical, admin, and support",SG01RSC02B01C07,2020Q2,0.1018256,6364.646
High level industry groups,Public administration and safety,SG01RSC02B01C08,2020Q2,0.0432037,2995.005
High level industry groups,Education and training,SG01RSC02B01C09,2020Q2,0.0440995,2237.365
High level industry groups,Health care and social assistance,SG01RSC02B01C10,2020Q2,0.0648094,3731.529
High level industry groups,"Arts, recreation, and other services",SG01RSC02B01C11,2020Q2,0.0304484,1511.527
High level industry groups,"GST, import duties, stamp duty",SG01RSC04B01UZ9,2020Q2,0.0823905,4170.771
High level industry groups,"Agriculture, forestry, and fishing",SG01RSC02B01A01,2020Q3,0.0569740,3441.779
High level industry groups,Mining,SG01RSC02B01A02,2020Q3,0.0070064,616.852
High level industry groups,Manufacturing,SG01RSC02B01B01,2020Q3,0.0938333,6104.665
High level industry groups,"Electricity, gas, water, and waste services",SG01RSC02B01B02,2020Q3,0.0257911,1755.768
High level industry groups,Construction,SG01RSC02B01B03,2020Q3,0.0727458,5187.518
High level industry groups,Wholesale trade,SG01RSC02B01C01,2020Q3,0.0484448,3361.292
High level industry groups,Retail trade and accommodation,SG01RSC02B01C02,2020Q3,0.0640489,4927.815
High level industry groups,"Transport, postal, and warehousing",SG01RSC02B01C03,2020Q3,0.0356460,2264.759
High level industry groups,Information media and telecommunications,SG01RSC02B01C04,2020Q3,0.0220899,2530.168
High level industry groups,Financial and insurance services,SG01RSC02B01C05,2020Q3,0.0550602,3753.686
High level industry groups,"Rental, hiring, and real estate services",SG01RSC02B01C06,2020Q3,0.1515827,8994.538
High level industry groups,"Prof, scientific, technical, admin, and support",SG01RSC02B01C07,2020Q3,0.1018256,6996.361
High level industry groups,Public administration and safety,SG01RSC02B01C08,2020Q3,0.0432037,3042.971
High level industry groups,Education and training,SG01RSC02B01C09,2020Q3,0.0440995,2376.559
High level industry groups,Health care and social assistance,SG01RSC02B01C10,2020Q3,0.0648094,3980.522
High level industry groups,"Arts, recreation, and other services",SG01RSC02B01C11,2020Q3,0.0304484,1987.687
High level industry groups,"GST, import duties, stamp duty",SG01RSC04B01UZ9,2020Q3,0.0823905,4972.855
High level industry groups,"Agriculture, forestry, and fishing",SG01RSC02B01A01,2020Q4,0.0569740,3385.279
High level industry groups,Mining,SG01RSC02B01A02,2020Q4,0.0070064,629.589
High level industry groups,Manufacturing,SG01RSC02B01B01,2020Q4,0.0938333,6067.740
High level industry groups,"Electricity, gas, water, and waste services",SG01RSC02B01B02,2020Q4,0.0257911,1770.011
High level industry groups,Construction,SG01RSC02B01B03,2020Q4,0.0727458,4747.191
High level industry groups,Wholesale trade,SG01RSC02B01C01,2020Q4,0.0484448,3309.974
High level industry groups,Retail trade and accommodation,SG01RSC02B01C02,2020Q4,0.0640489,4772.774
High level industry groups,"Transport, postal, and warehousing",SG01RSC02B01C03,2020Q4,0.0356460,2352.219
High level industry groups,Information media and telecommunications,SG01RSC02B01C04,2020Q4,0.0220899,2634.226
High level industry groups,Financial and insurance services,SG01RSC02B01C05,2020Q4,0.0550602,3791.128
High level industry groups,"Rental, hiring, and real estate services",SG01RSC02B01C06,2020Q4,0.1515827,9093.215
High level industry groups,"Prof, scientific, technical, admin, and support",SG01RSC02B01C07,2020Q4,0.1018256,7000.269
High level industry groups,Public administration and safety,SG01RSC02B01C08,2020Q4,0.0432037,3073.443
High level industry groups,Education and training,SG01RSC02B01C09,2020Q4,0.0440995,2410.274
High level industry groups,Health care and social assistance,SG01RSC02B01C10,2020Q4,0.0648094,4057.282
High level industry groups,"Arts, recreation, and other services",SG01RSC02B01C11,2020Q4,0.0304484,2124.043
High level industry groups,"GST, import duties, stamp duty",SG01RSC04B01UZ9,2020Q4,0.0823905,4811.886
High level industry groups,"Agriculture, forestry, and fishing",SG01RSC02B01A01,2021Q1,0.0569740,3410.783
High level industry groups,Mining,SG01RSC02B01A02,2021Q1,0.0070064,603.818
High level industry groups,Manufacturing,SG01RSC02B01B01,2021Q1,0.0938333,6214.228
High level industry groups,"Electricity, gas, water, and waste services",SG01RSC02B01B02,2021Q1,0.0257911,1759.865
High level industry groups,Construction,SG01RSC02B01B03,2021Q1,0.0727458,4819.180
High level industry groups,Wholesale trade,SG01RSC02B01C01,2021Q1,0.0484448,3434.594
High level industry groups,Retail trade and accommodation,SG01RSC02B01C02,2021Q1,0.0640489,4913.516
High level industry groups,"Transport, postal, and warehousing",SG01RSC02B01C03,2021Q1,0.0356460,2355.917
High level industry groups,Information media and telecommunications,SG01RSC02B01C04,2021Q1,0.0220899,2760.986
High level industry groups,Financial and insurance services,SG01RSC02B01C05,2021Q1,0.0550602,3733.283
High level industry groups,"Rental, hiring, and real estate services",SG01RSC02B01C06,2021Q1,0.1515827,9121.040
High level industry groups,"Prof, scientific, technical, admin, and support",SG01RSC02B01C07,2021Q1,0.1018256,7256.580
High level industry groups,Public administration and safety,SG01RSC02B01C08,2021Q1,0.0432037,3113.259
High level industry groups,Education and training,SG01RSC02B01C09,2021Q1,0.0440995,2481.710
High level industry groups,Health care and social assistance,SG01RSC02B01C10,2021Q1,0.0648094,4169.180
High level industry groups,"Arts, recreation, and other services",SG01RSC02B01C11,2021Q1,0.0304484,2107.155
High level industry groups,"GST, import duties, stamp duty",SG01RSC04B01UZ9,2021Q1,0.0823905,5183.669
High level industry groups,"Agriculture, forestry, and fishing",SG01RSC02B01A01,2021Q2,0.0577497,3451.873
High level industry groups,Mining,SG01RSC02B01A02,2021Q2,0.0069304,592.985
High level industry groups,Manufacturing,SG01RSC02B01B01,2021Q2,0.0869308,6287.719
High level industry groups,"Electricity, gas, water, and waste services",SG01RSC02B01B02,2021Q2,0.0263029,1770.298
High level industry groups,Construction,SG01RSC02B01B03,2021Q2,0.0662214,4543.643
High level industry groups,Wholesale trade,SG01RSC02B01C01,2021Q2,0.0533561,3517.531
High level industry groups,Retail trade and accommodation,SG01RSC02B01C02,2021Q2,0.0661594,5256.128
High level industry groups,"Transport, postal, and warehousing",SG01RSC02B01C03,2021Q2,0.0374620,2500.946
High level industry groups,Information media and telecommunications,SG01RSC02B01C04,2021Q2,0.0216457,2823.093
High level industry groups,Financial and insurance services,SG01RSC02B01C05,2021Q2,0.0554266,3728.460
High level industry groups,"Rental, hiring, and real estate services",SG01RSC02B01C06,2021Q2,0.1469717,9235.598
High level industry groups,"Prof, scientific, technical, admin, and support",SG01RSC02B01C07,2021Q2,0.1078622,7520.920
High level industry groups,Public administration and safety,SG01RSC02B01C08,2021Q2,0.0424040,3107.311
High level industry groups,Education and training,SG01RSC02B01C09,2021Q2,0.0431686,2478.759
High level industry groups,Health care and social assistance,SG01RSC02B01C10,2021Q2,0.0665548,4251.039
High level industry groups,"Arts, recreation, and other services",SG01RSC02B01C11,2021Q2,0.0304900,2215.547
High level industry groups,"GST, import duties, stamp duty",SG01RSC04B01UZ9,2021Q2,0.0843637,5086.985
High level industry groups,"Agriculture, forestry, and fishing",SG01RSC02B01A01,2021Q3,0.0577497,3268.105
High level industry groups,Mining,SG01RSC02B01A02,2021Q3,0.0069304,533.717
High level industry groups,Manufacturing,SG01RSC02B01B01,2021Q3,0.0869308,5819.469
High level industry groups,"Electricity, gas, water, and waste services",SG01RSC02B01B02,2021Q3,0.0263029,1768.812
High level industry groups,Construction,SG01RSC02B01B03,2021Q3,0.0662214,3901.302
High level industry groups,Wholesale trade,SG01RSC02B01C01,2021Q3,0.0533561,3450.499
High level industry groups,Retail trade and accommodation,SG01RSC02B01C02,2021Q3,0.0661594,4504.252
High level industry groups,"Transport, postal, and warehousing",SG01RSC02B01C03,2021Q3,0.0374620,2396.262
High level industry groups,Information media and telecommunications,SG01RSC02B01C04,2021Q3,0.0216457,2817.326
High level industry groups,Financial and insurance services,SG01RSC02B01C05,2021Q3,0.0554266,3747.202
High level industry groups,"Rental, hiring, and real estate services",SG01RSC02B01C06,2021Q3,0.1469717,9298.472
High level industry groups,"Prof, scientific, technical, admin, and support",SG01RSC02B01C07,2021Q3,0.1078622,7523.426
High level industry groups,Public administration and safety,SG01RSC02B01C08,2021Q3,0.0424040,3160.698
High level industry groups,Education and training,SG01RSC02B01C09,2021Q3,0.0431686,2344.872
High level industry groups,Health care and social assistance,SG01RSC02B01C10,2021Q3,0.0665548,4202.973
High level industry groups,"Arts, recreation, and other services",SG01RSC02B01C11,2021Q3,0.0304900,1916.538
High level industry groups,"GST, import duties, stamp duty",SG01RSC04B01UZ9,2021Q3,0.0843637,4948.836
High level industry groups,"Agriculture, forestry, and fishing",SG01RSC02B01A01,2021Q4,0.0577497,3242.460
High level industry groups,Mining,SG01RSC02B01A02,2021Q4,0.0069304,580.203
High level industry groups,Manufacturing,SG01RSC02B01B01,2021Q4,0.0869308,6189.509
High level industry groups,"Electricity, gas, water, and waste services",SG01RSC02B01B02,2021Q4,0.0263029,1794.941
High level industry groups,Construction,SG01RSC02B01B03,2021Q4,0.0662214,4215.290
High level industry groups,Wholesale trade,SG01RSC02B01C01,2021Q4,0.0533561,3629.388
High level industry groups,Retail trade and accommodation,SG01RSC02B01C02,2021Q4,0.0661594,4891.812
High level industry groups,"Transport, postal, and warehousing",SG01RSC02B01C03,2021Q4,0.0374620,2465.789
High level industry groups,Information media and telecommunications,SG01RSC02B01C04,2021Q4,0.0216457,2896.122
High level industry groups,Financial and insurance services,SG01RSC02B01C05,2021Q4,0.0554266,3739.943
High level industry groups,"Rental, hiring, and real estate services",SG01RSC02B01C06,2021Q4,0.1469717,9369.753
High level industry groups,"Prof, scientific, technical, admin, and support",SG01RSC02B01C07,2021Q4,0.1078622,7952.435
High level industry groups,Public administration and safety,SG01RSC02B01C08,2021Q4,0.0424040,3184.208
High level industry groups,Education and training,SG01RSC02B01C09,2021Q4,0.0431686,2297.241
High level industry groups,Health care and social assistance,SG01RSC02B01C10,2021Q4,0.0665548,4292.132
High level industry groups,"Arts, recreation, and other services",SG01RSC02B01C11,2021Q4,0.0304900,2014.165
High level industry groups,"GST, import duties, stamp duty",SG01RSC04B01UZ9,2021Q4,0.0843637,5097.727
High level industry groups,"Agriculture, forestry, and fishing",SG01RSC02B01A01,2022Q1,0.0577497,3271.060
High level industry groups,Mining,SG01RSC02B01A02,2022Q1,0.0069304,557.607
High level industry groups,Manufacturing,SG01RSC02B01B01,2022Q1,0.0869308,6108.235
High level industry groups,"Electricity, gas, water, and waste services",SG01RSC02B01B02,2022Q1,0.0263029,1801.541
High level industry groups,Construction,SG01RSC02B01B03,2022Q1,0.0662214,4237.375
High level industry groups,Wholesale trade,SG01RSC02B01C01,2022Q1,0.0533561,3665.872
High level industry groups,Retail trade and accommodation,SG01RSC02B01C02,2022Q1,0.0661594,4832.630
High level industry groups,"Transport, postal, and warehousing",SG01RSC02B01C03,2022Q1,0.0374620,2409.690
High level industry groups,Information media and telecommunications,SG01RSC02B01C04,2022Q1,0.0216457,2831.335
High level industry groups,Financial and insurance services,SG01RSC02B01C05,2022Q1,0.0554266,3729.838
High level industry groups,"Rental, hiring, and real estate services",SG01RSC02B01C06,2022Q1,0.1469717,9371.418
High level industry groups,"Prof, scientific, technical, admin, and support",SG01RSC02B01C07,2022Q1,0.1078622,7971.284
High level industry groups,Public administration and safety,SG01RSC02B01C08,2022Q1,0.0424040,3205.072
High level industry groups,Education and training,SG01RSC02B01C09,2022Q1,0.0431686,2393.906
High level industry groups,Health care and social assistance,SG01RSC02B01C10,2022Q1,0.0665548,4331.759
High level industry groups,"Arts, recreation, and other services",SG01RSC02B01C11,2022Q1,0.0304900,2075.081
High level industry groups,"GST, import duties, stamp duty",SG01RSC04B01UZ9,2022Q1,0.0843637,4998.940
High level industry groups,"Agriculture, forestry, and fishing",SG01RSC02B01A01,2022Q2,0.0457628,3276.951
High level industry groups,Mining,SG01RSC02B01A02,2022Q2,0.0083167,535.497
High level industry groups,Manufacturing,SG01RSC02B01B01,2022Q2,0.0891311,5737.575
High level industry groups,"Electricity, gas, water, and waste services",SG01RSC02B01B02,2022Q2,0.0252046,1775.438
High level industry groups,Construction,SG01RSC02B01B03,2022Q2,0.0736693,4397.582
High level industry groups,Wholesale trade,SG01RSC02B01C01,2022Q2,0.0499072,3695.809
High level industry groups,Retail trade and accommodation,SG01RSC02B01C02,2022Q2,0.0659775,5062.642
High level industry groups,"Transport, postal, and warehousing",SG01RSC02B01C03,2022Q2,0.0431260,2704.616
High level industry groups,Information media and telecommunications,SG01RSC02B01C04,2022Q2,0.0194627,2718.780
High level industry groups,Financial and insurance services,SG01RSC02B01C05,2022Q2,0.0604563,3843.691
High level industry groups,"Rental, hiring, and real estate services",SG01RSC02B01C06,2022Q2,0.1420483,9367.589
High level industry groups,"Prof, scientific, technical, admin, and support",SG01RSC02B01C07,2022Q2,0.1102379,8090.916
High level industry groups,Public administration and safety,SG01RSC02B01C08,2022Q2,0.0420989,3254.677
High level industry groups,Education and training,SG01RSC02B01C09,2022Q2,0.0401573,2371.307
High level industry groups,Health care and social assistance,SG01RSC02B01C10,2022Q2,0.0682157,4278.901
High level industry groups,"Arts, recreation, and other services",SG01RSC02B01C11,2022Q2,0.0323391,2197.979
High level industry groups,"GST, import duties, stamp duty",SG01RSC04B01UZ9,2022Q2,0.0838884,5241.372
High level industry groups,"Agriculture, forestry, and fishing",SG01RSC02B01A01,2022Q3,0.0457628,3312.333
High level industry groups,Mining,SG01RSC02B01A02,2022Q3,0.0083167,531.011
High level industry groups,Manufacturing,SG01RSC02B01B01,2022Q3,0.0891311,5820.904
High level industry groups,"Electricity, gas, water, and waste services",SG01RSC02B01B02,2022Q3,0.0252046,1837.707
High level industry groups,Construction,SG01RSC02B01B03,2022Q3,0.0736693,4604.531
High level industry groups,Wholesale trade,SG01RSC02B01C01,2022Q3,0.0499072,3709.496
High level industry groups,Retail trade and accommodation,SG01RSC02B01C02,2022Q3,0.0659775,4985.491
High level industry groups,"Transport, postal, and warehousing",SG01RSC02B01C03,2022Q3,0.0431260,2932.241
High level industry groups,Information media and telecommunications,SG01RSC02B01C04,2022Q3,0.0194627,2722.828
High level industry groups,Financial and insurance services,SG01RSC02B01C05,2022Q3,0.0604563,3923.847
High level industry groups,"Rental, hiring, and real estate services",SG01RSC02B01C06,2022Q3,0.1420483,9403.082
High level industry groups,"Prof, scientific, technical, admin, and support",SG01RSC02B01C07,2022Q3,0.1102379,8411.221
High level industry groups,Public administration and safety,SG01RSC02B01C08,2022Q3,0.0420989,3258.676
High level industry groups,Education and training,SG01RSC02B01C09,2022Q3,0.0401573,2367.970
High level industry groups,Health care and social assistance,SG01RSC02B01C10,2022Q3,0.0682157,4514.588
High level industry groups,"Arts, recreation, and other services",SG01RSC02B01C11,2022Q3,0.0323391,2279.092
High level industry groups,"GST, import duties, stamp duty",SG01RSC04B01UZ9,2022Q3,0.0838884,5399.100
High level industry groups,"Agriculture, forestry, and fishing",SG01RSC02B01A01,2022Q4,0.0457628,3324.777
High level industry groups,Mining,SG01RSC02B01A02,2022Q4,0.0083167,546.292
High level industry groups,Manufacturing,SG01RSC02B01B01,2022Q4,0.0891311,5703.510
High level industry groups,"Electricity, gas, water, and waste services",SG01RSC02B01B02,2022Q4,0.0252046,1834.580
High level industry groups,Construction,SG01RSC02B01B03,2022Q4,0.0736693,4714.295
High level industry groups,Wholesale trade,SG01RSC02B01C01,2022Q4,0.0499072,3694.576
High level industry groups,Retail trade and accommodation,SG01RSC02B01C02,2022Q4,0.0659775,4850.642
High level industry groups,"Transport, postal, and warehousing",SG01RSC02B01C03,2022Q4,0.0431260,2931.342
High level industry groups,Information media and telecommunications,SG01RSC02B01C04,2022Q4,0.0194627,2726.020
High level industry groups,Financial and insurance services,SG01RSC02B01C05,2022Q4,0.0604563,3893.124
High level industry groups,"Rental, hiring, and real estate services",SG01RSC02B01C06,2022Q4,0.1420483,9368.739
High level industry groups,"Prof, scientific, technical, admin, and support",SG01RSC02B01C07,2022Q4,0.1102379,8536.414
High level industry groups,Public administration and safety,SG01RSC02B01C08,2022Q4,0.0420989,3235.510
High level industry groups,Education and training,SG01RSC02B01C09,2022Q4,0.0401573,2372.698
High level industry groups,Health care and social assistance,SG01RSC02B01C10,2022Q4,0.0682157,4526.611
High level industry groups,"Arts, recreation, and other services",SG01RSC02B01C11,2022Q4,0.0323391,2182.353
High level industry groups,"GST, import duties, stamp duty",SG01RSC04B01UZ9,2022Q4,0.0838884,5313.800
High level industry groups,"Agriculture, forestry, and fishing",SG01RSC02B01A01,2023Q1,0.0457628,3354.280
High level industry groups,Mining,SG01RSC02B01A02,2023Q1,0.0083167,566.768
High level industry groups,Manufacturing,SG01RSC02B01B01,2023Q1,0.0891311,5654.786
High level industry groups,"Electricity, gas, water, and waste services",SG01RSC02B01B02,2023Q1,0.0252046,1814.480
High level industry groups,Construction,SG01RSC02B01B03,2023Q1,0.0736693,4785.453
High level industry groups,Wholesale trade,SG01RSC02B01C01,2023Q1,0.0499072,3660.885
High level industry groups,Retail trade and accommodation,SG01RSC02B01C02,2023Q1,0.0659775,4792.976
High level industry groups,"Transport, postal, and warehousing",SG01RSC02B01C03,2023Q1,0.0431260,2881.079
High level industry groups,Information media and telecommunications,SG01RSC02B01C04,2023Q1,0.0194627,2801.799
High level industry groups,Financial and insurance services,SG01RSC02B01C05,2023Q1,0.0604563,3951.508
High level industry groups,"Rental, hiring, and real estate services",SG01RSC02B01C06,2023Q1,0.1420483,9478.054
High level industry groups,"Prof, scientific, technical, admin, and support",SG01RSC02B01C07,2023Q1,0.1102379,8369.554
High level industry groups,Public administration and safety,SG01RSC02B01C08,2023Q1,0.0420989,3285.820
High level industry groups,Education and training,SG01RSC02B01C09,2023Q1,0.0401573,2334.829
High level industry groups,Health care and social assistance,SG01RSC02B01C10,2023Q1,0.0682157,4488.899
High level industry groups,"Arts, recreation, and other services",SG01RSC02B01C11,2023Q1,0.0323391,2216.632
High level industry groups,"GST, import duties, stamp duty",SG01RSC04B01UZ9,2023Q1,0.0838884,5311.469
High level industry groups,"Agriculture, forestry, and fishing",SG01RSC02B01A01,2023Q2,0.0400861,3363.232
High level industry groups,Mining,SG01RSC02B01A02,2023Q2,0.0074217,593.780
High level industry groups,Manufacturing,SG01RSC02B01B01,2023Q2,0.0826682,5693.292
High level industry groups,"Electricity, gas, water, and waste services",SG01RSC02B01B02,2023Q2,0.0266333,1838.701
High level industry groups,Construction,SG01RSC02B01B03,2023Q2,0.0776316,4950.384
High level industry groups,Wholesale trade,SG01RSC02B01C01,2023Q2,0.0453238,3660.229
High level industry groups,Retail trade and accommodation,SG01RSC02B01C02,2023Q2,0.0648117,4768.672
High level industry groups,"Transport, postal, and warehousing",SG01RSC02B01C03,2023Q2,0.0432453,2947.094
High level industry groups,Information media and telecommunications,SG01RSC02B01C04,2023Q2,0.0193471,2855.752
High level industry groups,Financial and insurance services,SG01RSC02B01C05,2023Q2,0.0630781,3976.794
High level industry groups,"Rental, hiring, and real estate services",SG01RSC02B01C06,2023Q2,0.1471707,9622.360
High level industry groups,"Prof, scientific, technical, admin, and support",SG01RSC02B01C07,2023Q2,0.1096402,8454.684
High level industry groups,Public administration and safety,SG01RSC02B01C08,2023Q2,0.0440769,3388.513
High level industry groups,Education and training,SG01RSC02B01C09,2023Q2,0.0408896,2390.675
High level industry groups,Health care and social assistance,SG01RSC02B01C10,2023Q2,0.0715712,4550.040
High level industry groups,"Arts, recreation, and other services",SG01RSC02B01C11,2023Q2,0.0331807,2250.718
High level industry groups,"GST, import duties, stamp duty",SG01RSC04B01UZ9,2023Q2,0.0832239,5327.610
High level industry groups,"Agriculture, forestry, and fishing",SG01RSC02B01A01,2023Q3,0.0400861,3414.900
High level industry groups,Mining,SG01RSC02B01A02,2023Q3,0.0074217,577.041
High level industry groups,Manufacturing,SG01RSC02B01B01,2023Q3,0.0826682,5602.035
High level industry groups,"Electricity, gas, water, and waste services",SG01RSC02B01B02,2023Q3,0.0266333,1805.696
High level industry groups,Construction,SG01RSC02B01B03,2023Q3,0.0776316,4956.461
High level industry groups,Wholesale trade,SG01RSC02B01C01,2023Q3,0.0453238,3574.724
High level industry groups,Retail trade and accommodation,SG01RSC02B01C02,2023Q3,0.0648117,4753.037
High level industry groups,"Transport, postal, and warehousing",SG01RSC02B01C03,2023Q3,0.0432453,2909.684
High level industry groups,Information media and telecommunications,SG01RSC02B01C04,2023Q3,0.0193471,2904.361
High level industry groups,Financial and insurance services,SG01RSC02B01C05,2023Q3,0.0630781,3958.842
High level industry groups,"Rental, hiring, and real estate services",SG01RSC02B01C06,2023Q3,0.1471707,9716.651
High level industry groups,"Prof, scientific, technical, admin, and support",SG01RSC02B01C07,2023Q3,0.1096402,8444.445
High level industry groups,Public administration and safety,SG01RSC02B01C08,2023Q3,0.0440769,3402.224
High level industry groups,Education and training,SG01RSC02B01C09,2023Q3,0.0408896,2432.373
High level industry groups,Health care and social assistance,SG01RSC02B01C10,2023Q3,0.0715712,4719.852
High level industry groups,"Arts, recreation, and other services",SG01RSC02B01C11,2023Q3,0.0331807,2365.937
High level industry groups,"GST, import duties, stamp duty",SG01RSC04B01UZ9,2023Q3,0.0832239,5274.556
High level industry groups,"Agriculture, forestry, and fishing",SG01RSC02B01A01,2023Q4,0.0400861,3445.513
High level industry groups,Mining,SG01RSC02B01A02,2023Q4,0.0074217,558.033
High level industry groups,Manufacturing,SG01RSC02B01B01,2023Q4,0.0826682,5651.341
High level industry groups,"Electricity, gas, water, and waste services",SG01RSC02B01B02,2023Q4,0.0266333,1806.561
High level industry groups,Construction,SG01RSC02B01B03,2023Q4,0.0776316,5000.911
High level industry groups,Wholesale trade,SG01RSC02B01C01,2023Q4,0.0453238,3494.142
High level industry groups,Retail trade and accommodation,SG01RSC02B01C02,2023Q4,0.0648117,4678.781
High level industry groups,"Transport, postal, and warehousing",SG01RSC02B01C03,2023Q4,0.0432453,2896.971
High level industry groups,Information media and telecommunications,SG01RSC02B01C04,2023Q4,0.0193471,2965.395
High level industry groups,Financial and insurance services,SG01RSC02B01C05,2023Q4,0.0630781,3960.587
High level industry groups,"Rental, hiring, and real estate services",SG01RSC02B01C06,2023Q4,0.1471707,9859.208
High level industry groups,"Prof, scientific, technical, admin, and support",SG01RSC02B01C07,2023Q4,0.1096402,8371.499
High level industry groups,Public administration and safety,SG01RSC02B01C08,2023Q4,0.0440769,3465.317
High level industry groups,Education and training,SG01RSC02B01C09,2023Q4,0.0408896,2461.583
High level industry groups,Health care and social assistance,SG01RSC02B01C10,2023Q4,0.0715712,4724.679
High level industry groups,"Arts, recreation, and other services",SG01RSC02B01C11,2023Q4,0.0331807,2220.495
High level industry groups,"GST, import duties, stamp duty",SG01RSC04B01UZ9,2023Q4,0.0832239,5290.547
High level industry groups,"Agriculture, forestry, and fishing",SG01RSC02B01A01,2024Q1,0.0400861,3471.669
High level industry groups,Mining,SG01RSC02B01A02,2024Q1,0.0074217,544.982
High level industry groups,Manufacturing,SG01RSC02B01B01,2024Q1,0.0826682,5508.646
High level industry groups,"Electricity, gas, water, and waste services",SG01RSC02B01B02,2024Q1,0.0266333,1832.745
High level industry groups,Construction,SG01RSC02B01B03,2024Q1,0.0776316,4851.963
High level industry groups,Wholesale trade,SG01RSC02B01C01,2024Q1,0.0453238,3503.252
High level industry groups,Retail trade and accommodation,SG01RSC02B01C02,2024Q1,0.0648117,4697.462
High level industry groups,"Transport, postal, and warehousing",SG01RSC02B01C03,2024Q1,0.0432453,2951.984
High level industry groups,Information media and telecommunications,SG01RSC02B01C04,2024Q1,0.0193471,2933.194
High level industry groups,Financial and insurance services,SG01RSC02B01C05,2024Q1,0.0630781,3941.578
High level industry groups,"Rental, hiring, and real estate services",SG01RSC02B01C06,2024Q1,0.1471707,9974.248
High level industry groups,"Prof, scientific, technical, admin, and support",SG01RSC02B01C07,2024Q1,0.1096402,8290.286
High level industry groups,Public administration and safety,SG01RSC02B01C08,2024Q1,0.0440769,3469.079
High level industry groups,Education and training,SG01RSC02B01C09,2024Q1,0.0408896,2498.542
High level industry groups,Health care and social assistance,SG01RSC02B01C10,2024Q1,0.0715712,4746.861
High level industry groups,"Arts, recreation, and other services",SG01RSC02B01C11,2024Q1,0.0331807,2242.435
High level industry groups,"GST, import duties, stamp duty",SG01RSC04B01UZ9,2024Q1,0.0832239,5358.488
High level industry groups,"Agriculture, forestry, and fishing",SG01RSC02B01A01,2024Q2,0.0400861,3586.552
High level industry groups,Mining,SG01RSC02B01A02,2024Q2,0.0074217,521.099
High level industry groups,Manufacturing,SG01RSC02B01B01,2024Q2,0.0826682,5639.492
High level industry groups,"Electricity, gas, water, and waste services",SG01RSC02B01B02,2024Q2,0.0266333,1800.646
High level industry groups,Construction,SG01RSC02B01B03,2024Q2,0.0776316,4727.162
High level industry groups,Wholesale trade,SG01RSC02B01C01,2024Q2,0.0453238,3444.626
High level industry groups,Retail trade and accommodation,SG01RSC02B01C02,2024Q2,0.0648117,4635.401
High level industry groups,"Transport, postal, and warehousing",SG01RSC02B01C03,2024Q2,0.0432453,2916.162
High level industry groups,Information media and telecommunications,SG01RSC02B01C04,2024Q2,0.0193471,2927.163
High level industry groups,Financial and insurance services,SG01RSC02B01C05,2024Q2,0.0630781,3981.556
High level industry groups,"Rental, hiring, and real estate services",SG01RSC02B01C06,2024Q2,0.1471707,9954.737
High level industry groups,"Prof, scientific, technical, admin, and support",SG01RSC02B01C07,2024Q2,0.1096402,8264.736
High level industry groups,Public administration and safety,SG01RSC02B01C08,2024Q2,0.0440769,3421.741
High level industry groups,Education and training,SG01RSC02B01C09,2024Q2,0.0408896,2523.189
High level industry groups,Health care and social assistance,SG01RSC02B01C10,2024Q2,0.0715712,4788.842
High level industry groups,"Arts, recreation, and other services",SG01RSC02B01C11,2024Q2,0.0331807,2236.683
High level industry groups,"GST, import duties, stamp duty",SG01RSC04B01UZ9,2024Q2,0.0832239,5252.796
High level industry groups,"Agriculture, forestry, and fishing",SG01RSC02B01A01,2024Q3,0.0400861,3571.797
High level industry groups,Mining,SG01RSC02B01A02,2024Q3,0.0074217,505.768
High level industry groups,Manufacturing,SG01RSC02B01B01,2024Q3,0.0826682,5517.444
High level industry groups,"Electricity, gas, water, and waste services",SG01RSC02B01B02,2024Q3,0.0266333,1724.413
High level industry groups,Construction,SG01RSC02B01B03,2024Q3,0.0776316,4552.516
High level industry groups,Wholesale trade,SG01RSC02B01C01,2024Q3,0.0453238,3417.658
High level industry groups,Retail trade and accommodation,SG01RSC02B01C02,2024Q3,0.0648117,4598.622
High level industry groups,"Transport, postal, and warehousing",SG01RSC02B01C03,2024Q3,0.0432453,2881.282
High level industry groups,Information media and telecommunications,SG01RSC02B01C04,2024Q3,0.0193471,2941.015
High level industry groups,Financial and insurance services,SG01RSC02B01C05,2024Q3,0.0630781,3987.537
High level industry groups,"Rental, hiring, and real estate services",SG01RSC02B01C06,2024Q3,0.1471707,10059.894
High level industry groups,"Prof, scientific, technical, admin, and support",SG01RSC02B01C07,2024Q3,0.1096402,8120.341
High level industry groups,Public administration and safety,SG01RSC02B01C08,2024Q3,0.0440769,3363.833
High level industry groups,Education and training,SG01RSC02B01C09,2024Q3,0.0408896,2536.497
High level industry groups,Health care and social assistance,SG01RSC02B01C10,2024Q3,0.0715712,4728.214
High level industry groups,"Arts, recreation, and other services",SG01RSC02B01C11,2024Q3,0.0331807,2178.104
High level industry groups,"GST, import duties, stamp duty",SG01RSC04B01UZ9,2024Q3,0.0832239,5151.896
High level industry groups,"Agriculture, forestry, and fishing",SG01RSC02B01A01,2024Q4,0.0400861,3599.871
High level industry groups,Mining,SG01RSC02B01A02,2024Q4,0.0074217,497.714
High level industry groups,Manufacturing,SG01RSC02B01B01,2024Q4,0.0826682,5470.917
High level industry groups,"Electricity, gas, water, and waste services",SG01RSC02B01B02,2024Q4,0.0266333,1757.386
High level industry groups,Construction,SG01RSC02B01B03,2024Q4,0.0776316,4365.378
High level industry groups,Wholesale trade,SG01RSC02B01C01,2024Q4,0.0453238,3430.338
High level industry groups,Retail trade and accommodation,SG01RSC02B01C02,2024Q4,0.0648117,4691.997
High level industry groups,"Transport, postal, and warehousing",SG01RSC02B01C03,2024Q4,0.0432453,2932.602
High level industry groups,Information media and telecommunications,SG01RSC02B01C04,2024Q4,0.0193471,2864.005
High level industry groups,Financial and insurance services,SG01RSC02B01C05,2024Q4,0.0630781,4000.132
High level industry groups,"Rental, hiring, and real estate services",SG01RSC02B01C06,2024Q4,0.1471707,10137.068
High level industry groups,"Prof, scientific, technical, admin, and support",SG01RSC02B01C07,2024Q4,0.1096402,8101.380
High level industry groups,Public administration and safety,SG01RSC02B01C08,2024Q4,0.0440769,3358.237
High level industry groups,Education and training,SG01RSC02B01C09,2024Q4,0.0408896,2538.466
High level industry groups,Health care and social assistance,SG01RSC02B01C10,2024Q4,0.0715712,4797.962
High level industry groups,"Arts, recreation, and other services",SG01RSC02B01C11,2024Q4,0.0331807,2206.623
High level industry groups,"GST, import duties, stamp duty",SG01RSC04B01UZ9,2024Q4,0.0832239,5130.086
High level industry groups,"Agriculture, forestry, and fishing",SG01RSC02B01A01,2025Q1,0.0400861,3622.711
High level industry groups,Mining,SG01RSC02B01A02,2025Q1,0.0074217,499.743
High level industry groups,Manufacturing,SG01RSC02B01B01,2025Q1,0.0826682,5602.615
High level industry groups,"Electricity, gas, water, and waste services",SG01RSC02B01B02,2025Q1,0.0266333,1747.914
High level industry groups,Construction,SG01RSC02B01B03,2025Q1,0.0776316,4442.545
High level industry groups,Wholesale trade,SG01RSC02B01C01,2025Q1,0.0453238,3422.444
High level industry groups,Retail trade and accommodation,SG01RSC02B01C02,2025Q1,0.0648117,4704.465
High level industry groups,"Transport, postal, and warehousing",SG01RSC02B01C03,2025Q1,0.0432453,2945.847
High level industry groups,Information media and telecommunications,SG01RSC02B01C04,2025Q1,0.0193471,2839.386
High level industry groups,Financial and insurance services,SG01RSC02B01C05,2025Q1,0.0630781,3969.306
High level industry groups,"Rental, hiring, and real estate services",SG01RSC02B01C06,2025Q1,0.1471707,10158.744
High level industry groups,"Prof, scientific, technical, admin, and support",SG01RSC02B01C07,2025Q1,0.1096402,8274.747
High level industry groups,Public administration and safety,SG01RSC02B01C08,2025Q1,0.0440769,3353.818
High level industry groups,Education and training,SG01RSC02B01C09,2025Q1,0.0408896,2529.098
High level industry groups,Health care and social assistance,SG01RSC02B01C10,2025Q1,0.0715712,4859.142
High level industry groups,"Arts, recreation, and other services",SG01RSC02B01C11,2025Q1,0.0331807,2156.093
High level industry groups,"GST, import duties, stamp duty",SG01RSC04B01UZ9,2025Q1,0.0832239,5256.124
High level industry groups,"Agriculture, forestry, and fishing",SG01RSC02B01A01,2025Q2,0.0400861,3624.841
High level industry groups,Mining,SG01RSC02B01A02,2025Q2,0.0074217,482.093
High level industry groups,Manufacturing,SG01RSC02B01B01,2025Q2,0.0826682,5385.789
High level industry groups,"Electricity, gas, water, and waste services",SG01RSC02B01B02,2025Q2,0.0266333,1759.026
High level industry groups,Construction,SG01RSC02B01B03,2025Q2,0.0776316,4315.511
High level industry groups,Wholesale trade,SG01RSC02B01C01,2025Q2,0.0453238,3473.258
High level industry groups,Retail trade and accommodation,SG01RSC02B01C02,2025Q2,0.0648117,4705.872
High level industry groups,"Transport, postal, and warehousing",SG01RSC02B01C03,2025Q2,0.0432453,2891.318
High level industry groups,Information media and telecommunications,SG01RSC02B01C04,2025Q2,0.0193471,2877.846
High level industry groups,Financial and insurance services,SG01RSC02B01C05,2025Q2,0.0630781,3953.311
High level industry groups,"Rental, hiring, and real estate services",SG01RSC02B01C06,2025Q2,0.1471707,10194.994
High level industry groups,"Prof, scientific, technical, admin, and support",SG01RSC02B01C07,2025Q2,0.1096402,8235.696
High level industry groups,Public administration and safety,SG01RSC02B01C08,2025Q2,0.0440769,3379.388
High level industry groups,Education and training,SG01RSC02B01C09,2025Q2,0.0408896,2522.524
High level industry groups,Health care and social assistance,SG01RSC02B01C10,2025Q2,0.0715712,4819.688
High level industry groups,"Arts, recreation, and other services",SG01RSC02B01C11,2025Q2,0.0331807,2141.923
High level industry groups,"GST, import duties, stamp duty",SG01RSC04B01UZ9,2025Q2,0.0832239,5198.584
High level industry groups,"Agriculture, forestry, and fishing",SG01RSC02B01A01,2025Q3,0.0400861,3661.532
High level industry groups,Mining,SG01RSC02B01A02,2025Q3,0.0074217,485.540
High level industry groups,Manufacturing,SG01RSC02B01B01,2025Q3,0.0826682,5502.145
High level industry groups,"Electricity, gas, water, and waste services",SG01RSC02B01B02,2025Q3,0.0266333,1800.254
High level industry groups,Construction,SG01RSC02B01B03,2025Q3,0.0776316,4389.115
High level industry groups,Wholesale trade,SG01RSC02B01C01,2025Q3,0.0453238,3528.879
High level industry groups,Retail trade and accommodation,SG01RSC02B01C02,2025Q3,0.0648117,4760.053
High level industry groups,"Transport, postal, and warehousing",SG01RSC02B01C03,2025Q3,0.0432453,2908.912
High level industry groups,Information media and telecommunications,SG01RSC02B01C04,2025Q3,0.0193471,2816.977
High level industry groups,Financial and insurance services,SG01RSC02B01C05,2025Q3,0.0630781,3965.136
High level industry groups,"Rental, hiring, and real estate services",SG01RSC02B01C06,2025Q3,0.1471707,10230.935
High level industry groups,"Prof, scientific, technical, admin, and support",SG01RSC02B01C07,2025Q3,0.1096402,8371.332
High level industry groups,Public administration and safety,SG01RSC02B01C08,2025Q3,0.0440769,3446.307
High level industry groups,Education and training,SG01RSC02B01C09,2025Q3,0.0408896,2518.573
High level industry groups,Health care and social assistance,SG01RSC02B01C10,2025Q3,0.0715712,4840.180
High level industry groups,"Arts, recreation, and other services",SG01RSC02B01C11,2025Q3,0.0331807,2166.381
High level industry groups,"GST, import duties, stamp duty",SG01RSC04B01UZ9,2025Q3,0.0832239,5336.091
Industry aggregates,Primary industries,SG01RSC02B01A99,1987Q2,0.0749834,2239.502
Industry aggregates,Goods producing industries,SG01RSC02B01B99,1987Q2,0.2737501,7191.500
Industry aggregates,Services industries,SG01RSC02B01C99,1987Q2,0.5832236,16752.395
Industry aggregates,Unallocated taxes,SG01RSC04B01UZ9,1987Q2,0.0680429,1781.153
Industry aggregates,Primary industries,SG01RSC02B01A99,1987Q3,0.0749834,2250.869
Industry aggregates,Goods producing industries,SG01RSC02B01B99,1987Q3,0.2737501,7137.330
Industry aggregates,Services industries,SG01RSC02B01C99,1987Q3,0.5832236,16891.534
Industry aggregates,Unallocated taxes,SG01RSC04B01UZ9,1987Q3,0.0680429,1803.761
Industry aggregates,Primary industries,SG01RSC02B01A99,1987Q4,0.0749834,2475.601
Industry aggregates,Goods producing industries,SG01RSC02B01B99,1987Q4,0.2737501,7102.784
Industry aggregates,Services industries,SG01RSC02B01C99,1987Q4,0.5832236,16873.566
Industry aggregates,Unallocated taxes,SG01RSC04B01UZ9,1987Q4,0.0680429,1825.991
Industry aggregates,Primary industries,SG01RSC02B01A99,1988Q1,0.0749834,2509.627
Industry aggregates,Goods producing industries,SG01RSC02B01B99,1988Q1,0.2737501,7082.853
Industry aggregates,Services industries,SG01RSC02B01C99,1988Q1,0.5832236,16875.563
Industry aggregates,Unallocated taxes,SG01RSC04B01UZ9,1988Q1,0.0680429,1742.538
Industry aggregates,Primary industries,SG01RSC02B01A99,1988Q2,0.0776311,2473.480
Industry aggregates,Goods producing industries,SG01RSC02B01B99,1988Q2,0.2651645,7072.201
Industry aggregates,Services industries,SG01RSC02B01C99,1988Q2,0.5983859,16855.681
Industry aggregates,Unallocated taxes,SG01RSC04B01UZ9,1988Q2,0.0588185,1706.650
Industry aggregates,Primary industries,SG01RSC02B01A99,1988Q3,0.0776311,2399.919
Industry aggregates,Goods producing industries,SG01RSC02B01B99,1988Q3,0.2651645,6994.113
Industry aggregates,Services industries,SG01RSC02B01C99,1988Q3,0.5983859,16907.066
Industry aggregates,Unallocated taxes,SG01RSC04B01UZ9,1988Q3,0.0588185,1756.889
Industry aggregates,Primary industries,SG01RSC02B01A99,1988Q4,0.0776311,2179.692
Industry aggregates,Goods producing industries,SG01RSC02B01B99,1988Q4,0.2651645,6948.754
Industry aggregates,Services industries,SG01RSC02B01C99,1988Q4,0.5983859,16982.323
Industry aggregates,Unallocated taxes,SG01RSC04B01UZ9,1988Q4,0.0588185,1755.387
Industry aggregates,Primary industries,SG01RSC02B01A99,1989Q1,0.0776311,2326.916
Industry aggregates,Goods producing industries,SG01RSC02B01B99,1989Q1,0.2651645,7017.183
Industry aggregates,Services industries,SG01RSC02B01C99,1989Q1,0.5983859,17104.584
Industry aggregates,Unallocated taxes,SG01RSC04B01UZ9,1989Q1,0.0588185,1853.394
Industry aggregates,Primary industries,SG01RSC02B01A99,1989Q2,0.0797027,2131.568
Industry aggregates,Goods producing industries,SG01RSC02B01B99,1989Q2,0.2650370,7138.585
Industry aggregates,Services industries,SG01RSC02B01C99,1989Q2,0.5858552,17188.806
Industry aggregates,Unallocated taxes,SG01RSC04B01UZ9,1989Q2,0.0694051,1900.571
Industry aggregates,Primary industries,SG01RSC02B01A99,1989Q3,0.0797027,2180.425
Industry aggregates,Goods producing industries,SG01RSC02B01B99,1989Q3,0.2650370,7015.358
Industry aggregates,Services industries,SG01RSC02B01C99,1989Q3,0.5858552,16960.966
Industry aggregates,Unallocated taxes,SG01RSC04B01UZ9,1989Q3,0.0694051,1847.385
Industry aggregates,Primary industries,SG01RSC02B01A99,1989Q4,0.0797027,2125.159
Industry aggregates,Goods producing industries,SG01RSC02B01B99,1989Q4,0.2650370,7006.711
Industry aggregates,Services industries,SG01RSC02B01C99,1989Q4,0.5858552,16979.082
Industry aggregates,Unallocated taxes,SG01RSC04B01UZ9,1989Q4,0.0694051,1845.903
Industry aggregates,Primary industries,SG01RSC02B01A99,1990Q1,0.0797027,2206.969
Industry aggregates,Goods producing industries,SG01RSC02B01B99,1990Q1,0.2650370,6889.561
Industry aggregates,Services industries,SG01RSC02B01C99,1990Q1,0.5858552,17024.214
Industry aggregates,Unallocated taxes,SG01RSC04B01UZ9,1990Q1,0.0694051,1876.530
Industry aggregates,Primary industries,SG01RSC02B01A99,1990Q2,0.0758701,2353.369
Industry aggregates,Goods producing industries,SG01RSC02B01B99,1990Q2,0.2493728,6825.676
Industry aggregates,Services industries,SG01RSC02B01C99,1990Q2,0.6033665,16982.557
Industry aggregates,Unallocated taxes,SG01RSC04B01UZ9,1990Q2,0.0713906,1870.079
Industry aggregates,Primary industries,SG01RSC02B01A99,1990Q3,0.0758701,2512.583
Industry aggregates,Goods producing industries,SG01RSC02B01B99,1990Q3,0.2493728,6719.935
Industry aggregates,Services industries,SG01RSC02B01C99,1990Q3,0.6033665,17094.202
Industry aggregates,Unallocated taxes,SG01RSC04B01UZ9,1990Q3,0.0713906,1884.286
Industry aggregates,Primary industries,SG01RSC02B01A99,1990Q4,0.0758701,2653.731
Industry aggregates,Goods producing industries,SG01RSC02B01B99,1990Q4,0.2493728,6730.855
Industry aggregates,Services industries,SG01RSC02B01C99,1990Q4,0.6033665,17121.261
Industry aggregates,Unallocated taxes,SG01RSC04B01UZ9,1990Q4,0.0713906,1879.979
Industry aggregates,Primary industries,SG01RSC02B01A99,1991Q1,0.0758701,2572.652
Industry aggregates,Goods producing industries,SG01RSC02B01B99,1991Q1,0.2493728,6469.983
Industry aggregates,Services industries,SG01RSC02B01C99,1991Q1,0.6033665,17019.535
Industry aggregates,Unallocated taxes,SG01RSC04B01UZ9,1991Q1,0.0713906,1816.478
Industry aggregates,Primary industries,SG01RSC02B01A99,1991Q2,0.0836989,2650.649
Industry aggregates,Goods producing industries,SG01RSC02B01B99,1991Q2,0.2450591,6260.650
Industry aggregates,Services industries,SG01RSC02B01C99,1991Q2,0.6006451,17003.229
Industry aggregates,Unallocated taxes,SG01RSC04B01UZ9,1991Q2,0.0705969,1794.937
Industry aggregates,Primary industries,SG01RSC02B01A99,1991Q3,0.0836989,2643.939
Industry aggregates,Goods producing industries,SG01RSC02B01B99,1991Q3,0.2450591,6354.365
Industry aggregates,Services industries,SG01RSC02B01C99,1991Q3,0.6006451,16972.089
Industry aggregates,Unallocated taxes,SG01RSC04B01UZ9,1991Q3,0.0705969,1801.105
Industry aggregates,Primary industries,SG01RSC02B01A99,1991Q4,0.0836989,2526.401
Industry aggregates,Goods producing industries,SG01RSC02B01B99,1991Q4,0.2450591,6461.374
Industry aggregates,Services industries,SG01RSC02B01C99,1991Q4,0.6006451,17144.390
Industry aggregates,Unallocated taxes,SG01RSC04B01UZ9,1991Q4,0.0705969,1825.152
Industry aggregates,Primary industries,SG01RSC02B01A99,1992Q1,0.0836989,2523.256
Industry aggregates,Goods producing industries,SG01RSC02B01B99,1992Q1,0.2450591,6554.836
Industry aggregates,Services industries,SG01RSC02B01C99,1992Q1,0.6006451,17129.235
Industry aggregates,Unallocated taxes,SG01RSC04B01UZ9,1992Q1,0.0705969,1870.276
Industry aggregates,Primary industries,SG01RSC02B01A99,1992Q2,0.0823840,2426.040
Industry aggregates,Goods producing industries,SG01RSC02B01B99,1992Q2,0.2443816,6542.001
Industry aggregates,Services industries,SG01RSC02B01C99,1992Q2,0.6025137,17209.467
Industry aggregates,Unallocated taxes,SG01RSC04B01UZ9,1992Q2,0.0707207,1823.959
Industry aggregates,Primary industries,SG01RSC02B01A99,1992Q3,0.0823840,2277.982
Industry aggregates,Goods producing industries,SG01RSC02B01B99,1992Q3,0.2443816,6383.498
Industry aggregates,Services industries,SG01RSC02B01C99,1992Q3,0.6025137,17251.837
Industry aggregates,Unallocated taxes,SG01RSC04B01UZ9,1992Q3,0.0707207,1839.889
Industry aggregates,Primary industries,SG01RSC02B01A99,1992Q4,0.0823840,2246.851
Industry aggregates,Goods producing industries,SG01RSC02B01B99,1992Q4,0.2443816,6593.728
Industry aggregates,Services industries,SG01RSC02B01C99,1992Q4,0.6025137,17453.024
Industry aggregates,Unallocated taxes,SG01RSC04B01UZ9,1992Q4,0.0707207,1867.243
Industry aggregates,Primary industries,SG01RSC02B01A99,1993Q1,0.0823840,2361.086
Industry aggregates,Goods producing industries,SG01RSC02B01B99,1993Q1,0.2443816,6756.957
Industry aggregates,Services industries,SG01RSC02B01C99,1993Q1,0.6025137,17645.201
Industry aggregates,Unallocated taxes,SG01RSC04B01UZ9,1993Q1,0.0707207,1869.243
Industry aggregates,Primary industries,SG01RSC02B01A99,1993Q2,0.0870138,2526.981
Industry aggregates,Goods producing industries,SG01RSC02B01B99,1993Q2,0.2458959,6892.558
Industry aggregates,Services industries,SG01RSC02B01C99,1993Q2,0.5965444,17923.448
Industry aggregates,Unallocated taxes,SG01RSC04B01UZ9,1993Q2,0.0705460,1912.753
Industry aggregates,Primary industries,SG01RSC02B01A99,1993Q3,0.0870138,2636.999
Industry aggregates,Goods producing industries,SG01RSC02B01B99,1993Q3,0.2458959,7115.443
Industry aggregates,Services industries,SG01RSC02B01C99,1993Q3,0.5965444,18103.135
Industry aggregates,Unallocated taxes,SG01RSC04B01UZ9,1993Q3,0.0705460,1948.471
Industry aggregates,Primary industries,SG01RSC02B01A99,1993Q4,0.0870138,2715.717
Industry aggregates,Goods producing industries,SG01RSC02B01B99,1993Q4,0.2458959,6997.869
Industry aggregates,Services industries,SG01RSC02B01C99,1993Q4,0.5965444,18313.144
Industry aggregates,Unallocated taxes,SG01RSC04B01UZ9,1993Q4,0.0705460,1990.322
Industry aggregates,Primary industries,SG01RSC02B01A99,1994Q1,0.0870138,2725.468
Industry aggregates,Goods producing industries,SG01RSC02B01B99,1994Q1,0.2458959,7095.730
Industry aggregates,Services industries,SG01RSC02B01C99,1994Q1,0.5965444,18749.279
Industry aggregates,Unallocated taxes,SG01RSC04B01UZ9,1994Q1,0.0705460,2019.303
Industry aggregates,Primary industries,SG01RSC02B01A99,1994Q2,0.0771968,2575.909
Industry aggregates,Goods producing industries,SG01RSC02B01B99,1994Q2,0.2532535,7243.150
Industry aggregates,Services industries,SG01RSC02B01C99,1994Q2,0.5957015,18810.161
Industry aggregates,Unallocated taxes,SG01RSC04B01UZ9,1994Q2,0.0738481,2081.765
Industry aggregates,Primary industries,SG01RSC02B01A99,1994Q3,0.0771968,2649.817
Industry aggregates,Goods producing industries,SG01RSC02B01B99,1994Q3,0.2532535,7554.560
Industry aggregates,Services industries,SG01RSC02B01C99,1994Q3,0.5957015,18897.635
Industry aggregates,Unallocated taxes,SG01RSC04B01UZ9,1994Q3,0.0738481,2127.780
Industry aggregates,Primary industries,SG01RSC02B01A99,1994Q4,0.0771968,2650.189
Industry aggregates,Goods producing industries,SG01RSC02B01B99,1994Q4,0.2532535,7618.640
Industry aggregates,Services industries,SG01RSC02B01C99,1994Q4,0.5957015,19231.030
Industry aggregates,Unallocated taxes,SG01RSC04B01UZ9,1994Q4,0.0738481,2158.684
Industry aggregates,Primary industries,SG01RSC02B01A99,1995Q1,0.0771968,2618.823
Industry aggregates,Goods producing industries,SG01RSC02B01B99,1995Q1,0.2532535,7695.030
Industry aggregates,Services industries,SG01RSC02B01C99,1995Q1,0.5957015,19632.266
Industry aggregates,Unallocated taxes,SG01RSC04B01UZ9,1995Q1,0.0738481,2185.057
Industry aggregates,Primary industries,SG01RSC02B01A99,1995Q2,0.0757182,2729.941
Industry aggregates,Goods producing industries,SG01RSC02B01B99,1995Q2,0.2460201,7710.287
Industry aggregates,Services industries,SG01RSC02B01C99,1995Q2,0.6043260,19828.404
Industry aggregates,Unallocated taxes,SG01RSC04B01UZ9,1995Q2,0.0739358,2190.710
Industry aggregates,Primary industries,SG01RSC02B01A99,1995Q3,0.0757182,2785.232
Industry aggregates,Goods producing industries,SG01RSC02B01B99,1995Q3,0.2460201,7627.743
Industry aggregates,Services industries,SG01RSC02B01C99,1995Q3,0.6043260,20141.654
Industry aggregates,Unallocated taxes,SG01RSC04B01UZ9,1995Q3,0.0739358,2212.300
Industry aggregates,Primary industries,SG01RSC02B01A99,1995Q4,0.0757182,2790.681
Industry aggregates,Goods producing industries,SG01RSC02B01B99,1995Q4,0.2460201,7740.708
Industry aggregates,Services industries,SG01RSC02B01C99,1995Q4,0.6043260,20252.518
Industry aggregates,Unallocated taxes,SG01RSC04B01UZ9,1995Q4,0.0739358,2227.461
Industry aggregates,Primary industries,SG01RSC02B01A99,1996Q1,0.0757182,2873.067
Industry aggregates,Goods producing industries,SG01RSC02B01B99,1996Q1,0.2460201,7820.695
Industry aggregates,Services industries,SG01RSC02B01C99,1996Q1,0.6043260,20537.081
Industry aggregates,Unallocated taxes,SG01RSC04B01UZ9,1996Q1,0.0739358,2296.045
Industry aggregates,Primary industries,SG01RSC02B01A99,1996Q2,0.0767280,2895.988
Industry aggregates,Goods producing industries,SG01RSC02B01B99,1996Q2,0.2382671,7868.791
Industry aggregates,Services industries,SG01RSC02B01C99,1996Q2,0.6104095,20618.815
Industry aggregates,Unallocated taxes,SG01RSC04B01UZ9,1996Q2,0.0745954,2339.106
Industry aggregates,Primary industries,SG01RSC02B01A99,1996Q3,0.0767280,3053.602
Industry aggregates,Goods producing industries,SG01RSC02B01B99,1996Q3,0.2382671,7833.338
Industry aggregates,Services industries,SG01RSC02B01C99,1996Q3,0.6104095,20747.313
Industry aggregates,Unallocated taxes,SG01RSC04B01UZ9,1996Q3,0.0745954,2354.321
Industry aggregates,Primary industries,SG01RSC02B01A99,1996Q4,0.0767280,3164.775
Industry aggregates,Goods producing industries,SG01RSC02B01B99,1996Q4,0.2382671,7931.909
Industry aggregates,Services industries,SG01RSC02B01C99,1996Q4,0.6104095,20968.285
Industry aggregates,Unallocated taxes,SG01RSC04B01UZ9,1996Q4,0.0745954,2365.416
Industry aggregates,Primary industries,SG01RSC02B01A99,1997Q1,0.0767280,3248.304
Industry aggregates,Goods producing industries,SG01RSC02B01B99,1997Q1,0.2382671,7854.565
Industry aggregates,Services industries,SG01RSC02B01C99,1997Q1,0.6104095,20946.432
Industry aggregates,Unallocated taxes,SG01RSC04B01UZ9,1997Q1,0.0745954,2352.912
Industry aggregates,Primary industries,SG01RSC02B01A99,1997Q2,0.0726902,3270.635
Industry aggregates,Goods producing industries,SG01RSC02B01B99,1997Q2,0.2362091,7989.659
Industry aggregates,Services industries,SG01RSC02B01C99,1997Q2,0.6178022,21304.706
Industry aggregates,Unallocated taxes,SG01RSC04B01UZ9,1997Q2,0.0732985,2409.351
Industry aggregates,Primary industries,SG01RSC02B01A99,1997Q3,0.0726902,3138.463
Industry aggregates,Goods producing industries,SG01RSC02B01B99,1997Q3,0.2362091,7992.505
Industry aggregates,Services industries,SG01RSC02B01C99,1997Q3,0.6178022,21397.098
Industry aggregates,Unallocated taxes,SG01RSC04B01UZ9,1997Q3,0.0732985,2376.637
Industry aggregates,Primary industries,SG01RSC02B01A99,1997Q4,0.0726902,3097.181
Industry aggregates,Goods producing industries,SG01RSC02B01B99,1997Q4,0.2362091,7946.411
Industry aggregates,Services industries,SG01RSC02B01C99,1997Q4,0.6178022,21437.730
Industry aggregates,Unallocated taxes,SG01RSC04B01UZ9,1997Q4,0.0732985,2382.774
Industry aggregates,Primary industries,SG01RSC02B01A99,1998Q1,0.0726902,2926.421
Industry aggregates,Goods producing industries,SG01RSC02B01B99,1998Q1,0.2362091,7960.139
Industry aggregates,Services industries,SG01RSC02B01C99,1998Q1,0.6178022,21417.657
Industry aggregates,Unallocated taxes,SG01RSC04B01UZ9,1998Q1,0.0732985,2397.513
Industry aggregates,Primary industries,SG01RSC02B01A99,1998Q2,0.0701433,3025.311
Industry aggregates,Goods producing industries,SG01RSC02B01B99,1998Q2,0.2274269,7902.502
Industry aggregates,Services industries,SG01RSC02B01C99,1998Q2,0.6326666,21463.228
Industry aggregates,Unallocated taxes,SG01RSC04B01UZ9,1998Q2,0.0697631,2415.326
Industry aggregates,Primary industries,SG01RSC02B01A99,1998Q3,0.0701433,2942.343
Industry aggregates,Goods producing industries,SG01RSC02B01B99,1998Q3,0.2274269,7792.474
Industry aggregates,Services industries,SG01RSC02B01C99,1998Q3,0.6326666,21653.935
Industry aggregates,Unallocated taxes,SG01RSC04B01UZ9,1998Q3,0.0697631,2427.082
Industry aggregates,Primary industries,SG01RSC02B01A99,1998Q4,0.0701433,3001.080
Industry aggregates,Goods producing industries,SG01RSC02B01B99,1998Q4,0.2274269,7723.374
Industry aggregates,Services industries,SG01RSC02B01C99,1998Q4,0.6326666,22071.437
Industry aggregates,Unallocated taxes,SG01RSC04B01UZ9,1998Q4,0.0697631,2477.774
Industry aggregates,Primary industries,SG01RSC02B01A99,1999Q1,0.0701433,2985.578
Industry aggregates,Goods producing industries,SG01RSC02B01B99,1999Q1,0.2274269,7851.996
Industry aggregates,Services industries,SG01RSC02B01C99,1999Q1,0.6326666,22316.087
Industry aggregates,Unallocated taxes,SG01RSC04B01UZ9,1999Q1,0.0697631,2524.038
Industry aggregates,Primary industries,SG01RSC02B01A99,1999Q2,0.0733342,2934.608
Industry aggregates,Goods producing industries,SG01RSC02B01B99,1999Q2,0.2300006,7816.273
Industry aggregates,Services industries,SG01RSC02B01C99,1999Q2,0.6270331,22477.371
Industry aggregates,Unallocated taxes,SG01RSC04B01UZ9,1999Q2,0.0696322,2548.371
Industry aggregates,Primary industries,SG01RSC02B01A99,1999Q3,0.0733342,3122.968
Industry aggregates,Goods producing industries,SG01RSC02B01B99,1999Q3,0.2300006,8121.770
Industry aggregates,Services industries,SG01RSC02B01C99,1999Q3,0.6270331,23041.271
Industry aggregates,Unallocated taxes,SG01RSC04B01UZ9,1999Q3,0.0696322,2602.073
Industry aggregates,Primary industries,SG01RSC02B01A99,1999Q4,0.0733342,3099.271
Industry aggregates,Goods producing industries,SG01RSC02B01B99,1999Q4,0.2300006,8353.341
Industry aggregates,Services industries,SG01RSC02B01C99,1999Q4,0.6270331,23322.307
Industry aggregates,Unallocated taxes,SG01RSC04B01UZ9,1999Q4,0.0696322,2617.691
Industry aggregates,Primary industries,SG01RSC02B01A99,2000Q1,0.0733342,3170.601
Industry aggregates,Goods producing industries,SG01RSC02B01B99,2000Q1,0.2300006,8616.287
Industry aggregates,Services industries,SG01RSC02B01C99,2000Q1,0.6270331,23507.545
Industry aggregates,Unallocated taxes,SG01RSC04B01UZ9,2000Q1,0.0696322,2649.292
Industry aggregates,Primary industries,SG01RSC02B01A99,2000Q2,0.0890626,3092.095
Industry aggregates,Goods producing industries,SG01RSC02B01B99,2000Q2,0.2243688,8299.500
Industry aggregates,Services industries,SG01RSC02B01C99,2000Q2,0.6181093,23763.743
Industry aggregates,Unallocated taxes,SG01RSC04B01UZ9,2000Q2,0.0684593,2619.901
Industry aggregates,Primary industries,SG01RSC02B01A99,2000Q3,0.0890626,3219.260
Industry aggregates,Goods producing industries,SG01RSC02B01B99,2000Q3,0.2243688,8366.518
Industry aggregates,Services industries,SG01RSC02B01C99,2000Q3,0.6181093,23813.325
Industry aggregates,Unallocated taxes,SG01RSC04B01UZ9,2000Q3,0.0684593,2632.630
Industry aggregates,Primary industries,SG01RSC02B01A99,2000Q4,0.0890626,3231.206
Industry aggregates,Goods producing industries,SG01RSC02B01B99,2000Q4,0.2243688,8365.044
Industry aggregates,Services industries,SG01RSC02B01C99,2000Q4,0.6181093,23959.575
Industry aggregates,Unallocated taxes,SG01RSC04B01UZ9,2000Q4,0.0684593,2610.484
Industry aggregates,Primary industries,SG01RSC02B01A99,2001Q1,0.0890626,3182.638
Industry aggregates,Goods producing industries,SG01RSC02B01B99,2001Q1,0.2243688,8209.891
Industry aggregates,Services industries,SG01RSC02B01C99,2001Q1,0.6181093,24269.802
Industry aggregates,Unallocated taxes,SG01RSC04B01UZ9,2001Q1,0.0684593,2610.940
Industry aggregates,Primary industries,SG01RSC02B01A99,2001Q2,0.0908685,3169.265
Industry aggregates,Goods producing industries,SG01RSC02B01B99,2001Q2,0.2200464,8458.429
Industry aggregates,Services industries,SG01RSC02B01C99,2001Q2,0.6211840,24581.185
Industry aggregates,Unallocated taxes,SG01RSC04B01UZ9,2001Q2,0.0679010,2678.052
Industry aggregates,Primary industries,SG01RSC02B01A99,2001Q3,0.0908685,3148.739
Industry aggregates,Goods producing industries,SG01RSC02B01B99,2001Q3,0.2200464,8341.929
Industry aggregates,Services industries,SG01RSC02B01C99,2001Q3,0.6211840,24967.476
Industry aggregates,Unallocated taxes,SG01RSC04B01UZ9,2001Q3,0.0679010,2686.301
Industry aggregates,Primary industries,SG01RSC02B01A99,2001Q4,0.0908685,3079.583
Industry aggregates,Goods producing industries,SG01RSC02B01B99,2001Q4,0.2200464,8467.620
Industry aggregates,Services industries,SG01RSC02B01C99,2001Q4,0.6211840,25333.450
Industry aggregates,Unallocated taxes,SG01RSC04B01UZ9,2001Q4,0.0679010,2753.648
Industry aggregates,Primary industries,SG01RSC02B01A99,2002Q1,0.0908685,3086.461
Industry aggregates,Goods producing industries,SG01RSC02B01B99,2002Q1,0.2200464,8427.937
Industry aggregates,Services industries,SG01RSC02B01C99,2002Q1,0.6211840,25710.317
Industry aggregates,Unallocated taxes,SG01RSC04B01UZ9,2002Q1,0.0679010,2766.797
Industry aggregates,Primary industries,SG01RSC02B01A99,2002Q2,0.0694552,3128.878
Industry aggregates,Goods producing industries,SG01RSC02B01B99,2002Q2,0.2276533,8734.475
Industry aggregates,Services industries,SG01RSC02B01C99,2002Q2,0.6320679,26022.257
Industry aggregates,Unallocated taxes,SG01RSC04B01UZ9,2002Q2,0.0708237,2804.138
Industry aggregates,Primary industries,SG01RSC02B01A99,2002Q3,0.0694552,3052.927
Industry aggregates,Goods producing industries,SG01RSC02B01B99,2002Q3,0.2276533,9157.464
Industry aggregates,Services industries,SG01RSC02B01C99,2002Q3,0.6320679,26011.897
Industry aggregates,Unallocated taxes,SG01RSC04B01UZ9,2002Q3,0.0708237,2904.475
Industry aggregates,Primary industries,SG01RSC02B01A99,2002Q4,0.0694552,3112.802
Industry aggregates,Goods producing industries,SG01RSC02B01B99,2002Q4,0.2276533,9173.525
Industry aggregates,Services industries,SG01RSC02B01C99,2002Q4,0.6320679,26094.348
Industry aggregates,Unallocated taxes,SG01RSC04B01UZ9,2002Q4,0.0708237,2950.195
Industry aggregates,Primary industries,SG01RSC02B01A99,2003Q1,0.0694552,3127.692
Industry aggregates,Goods producing industries,SG01RSC02B01B99,2003Q1,0.2276533,9270.981
Industry aggregates,Services industries,SG01RSC02B01C99,2003Q1,0.6320679,26384.419
Industry aggregates,Unallocated taxes,SG01RSC04B01UZ9,2003Q1,0.0708237,2984.748
Industry aggregates,Primary industries,SG01RSC02B01A99,2003Q2,0.0664548,3179.950
Industry aggregates,Goods producing industries,SG01RSC02B01B99,2003Q2,0.2234159,9177.615
Industry aggregates,Services industries,SG01RSC02B01C99,2003Q2,0.6390533,26643.213
Industry aggregates,Unallocated taxes,SG01RSC04B01UZ9,2003Q2,0.0710760,3052.266
Industry aggregates,Primary industries,SG01RSC02B01A99,2003Q3,0.0664548,3360.915
Industry aggregates,Goods producing industries,SG01RSC02B01B99,2003Q3,0.2234159,9425.122
Industry aggregates,Services industries,SG01RSC02B01C99,2003Q3,0.6390533,27098.712
Industry aggregates,Unallocated taxes,SG01RSC04B01UZ9,2003Q3,0.0710760,3100.370
Industry aggregates,Primary industries,SG01RSC02B01A99,2003Q4,0.0664548,3341.474
Industry aggregates,Goods producing industries,SG01RSC02B01B99,2003Q4,0.2234159,9489.248
Industry aggregates,Services industries,SG01RSC02B01C99,2003Q4,0.6390533,27497.163
Industry aggregates,Unallocated taxes,SG01RSC04B01UZ9,2003Q4,0.0710760,3150.831
Industry aggregates,Primary industries,SG01RSC02B01A99,2004Q1,0.0664548,3394.283
Industry aggregates,Goods producing industries,SG01RSC02B01B99,2004Q1,0.2234159,9766.516
Industry aggregates,Services industries,SG01RSC02B01C99,2004Q1,0.6390533,27896.065
Industry aggregates,Unallocated taxes,SG01RSC04B01UZ9,2004Q1,0.0710760,3226.233
Industry aggregates,Primary industries,SG01RSC02B01A99,2004Q2,0.0635748,3360.625
Industry aggregates,Goods producing industries,SG01RSC02B01B99,2004Q2,0.2256044,9832.492
Industry aggregates,Services industries,SG01RSC02B01C99,2004Q2,0.6389070,28125.195
Industry aggregates,Unallocated taxes,SG01RSC04B01UZ9,2004Q2,0.0719137,3259.494
Industry aggregates,Primary industries,SG01RSC02B01A99,2004Q3,0.0635748,3180.267
Industry aggregates,Goods producing industries,SG01RSC02B01B99,2004Q3,0.2256044,9898.588
Industry aggregates,Services industries,SG01RSC02B01C99,2004Q3,0.6389070,28354.220
Industry aggregates,Unallocated taxes,SG01RSC04B01UZ9,2004Q3,0.0719137,3280.275
Industry aggregates,Primary industries,SG01RSC02B01A99,2004Q4,0.0635748,3185.497
Industry aggregates,Goods producing industries,SG01RSC02B01B99,2004Q4,0.2256044,9866.579
Industry aggregates,Services industries,SG01RSC02B01C99,2004Q4,0.6389070,28739.580
Industry aggregates,Unallocated taxes,SG01RSC04B01UZ9,2004Q4,0.0719137,3288.308
Industry aggregates,Primary industries,SG01RSC02B01A99,2005Q1,0.0635748,3266.435
Industry aggregates,Goods producing industries,SG01RSC02B01B99,2005Q1,0.2256044,9832.268
Industry aggregates,Services industries,SG01RSC02B01C99,2005Q1,0.6389070,29026.590
Industry aggregates,Unallocated taxes,SG01RSC04B01UZ9,2005Q1,0.0719137,3329.602
Industry aggregates,Primary industries,SG01RSC02B01A99,2005Q2,0.0562220,3329.622
Industry aggregates,Goods producing industries,SG01RSC02B01B99,2005Q2,0.2283756,10010.905
Industry aggregates,Services industries,SG01RSC02B01C99,2005Q2,0.6430713,29455.807
Industry aggregates,Unallocated taxes,SG01RSC04B01UZ9,2005Q2,0.0723310,3369.631
Industry aggregates,Primary industries,SG01RSC02B01A99,2005Q3,0.0562220,3369.624
Industry aggregates,Goods producing industries,SG01RSC02B01B99,2005Q3,0.2283756,9995.609
Industry aggregates,Services industries,SG01RSC02B01C99,2005Q3,0.6430713,29662.078
Industry aggregates,Unallocated taxes,SG01RSC04B01UZ9,2005Q3,0.0723310,3377.964
Industry aggregates,Primary industries,SG01RSC02B01A99,2005Q4,0.0562220,3377.763
Industry aggregates,Goods producing industries,SG01RSC02B01B99,2005Q4,0.2283756,9886.056
Industry aggregates,Services industries,SG01RSC02B01C99,2005Q4,0.6430713,29679.728
Industry aggregates,Unallocated taxes,SG01RSC04B01UZ9,2005Q4,0.0723310,3388.288
Industry aggregates,Primary industries,SG01RSC02B01A99,2006Q1,0.0562220,3493.958
Industry aggregates,Goods producing industries,SG01RSC02B01B99,2006Q1,0.2283756,10078.831
Industry aggregates,Services industries,SG01RSC02B01C99,2006Q1,0.6430713,29938.473
Industry aggregates,Unallocated taxes,SG01RSC04B01UZ9,2006Q1,0.0723310,3461.743
Industry aggregates,Primary industries,SG01RSC02B01A99,2006Q2,0.0617631,3459.731
Industry aggregates,Goods producing industries,SG01RSC02B01B99,2006Q2,0.2180279,10019.012
Industry aggregates,Services industries,SG01RSC02B01C99,2006Q2,0.6433170,30151.023
Industry aggregates,Unallocated taxes,SG01RSC04B01UZ9,2006Q2,0.0768920,3421.536
Industry aggregates,Primary industries,SG01RSC02B01A99,2006Q3,0.0617631,3431.395
Industry aggregates,Goods producing industries,SG01RSC02B01B99,2006Q3,0.2180279,9795.968
Industry aggregates,Services industries,SG01RSC02B01C99,2006Q3,0.6433170,30678.060
Industry aggregates,Unallocated taxes,SG01RSC04B01UZ9,2006Q3,0.0768920,3502.926
Industry aggregates,Primary industries,SG01RSC02B01A99,2006Q4,0.0617631,3414.789
Industry aggregates,Goods producing industries,SG01RSC02B01B99,2006Q4,0.2180279,10074.105
Industry aggregates,Services industries,SG01RSC02B01C99,2006Q4,0.6433170,31015.252
Industry aggregates,Unallocated taxes,SG01RSC04B01UZ9,2006Q4,0.0768920,3518.762
Industry aggregates,Primary industries,SG01RSC02B01A99,2007Q1,0.0617631,3299.004
Industry aggregates,Goods producing industries,SG01RSC02B01B99,2007Q1,0.2180279,10124.575
Industry aggregates,Services industries,SG01RSC02B01C99,2007Q1,0.6433170,31522.347
Industry aggregates,Unallocated taxes,SG01RSC04B01UZ9,2007Q1,0.0768920,3633.586
Industry aggregates,Primary industries,SG01RSC02B01A99,2007Q2,0.0809898,3264.666
Industry aggregates,Goods producing industries,SG01RSC02B01B99,2007Q2,0.2093853,10249.364
Industry aggregates,Services industries,SG01RSC02B01C99,2007Q2,0.6340454,31634.144
Industry aggregates,Unallocated taxes,SG01RSC04B01UZ9,2007Q2,0.0755795,3644.750
Industry aggregates,Primary industries,SG01RSC02B01A99,2007Q3,0.0809898,3494.114
Industry aggregates,Goods producing industries,SG01RSC02B01B99,2007Q3,0.2093853,10242.127
Industry aggregates,Services industries,SG01RSC02B01C99,2007Q3,0.6340454,31836.580
Industry aggregates,Unallocated taxes,SG01RSC04B01UZ9,2007Q3,0.0755795,3659.452
Industry aggregates,Primary industries,SG01RSC02B01A99,2007Q4,0.0809898,3678.311
Industry aggregates,Goods producing industries,SG01RSC02B01B99,2007Q4,0.2093853,10276.466
Industry aggregates,Services industries,SG01RSC02B01C99,2007Q4,0.6340454,31995.051
Industry aggregates,Unallocated taxes,SG01RSC04B01UZ9,2007Q4,0.0755795,3674.212
Industry aggregates,Primary industries,SG01RSC02B01A99,2008Q1,0.0809898,3583.858
Industry aggregates,Goods producing industries,SG01RSC02B01B99,2008Q1,0.2093853,10096.952
Industry aggregates,Services industries,SG01RSC02B01C99,2008Q1,0.6340454,32011.323
Industry aggregates,Unallocated taxes,SG01RSC04B01UZ9,2008Q1,0.0755795,3631.821
Industry aggregates,Primary industries,SG01RSC02B01A99,2008Q2,0.0723327,3578.445
Industry aggregates,Goods producing industries,SG01RSC02B01B99,2008Q2,0.2118616,9945.572
Industry aggregates,Services industries,SG01RSC02B01C99,2008Q2,0.6418325,31957.668
Industry aggregates,Unallocated taxes,SG01RSC04B01UZ9,2008Q2,0.0739731,3592.901
Industry aggregates,Primary industries,SG01RSC02B01A99,2008Q3,0.0723327,3697.614
Industry aggregates,Goods producing industries,SG01RSC02B01B99,2008Q3,0.2118616,9878.520
Industry aggregates,Services industries,SG01RSC02B01C99,2008Q3,0.6418325,31791.476
Industry aggregates,Unallocated taxes,SG01RSC04B01UZ9,2008Q3,0.0739731,3554.465
Industry aggregates,Primary industries,SG01RSC02B01A99,2008Q4,0.0723327,3699.748
Industry aggregates,Goods producing industries,SG01RSC02B01B99,2008Q4,0.2118616,9374.796
Industry aggregates,Services industries,SG01RSC02B01C99,2008Q4,0.6418325,31855.862
Industry aggregates,Unallocated taxes,SG01RSC04B01UZ9,2008Q4,0.0739731,3532.934
Industry aggregates,Primary industries,SG01RSC02B01A99,2009Q1,0.0723327,3748.738
Industry aggregates,Goods producing industries,SG01RSC02B01B99,2009Q1,0.2118616,9296.058
Industry aggregates,Services industries,SG01RSC02B01C99,2009Q1,0.6418325,31580.991
Industry aggregates,Unallocated taxes,SG01RSC04B01UZ9,2009Q1,0.0739731,3470.955
Industry aggregates,Primary industries,SG01RSC02B01A99,2009Q2,0.0785844,3775.359
Industry aggregates,Goods producing industries,SG01RSC02B01B99,2009Q2,0.1947047,9326.425
Industry aggregates,Services industries,SG01RSC02B01C99,2009Q2,0.6538721,31693.935
Industry aggregates,Unallocated taxes,SG01RSC04B01UZ9,2009Q2,0.0728389,3529.666
Industry aggregates,Primary industries,SG01RSC02B01A99,2009Q3,0.0785844,3949.493
Industry aggregates,Goods producing industries,SG01RSC02B01B99,2009Q3,0.1947047,9304.239
Industry aggregates,Services industries,SG01RSC02B01C99,2009Q3,0.6538721,31652.571
Industry aggregates,Unallocated taxes,SG01RSC04B01UZ9,2009Q3,0.0728389,3562.940
Industry aggregates,Primary industries,SG01RSC02B01A99,2009Q4,0.0785844,3801.309
Industry aggregates,Goods producing industries,SG01RSC02B01B99,2009Q4,0.1947047,9629.115
Industry aggregates,Services industries,SG01RSC02B01C99,2009Q4,0.6538721,31850.579
Industry aggregates,Unallocated taxes,SG01RSC04B01UZ9,2009Q4,0.0728389,3532.646
Industry aggregates,Primary industries,SG01RSC02B01A99,2010Q1,0.0785844,3779.780
Industry aggregates,Goods producing industries,SG01RSC02B01B99,2010Q1,0.1947047,9662.998
Industry aggregates,Services industries,SG01RSC02B01C99,2010Q1,0.6538721,32158.091
Industry aggregates,Unallocated taxes,SG01RSC04B01UZ9,2010Q1,0.0728389,3564.489
Industry aggregates,Primary industries,SG01RSC02B01A99,2010Q2,0.0862424,3573.967
Industry aggregates,Goods producing industries,SG01RSC02B01B99,2010Q2,0.1932101,9696.331
Industry aggregates,Services industries,SG01RSC02B01C99,2010Q2,0.6423668,32365.249
Industry aggregates,Unallocated taxes,SG01RSC04B01UZ9,2010Q2,0.0781806,3615.836
Industry aggregates,Primary industries,SG01RSC02B01A99,2010Q3,0.0862424,3477.527
Industry aggregates,Goods producing industries,SG01RSC02B01B99,2010Q3,0.1932101,9496.873
Industry aggregates,Services industries,SG01RSC02B01C99,2010Q3,0.6423668,32781.193
Industry aggregates,Unallocated taxes,SG01RSC04B01UZ9,2010Q3,0.0781806,3538.913
Industry aggregates,Primary industries,SG01RSC02B01A99,2010Q4,0.0862424,3445.812
Industry aggregates,Goods producing industries,SG01RSC02B01B99,2010Q4,0.1932101,9670.577
Industry aggregates,Services industries,SG01RSC02B01C99,2010Q4,0.6423668,32626.252
Industry aggregates,Unallocated taxes,SG01RSC04B01UZ9,2010Q4,0.0781806,3621.645
Industry aggregates,Primary industries,SG01RSC02B01A99,2011Q1,0.0862424,3510.942
Industry aggregates,Goods producing industries,SG01RSC02B01B99,2011Q1,0.1932101,9563.260
Industry aggregates,Services industries,SG01RSC02B01C99,2011Q1,0.6423668,32996.320
Industry aggregates,Unallocated taxes,SG01RSC04B01UZ9,2011Q1,0.0781806,3629.521
Industry aggregates,Primary industries,SG01RSC02B01A99,2011Q2,0.0815678,3660.230
Industry aggregates,Goods producing industries,SG01RSC02B01B99,2011Q2,0.1920712,9514.698
Industry aggregates,Services industries,SG01RSC02B01C99,2011Q2,0.6429229,33241.622
Industry aggregates,Unallocated taxes,SG01RSC04B01UZ9,2011Q2,0.0834381,3516.074
Industry aggregates,Primary industries,SG01RSC02B01A99,2011Q3,0.0815678,3695.735
Industry aggregates,Goods producing industries,SG01RSC02B01B99,2011Q3,0.1920712,9582.985
Industry aggregates,Services industries,SG01RSC02B01C99,2011Q3,0.6429229,33467.816
Industry aggregates,Unallocated taxes,SG01RSC04B01UZ9,2011Q3,0.0834381,3675.263
Industry aggregates,Primary industries,SG01RSC02B01A99,2011Q4,0.0815678,3727.782
Industry aggregates,Goods producing industries,SG01RSC02B01B99,2011Q4,0.1920712,9403.765
Industry aggregates,Services industries,SG01RSC02B01C99,2011Q4,0.6429229,33644.972
Industry aggregates,Unallocated taxes,SG01RSC04B01UZ9,2011Q4,0.0834381,3701.532
Industry aggregates,Primary industries,SG01RSC02B01A99,2012Q1,0.0815678,3845.875
Industry aggregates,Goods producing industries,SG01RSC02B01B99,2012Q1,0.1920712,9558.419
Industry aggregates,Services industries,SG01RSC02B01C99,2012Q1,0.6429229,33803.521
Industry aggregates,Unallocated taxes,SG01RSC04B01UZ9,2012Q1,0.0834381,3643.158
Industry aggregates,Primary industries,SG01RSC02B01A99,2012Q2,0.0722502,3952.327
Industry aggregates,Goods producing industries,SG01RSC02B01B99,2012Q2,0.1936875,9672.966
Industry aggregates,Services industries,SG01RSC02B01C99,2012Q2,0.6499341,33938.297
Industry aggregates,Unallocated taxes,SG01RSC04B01UZ9,2012Q2,0.0841282,3762.140
Industry aggregates,Primary industries,SG01RSC02B01A99,2012Q3,0.0722502,3853.305
Industry aggregates,Goods producing industries,SG01RSC02B01B99,2012Q3,0.1936875,9720.810
Industry aggregates,Services industries,SG01RSC02B01C99,2012Q3,0.6499341,34033.297
Industry aggregates,Unallocated taxes,SG01RSC04B01UZ9,2012Q3,0.0841282,3721.256
Industry aggregates,Primary industries,SG01RSC02B01A99,2012Q4,0.0722502,3834.912
Industry aggregates,Goods producing industries,SG01RSC02B01B99,2012Q4,0.1936875,9883.425
Industry aggregates,Services industries,SG01RSC02B01C99,2012Q4,0.6499341,34387.040
Industry aggregates,Unallocated taxes,SG01RSC04B01UZ9,2012Q4,0.0841282,3734.182
Industry aggregates,Primary industries,SG01RSC02B01A99,2013Q1,0.0722502,3746.393
Industry aggregates,Goods producing industries,SG01RSC02B01B99,2013Q1,0.1936875,9884.235
Industry aggregates,Services industries,SG01RSC02B01C99,2013Q1,0.6499341,34432.222
Industry aggregates,Unallocated taxes,SG01RSC04B01UZ9,2013Q1,0.0841282,3811.690
Industry aggregates,Primary industries,SG01RSC02B01A99,2013Q2,0.0856953,3642.300
Industry aggregates,Goods producing industries,SG01RSC02B01B99,2013Q2,0.1880000,9784.713
Industry aggregates,Services industries,SG01RSC02B01C99,2013Q2,0.6442730,34947.126
Industry aggregates,Unallocated taxes,SG01RSC04B01UZ9,2013Q2,0.0820317,3809.908
Industry aggregates,Primary industries,SG01RSC02B01A99,2013Q3,0.0856953,3829.698
Industry aggregates,Goods producing industries,SG01RSC02B01B99,2013Q3,0.1880000,9779.585
Industry aggregates,Services industries,SG01RSC02B01C99,2013Q3,0.6442730,35238.738
Industry aggregates,Unallocated taxes,SG01RSC04B01UZ9,2013Q3,0.0820317,3851.025
Industry aggregates,Primary industries,SG01RSC02B01A99,2013Q4,0.0856953,3819.379
Industry aggregates,Goods producing industries,SG01RSC02B01B99,2013Q4,0.1880000,9894.707
Industry aggregates,Services industries,SG01RSC02B01C99,2013Q4,0.6442730,35387.669
Industry aggregates,Unallocated taxes,SG01RSC04B01UZ9,2013Q4,0.0820317,3900.869
Industry aggregates,Primary industries,SG01RSC02B01A99,2014Q1,0.0856953,4020.423
Industry aggregates,Goods producing industries,SG01RSC02B01B99,2014Q1,0.1880000,10104.297
Industry aggregates,Services industries,SG01RSC02B01C99,2014Q1,0.6442730,35632.737
Industry aggregates,Unallocated taxes,SG01RSC04B01UZ9,2014Q1,0.0820317,3935.357
Industry aggregates,Primary industries,SG01RSC02B01A99,2014Q2,0.0625062,3935.551
Industry aggregates,Goods producing industries,SG01RSC02B01B99,2014Q2,0.1997799,10179.850
Industry aggregates,Services industries,SG01RSC02B01C99,2014Q2,0.6550932,36052.363
Industry aggregates,Unallocated taxes,SG01RSC04B01UZ9,2014Q2,0.0826207,3917.585
Industry aggregates,Primary industries,SG01RSC02B01A99,2014Q3,0.0625062,4054.302
Industry aggregates,Goods producing industries,SG01RSC02B01B99,2014Q3,0.1997799,10324.547
Industry aggregates,Services industries,SG01RSC02B01C99,2014Q3,0.6550932,36260.866
Industry aggregates,Unallocated taxes,SG01RSC04B01UZ9,2014Q3,0.0826207,4044.109
Industry aggregates,Primary industries,SG01RSC02B01A99,2014Q4,0.0625062,4094.575
Industry aggregates,Goods producing industries,SG01RSC02B01B99,2014Q4,0.1997799,10339.082
Industry aggregates,Services industries,SG01RSC02B01C99,2014Q4,0.6550932,36761.926
Industry aggregates,Unallocated taxes,SG01RSC04B01UZ9,2014Q4,0.0826207,4035.077
Industry aggregates,Primary industries,SG01RSC02B01A99,2015Q1,0.0625062,4013.390
Industry aggregates,Goods producing industries,SG01RSC02B01B99,2015Q1,0.1997799,10445.904
Industry aggregates,Services industries,SG01RSC02B01C99,2015Q1,0.6550932,37011.797
Industry aggregates,Unallocated taxes,SG01RSC04B01UZ9,2015Q1,0.0826207,4104.344
Industry aggregates,Primary industries,SG01RSC02B01A99,2015Q2,0.0540145,4083.990
Industry aggregates,Goods producing industries,SG01RSC02B01B99,2015Q2,0.2028889,10567.358
Industry aggregates,Services industries,SG01RSC02B01C99,2015Q2,0.6594450,37225.732
Industry aggregates,Unallocated taxes,SG01RSC04B01UZ9,2015Q2,0.0836516,4184.120
Industry aggregates,Primary industries,SG01RSC02B01A99,2015Q3,0.0540145,4075.722
Industry aggregates,Goods producing industries,SG01RSC02B01B99,2015Q3,0.2028889,10675.512
Industry aggregates,Services industries,SG01RSC02B01C99,2015Q3,0.6594450,37679.821
Industry aggregates,Unallocated taxes,SG01RSC04B01UZ9,2015Q3,0.0836516,4219.319
Industry aggregates,Primary industries,SG01RSC02B01A99,2015Q4,0.0540145,4051.157
Industry aggregates,Goods producing industries,SG01RSC02B01B99,2015Q4,0.2028889,10828.636
Industry aggregates,Services industries,SG01RSC02B01C99,2015Q4,0.6594450,38053.377
Industry aggregates,Unallocated taxes,SG01RSC04B01UZ9,2015Q4,0.0836516,4276.624
Industry aggregates,Primary industries,SG01RSC02B01A99,2016Q1,0.0540145,4074.201
Industry aggregates,Goods producing industries,SG01RSC02B01B99,2016Q1,0.2028889,10965.704
Industry aggregates,Services industries,SG01RSC02B01C99,2016Q1,0.6594450,38539.173
Industry aggregates,Unallocated taxes,SG01RSC04B01UZ9,2016Q1,0.0836516,4301.994
Industry aggregates,Primary industries,SG01RSC02B01A99,2016Q2,0.0646392,4083.912
Industry aggregates,Goods producing industries,SG01RSC02B01B99,2016Q2,0.1927512,11045.197
Industry aggregates,Services industries,SG01RSC02B01C99,2016Q2,0.6563475,38806.390
Industry aggregates,Unallocated taxes,SG01RSC04B01UZ9,2016Q2,0.0862621,4404.542
Industry aggregates,Primary industries,SG01RSC02B01A99,2016Q3,0.0646392,4042.991
Industry aggregates,Goods producing industries,SG01RSC02B01B99,2016Q3,0.1927512,11203.572
Industry aggregates,Services industries,SG01RSC02B01C99,2016Q3,0.6563475,39257.537
Industry aggregates,Unallocated taxes,SG01RSC04B01UZ9,2016Q3,0.0862621,4444.508
Industry aggregates,Primary industries,SG01RSC02B01A99,2016Q4,0.0646392,3984.907
Industry aggregates,Goods producing industries,SG01RSC02B01B99,2016Q4,0.1927512,11170.377
Industry aggregates,Services industries,SG01RSC02B01C99,2016Q4,0.6563475,39562.140
Industry aggregates,Unallocated taxes,SG01RSC04B01UZ9,2016Q4,0.0862621,4436.242
Industry aggregates,Primary industries,SG01RSC02B01A99,2017Q1,0.0646392,4049.977
Industry aggregates,Goods producing industries,SG01RSC02B01B99,2017Q1,0.1927512,11218.085
Industry aggregates,Services industries,SG01RSC02B01C99,2017Q1,0.6563475,39956.802
Industry aggregates,Unallocated taxes,SG01RSC04B01UZ9,2017Q1,0.0862621,4511.888
Industry aggregates,Primary industries,SG01RSC02B01A99,2017Q2,0.0689130,3889.857
Industry aggregates,Goods producing industries,SG01RSC02B01B99,2017Q2,0.1957823,11391.220
Industry aggregates,Services industries,SG01RSC02B01C99,2017Q2,0.6504142,40343.145
Industry aggregates,Unallocated taxes,SG01RSC04B01UZ9,2017Q2,0.0848905,4508.086
Industry aggregates,Primary industries,SG01RSC02B01A99,2017Q3,0.0689130,3859.273
Industry aggregates,Goods producing industries,SG01RSC02B01B99,2017Q3,0.1957823,11620.641
Industry aggregates,Services industries,SG01RSC02B01C99,2017Q3,0.6504142,40648.116
Industry aggregates,Unallocated taxes,SG01RSC04B01UZ9,2017Q3,0.0848905,4560.696
Industry aggregates,Primary industries,SG01RSC02B01A99,2017Q4,0.0689130,3894.993
Industry aggregates,Goods producing industries,SG01RSC02B01B99,2017Q4,0.1957823,11635.709
Industry aggregates,Services industries,SG01RSC02B01C99,2017Q4,0.6504142,41148.191
Industry aggregates,Unallocated taxes,SG01RSC04B01UZ9,2017Q4,0.0848905,4685.039
Industry aggregates,Primary industries,SG01RSC02B01A99,2018Q1,0.0689130,3909.888
Industry aggregates,Goods producing industries,SG01RSC02B01B99,2018Q1,0.1957823,11661.180
Industry aggregates,Services industries,SG01RSC02B01C99,2018Q1,0.6504142,41495.717
Industry aggregates,Unallocated taxes,SG01RSC04B01UZ9,2018Q1,0.0848905,4688.804
Industry aggregates,Primary industries,SG01RSC02B01A99,2018Q2,0.0664604,3972.829
Industry aggregates,Goods producing industries,SG01RSC02B01B99,2018Q2,0.1942984,11843.935
Industry aggregates,Services industries,SG01RSC02B01C99,2018Q2,0.6548319,41947.727
Industry aggregates,Unallocated taxes,SG01RSC04B01UZ9,2018Q2,0.0844093,4747.470
Industry aggregates,Primary industries,SG01RSC02B01A99,2018Q3,0.0664604,4061.263
Industry aggregates,Goods producing industries,SG01RSC02B01B99,2018Q3,0.1942984,11737.141
Industry aggregates,Services industries,SG01RSC02B01C99,2018Q3,0.6548319,42058.994
Industry aggregates,Unallocated taxes,SG01RSC04B01UZ9,2018Q3,0.0844093,4745.997
Industry aggregates,Primary industries,SG01RSC02B01A99,2018Q4,0.0664604,4072.935
Industry aggregates,Goods producing industries,SG01RSC02B01B99,2018Q4,0.1942984,11881.027
Industry aggregates,Services industries,SG01RSC02B01C99,2018Q4,0.6548319,42350.148
Industry aggregates,Unallocated taxes,SG01RSC04B01UZ9,2018Q4,0.0844093,4809.500
Industry aggregates,Primary industries,SG01RSC02B01A99,2019Q1,0.0664604,4045.293
Industry aggregates,Goods producing industries,SG01RSC02B01B99,2019Q1,0.1942984,12224.361
Industry aggregates,Services industries,SG01RSC02B01C99,2019Q1,0.6548319,42673.075
Industry aggregates,Unallocated taxes,SG01RSC04B01UZ9,2019Q1,0.0844093,4810.296
Industry aggregates,Primary industries,SG01RSC02B01A99,2019Q2,0.0657774,3975.766
Industry aggregates,Goods producing industries,SG01RSC02B01B99,2019Q2,0.1946042,12159.812
Industry aggregates,Services industries,SG01RSC02B01C99,2019Q2,0.6540232,43086.714
Industry aggregates,Unallocated taxes,SG01RSC04B01UZ9,2019Q2,0.0855952,4785.994
Industry aggregates,Primary industries,SG01RSC02B01A99,2019Q3,0.0657774,3964.610
Industry aggregates,Goods producing industries,SG01RSC02B01B99,2019Q3,0.1946042,12246.870
Industry aggregates,Services industries,SG01RSC02B01C99,2019Q3,0.6540232,43513.574
Industry aggregates,Unallocated taxes,SG01RSC04B01UZ9,2019Q3,0.0855952,4930.377
Industry aggregates,Primary industries,SG01RSC02B01A99,2019Q4,0.0657774,3938.019
Industry aggregates,Goods producing industries,SG01RSC02B01B99,2019Q4,0.1946042,12311.734
Industry aggregates,Services industries,SG01RSC02B01C99,2019Q4,0.6540232,43730.393
Industry aggregates,Unallocated taxes,SG01RSC04B01UZ9,2019Q4,0.0855952,4976.576
Industry aggregates,Primary industries,SG01RSC02B01A99,2020Q1,0.0657774,3922.329
Industry aggregates,Goods producing industries,SG01RSC02B01B99,2020Q1,0.1946042,12052.279
Industry aggregates,Services industries,SG01RSC02B01C99,2020Q1,0.6540232,43449.728
Industry aggregates,Unallocated taxes,SG01RSC04B01UZ9,2020Q1,0.0855952,4848.359
Industry aggregates,Primary industries,SG01RSC02B01A99,2020Q2,0.0639804,3747.023
Industry aggregates,Goods producing industries,SG01RSC02B01B99,2020Q2,0.1923701,10269.613
Industry aggregates,Services industries,SG01RSC02B01C99,2020Q2,0.6612590,39817.825
Industry aggregates,Unallocated taxes,SG01RSC04B01UZ9,2020Q2,0.0823905,4170.771
Industry aggregates,Primary industries,SG01RSC02B01A99,2020Q3,0.0639804,4140.623
Industry aggregates,Goods producing industries,SG01RSC02B01B99,2020Q3,0.1923701,13020.921
Industry aggregates,Services industries,SG01RSC02B01C99,2020Q3,0.6612590,44013.900
Industry aggregates,Unallocated taxes,SG01RSC04B01UZ9,2020Q3,0.0823905,4972.855
Industry aggregates,Primary industries,SG01RSC02B01A99,2020Q4,0.0639804,4090.485
Industry aggregates,Goods producing industries,SG01RSC02B01B99,2020Q4,0.1923701,12556.714
Industry aggregates,Services industries,SG01RSC02B01C99,2020Q4,0.6612590,44411.125
Industry aggregates,Unallocated taxes,SG01RSC04B01UZ9,2020Q4,0.0823905,4811.886
Industry aggregates,Primary industries,SG01RSC02B01A99,2021Q1,0.0639804,4097.565
Industry aggregates,Goods producing industries,SG01RSC02B01B99,2021Q1,0.1923701,12766.320
Industry aggregates,Services industries,SG01RSC02B01C99,2021Q1,0.6612590,45185.799
Industry aggregates,Unallocated taxes,SG01RSC04B01UZ9,2021Q1,0.0823905,5183.669
Industry aggregates,Primary industries,SG01RSC02B01A99,2021Q2,0.0646801,4133.690
Industry aggregates,Goods producing industries,SG01RSC02B01B99,2021Q2,0.1794551,12571.865
Industry aggregates,Services industries,SG01RSC02B01C99,2021Q2,0.6715011,46336.381
Industry aggregates,Unallocated taxes,SG01RSC04B01UZ9,2021Q2,0.0843637,5086.985
Industry aggregates,Primary industries,SG01RSC02B01A99,2021Q3,0.0646801,3893.052
Industry aggregates,Goods producing industries,SG01RSC02B01B99,2021Q3,0.1794551,11450.859
Industry aggregates,Services industries,SG01RSC02B01C99,2021Q3,0.6715011,45079.225
Industry aggregates,Unallocated taxes,SG01RSC04B01UZ9,2021Q3,0.0843637,4948.836
Industry aggregates,Primary industries,SG01RSC02B01A99,2021Q4,0.0646801,3899.933
Industry aggregates,Goods producing industries,SG01RSC02B01B99,2021Q4,0.1794551,12165.769
Industry aggregates,Services industries,SG01RSC02B01C99,2021Q4,0.6715011,46376.018
Industry aggregates,Unallocated taxes,SG01RSC04B01UZ9,2021Q4,0.0843637,5097.727
Industry aggregates,Primary industries,SG01RSC02B01A99,2022Q1,0.0646801,3913.374
Industry aggregates,Goods producing industries,SG01RSC02B01B99,2022Q1,0.1794551,12113.655
Industry aggregates,Services industries,SG01RSC02B01C99,2022Q1,0.6715011,46514.658
Industry aggregates,Unallocated taxes,SG01RSC04B01UZ9,2022Q1,0.0843637,4998.940
Industry aggregates,Primary industries,SG01RSC02B01A99,2022Q2,0.0540795,3902.529
Industry aggregates,Goods producing industries,SG01RSC02B01B99,2022Q2,0.1880050,11902.330
Industry aggregates,Services industries,SG01RSC02B01C99,2022Q2,0.6740271,47323.233
Industry aggregates,Unallocated taxes,SG01RSC04B01UZ9,2022Q2,0.0838884,5241.372
Industry aggregates,Primary industries,SG01RSC02B01A99,2022Q3,0.0540795,3937.114
Industry aggregates,Goods producing industries,SG01RSC02B01B99,2022Q3,0.1880050,12262.263
Industry aggregates,Services industries,SG01RSC02B01C99,2022Q3,0.6740271,48267.582
Industry aggregates,Unallocated taxes,SG01RSC04B01UZ9,2022Q3,0.0838884,5399.100
Industry aggregates,Primary industries,SG01RSC02B01A99,2022Q4,0.0540795,3962.736
Industry aggregates,Goods producing industries,SG01RSC02B01B99,2022Q4,0.1880050,12261.233
Industry aggregates,Services industries,SG01RSC02B01C99,2022Q4,0.6740271,48078.084
Industry aggregates,Unallocated taxes,SG01RSC04B01UZ9,2022Q4,0.0838884,5313.800
Industry aggregates,Primary industries,SG01RSC02B01A99,2023Q1,0.0540795,4011.241
Industry aggregates,Goods producing industries,SG01RSC02B01B99,2023Q1,0.1880050,12267.387
Industry aggregates,Services industries,SG01RSC02B01C99,2023Q1,0.6740271,47989.234
Industry aggregates,Unallocated taxes,SG01RSC04B01UZ9,2023Q1,0.0838884,5311.469
Industry aggregates,Primary industries,SG01RSC02B01A99,2023Q2,0.0475078,4052.772
Industry aggregates,Goods producing industries,SG01RSC02B01B99,2023Q2,0.1869330,12494.729
Industry aggregates,Services industries,SG01RSC02B01C99,2023Q2,0.6823353,48590.980
Industry aggregates,Unallocated taxes,SG01RSC04B01UZ9,2023Q2,0.0832239,5327.610
Industry aggregates,Primary industries,SG01RSC02B01A99,2023Q3,0.0475078,4087.854
Industry aggregates,Goods producing industries,SG01RSC02B01B99,2023Q3,0.1869330,12377.365
Industry aggregates,Services industries,SG01RSC02B01C99,2023Q3,0.6823353,48918.421
Industry aggregates,Unallocated taxes,SG01RSC04B01UZ9,2023Q3,0.0832239,5274.556
Industry aggregates,Primary industries,SG01RSC02B01A99,2023Q4,0.0475078,4098.422
Industry aggregates,Goods producing industries,SG01RSC02B01B99,2023Q4,0.1869330,12472.958
Industry aggregates,Services industries,SG01RSC02B01C99,2023Q4,0.6823353,48822.308
Industry aggregates,Unallocated taxes,SG01RSC04B01UZ9,2023Q4,0.0832239,5290.547
Industry aggregates,Primary industries,SG01RSC02B01A99,2024Q1,0.0475078,4110.375
Industry aggregates,Goods producing industries,SG01RSC02B01B99,2024Q1,0.1869330,12199.821
Industry aggregates,Services industries,SG01RSC02B01C99,2024Q1,0.6823353,49013.148
Industry aggregates,Unallocated taxes,SG01RSC04B01UZ9,2024Q1,0.0832239,5358.488
Industry aggregates,Primary industries,SG01RSC02B01A99,2024Q2,0.0475078,4198.642
Industry aggregates,Goods producing industries,SG01RSC02B01B99,2024Q2,0.1869330,12168.386
Industry aggregates,Services industries,SG01RSC02B01C99,2024Q2,0.6823353,48884.405
Industry aggregates,Unallocated taxes,SG01RSC04B01UZ9,2024Q2,0.0832239,5252.796
Industry aggregates,Primary industries,SG01RSC02B01A99,2024Q3,0.0475078,4166.067
Industry aggregates,Goods producing industries,SG01RSC02B01B99,2024Q3,0.1869330,11795.015
Industry aggregates,Services industries,SG01RSC02B01C99,2024Q3,0.6823353,48613.268
Industry aggregates,Unallocated taxes,SG01RSC04B01UZ9,2024Q3,0.0832239,5151.896
Industry aggregates,Primary industries,SG01RSC02B01A99,2024Q4,0.0475078,4184.973
Industry aggregates,Goods producing industries,SG01RSC02B01B99,2024Q4,0.1869330,11587.625
Industry aggregates,Services industries,SG01RSC02B01C99,2024Q4,0.6823353,48917.063
Industry aggregates,Unallocated taxes,SG01RSC04B01UZ9,2024Q4,0.0832239,5130.086
Industry aggregates,Primary industries,SG01RSC02B01A99,2025Q1,0.0475078,4210.093
Industry aggregates,Goods producing industries,SG01RSC02B01B99,2025Q1,0.1869330,11787.782
Industry aggregates,Services industries,SG01RSC02B01C99,2025Q1,0.6823353,49073.443
Industry aggregates,Unallocated taxes,SG01RSC04B01UZ9,2025Q1,0.0832239,5256.124
Industry aggregates,Primary industries,SG01RSC02B01A99,2025Q2,0.0475078,4192.415
Industry aggregates,Goods producing industries,SG01RSC02B01B99,2025Q2,0.1869330,11454.674
Industry aggregates,Services industries,SG01RSC02B01C99,2025Q2,0.6823353,49023.661
Industry aggregates,Unallocated taxes,SG01RSC04B01UZ9,2025Q2,0.0832239,5198.584
Industry aggregates,Primary industries,SG01RSC02B01A99,2025Q3,0.0475078,4233.242
Industry aggregates,Goods producing industries,SG01RSC02B01B99,2025Q3,0.1869330,11684.827
Industry aggregates,Services industries,SG01RSC02B01C99,2025Q3,0.6823353,49401.045
Industry aggregates,Unallocated taxes,SG01RSC04B01UZ9,2025Q3,0.0832239,5336.091
Total GDP,GDP,SG01RSC00B01,1987Q2,1.0000000,27975.755
Total GDP,GDP,SG01RSC00B01,1987Q3,1.0000000,28126.851
Total GDP,GDP,SG01RSC00B01,1987Q4,1.0000000,28257.062
Total GDP,GDP,SG01RSC00B01,1988Q1,1.0000000,28147.718
Total GDP,GDP,SG01RSC00B01,1988Q2,1.0000000,28017.546
Total GDP,GDP,SG01RSC00B01,1988Q3,1.0000000,28083.322
Total GDP,GDP,SG01RSC00B01,1988Q4,1.0000000,27838.752
Total GDP,GDP,SG01RSC00B01,1989Q1,1.0000000,28194.992
Total GDP,GDP,SG01RSC00B01,1989Q2,1.0000000,28358.654
Total GDP,GDP,SG01RSC00B01,1989Q3,1.0000000,28039.991
Total GDP,GDP,SG01RSC00B01,1989Q4,1.0000000,27984.568
Total GDP,GDP,SG01RSC00B01,1990Q1,1.0000000,27934.550
Total GDP,GDP,SG01RSC00B01,1990Q2,1.0000000,27928.157
Total GDP,GDP,SG01RSC00B01,1990Q3,1.0000000,28181.883
Total GDP,GDP,SG01RSC00B01,1990Q4,1.0000000,28512.684
Total GDP,GDP,SG01RSC00B01,1991Q1,1.0000000,27822.540
Total GDP,GDP,SG01RSC00B01,1991Q2,1.0000000,27635.332
Total GDP,GDP,SG01RSC00B01,1991Q3,1.0000000,27724.330
Total GDP,GDP,SG01RSC00B01,1991Q4,1.0000000,27904.062
Total GDP,GDP,SG01RSC00B01,1992Q1,1.0000000,27988.512
Total GDP,GDP,SG01RSC00B01,1992Q2,1.0000000,27991.267
Total GDP,GDP,SG01RSC00B01,1992Q3,1.0000000,27776.375
Total GDP,GDP,SG01RSC00B01,1992Q4,1.0000000,28126.054
Total GDP,GDP,SG01RSC00B01,1993Q1,1.0000000,28587.638
Total GDP,GDP,SG01RSC00B01,1993Q2,1.0000000,29219.162
Total GDP,GDP,SG01RSC00B01,1993Q3,1.0000000,29810.990
Total GDP,GDP,SG01RSC00B01,1993Q4,1.0000000,30088.904
Total GDP,GDP,SG01RSC00B01,1994Q1,1.0000000,30545.014
Total GDP,GDP,SG01RSC00B01,1994Q2,1.0000000,30746.286
Total GDP,GDP,SG01RSC00B01,1994Q3,1.0000000,31271.811
Total GDP,GDP,SG01RSC00B01,1994Q4,1.0000000,31687.991
Total GDP,GDP,SG01RSC00B01,1995Q1,1.0000000,32073.999
Total GDP,GDP,SG01RSC00B01,1995Q2,1.0000000,32486.095
Total GDP,GDP,SG01RSC00B01,1995Q3,1.0000000,32787.177
Total GDP,GDP,SG01RSC00B01,1995Q4,1.0000000,33007.031
Total GDP,GDP,SG01RSC00B01,1996Q1,1.0000000,33469.719
Total GDP,GDP,SG01RSC00B01,1996Q2,1.0000000,33762.026
Total GDP,GDP,SG01RSC00B01,1996Q3,1.0000000,33980.235
Total GDP,GDP,SG01RSC00B01,1996Q4,1.0000000,34423.708
Total GDP,GDP,SG01RSC00B01,1997Q1,1.0000000,34296.561
Total GDP,GDP,SG01RSC00B01,1997Q2,1.0000000,34967.680
Total GDP,GDP,SG01RSC00B01,1997Q3,1.0000000,34886.430
Total GDP,GDP,SG01RSC00B01,1997Q4,1.0000000,34825.720
Total GDP,GDP,SG01RSC00B01,1998Q1,1.0000000,34639.957
Total GDP,GDP,SG01RSC00B01,1998Q2,1.0000000,34822.790
Total GDP,GDP,SG01RSC00B01,1998Q3,1.0000000,34857.279
Total GDP,GDP,SG01RSC00B01,1998Q4,1.0000000,35202.334
Total GDP,GDP,SG01RSC00B01,1999Q1,1.0000000,35614.359
Total GDP,GDP,SG01RSC00B01,1999Q2,1.0000000,35898.195
Total GDP,GDP,SG01RSC00B01,1999Q3,1.0000000,36900.044
Total GDP,GDP,SG01RSC00B01,1999Q4,1.0000000,37349.180
Total GDP,GDP,SG01RSC00B01,2000Q1,1.0000000,37892.150
Total GDP,GDP,SG01RSC00B01,2000Q2,1.0000000,37903.534
Total GDP,GDP,SG01RSC00B01,2000Q3,1.0000000,38050.273
Total GDP,GDP,SG01RSC00B01,2000Q4,1.0000000,38121.619
Total GDP,GDP,SG01RSC00B01,2001Q1,1.0000000,38251.849
Total GDP,GDP,SG01RSC00B01,2001Q2,1.0000000,38788.224
Total GDP,GDP,SG01RSC00B01,2001Q3,1.0000000,39081.370
Total GDP,GDP,SG01RSC00B01,2001Q4,1.0000000,39660.071
Total GDP,GDP,SG01RSC00B01,2002Q1,1.0000000,39999.397
Total GDP,GDP,SG01RSC00B01,2002Q2,1.0000000,40526.663
Total GDP,GDP,SG01RSC00B01,2002Q3,1.0000000,41011.201
Total GDP,GDP,SG01RSC00B01,2002Q4,1.0000000,41584.452
Total GDP,GDP,SG01RSC00B01,2003Q1,1.0000000,41841.644
Total GDP,GDP,SG01RSC00B01,2003Q2,1.0000000,42041.003
Total GDP,GDP,SG01RSC00B01,2003Q3,1.0000000,42947.094
Total GDP,GDP,SG01RSC00B01,2003Q4,1.0000000,43510.100
Total GDP,GDP,SG01RSC00B01,2004Q1,1.0000000,44257.038
Total GDP,GDP,SG01RSC00B01,2004Q2,1.0000000,44644.226
Total GDP,GDP,SG01RSC00B01,2004Q3,1.0000000,44778.401
Total GDP,GDP,SG01RSC00B01,2004Q4,1.0000000,44952.261
Total GDP,GDP,SG01RSC00B01,2005Q1,1.0000000,45471.708
Total GDP,GDP,SG01RSC00B01,2005Q2,1.0000000,46200.196
Total GDP,GDP,SG01RSC00B01,2005Q3,1.0000000,46441.049
Total GDP,GDP,SG01RSC00B01,2005Q4,1.0000000,46253.916
Total GDP,GDP,SG01RSC00B01,2006Q1,1.0000000,46992.699
Total GDP,GDP,SG01RSC00B01,2006Q2,1.0000000,47193.980
Total GDP,GDP,SG01RSC00B01,2006Q3,1.0000000,47475.076
Total GDP,GDP,SG01RSC00B01,2006Q4,1.0000000,47864.315
Total GDP,GDP,SG01RSC00B01,2007Q1,1.0000000,48496.971
Total GDP,GDP,SG01RSC00B01,2007Q2,1.0000000,48931.233
Total GDP,GDP,SG01RSC00B01,2007Q3,1.0000000,49315.167
Total GDP,GDP,SG01RSC00B01,2007Q4,1.0000000,49405.924
Total GDP,GDP,SG01RSC00B01,2008Q1,1.0000000,49211.625
Total GDP,GDP,SG01RSC00B01,2008Q2,1.0000000,49106.471
Total GDP,GDP,SG01RSC00B01,2008Q3,1.0000000,48938.225
Total GDP,GDP,SG01RSC00B01,2008Q4,1.0000000,48622.635
Total GDP,GDP,SG01RSC00B01,2009Q1,1.0000000,48190.073
Total GDP,GDP,SG01RSC00B01,2009Q2,1.0000000,48161.577
Total GDP,GDP,SG01RSC00B01,2009Q3,1.0000000,48394.477
Total GDP,GDP,SG01RSC00B01,2009Q4,1.0000000,49013.772
Total GDP,GDP,SG01RSC00B01,2010Q1,1.0000000,49176.971
Total GDP,GDP,SG01RSC00B01,2010Q2,1.0000000,49505.612
Total GDP,GDP,SG01RSC00B01,2010Q3,1.0000000,49388.072
Total GDP,GDP,SG01RSC00B01,2010Q4,1.0000000,49118.088
Total GDP,GDP,SG01RSC00B01,2011Q1,1.0000000,49631.287
Total GDP,GDP,SG01RSC00B01,2011Q2,1.0000000,49827.550
Total GDP,GDP,SG01RSC00B01,2011Q3,1.0000000,50370.622
Total GDP,GDP,SG01RSC00B01,2011Q4,1.0000000,50669.102
Total GDP,GDP,SG01RSC00B01,2012Q1,1.0000000,50973.603
Total GDP,GDP,SG01RSC00B01,2012Q2,1.0000000,51248.590
Total GDP,GDP,SG01RSC00B01,2012Q3,1.0000000,51311.227
Total GDP,GDP,SG01RSC00B01,2012Q4,1.0000000,52042.109
Total GDP,GDP,SG01RSC00B01,2013Q1,1.0000000,51876.235
Total GDP,GDP,SG01RSC00B01,2013Q2,1.0000000,52435.514
Total GDP,GDP,SG01RSC00B01,2013Q3,1.0000000,52741.504
Total GDP,GDP,SG01RSC00B01,2013Q4,1.0000000,52910.061
Total GDP,GDP,SG01RSC00B01,2014Q1,1.0000000,53724.530
Total GDP,GDP,SG01RSC00B01,2014Q2,1.0000000,53956.038
Total GDP,GDP,SG01RSC00B01,2014Q3,1.0000000,54669.793
Total GDP,GDP,SG01RSC00B01,2014Q4,1.0000000,55531.656
Total GDP,GDP,SG01RSC00B01,2015Q1,1.0000000,55716.815
Total GDP,GDP,SG01RSC00B01,2015Q2,1.0000000,56153.225
Total GDP,GDP,SG01RSC00B01,2015Q3,1.0000000,56695.705
Total GDP,GDP,SG01RSC00B01,2015Q4,1.0000000,57276.589
Total GDP,GDP,SG01RSC00B01,2016Q1,1.0000000,57983.859
Total GDP,GDP,SG01RSC00B01,2016Q2,1.0000000,58492.914
Total GDP,GDP,SG01RSC00B01,2016Q3,1.0000000,59072.684
Total GDP,GDP,SG01RSC00B01,2016Q4,1.0000000,59225.574
Total GDP,GDP,SG01RSC00B01,2017Q1,1.0000000,59894.107
Total GDP,GDP,SG01RSC00B01,2017Q2,1.0000000,60382.591
Total GDP,GDP,SG01RSC00B01,2017Q3,1.0000000,60825.251
Total GDP,GDP,SG01RSC00B01,2017Q4,1.0000000,61381.045
Total GDP,GDP,SG01RSC00B01,2018Q1,1.0000000,61954.505
Total GDP,GDP,SG01RSC00B01,2018Q2,1.0000000,62517.968
Total GDP,GDP,SG01RSC00B01,2018Q3,1.0000000,62573.136
Total GDP,GDP,SG01RSC00B01,2018Q4,1.0000000,63519.228
Total GDP,GDP,SG01RSC00B01,2019Q1,1.0000000,64065.176
Total GDP,GDP,SG01RSC00B01,2019Q2,1.0000000,64102.951
Total GDP,GDP,SG01RSC00B01,2019Q3,1.0000000,64596.847
Total GDP,GDP,SG01RSC00B01,2019Q4,1.0000000,65269.617
Total GDP,GDP,SG01RSC00B01,2020Q1,1.0000000,64556.115
Total GDP,GDP,SG01RSC00B01,2020Q2,1.0000000,57870.570
Total GDP,GDP,SG01RSC00B01,2020Q3,1.0000000,66017.828
Total GDP,GDP,SG01RSC00B01,2020Q4,1.0000000,66313.179
Total GDP,GDP,SG01RSC00B01,2021Q1,1.0000000,67608.337
Total GDP,GDP,SG01RSC00B01,2021Q2,1.0000000,68137.569
Total GDP,GDP,SG01RSC00B01,2021Q3,1.0000000,65196.076
Total GDP,GDP,SG01RSC00B01,2021Q4,1.0000000,67855.035
Total GDP,GDP,SG01RSC00B01,2022Q1,1.0000000,67791.031
Total GDP,GDP,SG01RSC00B01,2022Q2,1.0000000,68428.051
Total GDP,GDP,SG01RSC00B01,2022Q3,1.0000000,69731.734
Total GDP,GDP,SG01RSC00B01,2022Q4,1.0000000,69884.948
Total GDP,GDP,SG01RSC00B01,2023Q1,1.0000000,69887.095
Total GDP,GDP,SG01RSC00B01,2023Q2,1.0000000,70505.982
Total GDP,GDP,SG01RSC00B01,2023Q3,1.0000000,70565.944
Total GDP,GDP,SG01RSC00B01,2023Q4,1.0000000,70884.026
Total GDP,GDP,SG01RSC00B01,2024Q1,1.0000000,71010.070
Total GDP,GDP,SG01RSC00B01,2024Q2,1.0000000,70595.485
Total GDP,GDP,SG01RSC00B01,2024Q3,1.0000000,69692.438
Total GDP,GDP,SG01RSC00B01,2024Q4,1.0000000,69742.609
Total GDP,GDP,SG01RSC00B01,2025Q1,1.0000000,70531.014
Total GDP,GDP,SG01RSC00B01,2025Q2,1.0000000,69841.823
Total GDP,GDP,SG01RSC00B01,2025Q3,1.0000000,70601.683
