date,election_year,pollster,sample_size,Labour,National,NewLabour,Alliance,NZ First,ACT,United Future,Green,Progressive,Te Pāti Māori,Mana,Conservative,InternetMana,TOP,incumbent,incumbent_support,gdp_real,gdp_growth_qoq,gdp_growth_yoy,gdp_per_capita,inflation_yoy,food_inflation,housing_inflation,petrol_inflation,gdp_real_lag1,gdp_growth_qoq_lag1,gdp_growth_yoy_lag1,gdp_per_capita_lag1,inflation_yoy_lag1,food_inflation_lag1,housing_inflation_lag1,petrol_inflation_lag1,gdp_real_lag2,gdp_growth_qoq_lag2,gdp_growth_yoy_lag2,gdp_per_capita_lag2,inflation_yoy_lag2,food_inflation_lag2,housing_inflation_lag2,petrol_inflation_lag2,gdp_real_lag4,gdp_growth_qoq_lag4,gdp_growth_yoy_lag4,gdp_per_capita_lag4,inflation_yoy_lag4,food_inflation_lag4,housing_inflation_lag4,petrol_inflation_lag4
1990-10-27,1993,,,35.14,47.82,5.16,,,,,,,,,,,,,,27751.0,1.2,2.3757700962850903,,5.004721495500397,5.100182141337761,,3.1018232499998577,27429.0,-0.4,-1.3203338609871884,,7.624633377755852,10.582524282345673,,1.5701243006763121,27540.0,0.6,-0.649350649350644,,7.02274969901977,10.824230394083045,,5.0043695622186135,27107.0,-2.5,-1.3968207777090735,,7.152513243662928,11.924719086271796,,2.2968178413935503
1990-12-08,1993,,,32.0,50.0,5.0,,,,,,,,,,,,National,50.0,27751.0,1.2,2.3757700962850903,,5.004721495500397,5.100182141337761,,3.1018232499998577,27429.0,-0.4,-1.3203338609871884,,7.624633377755852,10.582524282345673,,1.5701243006763121,27540.0,0.6,-0.649350649350644,,7.02274969901977,10.824230394083045,,5.0043695622186135,27107.0,-2.5,-1.3968207777090735,,7.152513243662928,11.924719086271796,,2.2968178413935503
1991-02-02,1993,,,38.0,46.0,4.0,,,,,,,,,,,,National,46.0,28215.0,1.7,3.0760238190918,,4.850746287922214,3.315412183437627,,17.486180512143324,27751.0,1.2,2.3757700962850903,,5.004721495500397,5.100182141337761,,3.1018232499998577,27429.0,-0.4,-1.3203338609871884,,7.624633377755852,10.582524282345673,,1.5701243006763121,27373.0,1.0,0.2820926143024538,,7.19999999262011,11.59999994429688,,3.4759998761827227
1991-03-09,1993,,,40.0,43.0,6.0,,,,,,,,,,,,National,43.0,28215.0,1.7,3.0760238190918,,4.850746287922214,3.315412183437627,,17.486180512143324,27751.0,1.2,2.3757700962850903,,5.004721495500397,5.100182141337761,,3.1018232499998577,27429.0,-0.4,-1.3203338609871884,,7.624633377755852,10.582524282345673,,1.5701243006763121,27373.0,1.0,0.2820926143024538,,7.19999999262011,11.59999994429688,,3.4759998761827227
1991-04-06,1993,,,42.0,36.0,6.0,,,,,,,,,,,,National,36.0,27136.0,-3.8,-1.4669571532316628,7794.0,4.528650684641211,3.315412183437627,,10.751422849444726,28215.0,1.7,3.0760238190918,,4.850746287922214,3.315412183437627,,17.486180512143324,27751.0,1.2,2.3757700962850903,,5.004721495500397,5.100182141337761,,3.1018232499998577,27540.0,0.6,-0.649350649350644,,7.02274969901977,10.824230394083045,,5.0043695622186135
1991-05-06,1993,,,43.0,39.0,7.0,,,,,,,,,,,,National,39.0,27136.0,-3.8,-1.4669571532316628,7794.0,4.528650684641211,3.315412183437627,,10.751422849444726,28215.0,1.7,3.0760238190918,,4.850746287922214,3.315412183437627,,17.486180512143324,27751.0,1.2,2.3757700962850903,,5.004721495500397,5.100182141337761,,3.1018232499998577,27540.0,0.6,-0.649350649350644,,7.02274969901977,10.824230394083045,,5.0043695622186135
1991-06-08,1993,,,42.0,35.0,7.0,,,,,,,,,,,,National,35.0,27136.0,-3.8,-1.4669571532316628,7794.0,4.528650684641211,3.315412183437627,,10.751422849444726,28215.0,1.7,3.0760238190918,,4.850746287922214,3.315412183437627,,17.486180512143324,27751.0,1.2,2.3757700962850903,,5.004721495500397,5.100182141337761,,3.1018232499998577,27540.0,0.6,-0.649350649350644,,7.02274969901977,10.824230394083045,,5.0043695622186135
1991-07-06,1993,,,45.0,37.0,6.0,,,,,,,,,,,,National,37.0,26872.0,-1.0,-2.0306974370192132,7696.0,2.815622163066367,0.9657594897409583,,4.245623890941452,27136.0,-3.8,-1.4669571532316628,7794.0,4.528650684641211,3.315412183437627,,10.751422849444726,28215.0,1.7,3.0760238190918,,4.850746287922214,3.315412183437627,,17.486180512143324,27429.0,-0.4,-1.3203338609871884,,7.624633377755852,10.582524282345673,,1.5701243006763121
1991-08-03,1993,,,43.0,34.0,9.0,,,,,,,,,,,,National,34.0,26872.0,-1.0,-2.0306974370192132,7696.0,2.815622163066367,0.9657594897409583,,4.245623890941452,27136.0,-3.8,-1.4669571532316628,7794.0,4.528650684641211,3.315412183437627,,10.751422849444726,28215.0,1.7,3.0760238190918,,4.850746287922214,3.315412183437627,,17.486180512143324,27429.0,-0.4,-1.3203338609871884,,7.624633377755852,10.582524282345673,,1.5701243006763121
1991-08-31,1993,,,47.0,27.0,9.0,,,,,,,,,,,,National,27.0,26872.0,-1.0,-2.0306974370192132,7696.0,2.815622163066367,0.9657594897409583,,4.245623890941452,27136.0,-3.8,-1.4669571532316628,7794.0,4.528650684641211,3.315412183437627,,10.751422849444726,28215.0,1.7,3.0760238190918,,4.850746287922214,3.315412183437627,,17.486180512143324,27429.0,-0.4,-1.3203338609871884,,7.624633377755852,10.582524282345673,,1.5701243006763121
1991-09-21,1993,,,42.0,22.0,11.0,,,,,,,,,,,,National,22.0,26872.0,-1.0,-2.0306974370192132,7696.0,2.815622163066367,0.9657594897409583,,4.245623890941452,27136.0,-3.8,-1.4669571532316628,7794.0,4.528650684641211,3.315412183437627,,10.751422849444726,28215.0,1.7,3.0760238190918,,4.850746287922214,3.315412183437627,,17.486180512143324,27429.0,-0.4,-1.3203338609871884,,7.624633377755852,10.582524282345673,,1.5701243006763121
1991-10-19,1993,,,43.0,30.0,8.0,,,,,,,,,,,,National,30.0,27280.0,1.5,-1.6972361356347498,7795.0,2.1582733773161777,0.08665510571699286,,3.311041270036341,26872.0,-1.0,-2.0306974370192132,7696.0,2.815622163066367,0.9657594897409583,,4.245623890941452,27136.0,-3.8,-1.4669571532316628,7794.0,4.528650684641211,3.315412183437627,,10.751422849444726,27751.0,1.2,2.3757700962850903,,5.004721495500397,5.100182141337761,,3.1018232499998577
1991-11-23,1993,,,41.0,24.0,9.0,10.0,,,,,,,,,,,National,24.0,27280.0,1.5,-1.6972361356347498,7795.0,2.1582733773161777,0.08665510571699286,,3.311041270036341,26872.0,-1.0,-2.0306974370192132,7696.0,2.815622163066367,0.9657594897409583,,4.245623890941452,27136.0,-3.8,-1.4669571532316628,7794.0,4.528650684641211,3.315412183437627,,10.751422849444726,27751.0,1.2,2.3757700962850903,,5.004721495500397,5.100182141337761,,3.1018232499998577
1991-12-07,1993,,,36.0,26.0,6.0,21.0,,,,,,,,,,,National,26.0,27280.0,1.5,-1.6972361356347498,7795.0,2.1582733773161777,0.08665510571699286,,3.311041270036341,26872.0,-1.0,-2.0306974370192132,7696.0,2.815622163066367,0.9657594897409583,,4.245623890941452,27136.0,-3.8,-1.4669571532316628,7794.0,4.528650684641211,3.315412183437627,,10.751422849444726,27751.0,1.2,2.3757700962850903,,5.004721495500397,5.100182141337761,,3.1018232499998577
1992-02-01,1993,,,38.0,26.0,5.0,18.0,,,,,,,,,,,National,26.0,27270.0,0.0,-3.349282296650713,7768.0,0.9786477142144312,-0.8673027463068195,,-6.656247582351327,27280.0,1.5,-1.6972361356347498,7795.0,2.1582733773161777,0.08665510571699286,,3.311041270036341,26872.0,-1.0,-2.0306974370192132,7696.0,2.815622163066367,0.9657594897409583,,4.245623890941452,28215.0,1.7,3.0760238190918,,4.850746287922214,3.315412183437627,,17.486180512143324
1992-03-07,1993,,,36.0,32.0,4.0,16.0,,,,,,,,,,,National,32.0,27270.0,0.0,-3.349282296650713,7768.0,0.9786477142144312,-0.8673027463068195,,-6.656247582351327,27280.0,1.5,-1.6972361356347498,7795.0,2.1582733773161777,0.08665510571699286,,3.311041270036341,26872.0,-1.0,-2.0306974370192132,7696.0,2.815622163066367,0.9657594897409583,,4.245623890941452,28215.0,1.7,3.0760238190918,,4.850746287922214,3.315412183437627,,17.486180512143324
1992-04-04,1993,,,39.0,31.0,4.0,10.0,,,,,,,,,,,National,31.0,27387.0,0.4,0.9249705188679291,7777.0,0.7957560521856477,-0.9540330082239423,,-3.5189247015023684,27270.0,0.0,-3.349282296650713,7768.0,0.9786477142144312,-0.8673027463068195,,-6.656247582351327,27280.0,1.5,-1.6972361356347498,7795.0,2.1582733773161777,0.08665510571699286,,3.311041270036341,27136.0,-3.8,-1.4669571532316628,7794.0,4.528650684641211,3.315412183437627,,10.751422849444726
1992-04-29,1993,,,42.0,34.0,3.0,10.0,,,,,,,,,,,National,34.0,27387.0,0.4,0.9249705188679291,7777.0,0.7957560521856477,-0.9540330082239423,,-3.5189247015023684,27270.0,0.0,-3.349282296650713,7768.0,0.9786477142144312,-0.8673027463068195,,-6.656247582351327,27280.0,1.5,-1.6972361356347498,7795.0,2.1582733773161777,0.08665510571699286,,3.311041270036341,27136.0,-3.8,-1.4669571532316628,7794.0,4.528650684641211,3.315412183437627,,10.751422849444726
1992-06-06,1993,,,42.0,33.0,,21.0,,,,,,,,,,,National,33.0,27387.0,0.4,0.9249705188679291,7777.0,0.7957560521856477,-0.9540330082239423,,-3.5189247015023684,27270.0,0.0,-3.349282296650713,7768.0,0.9786477142144312,-0.8673027463068195,,-6.656247582351327,27280.0,1.5,-1.6972361356347498,7795.0,2.1582733773161777,0.08665510571699286,,3.311041270036341,27136.0,-3.8,-1.4669571532316628,7794.0,4.528650684641211,3.315412183437627,,10.751422849444726
1992-07-03,1993,,,37.0,37.0,,24.0,,,,,,,,,,,National,37.0,27631.0,0.9,2.8245013396844376,7829.0,0.9717314755191442,-0.7826087602724074,,1.974758975757518,27387.0,0.4,0.9249705188679291,7777.0,0.7957560521856477,-0.9540330082239423,,-3.5189247015023684,27270.0,0.0,-3.349282296650713,7768.0,0.9786477142144312,-0.8673027463068195,,-6.656247582351327,26872.0,-1.0,-2.0306974370192132,7696.0,2.815622163066367,0.9657594897409583,,4.245623890941452
1992-08-08,1993,,,41.0,36.0,,20.0,,,,,,,,,,,National,36.0,27631.0,0.9,2.8245013396844376,7829.0,0.9717314755191442,-0.7826087602724074,,1.974758975757518,27387.0,0.4,0.9249705188679291,7777.0,0.7957560521856477,-0.9540330082239423,,-3.5189247015023684,27270.0,0.0,-3.349282296650713,7768.0,0.9786477142144312,-0.8673027463068195,,-6.656247582351327,26872.0,-1.0,-2.0306974370192132,7696.0,2.815622163066367,0.9657594897409583,,4.245623890941452
1992-09-05,1993,,,39.0,34.0,,26.0,,,,,,,,,,,National,34.0,27631.0,0.9,2.8245013396844376,7829.0,0.9717314755191442,-0.7826087602724074,,1.974758975757518,27387.0,0.4,0.9249705188679291,7777.0,0.7957560521856477,-0.9540330082239423,,-3.5189247015023684,27270.0,0.0,-3.349282296650713,7768.0,0.9786477142144312,-0.8673027463068195,,-6.656247582351327,26872.0,-1.0,-2.0306974370192132,7696.0,2.815622163066367,0.9657594897409583,,4.245623890941452
1992-10-03,1993,,,42.0,30.0,,27.0,,,,,,,,,,,National,30.0,27103.0,-1.9,-0.6488269794721391,7666.0,0.9683097502621196,0.43290039828727256,,3.5032048212184863,27631.0,0.9,2.8245013396844376,7829.0,0.9717314755191442,-0.7826087602724074,,1.974758975757518,27387.0,0.4,0.9249705188679291,7777.0,0.7957560521856477,-0.9540330082239423,,-3.5189247015023684,27280.0,1.5,-1.6972361356347498,7795.0,2.1582733773161777,0.08665510571699286,,3.311041270036341
1992-11-07,1993,,,40.0,30.0,,28.0,,,,,,,,,,,National,30.0,27103.0,-1.9,-0.6488269794721391,7666.0,0.9683097502621196,0.43290039828727256,,3.5032048212184863,27631.0,0.9,2.8245013396844376,7829.0,0.9717314755191442,-0.7826087602724074,,1.974758975757518,27387.0,0.4,0.9249705188679291,7777.0,0.7957560521856477,-0.9540330082239423,,-3.5189247015023684,27280.0,1.5,-1.6972361356347498,7795.0,2.1582733773161777,0.08665510571699286,,3.311041270036341
1992-12-05,1993,,,36.0,29.0,,33.0,,,,,,,,,,,National,29.0,27103.0,-1.9,-0.6488269794721391,7666.0,0.9683097502621196,0.43290039828727256,,3.5032048212184863,27631.0,0.9,2.8245013396844376,7829.0,0.9717314755191442,-0.7826087602724074,,1.974758975757518,27387.0,0.4,0.9249705188679291,7777.0,0.7957560521856477,-0.9540330082239423,,-3.5189247015023684,27280.0,1.5,-1.6972361356347498,7795.0,2.1582733773161777,0.08665510571699286,,3.311041270036341
1993-02-06,1993,,,43.0,33.0,,22.0,,,,,,,,,,,National,33.0,27460.0,1.3,0.6967363403006965,7744.0,1.3215859520167905,1.7497812664566403,,2.943301916207064,27103.0,-1.9,-0.6488269794721391,7666.0,0.9683097502621196,0.43290039828727256,,3.5032048212184863,27631.0,0.9,2.8245013396844376,7829.0,0.9717314755191442,-0.7826087602724074,,1.974758975757518,27270.0,0.0,-3.349282296650713,7768.0,0.9786477142144312,-0.8673027463068195,,-6.656247582351327
1993-03-06,1993,,,46.0,28.0,,22.0,,,,,,,,,,,National,28.0,27460.0,1.3,0.6967363403006965,7744.0,1.3215859520167905,1.7497812664566403,,2.943301916207064,27103.0,-1.9,-0.6488269794721391,7666.0,0.9683097502621196,0.43290039828727256,,3.5032048212184863,27631.0,0.9,2.8245013396844376,7829.0,0.9717314755191442,-0.7826087602724074,,1.974758975757518,27270.0,0.0,-3.349282296650713,7768.0,0.9786477142144312,-0.8673027463068195,,-6.656247582351327
1993-04-03,1993,,,48.0,30.0,,19.0,,,,,,,,,,,National,30.0,28037.0,2.1,2.373388834118373,7879.0,0.9649121719802256,2.714535942614882,,3.8970456500060813,27460.0,1.3,0.6967363403006965,7744.0,1.3215859520167905,1.7497812664566403,,2.943301916207064,27103.0,-1.9,-0.6488269794721391,7666.0,0.9683097502621196,0.43290039828727256,,3.5032048212184863,27387.0,0.4,0.9249705188679291,7777.0,0.7957560521856477,-0.9540330082239423,,-3.5189247015023684
1993-05-01,1993,,,45.0,29.0,,21.0,,,,,,,,,,,National,29.0,28037.0,2.1,2.373388834118373,7879.0,0.9649121719802256,2.714535942614882,,3.8970456500060813,27460.0,1.3,0.6967363403006965,7744.0,1.3215859520167905,1.7497812664566403,,2.943301916207064,27103.0,-1.9,-0.6488269794721391,7666.0,0.9683097502621196,0.43290039828727256,,3.5032048212184863,27387.0,0.4,0.9249705188679291,7777.0,0.7957560521856477,-0.9540330082239423,,-3.5189247015023684
1993-05-29,1993,,,40.0,29.0,,26.0,,,,,,,,,,,National,29.0,28037.0,2.1,2.373388834118373,7879.0,0.9649121719802256,2.714535942614882,,3.8970456500060813,27460.0,1.3,0.6967363403006965,7744.0,1.3215859520167905,1.7497812664566403,,2.943301916207064,27103.0,-1.9,-0.6488269794721391,7666.0,0.9683097502621196,0.43290039828727256,,3.5032048212184863,27387.0,0.4,0.9249705188679291,7777.0,0.7957560521856477,-0.9540330082239423,,-3.5189247015023684
1993-07-03,1993,,,35.0,37.0,,21.0,,,,,,,,,,,National,37.0,28258.0,0.8,2.26919040208462,7919.0,1.3123358715076083,1.4022787196690922,,2.621994189060728,28037.0,2.1,2.373388834118373,7879.0,0.9649121719802256,2.714535942614882,,3.8970456500060813,27460.0,1.3,0.6967363403006965,7744.0,1.3215859520167905,1.7497812664566403,,2.943301916207064,27631.0,0.9,2.8245013396844376,7829.0,0.9717314755191442,-0.7826087602724074,,1.974758975757518
1993-07-19,1993,,,33.0,40.0,,11.0,12.0,,,,,,,,,,National,40.0,28258.0,0.8,2.26919040208462,7919.0,1.3123358715076083,1.4022787196690922,,2.621994189060728,28037.0,2.1,2.373388834118373,7879.0,0.9649121719802256,2.714535942614882,,3.8970456500060813,27460.0,1.3,0.6967363403006965,7744.0,1.3215859520167905,1.7497812664566403,,2.943301916207064,27631.0,0.9,2.8245013396844376,7829.0,0.9717314755191442,-0.7826087602724074,,1.974758975757518
1993-08-08,1993,,,33.0,41.0,,10.0,15.0,,,,,,,,,,National,41.0,28258.0,0.8,2.26919040208462,7919.0,1.3123358715076083,1.4022787196690922,,2.621994189060728,28037.0,2.1,2.373388834118373,7879.0,0.9649121719802256,2.714535942614882,,3.8970456500060813,27460.0,1.3,0.6967363403006965,7744.0,1.3215859520167905,1.7497812664566403,,2.943301916207064,27631.0,0.9,2.8245013396844376,7829.0,0.9717314755191442,-0.7826087602724074,,1.974758975757518
1993-09-04,1993,,,36.0,39.0,,11.0,11.0,,,,,,,,,,National,39.0,28258.0,0.8,2.26919040208462,7919.0,1.3123358715076083,1.4022787196690922,,2.621994189060728,28037.0,2.1,2.373388834118373,7879.0,0.9649121719802256,2.714535942614882,,3.8970456500060813,27460.0,1.3,0.6967363403006965,7744.0,1.3215859520167905,1.7497812664566403,,2.943301916207064,27631.0,0.9,2.8245013396844376,7829.0,0.9717314755191442,-0.7826087602724074,,1.974758975757518
1993-10-02,1993,,,37.0,37.0,,13.0,12.0,,,,,,,,,,National,37.0,29031.0,2.7,7.113603660111423,8115.0,1.482127415961343,0.5172414644997847,,-2.912502217096413,28258.0,0.8,2.26919040208462,7919.0,1.3123358715076083,1.4022787196690922,,2.621994189060728,28037.0,2.1,2.373388834118373,7879.0,0.9649121719802256,2.714535942614882,,3.8970456500060813,27103.0,-1.9,-0.6488269794721391,7666.0,0.9683097502621196,0.43290039828727256,,3.5032048212184863
1993-10-17,1993,,,34.0,38.0,,16.0,10.0,,,,,,,,,,National,38.0,29031.0,2.7,7.113603660111423,8115.0,1.482127415961343,0.5172414644997847,,-2.912502217096413,28258.0,0.8,2.26919040208462,7919.0,1.3123358715076083,1.4022787196690922,,2.621994189060728,28037.0,2.1,2.373388834118373,7879.0,0.9649121719802256,2.714535942614882,,3.8970456500060813,27103.0,-1.9,-0.6488269794721391,7666.0,0.9683097502621196,0.43290039828727256,,3.5032048212184863
1993-10-31,1993,,,32.0,39.0,,17.0,9.0,,,,,,,,,,National,39.0,29031.0,2.7,7.113603660111423,8115.0,1.482127415961343,0.5172414644997847,,-2.912502217096413,28258.0,0.8,2.26919040208462,7919.0,1.3123358715076083,1.4022787196690922,,2.621994189060728,28037.0,2.1,2.373388834118373,7879.0,0.9649121719802256,2.714535942614882,,3.8970456500060813,27103.0,-1.9,-0.6488269794721391,7666.0,0.9683097502621196,0.43290039828727256,,3.5032048212184863
1993-11-06,1993,,,34.68,35.05,,18.21,8.4,,,,,,,,,,National,35.05,29031.0,2.7,7.113603660111423,8115.0,1.482127415961343,0.5172414644997847,,-2.912502217096413,28258.0,0.8,2.26919040208462,7919.0,1.3123358715076083,1.4022787196690922,,2.621994189060728,28037.0,2.1,2.373388834118373,7879.0,0.9649121719802256,2.714535942614882,,3.8970456500060813,27103.0,-1.9,-0.6488269794721391,7666.0,0.9683097502621196,0.43290039828727256,,3.5032048212184863
1993-11-06,1996,,,34.68,35.05,,18.21,8.4,,,,,,,,,,National,35.05,29031.0,2.7,7.113603660111423,8115.0,1.482127415961343,0.5172414644997847,,-2.912502217096413,28258.0,0.8,2.26919040208462,7919.0,1.3123358715076083,1.4022787196690922,,2.621994189060728,28037.0,2.1,2.373388834118373,7879.0,0.9649121719802256,2.714535942614882,,3.8970456500060813,27103.0,-1.9,-0.6488269794721391,7666.0,0.9683097502621196,0.43290039828727256,,3.5032048212184863
1993-12-04,1996,,,25.0,35.0,,27.0,10.0,,,,,,,,,,National,35.0,29031.0,2.7,7.113603660111423,8115.0,1.482127415961343,0.5172414644997847,,-2.912502217096413,28258.0,0.8,2.26919040208462,7919.0,1.3123358715076083,1.4022787196690922,,2.621994189060728,28037.0,2.1,2.373388834118373,7879.0,0.9649121719802256,2.714535942614882,,3.8970456500060813,27103.0,-1.9,-0.6488269794721391,7666.0,0.9683097502621196,0.43290039828727256,,3.5032048212184863
1994-02-19,1996,,,32.0,35.0,,23.0,8.0,,,,,,,,,,National,35.0,29569.0,1.9,7.680262199562993,8236.0,1.3913043006261727,-0.17196903191629698,,-6.843979598297933,29031.0,2.7,7.113603660111423,8115.0,1.482127415961343,0.5172414644997847,,-2.912502217096413,28258.0,0.8,2.26919040208462,7919.0,1.3123358715076083,1.4022787196690922,,2.621994189060728,27460.0,1.3,0.6967363403006965,7744.0,1.3215859520167905,1.7497812664566403,,2.943301916207064
1994-03-05,1996,,,32.0,32.0,,27.0,7.0,,,,,,,,,,National,32.0,29569.0,1.9,7.680262199562993,8236.0,1.3913043006261727,-0.17196903191629698,,-6.843979598297933,29031.0,2.7,7.113603660111423,8115.0,1.482127415961343,0.5172414644997847,,-2.912502217096413,28258.0,0.8,2.26919040208462,7919.0,1.3123358715076083,1.4022787196690922,,2.621994189060728,27460.0,1.3,0.6967363403006965,7744.0,1.3215859520167905,1.7497812664566403,,2.943301916207064
1994-03-26,1996,,,29.0,32.0,,27.0,7.0,,,,,,,,,,National,32.0,29569.0,1.9,7.680262199562993,8236.0,1.3913043006261727,-0.17196903191629698,,-6.843979598297933,29031.0,2.7,7.113603660111423,8115.0,1.482127415961343,0.5172414644997847,,-2.912502217096413,28258.0,0.8,2.26919040208462,7919.0,1.3123358715076083,1.4022787196690922,,2.621994189060728,27460.0,1.3,0.6967363403006965,7744.0,1.3215859520167905,1.7497812664566403,,2.943301916207064
1994-05-07,1996,,,30.0,34.0,,24.0,8.0,,,,,,,,,,National,34.0,30495.0,3.1,8.766986482148598,8460.0,1.3032146448620274,-0.7260869343155618,,-9.230555118368034,29569.0,1.9,7.680262199562993,8236.0,1.3913043006261727,-0.17196903191629698,,-6.843979598297933,29031.0,2.7,7.113603660111423,8115.0,1.482127415961343,0.5172414644997847,,-2.912502217096413,28037.0,2.1,2.373388834118373,7879.0,0.9649121719802256,2.714535942614882,,3.8970456500060813
1994-05-28,1996,,,29.0,32.0,,27.0,7.0,,,,,,,,,,National,32.0,30495.0,3.1,8.766986482148598,8460.0,1.3032146448620274,-0.7260869343155618,,-9.230555118368034,29569.0,1.9,7.680262199562993,8236.0,1.3913043006261727,-0.17196903191629698,,-6.843979598297933,29031.0,2.7,7.113603660111423,8115.0,1.482127415961343,0.5172414644997847,,-2.912502217096413,28037.0,2.1,2.373388834118373,7879.0,0.9649121719802256,2.714535942614882,,3.8970456500060813
1994-07-02,1996,,,29.0,36.0,,24.0,8.0,,,,,,,,,,National,36.0,30768.0,0.9,8.882440370868427,8509.0,1.093609688505981,-0.3566983289707837,,-7.95162938939108,30495.0,3.1,8.766986482148598,8460.0,1.3032146448620274,-0.7260869343155618,,-9.230555118368034,29569.0,1.9,7.680262199562993,8236.0,1.3913043006261727,-0.17196903191629698,,-6.843979598297933,28258.0,0.8,2.26919040208462,7919.0,1.3123358715076083,1.4022787196690922,,2.621994189060728
1994-07-30,1996,,,27.0,35.0,,28.0,7.0,,,,,,,,,,National,35.0,30768.0,0.9,8.882440370868427,8509.0,1.093609688505981,-0.3566983289707837,,-7.95162938939108,30495.0,3.1,8.766986482148598,8460.0,1.3032146448620274,-0.7260869343155618,,-9.230555118368034,29569.0,1.9,7.680262199562993,8236.0,1.3913043006261727,-0.17196903191629698,,-6.843979598297933,28258.0,0.8,2.26919040208462,7919.0,1.3123358715076083,1.4022787196690922,,2.621994189060728
1994-09-03,1996,,,22.0,36.0,,32.0,7.0,,,,,,,,,,National,36.0,30768.0,0.9,8.882440370868427,8509.0,1.093609688505981,-0.3566983289707837,,-7.95162938939108,30495.0,3.1,8.766986482148598,8460.0,1.3032146448620274,-0.7260869343155618,,-9.230555118368034,29569.0,1.9,7.680262199562993,8236.0,1.3913043006261727,-0.17196903191629698,,-6.843979598297933,28258.0,0.8,2.26919040208462,7919.0,1.3123358715076083,1.4022787196690922,,2.621994189060728
1994-10-01,1996,,,24.0,35.0,,29.0,8.0,,,,,,,,,,National,35.0,30734.0,-0.1,5.866143088422726,8476.0,1.774570414776977,-0.7275300482528113,,-1.7197864971240984,30768.0,0.9,8.882440370868427,8509.0,1.093609688505981,-0.3566983289707837,,-7.95162938939108,30495.0,3.1,8.766986482148598,8460.0,1.3032146448620274,-0.7260869343155618,,-9.230555118368034,29031.0,2.7,7.113603660111423,8115.0,1.482127415961343,0.5172414644997847,,-2.912502217096413
1994-10-29,1996,,,27.0,39.0,,25.0,7.0,,,,,,,,,,National,39.0,30734.0,-0.1,5.866143088422726,8476.0,1.774570414776977,-0.7275300482528113,,-1.7197864971240984,30768.0,0.9,8.882440370868427,8509.0,1.093609688505981,-0.3566983289707837,,-7.95162938939108,30495.0,3.1,8.766986482148598,8460.0,1.3032146448620274,-0.7260869343155618,,-9.230555118368034,29031.0,2.7,7.113603660111423,8115.0,1.482127415961343,0.5172414644997847,,-2.912502217096413
1994-12-03,1996,,,28.0,40.0,,22.0,6.0,2.0,,,,,,,,,National,40.0,30734.0,-0.1,5.866143088422726,8476.0,1.774570414776977,-0.7275300482528113,,-1.7197864971240984,30768.0,0.9,8.882440370868427,8509.0,1.093609688505981,-0.3566983289707837,,-7.95162938939108,30495.0,3.1,8.766986482148598,8460.0,1.3032146448620274,-0.7260869343155618,,-9.230555118368034,29031.0,2.7,7.113603660111423,8115.0,1.482127415961343,0.5172414644997847,,-2.912502217096413
1995-05-09,1996,,,25.0,38.0,,24.0,5.0,4.0,,,,,,,,,National,38.0,31503.0,1.1,3.305459911460895,8617.0,3.9999999947257114,0.7976071859949752,,2.8925620249586226,31160.0,1.4,5.380635124623767,8560.0,2.7999999435641687,0.400000004040324,,0.30000007628274705,30734.0,-0.1,5.866143088422726,8476.0,1.774570414776977,-0.7275300482528113,,-1.7197864971240984,30495.0,3.1,8.766986482148598,8460.0,1.3032146448620274,-0.7260869343155618,,-9.230555118368034
1995-06-15,1996,,,27.0,36.0,,24.0,6.0,3.0,,,,,,,,,National,36.0,31503.0,1.1,3.305459911460895,8617.0,3.9999999947257114,0.7976071859949752,,2.8925620249586226,31160.0,1.4,5.380635124623767,8560.0,2.7999999435641687,0.400000004040324,,0.30000007628274705,30734.0,-0.1,5.866143088422726,8476.0,1.774570414776977,-0.7275300482528113,,-1.7197864971240984,30495.0,3.1,8.766986482148598,8460.0,1.3032146448620274,-0.7260869343155618,,-9.230555118368034
1995-07-17,1996,,,24.0,42.0,,20.0,5.0,2.0,2.0,,,,,,,,National,42.0,32066.0,1.8,4.218668746749876,8741.0,4.581673393892993,2.5176233239786683,,2.5773197396432135,31503.0,1.1,3.305459911460895,8617.0,3.9999999947257114,0.7976071859949752,,2.8925620249586226,31160.0,1.4,5.380635124623767,8560.0,2.7999999435641687,0.400000004040324,,0.30000007628274705,30768.0,0.9,8.882440370868427,8509.0,1.093609688505981,-0.3566983289707837,,-7.95162938939108
1995-08-13,1996,,,23.0,42.0,,20.0,5.0,2.9,0.7,,,,,,,,National,42.0,32066.0,1.8,4.218668746749876,8741.0,4.581673393892993,2.5176233239786683,,2.5773197396432135,31503.0,1.1,3.305459911460895,8617.0,3.9999999947257114,0.7976071859949752,,2.8925620249586226,31160.0,1.4,5.380635124623767,8560.0,2.7999999435641687,0.400000004040324,,0.30000007628274705,30768.0,0.9,8.882440370868427,8509.0,1.093609688505981,-0.3566983289707837,,-7.95162938939108
1995-09-07,1996,,,24.0,46.0,,17.0,5.0,1.9,0.3,,,,,,,,National,46.0,32066.0,1.8,4.218668746749876,8741.0,4.581673393892993,2.5176233239786683,,2.5773197396432135,31503.0,1.1,3.305459911460895,8617.0,3.9999999947257114,0.7976071859949752,,2.8925620249586226,31160.0,1.4,5.380635124623767,8560.0,2.7999999435641687,0.400000004040324,,0.30000007628274705,30768.0,0.9,8.882440370868427,8509.0,1.093609688505981,-0.3566983289707837,,-7.95162938939108
1995-10-07,1996,,,16.0,49.0,,21.0,4.5,2.9,0.8,,,,,,,,National,49.0,31989.0,-0.2,4.083425522222939,8690.0,3.543307107052329,0.8024072292861062,,-2.597402644984126,32066.0,1.8,4.218668746749876,8741.0,4.581673393892993,2.5176233239786683,,2.5773197396432135,31503.0,1.1,3.305459911460895,8617.0,3.9999999947257114,0.7976071859949752,,2.8925620249586226,30734.0,-0.1,5.866143088422726,8476.0,1.774570414776977,-0.7275300482528113,,-1.7197864971240984
1995-11-14,1996,,,20.0,45.0,,22.0,5.0,2.1,1.0,,,,,,,,National,45.0,31989.0,-0.2,4.083425522222939,8690.0,3.543307107052329,0.8024072292861062,,-2.597402644984126,32066.0,1.8,4.218668746749876,8741.0,4.581673393892993,2.5176233239786683,,2.5773197396432135,31503.0,1.1,3.305459911460895,8617.0,3.9999999947257114,0.7976071859949752,,2.8925620249586226,30734.0,-0.1,5.866143088422726,8476.0,1.774570414776977,-0.7275300482528113,,-1.7197864971240984
1996-02-21,1996,,,20.0,44.0,,22.0,8.0,1.3,0.8,,,,,,,,National,44.0,32414.0,1.3,4.024390243902443,8766.0,2.9182879996313194,0.9960159462753859,,-2.5922233777665005,31989.0,-0.2,4.083425522222939,8690.0,3.543307107052329,0.8024072292861062,,-2.597402644984126,32066.0,1.8,4.218668746749876,8741.0,4.581673393892993,2.5176233239786683,,2.5773197396432135,31160.0,1.4,5.380635124623767,8560.0,2.7999999435641687,0.400000004040324,,0.30000007628274705
1996-03-18,1996,,,17.0,42.0,,16.0,17.0,3.8,1.3,,,,,,,,National,42.0,32414.0,1.3,4.024390243902443,8766.0,2.9182879996313194,0.9960159462753859,,-2.5922233777665005,31989.0,-0.2,4.083425522222939,8690.0,3.543307107052329,0.8024072292861062,,-2.597402644984126,32066.0,1.8,4.218668746749876,8741.0,4.581673393892993,2.5176233239786683,,2.5773197396432135,31160.0,1.4,5.380635124623767,8560.0,2.7999999435641687,0.400000004040324,,0.30000007628274705
1996-04-18,1996,,,18.0,40.0,,11.0,22.0,4.1,0.5,,,,,,,,National,40.0,32584.0,0.5,3.431419229914612,8771.0,2.211538503110222,0.2967358453811464,,-0.8032128099996871,32414.0,1.3,4.024390243902443,8766.0,2.9182879996313194,0.9960159462753859,,-2.5922233777665005,31989.0,-0.2,4.083425522222939,8690.0,3.543307107052329,0.8024072292861062,,-2.597402644984126,31503.0,1.1,3.305459911460895,8617.0,3.9999999947257114,0.7976071859949752,,2.8925620249586226
1996-05-16,1996,,,15.0,35.0,,11.0,29.0,3.0,0.3,,,,,,,,National,35.0,32584.0,0.5,3.431419229914612,8771.0,2.211538503110222,0.2967358453811464,,-0.8032128099996871,32414.0,1.3,4.024390243902443,8766.0,2.9182879996313194,0.9960159462753859,,-2.5922233777665005,31989.0,-0.2,4.083425522222939,8690.0,3.543307107052329,0.8024072292861062,,-2.597402644984126,31503.0,1.1,3.305459911460895,8617.0,3.9999999947257114,0.7976071859949752,,2.8925620249586226
1996-06-09,1996,,,16.0,43.0,,7.0,28.0,2.4,,,,,,,,,National,43.0,32584.0,0.5,3.431419229914612,8771.0,2.211538503110222,0.2967358453811464,,-0.8032128099996871,32414.0,1.3,4.024390243902443,8766.0,2.9182879996313194,0.9960159462753859,,-2.5922233777665005,31989.0,-0.2,4.083425522222939,8690.0,3.543307107052329,0.8024072292861062,,-2.597402644984126,31503.0,1.1,3.305459911460895,8617.0,3.9999999947257114,0.7976071859949752,,2.8925620249586226
1996-06-14,1996,,,16.0,41.0,,9.0,25.0,1.8,0.6,,,,,,,,National,41.0,32584.0,0.5,3.431419229914612,8771.0,2.211538503110222,0.2967358453811464,,-0.8032128099996871,32414.0,1.3,4.024390243902443,8766.0,2.9182879996313194,0.9960159462753859,,-2.5922233777665005,31989.0,-0.2,4.083425522222939,8690.0,3.543307107052329,0.8024072292861062,,-2.597402644984126,31503.0,1.1,3.305459911460895,8617.0,3.9999999947257114,0.7976071859949752,,2.8925620249586226
1996-07-07,1996,,,16.0,41.0,,12.0,24.0,2.7,,,,,,,,,National,41.0,33028.0,1.4,3.00006237135908,8860.0,1.999999927163354,0.4911592024466893,,-0.7035176431352208,32584.0,0.5,3.431419229914612,8771.0,2.211538503110222,0.2967358453811464,,-0.8032128099996871,32414.0,1.3,4.024390243902443,8766.0,2.9182879996313194,0.9960159462753859,,-2.5922233777665005,32066.0,1.8,4.218668746749876,8741.0,4.581673393892993,2.5176233239786683,,2.5773197396432135
1996-07-19,1996,,,19.0,43.0,,10.0,20.0,3.2,0.2,,,,,,,,National,43.0,33028.0,1.4,3.00006237135908,8860.0,1.999999927163354,0.4911592024466893,,-0.7035176431352208,32584.0,0.5,3.431419229914612,8771.0,2.211538503110222,0.2967358453811464,,-0.8032128099996871,32414.0,1.3,4.024390243902443,8766.0,2.9182879996313194,0.9960159462753859,,-2.5922233777665005,32066.0,1.8,4.218668746749876,8741.0,4.581673393892993,2.5176233239786683,,2.5773197396432135
1996-07-21,1996,,,19.0,43.0,,13.0,20.0,1.2,,,,,,,,,National,43.0,33028.0,1.4,3.00006237135908,8860.0,1.999999927163354,0.4911592024466893,,-0.7035176431352208,32584.0,0.5,3.431419229914612,8771.0,2.211538503110222,0.2967358453811464,,-0.8032128099996871,32414.0,1.3,4.024390243902443,8766.0,2.9182879996313194,0.9960159462753859,,-2.5922233777665005,32066.0,1.8,4.218668746749876,8741.0,4.581673393892993,2.5176233239786683,,2.5773197396432135
1996-08-02,1996,,,15.0,40.0,,13.0,21.0,2.5,0.4,,,,,,,,National,40.0,33028.0,1.4,3.00006237135908,8860.0,1.999999927163354,0.4911592024466893,,-0.7035176431352208,32584.0,0.5,3.431419229914612,8771.0,2.211538503110222,0.2967358453811464,,-0.8032128099996871,32414.0,1.3,4.024390243902443,8766.0,2.9182879996313194,0.9960159462753859,,-2.5922233777665005,32066.0,1.8,4.218668746749876,8741.0,4.581673393892993,2.5176233239786683,,2.5773197396432135
1996-08-04,1996,,,19.0,42.0,,9.0,21.0,3.2,,,,,,,,,National,42.0,33028.0,1.4,3.00006237135908,8860.0,1.999999927163354,0.4911592024466893,,-0.7035176431352208,32584.0,0.5,3.431419229914612,8771.0,2.211538503110222,0.2967358453811464,,-0.8032128099996871,32414.0,1.3,4.024390243902443,8766.0,2.9182879996313194,0.9960159462753859,,-2.5922233777665005,32066.0,1.8,4.218668746749876,8741.0,4.581673393892993,2.5176233239786683,,2.5773197396432135
1996-08-15,1996,,,14.0,39.0,,13.0,20.0,4.0,0.3,,,,,,,,National,39.0,33028.0,1.4,3.00006237135908,8860.0,1.999999927163354,0.4911592024466893,,-0.7035176431352208,32584.0,0.5,3.431419229914612,8771.0,2.211538503110222,0.2967358453811464,,-0.8032128099996871,32414.0,1.3,4.024390243902443,8766.0,2.9182879996313194,0.9960159462753859,,-2.5922233777665005,32066.0,1.8,4.218668746749876,8741.0,4.581673393892993,2.5176233239786683,,2.5773197396432135
1996-08-18,1996,,,20.0,37.0,,14.0,17.0,3.4,,,,,,,,,National,37.0,33028.0,1.4,3.00006237135908,8860.0,1.999999927163354,0.4911592024466893,,-0.7035176431352208,32584.0,0.5,3.431419229914612,8771.0,2.211538503110222,0.2967358453811464,,-0.8032128099996871,32414.0,1.3,4.024390243902443,8766.0,2.9182879996313194,0.9960159462753859,,-2.5922233777665005,32066.0,1.8,4.218668746749876,8741.0,4.581673393892993,2.5176233239786683,,2.5773197396432135
1996-08-29,1996,,,19.0,35.0,,12.0,20.0,4.6,0.6,,,,,,,,National,35.0,33028.0,1.4,3.00006237135908,8860.0,1.999999927163354,0.4911592024466893,,-0.7035176431352208,32584.0,0.5,3.431419229914612,8771.0,2.211538503110222,0.2967358453811464,,-0.8032128099996871,32414.0,1.3,4.024390243902443,8766.0,2.9182879996313194,0.9960159462753859,,-2.5922233777665005,32066.0,1.8,4.218668746749876,8741.0,4.581673393892993,2.5176233239786683,,2.5773197396432135
1996-09-01,1996,,,21.0,38.0,,12.0,18.0,2.4,,,,,,,,,National,38.0,33028.0,1.4,3.00006237135908,8860.0,1.999999927163354,0.4911592024466893,,-0.7035176431352208,32584.0,0.5,3.431419229914612,8771.0,2.211538503110222,0.2967358453811464,,-0.8032128099996871,32414.0,1.3,4.024390243902443,8766.0,2.9182879996313194,0.9960159462753859,,-2.5922233777665005,32066.0,1.8,4.218668746749876,8741.0,4.581673393892993,2.5176233239786683,,2.5773197396432135
1996-09-12,1996,,,16.0,35.0,,15.0,19.0,4.3,0.7,,,,,,,,National,35.0,33028.0,1.4,3.00006237135908,8860.0,1.999999927163354,0.4911592024466893,,-0.7035176431352208,32584.0,0.5,3.431419229914612,8771.0,2.211538503110222,0.2967358453811464,,-0.8032128099996871,32414.0,1.3,4.024390243902443,8766.0,2.9182879996313194,0.9960159462753859,,-2.5922233777665005,32066.0,1.8,4.218668746749876,8741.0,4.581673393892993,2.5176233239786683,,2.5773197396432135
1996-09-26,1996,,,18.0,40.0,,15.0,14.0,5.0,0.4,,,,,,,,National,40.0,33028.0,1.4,3.00006237135908,8860.0,1.999999927163354,0.4911592024466893,,-0.7035176431352208,32584.0,0.5,3.431419229914612,8771.0,2.211538503110222,0.2967358453811464,,-0.8032128099996871,32414.0,1.3,4.024390243902443,8766.0,2.9182879996313194,0.9960159462753859,,-2.5922233777665005,32066.0,1.8,4.218668746749876,8741.0,4.581673393892993,2.5176233239786683,,2.5773197396432135
1996-10-03,1996,,,24.0,34.0,,15.0,15.0,3.8,0.5,,,,,,,,National,34.0,33431.0,1.2,4.507799556097414,8942.0,2.376425757336964,2.5870647009932135,,1.3333333584097495,33028.0,1.4,3.00006237135908,8860.0,1.999999927163354,0.4911592024466893,,-0.7035176431352208,32584.0,0.5,3.431419229914612,8771.0,2.211538503110222,0.2967358453811464,,-0.8032128099996871,31989.0,-0.2,4.083425522222939,8690.0,3.543307107052329,0.8024072292861062,,-2.597402644984126
1996-10-08,1996,,,26.0,30.0,,17.0,16.0,6.4,,,,,,,,,National,30.0,33431.0,1.2,4.507799556097414,8942.0,2.376425757336964,2.5870647009932135,,1.3333333584097495,33028.0,1.4,3.00006237135908,8860.0,1.999999927163354,0.4911592024466893,,-0.7035176431352208,32584.0,0.5,3.431419229914612,8771.0,2.211538503110222,0.2967358453811464,,-0.8032128099996871,31989.0,-0.2,4.083425522222939,8690.0,3.543307107052329,0.8024072292861062,,-2.597402644984126
1996-10-12,1996,,,28.19,33.87,,10.1,13.35,6.1,0.88,,,,,,,,National,33.87,33431.0,1.2,4.507799556097414,8942.0,2.376425757336964,2.5870647009932135,,1.3333333584097495,33028.0,1.4,3.00006237135908,8860.0,1.999999927163354,0.4911592024466893,,-0.7035176431352208,32584.0,0.5,3.431419229914612,8771.0,2.211538503110222,0.2967358453811464,,-0.8032128099996871,31989.0,-0.2,4.083425522222939,8690.0,3.543307107052329,0.8024072292861062,,-2.597402644984126
1996-10-12,1999,,,28.19,33.87,,10.1,13.35,6.1,0.88,,,,,,,,National,33.87,33431.0,1.2,4.507799556097414,8942.0,2.376425757336964,2.5870647009932135,,1.3333333584097495,33028.0,1.4,3.00006237135908,8860.0,1.999999927163354,0.4911592024466893,,-0.7035176431352208,32584.0,0.5,3.431419229914612,8771.0,2.211538503110222,0.2967358453811464,,-0.8032128099996871,31989.0,-0.2,4.083425522222939,8690.0,3.543307107052329,0.8024072292861062,,-2.597402644984126
1997-02-13,1999,,,31.0,45.0,,7.0,7.0,4.3,0.2,,,,,,,,National,45.0,33594.0,0.5,3.64040229530449,8949.0,2.551984892322623,2.2682446607894313,,2.1494370351029524,33431.0,1.2,4.507799556097414,8942.0,2.376425757336964,2.5870647009932135,,1.3333333584097495,33028.0,1.4,3.00006237135908,8860.0,1.999999927163354,0.4911592024466893,,-0.7035176431352208,32414.0,1.3,4.024390243902443,8766.0,2.9182879996313194,0.9960159462753859,,-2.5922233777665005
1997-03-13,1999,,,32.0,47.0,,7.0,4.2,4.4,,,,,,,,,National,47.0,33594.0,0.5,3.64040229530449,8949.0,2.551984892322623,2.2682446607894313,,2.1494370351029524,33431.0,1.2,4.507799556097414,8942.0,2.376425757336964,2.5870647009932135,,1.3333333584097495,33028.0,1.4,3.00006237135908,8860.0,1.999999927163354,0.4911592024466893,,-0.7035176431352208,32414.0,1.3,4.024390243902443,8766.0,2.9182879996313194,0.9960159462753859,,-2.5922233777665005
1997-04-11,1999,,,36.0,41.0,,8.0,5.0,6.0,0.1,,,,,,,,National,41.0,33389.0,-0.6,2.4705376872084406,8859.0,1.787394108637419,2.958579911128023,,0.8097165571110843,33594.0,0.5,3.64040229530449,8949.0,2.551984892322623,2.2682446607894313,,2.1494370351029524,33431.0,1.2,4.507799556097414,8942.0,2.376425757336964,2.5870647009932135,,1.3333333584097495,32584.0,0.5,3.431419229914612,8771.0,2.211538503110222,0.2967358453811464,,-0.8032128099996871
1997-05-13,1999,,,42.0,38.0,,6.0,3.8,4.7,0.1,,,,,,,,National,38.0,33389.0,-0.6,2.4705376872084406,8859.0,1.787394108637419,2.958579911128023,,0.8097165571110843,33594.0,0.5,3.64040229530449,8949.0,2.551984892322623,2.2682446607894313,,2.1494370351029524,33431.0,1.2,4.507799556097414,8942.0,2.376425757336964,2.5870647009932135,,1.3333333584097495,32584.0,0.5,3.431419229914612,8771.0,2.211538503110222,0.2967358453811464,,-0.8032128099996871
1997-05-25,1999,,,45.0,30.0,,6.7,6.0,7.1,,,,,,,,,National,30.0,33389.0,-0.6,2.4705376872084406,8859.0,1.787394108637419,2.958579911128023,,0.8097165571110843,33594.0,0.5,3.64040229530449,8949.0,2.551984892322623,2.2682446607894313,,2.1494370351029524,33431.0,1.2,4.507799556097414,8942.0,2.376425757336964,2.5870647009932135,,1.3333333584097495,32584.0,0.5,3.431419229914612,8771.0,2.211538503110222,0.2967358453811464,,-0.8032128099996871
1997-06-25,1999,,,41.0,39.0,,7.0,4.4,4.9,0.1,,,,,,,,National,39.0,33389.0,-0.6,2.4705376872084406,8859.0,1.787394108637419,2.958579911128023,,0.8097165571110843,33594.0,0.5,3.64040229530449,8949.0,2.551984892322623,2.2682446607894313,,2.1494370351029524,33431.0,1.2,4.507799556097414,8942.0,2.376425757336964,2.5870647009932135,,1.3333333584097495,32584.0,0.5,3.431419229914612,8771.0,2.211538503110222,0.2967358453811464,,-0.8032128099996871
1997-07-10,1999,,,42.0,39.0,,7.0,3.8,4.5,0.2,,,,,,,,National,39.0,34232.0,2.5,3.6453917887852683,9060.0,1.1204482272083371,2.4437927272842996,,0.10121466243855348,33389.0,-0.6,2.4705376872084406,8859.0,1.787394108637419,2.958579911128023,,0.8097165571110843,33594.0,0.5,3.64040229530449,8949.0,2.551984892322623,2.2682446607894313,,2.1494370351029524,33028.0,1.4,3.00006237135908,8860.0,1.999999927163354,0.4911592024466893,,-0.7035176431352208
1997-08-07,1999,,,42.0,39.0,,9.0,3.7,4.7,0.0,,,,,,,,National,39.0,34232.0,2.5,3.6453917887852683,9060.0,1.1204482272083371,2.4437927272842996,,0.10121466243855348,33389.0,-0.6,2.4705376872084406,8859.0,1.787394108637419,2.958579911128023,,0.8097165571110843,33594.0,0.5,3.64040229530449,8949.0,2.551984892322623,2.2682446607894313,,2.1494370351029524,33028.0,1.4,3.00006237135908,8860.0,1.999999927163354,0.4911592024466893,,-0.7035176431352208
1997-09-18,1999,,,45.0,36.0,,7.0,1.9,6.0,0.6,,,,,,,,National,36.0,34232.0,2.5,3.6453917887852683,9060.0,1.1204482272083371,2.4437927272842996,,0.10121466243855348,33389.0,-0.6,2.4705376872084406,8859.0,1.787394108637419,2.958579911128023,,0.8097165571110843,33594.0,0.5,3.64040229530449,8949.0,2.551984892322623,2.2682446607894313,,2.1494370351029524,33028.0,1.4,3.00006237135908,8860.0,1.999999927163354,0.4911592024466893,,-0.7035176431352208
1997-10-11,1999,,,49.0,31.0,,8.3,4.5,5.9,,,,,,,,,National,31.0,34891.0,1.9,4.367204092010413,9215.0,1.0213556105215016,1.9398641048594678,,0.0,34232.0,2.5,3.6453917887852683,9060.0,1.1204482272083371,2.4437927272842996,,0.10121466243855348,33389.0,-0.6,2.4705376872084406,8859.0,1.787394108637419,2.958579911128023,,0.8097165571110843,33431.0,1.2,4.507799556097414,8942.0,2.376425757336964,2.5870647009932135,,1.3333333584097495
1997-10-13,1999,,,50.0,32.0,,5.9,1.7,4.6,,,,,,,,,National,32.0,34891.0,1.9,4.367204092010413,9215.0,1.0213556105215016,1.9398641048594678,,0.0,34232.0,2.5,3.6453917887852683,9060.0,1.1204482272083371,2.4437927272842996,,0.10121466243855348,33389.0,-0.6,2.4705376872084406,8859.0,1.787394108637419,2.958579911128023,,0.8097165571110843,33431.0,1.2,4.507799556097414,8942.0,2.376425757336964,2.5870647009932135,,1.3333333584097495
1997-10-16,1999,,,52.0,30.0,,7.0,1.8,6.0,0.2,,,,,,,,National,30.0,34891.0,1.9,4.367204092010413,9215.0,1.0213556105215016,1.9398641048594678,,0.0,34232.0,2.5,3.6453917887852683,9060.0,1.1204482272083371,2.4437927272842996,,0.10121466243855348,33389.0,-0.6,2.4705376872084406,8859.0,1.787394108637419,2.958579911128023,,0.8097165571110843,33431.0,1.2,4.507799556097414,8942.0,2.376425757336964,2.5870647009932135,,1.3333333584097495
1997-11-04,1999,,,45.0,37.0,,6.0,2.3,5.0,0.3,,,,,,,,National,37.0,34891.0,1.9,4.367204092010413,9215.0,1.0213556105215016,1.9398641048594678,,0.0,34232.0,2.5,3.6453917887852683,9060.0,1.1204482272083371,2.4437927272842996,,0.10121466243855348,33389.0,-0.6,2.4705376872084406,8859.0,1.787394108637419,2.958579911128023,,0.8097165571110843,33431.0,1.2,4.507799556097414,8942.0,2.376425757336964,2.5870647009932135,,1.3333333584097495
1997-11-13,1999,,,45.0,36.0,,6.0,2.8,7.0,,,,,,,,,National,36.0,34891.0,1.9,4.367204092010413,9215.0,1.0213556105215016,1.9398641048594678,,0.0,34232.0,2.5,3.6453917887852683,9060.0,1.1204482272083371,2.4437927272842996,,0.10121466243855348,33389.0,-0.6,2.4705376872084406,8859.0,1.787394108637419,2.958579911128023,,0.8097165571110843,33431.0,1.2,4.507799556097414,8942.0,2.376425757336964,2.5870647009932135,,1.3333333584097495
1997-11-23,1999,,,45.0,34.0,,7.6,3.1,7.0,,,,,,,,,National,34.0,34891.0,1.9,4.367204092010413,9215.0,1.0213556105215016,1.9398641048594678,,0.0,34232.0,2.5,3.6453917887852683,9060.0,1.1204482272083371,2.4437927272842996,,0.10121466243855348,33389.0,-0.6,2.4705376872084406,8859.0,1.787394108637419,2.958579911128023,,0.8097165571110843,33431.0,1.2,4.507799556097414,8942.0,2.376425757336964,2.5870647009932135,,1.3333333584097495
1997-12-10,1999,,,46.0,40.0,,6.0,1.1,5.0,0.1,0.6,,,,,,,National,40.0,34891.0,1.9,4.367204092010413,9215.0,1.0213556105215016,1.9398641048594678,,0.0,34232.0,2.5,3.6453917887852683,9060.0,1.1204482272083371,2.4437927272842996,,0.10121466243855348,33389.0,-0.6,2.4705376872084406,8859.0,1.787394108637419,2.958579911128023,,0.8097165571110843,33431.0,1.2,4.507799556097414,8942.0,2.376425757336964,2.5870647009932135,,1.3333333584097495
1998-02-12,1999,,,45.0,42.0,,5.0,1.3,5.0,,0.4,,,,,,,National,42.0,34315.0,-1.7,2.1462165862951688,9037.0,0.8294930923739008,1.350048106581414,,-0.10020030377673184,34891.0,1.9,4.367204092010413,9215.0,1.0213556105215016,1.9398641048594678,,0.0,34232.0,2.5,3.6453917887852683,9060.0,1.1204482272083371,2.4437927272842996,,0.10121466243855348,33594.0,0.5,3.64040229530449,8949.0,2.551984892322623,2.2682446607894313,,2.1494370351029524
1998-02-15,1999,,,44.0,38.0,,7.9,1.8,4.4,,0.5,,,,,,,National,38.0,34315.0,-1.7,2.1462165862951688,9037.0,0.8294930923739008,1.350048106581414,,-0.10020030377673184,34891.0,1.9,4.367204092010413,9215.0,1.0213556105215016,1.9398641048594678,,0.0,34232.0,2.5,3.6453917887852683,9060.0,1.1204482272083371,2.4437927272842996,,0.10121466243855348,33594.0,0.5,3.64040229530449,8949.0,2.551984892322623,2.2682446607894313,,2.1494370351029524
1998-03-25,1999,,,39.0,42.0,,5.0,1.6,8.0,0.3,0.6,,,,,,,National,42.0,34315.0,-1.7,2.1462165862951688,9037.0,0.8294930923739008,1.350048106581414,,-0.10020030377673184,34891.0,1.9,4.367204092010413,9215.0,1.0213556105215016,1.9398641048594678,,0.0,34232.0,2.5,3.6453917887852683,9060.0,1.1204482272083371,2.4437927272842996,,0.10121466243855348,33594.0,0.5,3.64040229530449,8949.0,2.551984892322623,2.2682446607894313,,2.1494370351029524
1998-04-21,1999,,,38.0,42.0,,6.3,2.2,6.1,,0.4,,,,,,,National,42.0,34249.0,-0.2,2.575698583365771,8996.0,1.293900219983657,2.298850596954116,,-2.0080320249993067,34315.0,-1.7,2.1462165862951688,9037.0,0.8294930923739008,1.350048106581414,,-0.10020030377673184,34891.0,1.9,4.367204092010413,9215.0,1.0213556105215016,1.9398641048594678,,0.0,33389.0,-0.6,2.4705376872084406,8859.0,1.787394108637419,2.958579911128023,,0.8097165571110843
1998-04-23,1999,,,38.0,46.0,,6.0,2.5,5.0,0.3,0.4,,,,,,,National,46.0,34249.0,-0.2,2.575698583365771,8996.0,1.293900219983657,2.298850596954116,,-2.0080320249993067,34315.0,-1.7,2.1462165862951688,9037.0,0.8294930923739008,1.350048106581414,,-0.10020030377673184,34891.0,1.9,4.367204092010413,9215.0,1.0213556105215016,1.9398641048594678,,0.0,33389.0,-0.6,2.4705376872084406,8859.0,1.787394108637419,2.958579911128023,,0.8097165571110843
1998-05-11,1999,,,34.7,38.3,,8.5,1.7,11.8,,1.4,,,,,,,National,38.3,34249.0,-0.2,2.575698583365771,8996.0,1.293900219983657,2.298850596954116,,-2.0080320249993067,34315.0,-1.7,2.1462165862951688,9037.0,0.8294930923739008,1.350048106581414,,-0.10020030377673184,34891.0,1.9,4.367204092010413,9215.0,1.0213556105215016,1.9398641048594678,,0.0,33389.0,-0.6,2.4705376872084406,8859.0,1.787394108637419,2.958579911128023,,0.8097165571110843
1998-05-14,1999,,,37.0,41.0,,8.0,2.1,9.0,0.1,0.2,,,,,,,National,41.0,34249.0,-0.2,2.575698583365771,8996.0,1.293900219983657,2.298850596954116,,-2.0080320249993067,34315.0,-1.7,2.1462165862951688,9037.0,0.8294930923739008,1.350048106581414,,-0.10020030377673184,34891.0,1.9,4.367204092010413,9215.0,1.0213556105215016,1.9398641048594678,,0.0,33389.0,-0.6,2.4705376872084406,8859.0,1.787394108637419,2.958579911128023,,0.8097165571110843
1998-06-18,1999,,,37.0,37.0,,9.0,2.1,11.0,0.1,0.5,,,,,,,National,37.0,34249.0,-0.2,2.575698583365771,8996.0,1.293900219983657,2.298850596954116,,-2.0080320249993067,34315.0,-1.7,2.1462165862951688,9037.0,0.8294930923739008,1.350048106581414,,-0.10020030377673184,34891.0,1.9,4.367204092010413,9215.0,1.0213556105215016,1.9398641048594678,,0.0,33389.0,-0.6,2.4705376872084406,8859.0,1.787394108637419,2.958579911128023,,0.8097165571110843
1998-07-09,1999,,,42.0,36.0,,9.0,1.9,8.0,,0.2,,,,,,,National,36.0,34208.0,-0.1,-0.07010983874736754,8971.0,1.662049870939386,2.67175575094154,,-6.875631958965068,34249.0,-0.2,2.575698583365771,8996.0,1.293900219983657,2.298850596954116,,-2.0080320249993067,34315.0,-1.7,2.1462165862951688,9037.0,0.8294930923739008,1.350048106581414,,-0.10020030377673184,34232.0,2.5,3.6453917887852683,9060.0,1.1204482272083371,2.4437927272842996,,0.10121466243855348
1998-07-10,1999,,,42.0,36.0,,9.9,2.3,5.1,,1.0,,,,,,,National,36.0,34208.0,-0.1,-0.07010983874736754,8971.0,1.662049870939386,2.67175575094154,,-6.875631958965068,34249.0,-0.2,2.575698583365771,8996.0,1.293900219983657,2.298850596954116,,-2.0080320249993067,34315.0,-1.7,2.1462165862951688,9037.0,0.8294930923739008,1.350048106581414,,-0.10020030377673184,34232.0,2.5,3.6453917887852683,9060.0,1.1204482272083371,2.4437927272842996,,0.10121466243855348
1998-08-06,1999,,,40.0,39.0,,9.0,2.6,6.0,,0.7,,,,,,,National,39.0,34208.0,-0.1,-0.07010983874736754,8971.0,1.662049870939386,2.67175575094154,,-6.875631958965068,34249.0,-0.2,2.575698583365771,8996.0,1.293900219983657,2.298850596954116,,-2.0080320249993067,34315.0,-1.7,2.1462165862951688,9037.0,0.8294930923739008,1.350048106581414,,-0.10020030377673184,34232.0,2.5,3.6453917887852683,9060.0,1.1204482272083371,2.4437927272842996,,0.10121466243855348
1998-08-11,1999,,,46.1,32.6,,9.7,2.2,5.9,,,,,,,,,National,32.6,34208.0,-0.1,-0.07010983874736754,8971.0,1.662049870939386,2.67175575094154,,-6.875631958965068,34249.0,-0.2,2.575698583365771,8996.0,1.293900219983657,2.298850596954116,,-2.0080320249993067,34315.0,-1.7,2.1462165862951688,9037.0,0.8294930923739008,1.350048106581414,,-0.10020030377673184,34232.0,2.5,3.6453917887852683,9060.0,1.1204482272083371,2.4437927272842996,,0.10121466243855348
1998-08-13,1999,,,41.0,39.0,,9.0,2.9,5.0,,,,,,,,,National,39.0,34208.0,-0.1,-0.07010983874736754,8971.0,1.662049870939386,2.67175575094154,,-6.875631958965068,34249.0,-0.2,2.575698583365771,8996.0,1.293900219983657,2.298850596954116,,-2.0080320249993067,34315.0,-1.7,2.1462165862951688,9037.0,0.8294930923739008,1.350048106581414,,-0.10020030377673184,34232.0,2.5,3.6453917887852683,9060.0,1.1204482272083371,2.4437927272842996,,0.10121466243855348
1998-09-13,1999,,,42.0,35.0,,9.1,4.4,4.7,,0.4,,,,,,,National,35.0,34208.0,-0.1,-0.07010983874736754,8971.0,1.662049870939386,2.67175575094154,,-6.875631958965068,34249.0,-0.2,2.575698583365771,8996.0,1.293900219983657,2.298850596954116,,-2.0080320249993067,34315.0,-1.7,2.1462165862951688,9037.0,0.8294930923739008,1.350048106581414,,-0.10020030377673184,34232.0,2.5,3.6453917887852683,9060.0,1.1204482272083371,2.4437927272842996,,0.10121466243855348
1998-09-22,1999,,,42.0,41.0,,7.0,1.8,6.0,,0.3,,,,,,,National,41.0,34208.0,-0.1,-0.07010983874736754,8971.0,1.662049870939386,2.67175575094154,,-6.875631958965068,34249.0,-0.2,2.575698583365771,8996.0,1.293900219983657,2.298850596954116,,-2.0080320249993067,34315.0,-1.7,2.1462165862951688,9037.0,0.8294930923739008,1.350048106581414,,-0.10020030377673184,34232.0,2.5,3.6453917887852683,9060.0,1.1204482272083371,2.4437927272842996,,0.10121466243855348
1998-10-15,1999,,,48.0,35.0,,6.0,2.0,6.0,0.1,0.7,,,,,,,National,35.0,34372.0,0.5,-1.4874896105012803,9003.0,1.7463235947988487,3.8058991825358435,,-6.882591106642854,34208.0,-0.1,-0.07010983874736754,8971.0,1.662049870939386,2.67175575094154,,-6.875631958965068,34249.0,-0.2,2.575698583365771,8996.0,1.293900219983657,2.298850596954116,,-2.0080320249993067,34891.0,1.9,4.367204092010413,9215.0,1.0213556105215016,1.9398641048594678,,0.0
1998-11-16,1999,,,48.0,34.0,,7.0,2.0,6.0,,0.5,,,,,,,National,34.0,34372.0,0.5,-1.4874896105012803,9003.0,1.7463235947988487,3.8058991825358435,,-6.882591106642854,34208.0,-0.1,-0.07010983874736754,8971.0,1.662049870939386,2.67175575094154,,-6.875631958965068,34249.0,-0.2,2.575698583365771,8996.0,1.293900219983657,2.298850596954116,,-2.0080320249993067,34891.0,1.9,4.367204092010413,9215.0,1.0213556105215016,1.9398641048594678,,0.0
1998-11-17,1999,,,49.0,32.0,,5.0,3.0,5.0,,1.0,,,,,,,National,32.0,34372.0,0.5,-1.4874896105012803,9003.0,1.7463235947988487,3.8058991825358435,,-6.882591106642854,34208.0,-0.1,-0.07010983874736754,8971.0,1.662049870939386,2.67175575094154,,-6.875631958965068,34249.0,-0.2,2.575698583365771,8996.0,1.293900219983657,2.298850596954116,,-2.0080320249993067,34891.0,1.9,4.367204092010413,9215.0,1.0213556105215016,1.9398641048594678,,0.0
1998-12-07,1999,,,51.0,32.0,,6.0,3.5,4.5,,,,,,,,,National,32.0,34372.0,0.5,-1.4874896105012803,9003.0,1.7463235947988487,3.8058991825358435,,-6.882591106642854,34208.0,-0.1,-0.07010983874736754,8971.0,1.662049870939386,2.67175575094154,,-6.875631958965068,34249.0,-0.2,2.575698583365771,8996.0,1.293900219983657,2.298850596954116,,-2.0080320249993067,34891.0,1.9,4.367204092010413,9215.0,1.0213556105215016,1.9398641048594678,,0.0
1998-12-10,1999,,,45.0,35.0,,8.0,2.4,5.0,0.1,0.4,,,,,,,National,35.0,34372.0,0.5,-1.4874896105012803,9003.0,1.7463235947988487,3.8058991825358435,,-6.882591106642854,34208.0,-0.1,-0.07010983874736754,8971.0,1.662049870939386,2.67175575094154,,-6.875631958965068,34249.0,-0.2,2.575698583365771,8996.0,1.293900219983657,2.298850596954116,,-2.0080320249993067,34891.0,1.9,4.367204092010413,9215.0,1.0213556105215016,1.9398641048594678,,0.0
1999-02-11,1999,,,42.0,41.0,,7.0,2.6,3.9,,0.7,,,,,,,National,41.0,35241.0,2.5,2.6985283403759386,9213.0,0.36563068830108847,4.091341681292193,,-8.82647952741743,34372.0,0.5,-1.4874896105012803,9003.0,1.7463235947988487,3.8058991825358435,,-6.882591106642854,34208.0,-0.1,-0.07010983874736754,8971.0,1.662049870939386,2.67175575094154,,-6.875631958965068,34315.0,-1.7,2.1462165862951688,9037.0,0.8294930923739008,1.350048106581414,,-0.10020030377673184
1999-02-14,1999,,,43.0,37.0,,7.0,3.0,5.0,,1.0,,,,,,,National,37.0,35241.0,2.5,2.6985283403759386,9213.0,0.36563068830108847,4.091341681292193,,-8.82647952741743,34372.0,0.5,-1.4874896105012803,9003.0,1.7463235947988487,3.8058991825358435,,-6.882591106642854,34208.0,-0.1,-0.07010983874736754,8971.0,1.662049870939386,2.67175575094154,,-6.875631958965068,34315.0,-1.7,2.1462165862951688,9037.0,0.8294930923739008,1.350048106581414,,-0.10020030377673184
1999-03-23,1999,,,39.0,42.0,,7.0,2.2,6.0,0.4,0.6,,,,,,,National,42.0,35241.0,2.5,2.6985283403759386,9213.0,0.36563068830108847,4.091341681292193,,-8.82647952741743,34372.0,0.5,-1.4874896105012803,9003.0,1.7463235947988487,3.8058991825358435,,-6.882591106642854,34208.0,-0.1,-0.07010983874736754,8971.0,1.662049870939386,2.67175575094154,,-6.875631958965068,34315.0,-1.7,2.1462165862951688,9037.0,0.8294930923739008,1.350048106581414,,-0.10020030377673184
1999-04-18,1999,,,41.0,37.0,,8.0,3.0,5.0,,1.0,,,,,,,National,37.0,35497.0,0.7,3.6439020117375653,9265.0,-0.09124092992011112,3.2771535299363164,,-8.91393442699946,35241.0,2.5,2.6985283403759386,9213.0,0.36563068830108847,4.091341681292193,,-8.82647952741743,34372.0,0.5,-1.4874896105012803,9003.0,1.7463235947988487,3.8058991825358435,,-6.882591106642854,34249.0,-0.2,2.575698583365771,8996.0,1.293900219983657,2.298850596954116,,-2.0080320249993067
1999-04-27,1999,,,44.0,38.0,,6.0,1.5,6.0,0.4,0.5,,,,,,,National,38.0,35497.0,0.7,3.6439020117375653,9265.0,-0.09124092992011112,3.2771535299363164,,-8.91393442699946,35241.0,2.5,2.6985283403759386,9213.0,0.36563068830108847,4.091341681292193,,-8.82647952741743,34372.0,0.5,-1.4874896105012803,9003.0,1.7463235947988487,3.8058991825358435,,-6.882591106642854,34249.0,-0.2,2.575698583365771,8996.0,1.293900219983657,2.298850596954116,,-2.0080320249993067
1999-05-19,1999,,,44.0,39.0,,7.0,2.6,4.4,0.2,0.9,,,,,,,National,39.0,35497.0,0.7,3.6439020117375653,9265.0,-0.09124092992011112,3.2771535299363164,,-8.91393442699946,35241.0,2.5,2.6985283403759386,9213.0,0.36563068830108847,4.091341681292193,,-8.82647952741743,34372.0,0.5,-1.4874896105012803,9003.0,1.7463235947988487,3.8058991825358435,,-6.882591106642854,34249.0,-0.2,2.575698583365771,8996.0,1.293900219983657,2.298850596954116,,-2.0080320249993067
1999-06-17,1999,,,42.0,41.0,,6.0,1.9,4.9,,1.4,,,,,,,National,41.0,35497.0,0.7,3.6439020117375653,9265.0,-0.09124092992011112,3.2771535299363164,,-8.91393442699946,35241.0,2.5,2.6985283403759386,9213.0,0.36563068830108847,4.091341681292193,,-8.82647952741743,34372.0,0.5,-1.4874896105012803,9003.0,1.7463235947988487,3.8058991825358435,,-6.882591106642854,34249.0,-0.2,2.575698583365771,8996.0,1.293900219983657,2.298850596954116,,-2.0080320249993067
1999-06-20,1999,,,46.0,33.0,,7.0,4.0,4.0,,1.4,,,,,,,National,33.0,35497.0,0.7,3.6439020117375653,9265.0,-0.09124092992011112,3.2771535299363164,,-8.91393442699946,35241.0,2.5,2.6985283403759386,9213.0,0.36563068830108847,4.091341681292193,,-8.82647952741743,34372.0,0.5,-1.4874896105012803,9003.0,1.7463235947988487,3.8058991825358435,,-6.882591106642854,34249.0,-0.2,2.575698583365771,8996.0,1.293900219983657,2.298850596954116,,-2.0080320249993067
1999-07-13,1999,,,44.0,38.0,,6.0,1.8,4.7,0.2,0.9,,,,,,,National,38.0,35879.0,1.1,4.884822263797939,9358.0,-0.3633061805565885,1.858736076928058,,-3.583061998853765,35497.0,0.7,3.6439020117375653,9265.0,-0.09124092992011112,3.2771535299363164,,-8.91393442699946,35241.0,2.5,2.6985283403759386,9213.0,0.36563068830108847,4.091341681292193,,-8.82647952741743,34208.0,-0.1,-0.07010983874736754,8971.0,1.662049870939386,2.67175575094154,,-6.875631958965068
1999-07-25,1999,,,38.0,37.0,,8.0,4.7,6.0,,1.5,,,,,,,National,37.0,35879.0,1.1,4.884822263797939,9358.0,-0.3633061805565885,1.858736076928058,,-3.583061998853765,35497.0,0.7,3.6439020117375653,9265.0,-0.09124092992011112,3.2771535299363164,,-8.91393442699946,35241.0,2.5,2.6985283403759386,9213.0,0.36563068830108847,4.091341681292193,,-8.82647952741743,34208.0,-0.1,-0.07010983874736754,8971.0,1.662049870939386,2.67175575094154,,-6.875631958965068
1999-08-05,1999,,,40.0,38.0,,7.0,4.0,7.0,,1.1,,,,,,,National,38.0,35879.0,1.1,4.884822263797939,9358.0,-0.3633061805565885,1.858736076928058,,-3.583061998853765,35497.0,0.7,3.6439020117375653,9265.0,-0.09124092992011112,3.2771535299363164,,-8.91393442699946,35241.0,2.5,2.6985283403759386,9213.0,0.36563068830108847,4.091341681292193,,-8.82647952741743,34208.0,-0.1,-0.07010983874736754,8971.0,1.662049870939386,2.67175575094154,,-6.875631958965068
1999-08-22,1999,,,40.0,32.0,,7.0,7.0,6.0,,2.6,,,,,,,National,32.0,35879.0,1.1,4.884822263797939,9358.0,-0.3633061805565885,1.858736076928058,,-3.583061998853765,35497.0,0.7,3.6439020117375653,9265.0,-0.09124092992011112,3.2771535299363164,,-8.91393442699946,35241.0,2.5,2.6985283403759386,9213.0,0.36563068830108847,4.091341681292193,,-8.82647952741743,34208.0,-0.1,-0.07010983874736754,8971.0,1.662049870939386,2.67175575094154,,-6.875631958965068
1999-09-03,1999,,,43.8,35.7,,5.0,5.5,,,3.1,,,,,,,National,35.7,35879.0,1.1,4.884822263797939,9358.0,-0.3633061805565885,1.858736076928058,,-3.583061998853765,35497.0,0.7,3.6439020117375653,9265.0,-0.09124092992011112,3.2771535299363164,,-8.91393442699946,35241.0,2.5,2.6985283403759386,9213.0,0.36563068830108847,4.091341681292193,,-8.82647952741743,34208.0,-0.1,-0.07010983874736754,8971.0,1.662049870939386,2.67175575094154,,-6.875631958965068
1999-09-16,1999,,,41.0,35.0,,7.0,4.1,5.0,0.2,1.9,,,,,,,National,35.0,35879.0,1.1,4.884822263797939,9358.0,-0.3633061805565885,1.858736076928058,,-3.583061998853765,35497.0,0.7,3.6439020117375653,9265.0,-0.09124092992011112,3.2771535299363164,,-8.91393442699946,35241.0,2.5,2.6985283403759386,9213.0,0.36563068830108847,4.091341681292193,,-8.82647952741743,34208.0,-0.1,-0.07010983874736754,8971.0,1.662049870939386,2.67175575094154,,-6.875631958965068
1999-09-19,1999,,,39.0,33.0,,6.0,7.0,7.0,,2.4,,,,,,,National,33.0,35879.0,1.1,4.884822263797939,9358.0,-0.3633061805565885,1.858736076928058,,-3.583061998853765,35497.0,0.7,3.6439020117375653,9265.0,-0.09124092992011112,3.2771535299363164,,-8.91393442699946,35241.0,2.5,2.6985283403759386,9213.0,0.36563068830108847,4.091341681292193,,-8.82647952741743,34208.0,-0.1,-0.07010983874736754,8971.0,1.662049870939386,2.67175575094154,,-6.875631958965068
1999-10-10,1999,,,40.0,36.0,,8.0,4.0,7.0,,2.0,,,,,,,National,36.0,36384.0,1.4,5.8536017688816555,9480.0,-0.5069557971593919,-0.14445464362636828,,3.9539131072563904,35879.0,1.1,4.884822263797939,9358.0,-0.3633061805565885,1.858736076928058,,-3.583061998853765,35497.0,0.7,3.6439020117375653,9265.0,-0.09124092992011112,3.2771535299363164,,-8.91393442699946,34372.0,0.5,-1.4874896105012803,9003.0,1.7463235947988487,3.8058991825358435,,-6.882591106642854
1999-10-18,1999,,,39.0,37.0,,4.5,6.0,7.0,0.5,1.0,,,,,,,National,37.0,36384.0,1.4,5.8536017688816555,9480.0,-0.5069557971593919,-0.14445464362636828,,3.9539131072563904,35879.0,1.1,4.884822263797939,9358.0,-0.3633061805565885,1.858736076928058,,-3.583061998853765,35497.0,0.7,3.6439020117375653,9265.0,-0.09124092992011112,3.2771535299363164,,-8.91393442699946,34372.0,0.5,-1.4874896105012803,9003.0,1.7463235947988487,3.8058991825358435,,-6.882591106642854
1999-10-20,1999,,,37.0,33.0,,7.0,6.0,9.0,,2.5,,,,,,,National,33.0,36384.0,1.4,5.8536017688816555,9480.0,-0.5069557971593919,-0.14445464362636828,,3.9539131072563904,35879.0,1.1,4.884822263797939,9358.0,-0.3633061805565885,1.858736076928058,,-3.583061998853765,35497.0,0.7,3.6439020117375653,9265.0,-0.09124092992011112,3.2771535299363164,,-8.91393442699946,34372.0,0.5,-1.4874896105012803,9003.0,1.7463235947988487,3.8058991825358435,,-6.882591106642854
1999-11-05,1999,,,35.2,34.0,,8.7,1.0,9.2,0.3,2.9,,,,,,,National,34.0,36384.0,1.4,5.8536017688816555,9480.0,-0.5069557971593919,-0.14445464362636828,,3.9539131072563904,35879.0,1.1,4.884822263797939,9358.0,-0.3633061805565885,1.858736076928058,,-3.583061998853765,35497.0,0.7,3.6439020117375653,9265.0,-0.09124092992011112,3.2771535299363164,,-8.91393442699946,34372.0,0.5,-1.4874896105012803,9003.0,1.7463235947988487,3.8058991825358435,,-6.882591106642854
1999-11-07,1999,,,41.0,28.0,,7.0,6.0,10.0,,2.9,,,,,,,National,28.0,36384.0,1.4,5.8536017688816555,9480.0,-0.5069557971593919,-0.14445464362636828,,3.9539131072563904,35879.0,1.1,4.884822263797939,9358.0,-0.3633061805565885,1.858736076928058,,-3.583061998853765,35497.0,0.7,3.6439020117375653,9265.0,-0.09124092992011112,3.2771535299363164,,-8.91393442699946,34372.0,0.5,-1.4874896105012803,9003.0,1.7463235947988487,3.8058991825358435,,-6.882591106642854
1999-11-11,1999,,,34.0,33.0,,9.0,6.0,11.0,0.1,2.4,,,,,,,National,33.0,36384.0,1.4,5.8536017688816555,9480.0,-0.5069557971593919,-0.14445464362636828,,3.9539131072563904,35879.0,1.1,4.884822263797939,9358.0,-0.3633061805565885,1.858736076928058,,-3.583061998853765,35497.0,0.7,3.6439020117375653,9265.0,-0.09124092992011112,3.2771535299363164,,-8.91393442699946,34372.0,0.5,-1.4874896105012803,9003.0,1.7463235947988487,3.8058991825358435,,-6.882591106642854
1999-11-17,1999,,,37.0,30.0,,9.0,6.0,9.0,,2.8,,,,,,,National,30.0,36384.0,1.4,5.8536017688816555,9480.0,-0.5069557971593919,-0.14445464362636828,,3.9539131072563904,35879.0,1.1,4.884822263797939,9358.0,-0.3633061805565885,1.858736076928058,,-3.583061998853765,35497.0,0.7,3.6439020117375653,9265.0,-0.09124092992011112,3.2771535299363164,,-8.91393442699946,34372.0,0.5,-1.4874896105012803,9003.0,1.7463235947988487,3.8058991825358435,,-6.882591106642854
1999-11-26,1999,,,39.8,29.9,,7.7,3.6,8.5,,5.4,,,,,,,National,29.9,36384.0,1.4,5.8536017688816555,9480.0,-0.5069557971593919,-0.14445464362636828,,3.9539131072563904,35879.0,1.1,4.884822263797939,9358.0,-0.3633061805565885,1.858736076928058,,-3.583061998853765,35497.0,0.7,3.6439020117375653,9265.0,-0.09124092992011112,3.2771535299363164,,-8.91393442699946,34372.0,0.5,-1.4874896105012803,9003.0,1.7463235947988487,3.8058991825358435,,-6.882591106642854
1999-11-26,1999,,,39.0,31.0,,8.0,3.2,7.0,0.7,6.0,,,,,,,National,31.0,36384.0,1.4,5.8536017688816555,9480.0,-0.5069557971593919,-0.14445464362636828,,3.9539131072563904,35879.0,1.1,4.884822263797939,9358.0,-0.3633061805565885,1.858736076928058,,-3.583061998853765,35497.0,0.7,3.6439020117375653,9265.0,-0.09124092992011112,3.2771535299363164,,-8.91393442699946,34372.0,0.5,-1.4874896105012803,9003.0,1.7463235947988487,3.8058991825358435,,-6.882591106642854
1999-11-26,1999,,,34.0,29.0,,9.0,5.5,11.0,,6.0,,,,,,,National,29.0,36384.0,1.4,5.8536017688816555,9480.0,-0.5069557971593919,-0.14445464362636828,,3.9539131072563904,35879.0,1.1,4.884822263797939,9358.0,-0.3633061805565885,1.858736076928058,,-3.583061998853765,35497.0,0.7,3.6439020117375653,9265.0,-0.09124092992011112,3.2771535299363164,,-8.91393442699946,34372.0,0.5,-1.4874896105012803,9003.0,1.7463235947988487,3.8058991825358435,,-6.882591106642854
1999-11-27,1999,,,38.74,30.5,,7.74,4.26,7.04,0.54,5.16,,,,,,,National,30.5,36384.0,1.4,5.8536017688816555,9480.0,-0.5069557971593919,-0.14445464362636828,,3.9539131072563904,35879.0,1.1,4.884822263797939,9358.0,-0.3633061805565885,1.858736076928058,,-3.583061998853765,35497.0,0.7,3.6439020117375653,9265.0,-0.09124092992011112,3.2771535299363164,,-8.91393442699946,34372.0,0.5,-1.4874896105012803,9003.0,1.7463235947988487,3.8058991825358435,,-6.882591106642854
1999-11-27,2002,,,38.74,30.5,,7.74,4.26,7.04,,5.16,,,,,,,National,30.5,36384.0,1.4,5.8536017688816555,9480.0,-0.5069557971593919,-0.14445464362636828,,3.9539131072563904,35879.0,1.1,4.884822263797939,9358.0,-0.3633061805565885,1.858736076928058,,-3.583061998853765,35497.0,0.7,3.6439020117375653,9265.0,-0.09124092992011112,3.2771535299363164,,-8.91393442699946,34372.0,0.5,-1.4874896105012803,9003.0,1.7463235947988487,3.8058991825358435,,-6.882591106642854
2000-02-28,2002,,,50.0,31.0,,4.3,2.1,5.0,,4.3,,,,,,,Labour,50.0,36740.0,1.0,4.253568286938503,9553.0,0.5083788728726057,-0.819012846184608,,11.854785570744264,36384.0,1.4,5.8536017688816555,9480.0,-0.5069557971593919,-0.14445464362636828,,3.9539131072563904,35879.0,1.1,4.884822263797939,9358.0,-0.3633061805565885,1.858736076928058,,-3.583061998853765,35241.0,2.5,2.6985283403759386,9213.0,0.36563068830108847,4.091341681292193,,-8.82647952741743
2000-02-28,2002,,,51.0,30.0,,5.0,3.0,4.0,,4.0,,,,,,,Labour,51.0,36740.0,1.0,4.253568286938503,9553.0,0.5083788728726057,-0.819012846184608,,11.854785570744264,36384.0,1.4,5.8536017688816555,9480.0,-0.5069557971593919,-0.14445464362636828,,3.9539131072563904,35879.0,1.1,4.884822263797939,9358.0,-0.3633061805565885,1.858736076928058,,-3.583061998853765,35241.0,2.5,2.6985283403759386,9213.0,0.36563068830108847,4.091341681292193,,-8.82647952741743
2000-04-18,2002,,,53.0,28.0,,3.0,1.0,4.0,,5.0,,,,,,,Labour,53.0,37571.0,2.3,5.842747274417559,9750.0,1.4850228409623245,-0.23717132523849438,,19.565354276838786,36740.0,1.0,4.253568286938503,9553.0,0.5083788728726057,-0.819012846184608,,11.854785570744264,36384.0,1.4,5.8536017688816555,9480.0,-0.5069557971593919,-0.14445464362636828,,3.9539131072563904,35497.0,0.7,3.6439020117375653,9265.0,-0.09124092992011112,3.2771535299363164,,-8.91393442699946
2000-06-26,2002,,,46.0,34.0,,4.0,2.0,4.0,,5.0,,,,,,,Labour,46.0,37571.0,2.3,5.842747274417559,9750.0,1.4850228409623245,-0.23717132523849438,,19.565354276838786,36740.0,1.0,4.253568286938503,9553.0,0.5083788728726057,-0.819012846184608,,11.854785570744264,36384.0,1.4,5.8536017688816555,9480.0,-0.5069557971593919,-0.14445464362636828,,3.9539131072563904,35497.0,0.7,3.6439020117375653,9265.0,-0.09124092992011112,3.2771535299363164,,-8.91393442699946
2000-06-30,2002,,,43.0,32.0,,8.0,6.0,10.0,,3.0,,,,,,,Labour,43.0,37353.0,-0.6,4.108252738370632,9685.0,2.000000108179867,0.0,1.9404915912029752,24.90000005183166,37571.0,2.3,5.842747274417559,9750.0,1.4850228409623245,-0.23717132523849438,,19.565354276838786,36740.0,1.0,4.253568286938503,9553.0,0.5083788728726057,-0.819012846184608,,11.854785570744264,35879.0,1.1,4.884822263797939,9358.0,-0.3633061805565885,1.858736076928058,,-3.583061998853765
2000-08-22,2002,,,47.0,36.0,,3.0,2.0,4.0,,5.0,,,,,,,Labour,47.0,37353.0,-0.6,4.108252738370632,9685.0,2.000000108179867,0.0,1.9404915912029752,24.90000005183166,37571.0,2.3,5.842747274417559,9750.0,1.4850228409623245,-0.23717132523849438,,19.565354276838786,36740.0,1.0,4.253568286938503,9553.0,0.5083788728726057,-0.819012846184608,,11.854785570744264,35879.0,1.1,4.884822263797939,9358.0,-0.3633061805565885,1.858736076928058,,-3.583061998853765
2000-09-10,2002,,,36.0,41.0,,6.0,,4.0,,7.0,,,,,,,Labour,36.0,37353.0,-0.6,4.108252738370632,9685.0,2.000000108179867,0.0,1.9404915912029752,24.90000005183166,37571.0,2.3,5.842747274417559,9750.0,1.4850228409623245,-0.23717132523849438,,19.565354276838786,36740.0,1.0,4.253568286938503,9553.0,0.5083788728726057,-0.819012846184608,,11.854785570744264,35879.0,1.1,4.884822263797939,9358.0,-0.3633061805565885,1.858736076928058,,-3.583061998853765
2000-10-31,2002,,,44.0,39.0,,5.0,2.0,3.0,,4.0,,,,,,,Labour,44.0,37510.0,0.4,3.0947669305189107,9714.0,2.988047850738873,1.810865191613198,1.6666666666665275,31.104921083474956,37353.0,-0.6,4.108252738370632,9685.0,2.000000108179867,0.0,1.9404915912029752,24.90000005183166,37571.0,2.3,5.842747274417559,9750.0,1.4850228409623245,-0.23717132523849438,,19.565354276838786,36384.0,1.4,5.8536017688816555,9480.0,-0.5069557971593919,-0.14445464362636828,,3.9539131072563904
2001-02-20,2002,,,49.0,34.0,,4.5,1.5,3.6,,4.7,,,,,,,Labour,49.0,37687.0,0.5,2.57757212847034,9741.0,3.976143115023545,3.636363636363682,2.176696542893808,23.144104831057575,37510.0,0.4,3.0947669305189107,9714.0,2.988047850738873,1.810865191613198,1.6666666666665275,31.104921083474956,37353.0,-0.6,4.108252738370632,9685.0,2.000000108179867,0.0,1.9404915912029752,24.90000005183166,36740.0,1.0,4.253568286938503,9553.0,0.5083788728726057,-0.819012846184608,,11.854785570744264
2001-04-09,2002,,,50.0,32.0,,3.7,2.0,4.2,0.5,5.0,,,,,,,Labour,50.0,37355.0,-0.9,-0.5749115008916506,9641.0,3.060217246632191,4.7808764163107975,-0.2547770700637164,7.5187969730246,37687.0,0.5,2.57757212847034,9741.0,3.976143115023545,3.636363636363682,2.176696542893808,23.144104831057575,37510.0,0.4,3.0947669305189107,9714.0,2.988047850738873,1.810865191613198,1.6666666666665275,31.104921083474956,37571.0,2.3,5.842747274417559,9750.0,1.4850228409623245,-0.23717132523849438,,19.565354276838786
2001-05-05,2002,,,43.0,32.0,,5.0,,6.0,,6.5,,,,,,,Labour,43.0,37355.0,-0.9,-0.5749115008916506,9641.0,3.060217246632191,4.7808764163107975,-0.2547770700637164,7.5187969730246,37687.0,0.5,2.57757212847034,9741.0,3.976143115023545,3.636363636363682,2.176696542893808,23.144104831057575,37510.0,0.4,3.0947669305189107,9714.0,2.988047850738873,1.810865191613198,1.6666666666665275,31.104921083474956,37571.0,2.3,5.842747274417559,9750.0,1.4850228409623245,-0.23717132523849438,,19.565354276838786
2001-05-14,2002,,,44.0,41.0,,2.0,,,,6.0,,,,,,,Labour,44.0,37355.0,-0.9,-0.5749115008916506,9641.0,3.060217246632191,4.7808764163107975,-0.2547770700637164,7.5187969730246,37687.0,0.5,2.57757212847034,9741.0,3.976143115023545,3.636363636363682,2.176696542893808,23.144104831057575,37510.0,0.4,3.0947669305189107,9714.0,2.988047850738873,1.810865191613198,1.6666666666665275,31.104921083474956,37571.0,2.3,5.842747274417559,9750.0,1.4850228409623245,-0.23717132523849438,,19.565354276838786
2001-06-11,2002,,,49.0,31.0,,3.5,3.3,2.0,,7.0,,,,,,,Labour,49.0,37355.0,-0.9,-0.5749115008916506,9641.0,3.060217246632191,4.7808764163107975,-0.2547770700637164,7.5187969730246,37687.0,0.5,2.57757212847034,9741.0,3.976143115023545,3.636363636363682,2.176696542893808,23.144104831057575,37510.0,0.4,3.0947669305189107,9714.0,2.988047850738873,1.810865191613198,1.6666666666665275,31.104921083474956,37571.0,2.3,5.842747274417559,9750.0,1.4850228409623245,-0.23717132523849438,,19.565354276838786
2001-10-12,2002,,,46.0,39.0,,2.0,3.5,3.1,,5.0,,,,,,,Labour,46.0,38616.0,0.0,2.9485470541189107,9932.0,2.4177949845899604,6.620553336062085,-0.7566204287514422,-7.011331497374895,38619.0,3.4,3.389286001124403,9958.0,3.2352940063893554,5.999999958527935,-0.6345177664974111,9.607686125092085,37355.0,-0.9,-0.5749115008916506,9641.0,3.060217246632191,4.7808764163107975,-0.2547770700637164,7.5187969730246,37510.0,0.4,3.0947669305189107,9714.0,2.988047850738873,1.810865191613198,1.6666666666665275,31.104921083474956
2001-10-19,2002,,,43.0,33.0,,3.8,3.6,5.2,,8.0,,,,,,,Labour,43.0,38616.0,0.0,2.9485470541189107,9932.0,2.4177949845899604,6.620553336062085,-0.7566204287514422,-7.011331497374895,38619.0,3.4,3.389286001124403,9958.0,3.2352940063893554,5.999999958527935,-0.6345177664974111,9.607686125092085,37355.0,-0.9,-0.5749115008916506,9641.0,3.060217246632191,4.7808764163107975,-0.2547770700637164,7.5187969730246,37510.0,0.4,3.0947669305189107,9714.0,2.988047850738873,1.810865191613198,1.6666666666665275,31.104921083474956
2001-11-12,2002,,,44.0,40.0,,4.0,2.0,3.0,,5.0,,,,,,,Labour,44.0,38616.0,0.0,2.9485470541189107,9932.0,2.4177949845899604,6.620553336062085,-0.7566204287514422,-7.011331497374895,38619.0,3.4,3.389286001124403,9958.0,3.2352940063893554,5.999999958527935,-0.6345177664974111,9.607686125092085,37355.0,-0.9,-0.5749115008916506,9641.0,3.060217246632191,4.7808764163107975,-0.2547770700637164,7.5187969730246,37510.0,0.4,3.0947669305189107,9714.0,2.988047850738873,1.810865191613198,1.6666666666665275,31.104921083474956
2001-12-17,2002,,,45.0,35.0,,3.0,3.0,3.0,,6.0,,,,,,,Labour,45.0,38616.0,0.0,2.9485470541189107,9932.0,2.4177949845899604,6.620553336062085,-0.7566204287514422,-7.011331497374895,38619.0,3.4,3.389286001124403,9958.0,3.2352940063893554,5.999999958527935,-0.6345177664974111,9.607686125092085,37355.0,-0.9,-0.5749115008916506,9641.0,3.060217246632191,4.7808764163107975,-0.2547770700637164,7.5187969730246,37510.0,0.4,3.0947669305189107,9714.0,2.988047850738873,1.810865191613198,1.6666666666665275,31.104921083474956
2002-02-27,2002,,,54.0,30.0,,2.2,2.2,3.0,,6.0,,,,,,,Labour,54.0,39032.0,1.1,3.5688699020882453,9993.0,1.8164436693512975,6.725146161403495,-1.002506265664238,-15.390070950133971,38616.0,0.0,2.9485470541189107,9932.0,2.4177949845899604,6.620553336062085,-0.7566204287514422,-7.011331497374895,38619.0,3.4,3.389286001124403,9958.0,3.2352940063893554,5.999999958527935,-0.6345177664974111,9.607686125092085,37687.0,0.5,2.57757212847034,9741.0,3.976143115023545,3.636363636363682,2.176696542893808,23.144104831057575
2002-06-07,2002,,,53.0,29.0,,0.5,3.3,4.5,,7.2,1.3,,,,,,Labour,53.0,39486.0,1.2,5.704724936420824,10058.0,2.5862068499025392,5.323194016279076,2.171136653895367,-6.993006976176441,39032.0,1.1,3.5688699020882453,9993.0,1.8164436693512975,6.725146161403495,-1.002506265664238,-15.390070950133971,38616.0,0.0,2.9485470541189107,9932.0,2.4177949845899604,6.620553336062085,-0.7566204287514422,-7.011331497374895,37355.0,-0.9,-0.5749115008916506,9641.0,3.060217246632191,4.7808764163107975,-0.2547770700637164,7.5187969730246
2002-06-10,2002,,,56.0,24.0,,1.2,3.1,3.9,0.5,9.0,0.5,,,,,,Labour,56.0,39486.0,1.2,5.704724936420824,10058.0,2.5862068499025392,5.323194016279076,2.171136653895367,-6.993006976176441,39032.0,1.1,3.5688699020882453,9993.0,1.8164436693512975,6.725146161403495,-1.002506265664238,-15.390070950133971,38616.0,0.0,2.9485470541189107,9932.0,2.4177949845899604,6.620553336062085,-0.7566204287514422,-7.011331497374895,37355.0,-0.9,-0.5749115008916506,9641.0,3.060217246632191,4.7808764163107975,-0.2547770700637164,7.5187969730246
2002-06-10,2002,,,49.9,31.2,,0.1,2.5,4.7,0.1,7.7,0.7,,,,,,Labour,49.9,39486.0,1.2,5.704724936420824,10058.0,2.5862068499025392,5.323194016279076,2.171136653895367,-6.993006976176441,39032.0,1.1,3.5688699020882453,9993.0,1.8164436693512975,6.725146161403495,-1.002506265664238,-15.390070950133971,38616.0,0.0,2.9485470541189107,9932.0,2.4177949845899604,6.620553336062085,-0.7566204287514422,-7.011331497374895,37355.0,-0.9,-0.5749115008916506,9641.0,3.060217246632191,4.7808764163107975,-0.2547770700637164,7.5187969730246
2002-06-17,2002,,,53.0,27.0,,0.5,3.0,4.0,,9.0,2.0,,,,,,Labour,53.0,39486.0,1.2,5.704724936420824,10058.0,2.5862068499025392,5.323194016279076,2.171136653895367,-6.993006976176441,39032.0,1.1,3.5688699020882453,9993.0,1.8164436693512975,6.725146161403495,-1.002506265664238,-15.390070950133971,38616.0,0.0,2.9485470541189107,9932.0,2.4177949845899604,6.620553336062085,-0.7566204287514422,-7.011331497374895,37355.0,-0.9,-0.5749115008916506,9641.0,3.060217246632191,4.7808764163107975,-0.2547770700637164,7.5187969730246
2002-06-26,2002,,,52.1,25.7,,0.5,3.8,4.4,,8.3,2.0,,,,,,Labour,52.1,39486.0,1.2,5.704724936420824,10058.0,2.5862068499025392,5.323194016279076,2.171136653895367,-6.993006976176441,39032.0,1.1,3.5688699020882453,9993.0,1.8164436693512975,6.725146161403495,-1.002506265664238,-15.390070950133971,38616.0,0.0,2.9485470541189107,9932.0,2.4177949845899604,6.620553336062085,-0.7566204287514422,-7.011331497374895,37355.0,-0.9,-0.5749115008916506,9641.0,3.060217246632191,4.7808764163107975,-0.2547770700637164,7.5187969730246
2002-07-03,2002,,,51.2,24.6,,0.4,4.4,5.7,0.1,9.6,1.4,,,,,,Labour,51.2,39864.0,1.0,3.223801755612521,10112.0,2.7540360994022794,4.056603785170587,2.9374201787994325,-3.8714389223945767,39486.0,1.2,5.704724936420824,10058.0,2.5862068499025392,5.323194016279076,2.171136653895367,-6.993006976176441,39032.0,1.1,3.5688699020882453,9993.0,1.8164436693512975,6.725146161403495,-1.002506265664238,-15.390070950133971,38619.0,3.4,3.389286001124403,9958.0,3.2352940063893554,5.999999958527935,-0.6345177664974111,9.607686125092085
2002-07-05,2002,,,51.0,24.0,,1.1,5.7,5.0,,10.8,1.1,,,,,,Labour,51.0,39864.0,1.0,3.223801755612521,10112.0,2.7540360994022794,4.056603785170587,2.9374201787994325,-3.8714389223945767,39486.0,1.2,5.704724936420824,10058.0,2.5862068499025392,5.323194016279076,2.171136653895367,-6.993006976176441,39032.0,1.1,3.5688699020882453,9993.0,1.8164436693512975,6.725146161403495,-1.002506265664238,-15.390070950133971,38619.0,3.4,3.389286001124403,9958.0,3.2352940063893554,5.999999958527935,-0.6345177664974111,9.607686125092085
2002-07-11,2002,,,48.0,24.5,,0.4,6.4,5.8,0.7,10.1,1.5,,,,,,Labour,48.0,39864.0,1.0,3.223801755612521,10112.0,2.7540360994022794,4.056603785170587,2.9374201787994325,-3.8714389223945767,39486.0,1.2,5.704724936420824,10058.0,2.5862068499025392,5.323194016279076,2.171136653895367,-6.993006976176441,39032.0,1.1,3.5688699020882453,9993.0,1.8164436693512975,6.725146161403495,-1.002506265664238,-15.390070950133971,38619.0,3.4,3.389286001124403,9958.0,3.2352940063893554,5.999999958527935,-0.6345177664974111,9.607686125092085
2002-07-11,2002,,,48.0,24.0,,1.2,7.9,6.3,0.9,7.9,0.8,,,,,,Labour,48.0,39864.0,1.0,3.223801755612521,10112.0,2.7540360994022794,4.056603785170587,2.9374201787994325,-3.8714389223945767,39486.0,1.2,5.704724936420824,10058.0,2.5862068499025392,5.323194016279076,2.171136653895367,-6.993006976176441,39032.0,1.1,3.5688699020882453,9993.0,1.8164436693512975,6.725146161403495,-1.002506265664238,-15.390070950133971,38619.0,3.4,3.389286001124403,9958.0,3.2352940063893554,5.999999958527935,-0.6345177664974111,9.607686125092085
2002-07-15,2002,,,46.0,27.0,,1.0,6.0,8.0,,9.0,1.0,,,,,,Labour,46.0,39864.0,1.0,3.223801755612521,10112.0,2.7540360994022794,4.056603785170587,2.9374201787994325,-3.8714389223945767,39486.0,1.2,5.704724936420824,10058.0,2.5862068499025392,5.323194016279076,2.171136653895367,-6.993006976176441,39032.0,1.1,3.5688699020882453,9993.0,1.8164436693512975,6.725146161403495,-1.002506265664238,-15.390070950133971,38619.0,3.4,3.389286001124403,9958.0,3.2352940063893554,5.999999958527935,-0.6345177664974111,9.607686125092085
2002-07-17,2002,,,46.7,23.1,,0.4,8.3,5.5,1.1,11.3,1.3,,,,,,Labour,46.7,39864.0,1.0,3.223801755612521,10112.0,2.7540360994022794,4.056603785170587,2.9374201787994325,-3.8714389223945767,39486.0,1.2,5.704724936420824,10058.0,2.5862068499025392,5.323194016279076,2.171136653895367,-6.993006976176441,39032.0,1.1,3.5688699020882453,9993.0,1.8164436693512975,6.725146161403495,-1.002506265664238,-15.390070950133971,38619.0,3.4,3.389286001124403,9958.0,3.2352940063893554,5.999999958527935,-0.6345177664974111,9.607686125092085
2002-07-18,2002,,,46.0,25.0,,1.4,8.0,6.0,0.7,9.0,0.7,,,,,,Labour,46.0,39864.0,1.0,3.223801755612521,10112.0,2.7540360994022794,4.056603785170587,2.9374201787994325,-3.8714389223945767,39486.0,1.2,5.704724936420824,10058.0,2.5862068499025392,5.323194016279076,2.171136653895367,-6.993006976176441,39032.0,1.1,3.5688699020882453,9993.0,1.8164436693512975,6.725146161403495,-1.002506265664238,-15.390070950133971,38619.0,3.4,3.389286001124403,9958.0,3.2352940063893554,5.999999958527935,-0.6345177664974111,9.607686125092085
2002-07-22,2002,,,40.8,23.6,,0.4,10.2,8.1,6.6,6.9,1.3,,,,,,Labour,40.8,39864.0,1.0,3.223801755612521,10112.0,2.7540360994022794,4.056603785170587,2.9374201787994325,-3.8714389223945767,39486.0,1.2,5.704724936420824,10058.0,2.5862068499025392,5.323194016279076,2.171136653895367,-6.993006976176441,39032.0,1.1,3.5688699020882453,9993.0,1.8164436693512975,6.725146161403495,-1.002506265664238,-15.390070950133971,38619.0,3.4,3.389286001124403,9958.0,3.2352940063893554,5.999999958527935,-0.6345177664974111,9.607686125092085
2002-07-25,2002,,,44.0,21.0,,1.0,10.0,7.0,4.0,8.0,0.5,,,,,,Labour,44.0,39864.0,1.0,3.223801755612521,10112.0,2.7540360994022794,4.056603785170587,2.9374201787994325,-3.8714389223945767,39486.0,1.2,5.704724936420824,10058.0,2.5862068499025392,5.323194016279076,2.171136653895367,-6.993006976176441,39032.0,1.1,3.5688699020882453,9993.0,1.8164436693512975,6.725146161403495,-1.002506265664238,-15.390070950133971,38619.0,3.4,3.389286001124403,9958.0,3.2352940063893554,5.999999958527935,-0.6345177664974111,9.607686125092085
2002-07-25,2002,,,43.0,21.0,,1.4,8.0,8.0,3.9,9.0,1.2,,,,,,Labour,43.0,39864.0,1.0,3.223801755612521,10112.0,2.7540360994022794,4.056603785170587,2.9374201787994325,-3.8714389223945767,39486.0,1.2,5.704724936420824,10058.0,2.5862068499025392,5.323194016279076,2.171136653895367,-6.993006976176441,39032.0,1.1,3.5688699020882453,9993.0,1.8164436693512975,6.725146161403495,-1.002506265664238,-15.390070950133971,38619.0,3.4,3.389286001124403,9958.0,3.2352940063893554,5.999999958527935,-0.6345177664974111,9.607686125092085
2002-07-26,2002,,,38.8,23.2,,1.3,9.6,8.9,5.4,9.0,1.4,,,,,,Labour,38.8,39864.0,1.0,3.223801755612521,10112.0,2.7540360994022794,4.056603785170587,2.9374201787994325,-3.8714389223945767,39486.0,1.2,5.704724936420824,10058.0,2.5862068499025392,5.323194016279076,2.171136653895367,-6.993006976176441,39032.0,1.1,3.5688699020882453,9993.0,1.8164436693512975,6.725146161403495,-1.002506265664238,-15.390070950133971,38619.0,3.4,3.389286001124403,9958.0,3.2352940063893554,5.999999958527935,-0.6345177664974111,9.607686125092085
2002-07-27,2002,,,41.26,20.93,,1.27,10.38,7.14,6.69,7.0,1.7,,,,,,Labour,41.26,39864.0,1.0,3.223801755612521,10112.0,2.7540360994022794,4.056603785170587,2.9374201787994325,-3.8714389223945767,39486.0,1.2,5.704724936420824,10058.0,2.5862068499025392,5.323194016279076,2.171136653895367,-6.993006976176441,39032.0,1.1,3.5688699020882453,9993.0,1.8164436693512975,6.725146161403495,-1.002506265664238,-15.390070950133971,38619.0,3.4,3.389286001124403,9958.0,3.2352940063893554,5.999999958527935,-0.6345177664974111,9.607686125092085
2002-07-27,2005,,,41.26,20.93,,,10.38,7.14,6.69,7.0,,,,,,,Labour,41.26,39864.0,1.0,3.223801755612521,10112.0,2.7540360994022794,4.056603785170587,2.9374201787994325,-3.8714389223945767,39486.0,1.2,5.704724936420824,10058.0,2.5862068499025392,5.323194016279076,2.171136653895367,-6.993006976176441,39032.0,1.1,3.5688699020882453,9993.0,1.8164436693512975,6.725146161403495,-1.002506265664238,-15.390070950133971,38619.0,3.4,3.389286001124403,9958.0,3.2352940063893554,5.999999958527935,-0.6345177664974111,9.607686125092085
2002-09-01,2005,,,40.0,25.0,,,10.0,6.0,8.0,7.0,,,,,,,Labour,40.0,39864.0,1.0,3.223801755612521,10112.0,2.7540360994022794,4.056603785170587,2.9374201787994325,-3.8714389223945767,39486.0,1.2,5.704724936420824,10058.0,2.5862068499025392,5.323194016279076,2.171136653895367,-6.993006976176441,39032.0,1.1,3.5688699020882453,9993.0,1.8164436693512975,6.725146161403495,-1.002506265664238,-15.390070950133971,38619.0,3.4,3.389286001124403,9958.0,3.2352940063893554,5.999999958527935,-0.6345177664974111,9.607686125092085
2002-09-22,2005,,,49.0,19.0,,,10.0,5.0,4.7,8.0,,,,,,,Labour,49.0,39864.0,1.0,3.223801755612521,10112.0,2.7540360994022794,4.056603785170587,2.9374201787994325,-3.8714389223945767,39486.0,1.2,5.704724936420824,10058.0,2.5862068499025392,5.323194016279076,2.171136653895367,-6.993006976176441,39032.0,1.1,3.5688699020882453,9993.0,1.8164436693512975,6.725146161403495,-1.002506265664238,-15.390070950133971,38619.0,3.4,3.389286001124403,9958.0,3.2352940063893554,5.999999958527935,-0.6345177664974111,9.607686125092085
2002-09-22,2005,,,44.0,22.0,,,9.5,,5.9,8.5,,,,,,,Labour,44.0,39864.0,1.0,3.223801755612521,10112.0,2.7540360994022794,4.056603785170587,2.9374201787994325,-3.8714389223945767,39486.0,1.2,5.704724936420824,10058.0,2.5862068499025392,5.323194016279076,2.171136653895367,-6.993006976176441,39032.0,1.1,3.5688699020882453,9993.0,1.8164436693512975,6.725146161403495,-1.002506265664238,-15.390070950133971,38619.0,3.4,3.389286001124403,9958.0,3.2352940063893554,5.999999958527935,-0.6345177664974111,9.607686125092085
2002-09-26,2005,,,47.0,26.0,,,8.0,5.0,4.0,6.0,,,,,,,Labour,47.0,39864.0,1.0,3.223801755612521,10112.0,2.7540360994022794,4.056603785170587,2.9374201787994325,-3.8714389223945767,39486.0,1.2,5.704724936420824,10058.0,2.5862068499025392,5.323194016279076,2.171136653895367,-6.993006976176441,39032.0,1.1,3.5688699020882453,9993.0,1.8164436693512975,6.725146161403495,-1.002506265664238,-15.390070950133971,38619.0,3.4,3.389286001124403,9958.0,3.2352940063893554,5.999999958527935,-0.6345177664974111,9.607686125092085
2002-10-20,2005,,,47.0,24.0,,,9.1,4.9,4.7,7.5,,,,,,,Labour,47.0,40707.0,2.1,5.414853946550657,10285.0,2.644003759892355,2.3169601612478052,3.4307496823379857,-2.1325209393711297,39864.0,1.0,3.223801755612521,10112.0,2.7540360994022794,4.056603785170587,2.9374201787994325,-3.8714389223945767,39486.0,1.2,5.704724936420824,10058.0,2.5862068499025392,5.323194016279076,2.171136653895367,-6.993006976176441,38616.0,0.0,2.9485470541189107,9932.0,2.4177949845899604,6.620553336062085,-0.7566204287514422,-7.011331497374895
2002-10-27,2005,,,51.0,25.0,,,7.0,5.0,5.0,5.0,,,,,,,Labour,51.0,40707.0,2.1,5.414853946550657,10285.0,2.644003759892355,2.3169601612478052,3.4307496823379857,-2.1325209393711297,39864.0,1.0,3.223801755612521,10112.0,2.7540360994022794,4.056603785170587,2.9374201787994325,-3.8714389223945767,39486.0,1.2,5.704724936420824,10058.0,2.5862068499025392,5.323194016279076,2.171136653895367,-6.993006976176441,38616.0,0.0,2.9485470541189107,9932.0,2.4177949845899604,6.620553336062085,-0.7566204287514422,-7.011331497374895
2002-11-18,2005,,,49.0,26.0,,,8.0,6.0,2.9,5.0,,,,,,,Labour,49.0,40707.0,2.1,5.414853946550657,10285.0,2.644003759892355,2.3169601612478052,3.4307496823379857,-2.1325209393711297,39864.0,1.0,3.223801755612521,10112.0,2.7540360994022794,4.056603785170587,2.9374201787994325,-3.8714389223945767,39486.0,1.2,5.704724936420824,10058.0,2.5862068499025392,5.323194016279076,2.171136653895367,-6.993006976176441,38616.0,0.0,2.9485470541189107,9932.0,2.4177949845899604,6.620553336062085,-0.7566204287514422,-7.011331497374895
2002-11-24,2005,,,50.0,19.0,,,10.0,4.8,5.0,8.0,,,,,,,Labour,50.0,40707.0,2.1,5.414853946550657,10285.0,2.644003759892355,2.3169601612478052,3.4307496823379857,-2.1325209393711297,39864.0,1.0,3.223801755612521,10112.0,2.7540360994022794,4.056603785170587,2.9374201787994325,-3.8714389223945767,39486.0,1.2,5.704724936420824,10058.0,2.5862068499025392,5.323194016279076,2.171136653895367,-6.993006976176441,38616.0,0.0,2.9485470541189107,9932.0,2.4177949845899604,6.620553336062085,-0.7566204287514422,-7.011331497374895
2002-12-15,2005,,,52.0,25.0,,,6.0,5.0,4.0,5.0,,,,,,,Labour,52.0,40707.0,2.1,5.414853946550657,10285.0,2.644003759892355,2.3169601612478052,3.4307496823379857,-2.1325209393711297,39864.0,1.0,3.223801755612521,10112.0,2.7540360994022794,4.056603785170587,2.9374201787994325,-3.8714389223945767,39486.0,1.2,5.704724936420824,10058.0,2.5862068499025392,5.323194016279076,2.171136653895367,-6.993006976176441,38616.0,0.0,2.9485470541189107,9932.0,2.4177949845899604,6.620553336062085,-0.7566204287514422,-7.011331497374895
2003-02-03,2005,,,49.6,22.9,,,7.2,5.9,3.3,5.1,,,,,,,Labour,49.6,41405.0,1.7,6.079626972740315,10407.0,2.723004590979783,0.9132420562106169,4.303797468354409,7.04107290711673,40707.0,2.1,5.414853946550657,10285.0,2.644003759892355,2.3169601612478052,3.4307496823379857,-2.1325209393711297,39864.0,1.0,3.223801755612521,10112.0,2.7540360994022794,4.056603785170587,2.9374201787994325,-3.8714389223945767,39032.0,1.1,3.5688699020882453,9993.0,1.8164436693512975,6.725146161403495,-1.002506265664238,-15.390070950133971
2003-02-16,2005,,,56.0,21.0,,,6.0,4.2,3.6,6.0,,,,,,,Labour,56.0,41405.0,1.7,6.079626972740315,10407.0,2.723004590979783,0.9132420562106169,4.303797468354409,7.04107290711673,40707.0,2.1,5.414853946550657,10285.0,2.644003759892355,2.3169601612478052,3.4307496823379857,-2.1325209393711297,39864.0,1.0,3.223801755612521,10112.0,2.7540360994022794,4.056603785170587,2.9374201787994325,-3.8714389223945767,39032.0,1.1,3.5688699020882453,9993.0,1.8164436693512975,6.725146161403495,-1.002506265664238,-15.390070950133971
2003-02-17,2005,,,53.0,27.0,,,5.0,6.0,2.0,6.0,,,,,,,Labour,53.0,41405.0,1.7,6.079626972740315,10407.0,2.723004590979783,0.9132420562106169,4.303797468354409,7.04107290711673,40707.0,2.1,5.414853946550657,10285.0,2.644003759892355,2.3169601612478052,3.4307496823379857,-2.1325209393711297,39864.0,1.0,3.223801755612521,10112.0,2.7540360994022794,4.056603785170587,2.9374201787994325,-3.8714389223945767,39032.0,1.1,3.5688699020882453,9993.0,1.8164436693512975,6.725146161403495,-1.002506265664238,-15.390070950133971
2003-03-23,2005,,,51.0,28.0,,,6.0,6.0,2.9,5.0,,,,,,,Labour,51.0,41405.0,1.7,6.079626972740315,10407.0,2.723004590979783,0.9132420562106169,4.303797468354409,7.04107290711673,40707.0,2.1,5.414853946550657,10285.0,2.644003759892355,2.3169601612478052,3.4307496823379857,-2.1325209393711297,39864.0,1.0,3.223801755612521,10112.0,2.7540360994022794,4.056603785170587,2.9374201787994325,-3.8714389223945767,39032.0,1.1,3.5688699020882453,9993.0,1.8164436693512975,6.725146161403495,-1.002506265664238,-15.390070950133971
2003-04-13,2005,,,52.0,26.0,,,6.0,5.0,2.0,5.0,,,,,,,Labour,52.0,41625.0,0.5,5.417109861723146,10403.0,2.521008359034571,-0.18050550749791894,3.874999999999873,13.450292449112421,41405.0,1.7,6.079626972740315,10407.0,2.723004590979783,0.9132420562106169,4.303797468354409,7.04107290711673,40707.0,2.1,5.414853946550657,10285.0,2.644003759892355,2.3169601612478052,3.4307496823379857,-2.1325209393711297,39486.0,1.2,5.704724936420824,10058.0,2.5862068499025392,5.323194016279076,2.171136653895367,-6.993006976176441
2003-04-13,2005,,,53.0,26.0,,,5.0,4.9,2.4,6.0,,,,,,,Labour,53.0,41625.0,0.5,5.417109861723146,10403.0,2.521008359034571,-0.18050550749791894,3.874999999999873,13.450292449112421,41405.0,1.7,6.079626972740315,10407.0,2.723004590979783,0.9132420562106169,4.303797468354409,7.04107290711673,40707.0,2.1,5.414853946550657,10285.0,2.644003759892355,2.3169601612478052,3.4307496823379857,-2.1325209393711297,39486.0,1.2,5.704724936420824,10058.0,2.5862068499025392,5.323194016279076,2.171136653895367,-6.993006976176441
2003-05-15,2005,,,50.0,28.0,,,7.0,6.0,2.0,3.0,,,,,,,Labour,50.0,41625.0,0.5,5.417109861723146,10403.0,2.521008359034571,-0.18050550749791894,3.874999999999873,13.450292449112421,41405.0,1.7,6.079626972740315,10407.0,2.723004590979783,0.9132420562106169,4.303797468354409,7.04107290711673,40707.0,2.1,5.414853946550657,10285.0,2.644003759892355,2.3169601612478052,3.4307496823379857,-2.1325209393711297,39486.0,1.2,5.704724936420824,10058.0,2.5862068499025392,5.323194016279076,2.171136653895367,-6.993006976176441
2003-05-18,2005,,,49.4,28.0,,,8.0,5.6,1.8,5.3,,,,,,,Labour,49.4,41625.0,0.5,5.417109861723146,10403.0,2.521008359034571,-0.18050550749791894,3.874999999999873,13.450292449112421,41405.0,1.7,6.079626972740315,10407.0,2.723004590979783,0.9132420562106169,4.303797468354409,7.04107290711673,40707.0,2.1,5.414853946550657,10285.0,2.644003759892355,2.3169601612478052,3.4307496823379857,-2.1325209393711297,39486.0,1.2,5.704724936420824,10058.0,2.5862068499025392,5.323194016279076,2.171136653895367,-6.993006976176441
2003-06-16,2005,,,52.0,24.0,,,8.0,4.5,2.9,6.0,,,,,,,Labour,52.0,41625.0,0.5,5.417109861723146,10403.0,2.521008359034571,-0.18050550749791894,3.874999999999873,13.450292449112421,41405.0,1.7,6.079626972740315,10407.0,2.723004590979783,0.9132420562106169,4.303797468354409,7.04107290711673,40707.0,2.1,5.414853946550657,10285.0,2.644003759892355,2.3169601612478052,3.4307496823379857,-2.1325209393711297,39486.0,1.2,5.704724936420824,10058.0,2.5862068499025392,5.323194016279076,2.171136653895367,-6.993006976176441
2003-06-16,2005,,,54.0,28.0,,,,,,4.0,,,,,,,Labour,54.0,41625.0,0.5,5.417109861723146,10403.0,2.521008359034571,-0.18050550749791894,3.874999999999873,13.450292449112421,41405.0,1.7,6.079626972740315,10407.0,2.723004590979783,0.9132420562106169,4.303797468354409,7.04107290711673,40707.0,2.1,5.414853946550657,10285.0,2.644003759892355,2.3169601612478052,3.4307496823379857,-2.1325209393711297,39486.0,1.2,5.704724936420824,10058.0,2.5862068499025392,5.323194016279076,2.171136653895367,-6.993006976176441
2003-07-01,2005,,,48.2,27.2,,,9.2,4.8,3.4,5.1,,,,,,,Labour,48.2,41812.0,0.4,4.8866144892634855,10400.0,1.4787430593567352,0.0,4.466501240694787,-6.83890591052827,41625.0,0.5,5.417109861723146,10403.0,2.521008359034571,-0.18050550749791894,3.874999999999873,13.450292449112421,41405.0,1.7,6.079626972740315,10407.0,2.723004590979783,0.9132420562106169,4.303797468354409,7.04107290711673,39864.0,1.0,3.223801755612521,10112.0,2.7540360994022794,4.056603785170587,2.9374201787994325,-3.8714389223945767
2003-07-13,2005,,,51.0,28.0,,,7.0,6.0,1.1,4.0,,,,,,,Labour,51.0,41812.0,0.4,4.8866144892634855,10400.0,1.4787430593567352,0.0,4.466501240694787,-6.83890591052827,41625.0,0.5,5.417109861723146,10403.0,2.521008359034571,-0.18050550749791894,3.874999999999873,13.450292449112421,41405.0,1.7,6.079626972740315,10407.0,2.723004590979783,0.9132420562106169,4.303797468354409,7.04107290711673,39864.0,1.0,3.223801755612521,10112.0,2.7540360994022794,4.056603785170587,2.9374201787994325,-3.8714389223945767
2003-08-12,2005,,,52.0,23.0,,,9.0,5.0,2.7,6.0,,,,,,,Labour,52.0,41812.0,0.4,4.8866144892634855,10400.0,1.4787430593567352,0.0,4.466501240694787,-6.83890591052827,41625.0,0.5,5.417109861723146,10403.0,2.521008359034571,-0.18050550749791894,3.874999999999873,13.450292449112421,41405.0,1.7,6.079626972740315,10407.0,2.723004590979783,0.9132420562106169,4.303797468354409,7.04107290711673,39864.0,1.0,3.223801755612521,10112.0,2.7540360994022794,4.056603785170587,2.9374201787994325,-3.8714389223945767
2003-08-17,2005,,,47.7,26.8,,,9.7,4.4,4.2,5.0,,,,,,,Labour,47.7,41812.0,0.4,4.8866144892634855,10400.0,1.4787430593567352,0.0,4.466501240694787,-6.83890591052827,41625.0,0.5,5.417109861723146,10403.0,2.521008359034571,-0.18050550749791894,3.874999999999873,13.450292449112421,41405.0,1.7,6.079626972740315,10407.0,2.723004590979783,0.9132420562106169,4.303797468354409,7.04107290711673,39864.0,1.0,3.223801755612521,10112.0,2.7540360994022794,4.056603785170587,2.9374201787994325,-3.8714389223945767
2003-08-17,2005,,,47.0,27.0,,,8.0,6.0,2.6,5.0,,,,,,,Labour,47.0,41812.0,0.4,4.8866144892634855,10400.0,1.4787430593567352,0.0,4.466501240694787,-6.83890591052827,41625.0,0.5,5.417109861723146,10403.0,2.521008359034571,-0.18050550749791894,3.874999999999873,13.450292449112421,41405.0,1.7,6.079626972740315,10407.0,2.723004590979783,0.9132420562106169,4.303797468354409,7.04107290711673,39864.0,1.0,3.223801755612521,10112.0,2.7540360994022794,4.056603785170587,2.9374201787994325,-3.8714389223945767
2003-09-15,2005,,,45.0,29.0,,,8.0,5.0,3.4,7.0,,,,,,,Labour,45.0,41812.0,0.4,4.8866144892634855,10400.0,1.4787430593567352,0.0,4.466501240694787,-6.83890591052827,41625.0,0.5,5.417109861723146,10403.0,2.521008359034571,-0.18050550749791894,3.874999999999873,13.450292449112421,41405.0,1.7,6.079626972740315,10407.0,2.723004590979783,0.9132420562106169,4.303797468354409,7.04107290711673,39864.0,1.0,3.223801755612521,10112.0,2.7540360994022794,4.056603785170587,2.9374201787994325,-3.8714389223945767
2003-10-06,2005,,,46.0,24.0,,,10.0,6.0,2.9,8.0,,,,,,,Labour,46.0,42432.0,1.5,4.237600412705422,10514.0,1.4719411129960003,0.27173916531186837,5.773955773955786,2.1789883215956207,41812.0,0.4,4.8866144892634855,10400.0,1.4787430593567352,0.0,4.466501240694787,-6.83890591052827,41625.0,0.5,5.417109861723146,10403.0,2.521008359034571,-0.18050550749791894,3.874999999999873,13.450292449112421,40707.0,2.1,5.414853946550657,10285.0,2.644003759892355,2.3169601612478052,3.4307496823379857,-2.1325209393711297
2003-10-14,2005,,,45.0,27.0,,,8.0,6.0,2.8,7.0,,,,,,,Labour,45.0,42432.0,1.5,4.237600412705422,10514.0,1.4719411129960003,0.27173916531186837,5.773955773955786,2.1789883215956207,41812.0,0.4,4.8866144892634855,10400.0,1.4787430593567352,0.0,4.466501240694787,-6.83890591052827,41625.0,0.5,5.417109861723146,10403.0,2.521008359034571,-0.18050550749791894,3.874999999999873,13.450292449112421,40707.0,2.1,5.414853946550657,10285.0,2.644003759892355,2.3169601612478052,3.4307496823379857,-2.1325209393711297
2003-10-15,2005,,,43.3,22.3,,,12.3,6.2,2.7,9.2,,,,,,,Labour,43.3,42432.0,1.5,4.237600412705422,10514.0,1.4719411129960003,0.27173916531186837,5.773955773955786,2.1789883215956207,41812.0,0.4,4.8866144892634855,10400.0,1.4787430593567352,0.0,4.466501240694787,-6.83890591052827,41625.0,0.5,5.417109861723146,10403.0,2.521008359034571,-0.18050550749791894,3.874999999999873,13.450292449112421,40707.0,2.1,5.414853946550657,10285.0,2.644003759892355,2.3169601612478052,3.4307496823379857,-2.1325209393711297
2003-11-09,2005,,,45.0,31.0,,,8.0,4.0,2.2,7.0,,,,,,,Labour,45.0,42432.0,1.5,4.237600412705422,10514.0,1.4719411129960003,0.27173916531186837,5.773955773955786,2.1789883215956207,41812.0,0.4,4.8866144892634855,10400.0,1.4787430593567352,0.0,4.466501240694787,-6.83890591052827,41625.0,0.5,5.417109861723146,10403.0,2.521008359034571,-0.18050550749791894,3.874999999999873,13.450292449112421,40707.0,2.1,5.414853946550657,10285.0,2.644003759892355,2.3169601612478052,3.4307496823379857,-2.1325209393711297
2003-12-14,2005,,,45.0,28.0,,,11.0,6.0,2.1,4.0,,,,,,,Labour,45.0,42432.0,1.5,4.237600412705422,10514.0,1.4719411129960003,0.27173916531186837,5.773955773955786,2.1789883215956207,41812.0,0.4,4.8866144892634855,10400.0,1.4787430593567352,0.0,4.466501240694787,-6.83890591052827,41625.0,0.5,5.417109861723146,10403.0,2.521008359034571,-0.18050550749791894,3.874999999999873,13.450292449112421,40707.0,2.1,5.414853946550657,10285.0,2.644003759892355,2.3169601612478052,3.4307496823379857,-2.1325209393711297
2004-02-04,2005,,,38.0,45.0,,,6.0,1.3,1.8,5.0,,,,,,,Labour,38.0,42944.0,1.2,3.7169423982610805,10595.0,1.5539305482422217,0.18099546350847096,6.796116504854388,0.7047768998175163,42432.0,1.5,4.237600412705422,10514.0,1.4719411129960003,0.27173916531186837,5.773955773955786,2.1789883215956207,41812.0,0.4,4.8866144892634855,10400.0,1.4787430593567352,0.0,4.466501240694787,-6.83890591052827,41405.0,1.7,6.079626972740315,10407.0,2.723004590979783,0.9132420562106169,4.303797468354409,7.04107290711673
2004-02-05,2005,,,43.0,32.0,,,8.0,4.2,2.4,8.0,,,,,,,Labour,43.0,42944.0,1.2,3.7169423982610805,10595.0,1.5539305482422217,0.18099546350847096,6.796116504854388,0.7047768998175163,42432.0,1.5,4.237600412705422,10514.0,1.4719411129960003,0.27173916531186837,5.773955773955786,2.1789883215956207,41812.0,0.4,4.8866144892634855,10400.0,1.4787430593567352,0.0,4.466501240694787,-6.83890591052827,41405.0,1.7,6.079626972740315,10407.0,2.723004590979783,0.9132420562106169,4.303797468354409,7.04107290711673
2004-02-23,2005,,,37.0,45.5,,,5.6,2.3,1.4,5.3,,,,,,,Labour,37.0,42944.0,1.2,3.7169423982610805,10595.0,1.5539305482422217,0.18099546350847096,6.796116504854388,0.7047768998175163,42432.0,1.5,4.237600412705422,10514.0,1.4719411129960003,0.27173916531186837,5.773955773955786,2.1789883215956207,41812.0,0.4,4.8866144892634855,10400.0,1.4787430593567352,0.0,4.466501240694787,-6.83890591052827,41405.0,1.7,6.079626972740315,10407.0,2.723004590979783,0.9132420562106169,4.303797468354409,7.04107290711673
2004-02-29,2005,,,39.0,42.0,,,6.0,2.4,0.9,6.0,,,,,,,Labour,39.0,42944.0,1.2,3.7169423982610805,10595.0,1.5539305482422217,0.18099546350847096,6.796116504854388,0.7047768998175163,42432.0,1.5,4.237600412705422,10514.0,1.4719411129960003,0.27173916531186837,5.773955773955786,2.1789883215956207,41812.0,0.4,4.8866144892634855,10400.0,1.4787430593567352,0.0,4.466501240694787,-6.83890591052827,41405.0,1.7,6.079626972740315,10407.0,2.723004590979783,0.9132420562106169,4.303797468354409,7.04107290711673
2004-03-22,2005,,,39.0,49.0,,,4.0,2.0,1.7,2.2,,,,,,,Labour,39.0,42944.0,1.2,3.7169423982610805,10595.0,1.5539305482422217,0.18099546350847096,6.796116504854388,0.7047768998175163,42432.0,1.5,4.237600412705422,10514.0,1.4719411129960003,0.27173916531186837,5.773955773955786,2.1789883215956207,41812.0,0.4,4.8866144892634855,10400.0,1.4787430593567352,0.0,4.466501240694787,-6.83890591052827,41405.0,1.7,6.079626972740315,10407.0,2.723004590979783,0.9132420562106169,4.303797468354409,7.04107290711673
2004-03-31,2005,,,42.0,42.0,,,5.0,1.3,2.1,4.6,,,,,,,Labour,42.0,44088.0,2.7,5.91711711711711,10832.0,1.5482695991023698,0.45207958935948866,7.099879663056696,-0.29455080911893194,42944.0,1.2,3.7169423982610805,10595.0,1.5539305482422217,0.18099546350847096,6.796116504854388,0.7047768998175163,42432.0,1.5,4.237600412705422,10514.0,1.4719411129960003,0.27173916531186837,5.773955773955786,2.1789883215956207,41625.0,0.5,5.417109861723146,10403.0,2.521008359034571,-0.18050550749791894,3.874999999999873,13.450292449112421
2004-04-25,2005,,,37.0,48.0,,,5.0,1.6,1.9,5.0,,,,,,,Labour,37.0,44088.0,2.7,5.91711711711711,10832.0,1.5482695991023698,0.45207958935948866,7.099879663056696,-0.29455080911893194,42944.0,1.2,3.7169423982610805,10595.0,1.5539305482422217,0.18099546350847096,6.796116504854388,0.7047768998175163,42432.0,1.5,4.237600412705422,10514.0,1.4719411129960003,0.27173916531186837,5.773955773955786,2.1789883215956207,41625.0,0.5,5.417109861723146,10403.0,2.521008359034571,-0.18050550749791894,3.874999999999873,13.450292449112421
2004-05-20,2005,,,37.0,47.0,,,5.0,3.0,1.4,4.0,,,,,,,Labour,37.0,44088.0,2.7,5.91711711711711,10832.0,1.5482695991023698,0.45207958935948866,7.099879663056696,-0.29455080911893194,42944.0,1.2,3.7169423982610805,10595.0,1.5539305482422217,0.18099546350847096,6.796116504854388,0.7047768998175163,42432.0,1.5,4.237600412705422,10514.0,1.4719411129960003,0.27173916531186837,5.773955773955786,2.1789883215956207,41625.0,0.5,5.417109861723146,10403.0,2.521008359034571,-0.18050550749791894,3.874999999999873,13.450292449112421
2004-06-01,2005,,,36.0,44.0,,,5.6,2.0,2.4,4.7,,,,,,,Labour,36.0,44088.0,2.7,5.91711711711711,10832.0,1.5482695991023698,0.45207958935948866,7.099879663056696,-0.29455080911893194,42944.0,1.2,3.7169423982610805,10595.0,1.5539305482422217,0.18099546350847096,6.796116504854388,0.7047768998175163,42432.0,1.5,4.237600412705422,10514.0,1.4719411129960003,0.27173916531186837,5.773955773955786,2.1789883215956207,41625.0,0.5,5.417109861723146,10403.0,2.521008359034571,-0.18050550749791894,3.874999999999873,13.450292449112421
2004-06-03,2005,,,43.0,40.0,,,5.0,2.0,2.3,4.6,,,,,,,Labour,43.0,44088.0,2.7,5.91711711711711,10832.0,1.5482695991023698,0.45207958935948866,7.099879663056696,-0.29455080911893194,42944.0,1.2,3.7169423982610805,10595.0,1.5539305482422217,0.18099546350847096,6.796116504854388,0.7047768998175163,42432.0,1.5,4.237600412705422,10514.0,1.4719411129960003,0.27173916531186837,5.773955773955786,2.1789883215956207,41625.0,0.5,5.417109861723146,10403.0,2.521008359034571,-0.18050550749791894,3.874999999999873,13.450292449112421
2004-06-21,2005,,,40.0,44.0,,,2.7,2.3,2.2,5.0,,,,,,,Labour,40.0,44088.0,2.7,5.91711711711711,10832.0,1.5482695991023698,0.45207958935948866,7.099879663056696,-0.29455080911893194,42944.0,1.2,3.7169423982610805,10595.0,1.5539305482422217,0.18099546350847096,6.796116504854388,0.7047768998175163,42432.0,1.5,4.237600412705422,10514.0,1.4719411129960003,0.27173916531186837,5.773955773955786,2.1789883215956207,41625.0,0.5,5.417109861723146,10403.0,2.521008359034571,-0.18050550749791894,3.874999999999873,13.450292449112421
2004-07-08,2005,,,39.0,43.0,,,5.0,2.7,2.2,4.0,,,,,,,Labour,39.0,44106.0,0.0,5.486463216301529,10802.0,2.367941752682756,1.0879419065470408,7.125890736342111,19.08646016891222,44088.0,2.7,5.91711711711711,10832.0,1.5482695991023698,0.45207958935948866,7.099879663056696,-0.29455080911893194,42944.0,1.2,3.7169423982610805,10595.0,1.5539305482422217,0.18099546350847096,6.796116504854388,0.7047768998175163,41812.0,0.4,4.8866144892634855,10400.0,1.4787430593567352,0.0,4.466501240694787,-6.83890591052827
2004-07-31,2005,,,44.0,39.0,,,5.0,2.6,1.8,4.7,,0.9,,,,,Labour,44.0,44106.0,0.0,5.486463216301529,10802.0,2.367941752682756,1.0879419065470408,7.125890736342111,19.08646016891222,44088.0,2.7,5.91711711711711,10832.0,1.5482695991023698,0.45207958935948866,7.099879663056696,-0.29455080911893194,42944.0,1.2,3.7169423982610805,10595.0,1.5539305482422217,0.18099546350847096,6.796116504854388,0.7047768998175163,41812.0,0.4,4.8866144892634855,10400.0,1.4787430593567352,0.0,4.466501240694787,-6.83890591052827
2004-08-01,2005,,,44.0,39.0,,,,3.0,,,,3.0,,,,,Labour,44.0,44106.0,0.0,5.486463216301529,10802.0,2.367941752682756,1.0879419065470408,7.125890736342111,19.08646016891222,44088.0,2.7,5.91711711711711,10832.0,1.5482695991023698,0.45207958935948866,7.099879663056696,-0.29455080911893194,42944.0,1.2,3.7169423982610805,10595.0,1.5539305482422217,0.18099546350847096,6.796116504854388,0.7047768998175163,41812.0,0.4,4.8866144892634855,10400.0,1.4787430593567352,0.0,4.466501240694787,-6.83890591052827
2004-08-12,2005,,,44.0,40.0,,,4.0,1.6,1.5,4.0,,,,,,,Labour,44.0,44106.0,0.0,5.486463216301529,10802.0,2.367941752682756,1.0879419065470408,7.125890736342111,19.08646016891222,44088.0,2.7,5.91711711711711,10832.0,1.5482695991023698,0.45207958935948866,7.099879663056696,-0.29455080911893194,42944.0,1.2,3.7169423982610805,10595.0,1.5539305482422217,0.18099546350847096,6.796116504854388,0.7047768998175163,41812.0,0.4,4.8866144892634855,10400.0,1.4787430593567352,0.0,4.466501240694787,-6.83890591052827
2004-09-13,2005,,,42.0,42.0,,,5.0,2.5,1.7,4.0,,,,,,,Labour,42.0,44106.0,0.0,5.486463216301529,10802.0,2.367941752682756,1.0879419065470408,7.125890736342111,19.08646016891222,44088.0,2.7,5.91711711711711,10832.0,1.5482695991023698,0.45207958935948866,7.099879663056696,-0.29455080911893194,42944.0,1.2,3.7169423982610805,10595.0,1.5539305482422217,0.18099546350847096,6.796116504854388,0.7047768998175163,41812.0,0.4,4.8866144892634855,10400.0,1.4787430593567352,0.0,4.466501240694787,-6.83890591052827
2004-09-28,2005,,,40.8,36.0,,,5.0,1.0,2.6,3.6,,1.5,,,,,Labour,40.8,44106.0,0.0,5.486463216301529,10802.0,2.367941752682756,1.0879419065470408,7.125890736342111,19.08646016891222,44088.0,2.7,5.91711711711711,10832.0,1.5482695991023698,0.45207958935948866,7.099879663056696,-0.29455080911893194,42944.0,1.2,3.7169423982610805,10595.0,1.5539305482422217,0.18099546350847096,6.796116504854388,0.7047768998175163,41812.0,0.4,4.8866144892634855,10400.0,1.4787430593567352,0.0,4.466501240694787,-6.83890591052827
2004-10-06,2005,,,45.0,33.0,,,5.0,3.3,2.8,5.2,,,,,,,Labour,45.0,44189.0,0.2,4.140742835595779,10793.0,2.538531262425181,0.542005385365818,6.387921022067289,11.881188090783068,44106.0,0.0,5.486463216301529,10802.0,2.367941752682756,1.0879419065470408,7.125890736342111,19.08646016891222,44088.0,2.7,5.91711711711711,10832.0,1.5482695991023698,0.45207958935948866,7.099879663056696,-0.29455080911893194,42432.0,1.5,4.237600412705422,10514.0,1.4719411129960003,0.27173916531186837,5.773955773955786,2.1789883215956207
2004-10-14,2005,,,44.0,39.0,,,5.0,3.1,2.2,4.0,,,,,,,Labour,44.0,44189.0,0.2,4.140742835595779,10793.0,2.538531262425181,0.542005385365818,6.387921022067289,11.881188090783068,44106.0,0.0,5.486463216301529,10802.0,2.367941752682756,1.0879419065470408,7.125890736342111,19.08646016891222,44088.0,2.7,5.91711711711711,10832.0,1.5482695991023698,0.45207958935948866,7.099879663056696,-0.29455080911893194,42432.0,1.5,4.237600412705422,10514.0,1.4719411129960003,0.27173916531186837,5.773955773955786,2.1789883215956207
2004-11-15,2005,,,44.0,38.0,,,5.0,3.3,2.5,4.0,,,,,,,Labour,44.0,44189.0,0.2,4.140742835595779,10793.0,2.538531262425181,0.542005385365818,6.387921022067289,11.881188090783068,44106.0,0.0,5.486463216301529,10802.0,2.367941752682756,1.0879419065470408,7.125890736342111,19.08646016891222,44088.0,2.7,5.91711711711711,10832.0,1.5482695991023698,0.45207958935948866,7.099879663056696,-0.29455080911893194,42432.0,1.5,4.237600412705422,10514.0,1.4719411129960003,0.27173916531186837,5.773955773955786,2.1789883215956207
2004-11-27,2005,,,50.1,30.4,,,5.7,2.5,2.3,5.4,,1.9,,,,,Labour,50.1,44189.0,0.2,4.140742835595779,10793.0,2.538531262425181,0.542005385365818,6.387921022067289,11.881188090783068,44106.0,0.0,5.486463216301529,10802.0,2.367941752682756,1.0879419065470408,7.125890736342111,19.08646016891222,44088.0,2.7,5.91711711711711,10832.0,1.5482695991023698,0.45207958935948866,7.099879663056696,-0.29455080911893194,42432.0,1.5,4.237600412705422,10514.0,1.4719411129960003,0.27173916531186837,5.773955773955786,2.1789883215956207
2004-12-01,2005,,,46.0,32.0,,,7.0,2.8,2.3,5.1,,2.6,,,,,Labour,46.0,44189.0,0.2,4.140742835595779,10793.0,2.538531262425181,0.542005385365818,6.387921022067289,11.881188090783068,44106.0,0.0,5.486463216301529,10802.0,2.367941752682756,1.0879419065470408,7.125890736342111,19.08646016891222,44088.0,2.7,5.91711711711711,10832.0,1.5482695991023698,0.45207958935948866,7.099879663056696,-0.29455080911893194,42432.0,1.5,4.237600412705422,10514.0,1.4719411129960003,0.27173916531186837,5.773955773955786,2.1789883215956207
2004-12-13,2005,,,47.0,35.0,,,5.0,2.8,1.4,5.0,,,,,,,Labour,47.0,44189.0,0.2,4.140742835595779,10793.0,2.538531262425181,0.542005385365818,6.387921022067289,11.881188090783068,44106.0,0.0,5.486463216301529,10802.0,2.367941752682756,1.0879419065470408,7.125890736342111,19.08646016891222,44088.0,2.7,5.91711711711711,10832.0,1.5482695991023698,0.45207958935948866,7.099879663056696,-0.29455080911893194,42432.0,1.5,4.237600412705422,10514.0,1.4719411129960003,0.27173916531186837,5.773955773955786,2.1789883215956207
2005-02-01,2005,,,44.8,35.3,,,4.7,1.6,3.0,6.9,,1.5,,,,,Labour,44.8,44232.0,0.1,2.9992548435171296,10769.0,2.7002700642998034,1.1743450536584987,5.681818181818166,13.530326550637394,44189.0,0.2,4.140742835595779,10793.0,2.538531262425181,0.542005385365818,6.387921022067289,11.881188090783068,44106.0,0.0,5.486463216301529,10802.0,2.367941752682756,1.0879419065470408,7.125890736342111,19.08646016891222,42944.0,1.2,3.7169423982610805,10595.0,1.5539305482422217,0.18099546350847096,6.796116504854388,0.7047768998175163
2005-02-04,2005,,,46.0,38.0,,,5.0,2.1,1.4,4.7,,1.7,,,,,Labour,46.0,44232.0,0.1,2.9992548435171296,10769.0,2.7002700642998034,1.1743450536584987,5.681818181818166,13.530326550637394,44189.0,0.2,4.140742835595779,10793.0,2.538531262425181,0.542005385365818,6.387921022067289,11.881188090783068,44106.0,0.0,5.486463216301529,10802.0,2.367941752682756,1.0879419065470408,7.125890736342111,19.08646016891222,42944.0,1.2,3.7169423982610805,10595.0,1.5539305482422217,0.18099546350847096,6.796116504854388,0.7047768998175163
2005-02-14,2005,,,44.0,39.0,,,5.0,2.0,1.0,4.0,,2.0,,,,,Labour,44.0,44232.0,0.1,2.9992548435171296,10769.0,2.7002700642998034,1.1743450536584987,5.681818181818166,13.530326550637394,44189.0,0.2,4.140742835595779,10793.0,2.538531262425181,0.542005385365818,6.387921022067289,11.881188090783068,44106.0,0.0,5.486463216301529,10802.0,2.367941752682756,1.0879419065470408,7.125890736342111,19.08646016891222,42944.0,1.2,3.7169423982610805,10595.0,1.5539305482422217,0.18099546350847096,6.796116504854388,0.7047768998175163
2005-03-17,2005,,,46.0,35.0,,,5.0,3.0,1.0,5.0,,1.0,,,,,Labour,46.0,44232.0,0.1,2.9992548435171296,10769.0,2.7002700642998034,1.1743450536584987,5.681818181818166,13.530326550637394,44189.0,0.2,4.140742835595779,10793.0,2.538531262425181,0.542005385365818,6.387921022067289,11.881188090783068,44106.0,0.0,5.486463216301529,10802.0,2.367941752682756,1.0879419065470408,7.125890736342111,19.08646016891222,42944.0,1.2,3.7169423982610805,10595.0,1.5539305482422217,0.18099546350847096,6.796116504854388,0.7047768998175163
2005-03-30,2005,,,47.7,34.5,,,,,,,,,,,,,Labour,47.7,44232.0,0.1,2.9992548435171296,10769.0,2.7002700642998034,1.1743450536584987,5.681818181818166,13.530326550637394,44189.0,0.2,4.140742835595779,10793.0,2.538531262425181,0.542005385365818,6.387921022067289,11.881188090783068,44106.0,0.0,5.486463216301529,10802.0,2.367941752682756,1.0879419065470408,7.125890736342111,19.08646016891222,42944.0,1.2,3.7169423982610805,10595.0,1.5539305482422217,0.18099546350847096,6.796116504854388,0.7047768998175163
2005-04-15,2005,,,45.0,34.0,,,8.0,,,,,,,,,,Labour,45.0,44325.0,0.2,0.5375612411540498,10757.0,2.780269121914092,1.5301530732598323,5.617977528089857,7.680945323691191,44232.0,0.1,2.9992548435171296,10769.0,2.7002700642998034,1.1743450536584987,5.681818181818166,13.530326550637394,44189.0,0.2,4.140742835595779,10793.0,2.538531262425181,0.542005385365818,6.387921022067289,11.881188090783068,44088.0,2.7,5.91711711711711,10832.0,1.5482695991023698,0.45207958935948866,7.099879663056696,-0.29455080911893194
2005-04-17,2005,,,45.0,38.0,,,7.0,3.0,1.0,4.0,,1.0,,,,,Labour,45.0,44325.0,0.2,0.5375612411540498,10757.0,2.780269121914092,1.5301530732598323,5.617977528089857,7.680945323691191,44232.0,0.1,2.9992548435171296,10769.0,2.7002700642998034,1.1743450536584987,5.681818181818166,13.530326550637394,44189.0,0.2,4.140742835595779,10793.0,2.538531262425181,0.542005385365818,6.387921022067289,11.881188090783068,44088.0,2.7,5.91711711711711,10832.0,1.5482695991023698,0.45207958935948866,7.099879663056696,-0.29455080911893194
2005-05-16,2005,,,44.0,37.0,,,8.0,2.0,1.0,4.0,,2.0,,,,,Labour,44.0,44325.0,0.2,0.5375612411540498,10757.0,2.780269121914092,1.5301530732598323,5.617977528089857,7.680945323691191,44232.0,0.1,2.9992548435171296,10769.0,2.7002700642998034,1.1743450536584987,5.681818181818166,13.530326550637394,44189.0,0.2,4.140742835595779,10793.0,2.538531262425181,0.542005385365818,6.387921022067289,11.881188090783068,44088.0,2.7,5.91711711711711,10832.0,1.5482695991023698,0.45207958935948866,7.099879663056696,-0.29455080911893194
2005-06-16,2005,,,40.0,36.0,,,11.0,1.5,,6.0,,,,,,,Labour,40.0,44325.0,0.2,0.5375612411540498,10757.0,2.780269121914092,1.5301530732598323,5.617977528089857,7.680945323691191,44232.0,0.1,2.9992548435171296,10769.0,2.7002700642998034,1.1743450536584987,5.681818181818166,13.530326550637394,44189.0,0.2,4.140742835595779,10793.0,2.538531262425181,0.542005385365818,6.387921022067289,11.881188090783068,44088.0,2.7,5.91711711711711,10832.0,1.5482695991023698,0.45207958935948866,7.099879663056696,-0.29455080911893194
2005-06-18,2005,,,40.0,38.0,,,8.0,2.0,2.0,5.0,,2.0,,,,,Labour,40.0,44325.0,0.2,0.5375612411540498,10757.0,2.780269121914092,1.5301530732598323,5.617977528089857,7.680945323691191,44232.0,0.1,2.9992548435171296,10769.0,2.7002700642998034,1.1743450536584987,5.681818181818166,13.530326550637394,44189.0,0.2,4.140742835595779,10793.0,2.538531262425181,0.542005385365818,6.387921022067289,11.881188090783068,44088.0,2.7,5.91711711711711,10832.0,1.5482695991023698,0.45207958935948866,7.099879663056696,-0.29455080911893194
2005-06-19,2005,,,41.0,43.0,,,7.0,2.0,1.0,3.0,,2.0,,,,,Labour,41.0,44325.0,0.2,0.5375612411540498,10757.0,2.780269121914092,1.5301530732598323,5.617977528089857,7.680945323691191,44232.0,0.1,2.9992548435171296,10769.0,2.7002700642998034,1.1743450536584987,5.681818181818166,13.530326550637394,44189.0,0.2,4.140742835595779,10793.0,2.538531262425181,0.542005385365818,6.387921022067289,11.881188090783068,44088.0,2.7,5.91711711711711,10832.0,1.5482695991023698,0.45207958935948866,7.099879663056696,-0.29455080911893194
2005-07-18,2005,,,39.0,42.0,,,7.0,1.0,1.0,6.0,,2.0,,,,,Labour,39.0,45447.0,2.5,3.0404026663038985,11004.0,2.8469750707006414,1.0762332187901569,5.654101995565464,6.98630135010041,44325.0,0.2,0.5375612411540498,10757.0,2.780269121914092,1.5301530732598323,5.617977528089857,7.680945323691191,44232.0,0.1,2.9992548435171296,10769.0,2.7002700642998034,1.1743450536584987,5.681818181818166,13.530326550637394,44106.0,0.0,5.486463216301529,10802.0,2.367941752682756,1.0879419065470408,7.125890736342111,19.08646016891222
2005-07-27,2005,,,39.0,39.0,,,7.0,1.6,1.4,6.0,,2.2,,,,,Labour,39.0,45447.0,2.5,3.0404026663038985,11004.0,2.8469750707006414,1.0762332187901569,5.654101995565464,6.98630135010041,44325.0,0.2,0.5375612411540498,10757.0,2.780269121914092,1.5301530732598323,5.617977528089857,7.680945323691191,44232.0,0.1,2.9992548435171296,10769.0,2.7002700642998034,1.1743450536584987,5.681818181818166,13.530326550637394,44106.0,0.0,5.486463216301529,10802.0,2.367941752682756,1.0879419065470408,7.125890736342111,19.08646016891222
2005-08-01,2005,,,38.0,38.0,,,10.0,1.5,2.0,6.0,,,,,,,Labour,38.0,45447.0,2.5,3.0404026663038985,11004.0,2.8469750707006414,1.0762332187901569,5.654101995565464,6.98630135010041,44325.0,0.2,0.5375612411540498,10757.0,2.780269121914092,1.5301530732598323,5.617977528089857,7.680945323691191,44232.0,0.1,2.9992548435171296,10769.0,2.7002700642998034,1.1743450536584987,5.681818181818166,13.530326550637394,44106.0,0.0,5.486463216301529,10802.0,2.367941752682756,1.0879419065470408,7.125890736342111,19.08646016891222
2005-08-04,2005,,,45.0,41.0,,,5.0,2.0,1.0,3.0,,1.0,,,,,Labour,45.0,45447.0,2.5,3.0404026663038985,11004.0,2.8469750707006414,1.0762332187901569,5.654101995565464,6.98630135010041,44325.0,0.2,0.5375612411540498,10757.0,2.780269121914092,1.5301530732598323,5.617977528089857,7.680945323691191,44232.0,0.1,2.9992548435171296,10769.0,2.7002700642998034,1.1743450536584987,5.681818181818166,13.530326550637394,44106.0,0.0,5.486463216301529,10802.0,2.367941752682756,1.0879419065470408,7.125890736342111,19.08646016891222
2005-08-15,2005,,,40.0,36.5,,,8.0,2.5,2.0,7.5,,,,,,,Labour,40.0,45447.0,2.5,3.0404026663038985,11004.0,2.8469750707006414,1.0762332187901569,5.654101995565464,6.98630135010041,44325.0,0.2,0.5375612411540498,10757.0,2.780269121914092,1.5301530732598323,5.617977528089857,7.680945323691191,44232.0,0.1,2.9992548435171296,10769.0,2.7002700642998034,1.1743450536584987,5.681818181818166,13.530326550637394,44106.0,0.0,5.486463216301529,10802.0,2.367941752682756,1.0879419065470408,7.125890736342111,19.08646016891222
2005-08-18,2005,,,45.0,37.0,,,6.0,2.0,1.0,6.0,,1.0,,,,,Labour,45.0,45447.0,2.5,3.0404026663038985,11004.0,2.8469750707006414,1.0762332187901569,5.654101995565464,6.98630135010041,44325.0,0.2,0.5375612411540498,10757.0,2.780269121914092,1.5301530732598323,5.617977528089857,7.680945323691191,44232.0,0.1,2.9992548435171296,10769.0,2.7002700642998034,1.1743450536584987,5.681818181818166,13.530326550637394,44106.0,0.0,5.486463216301529,10802.0,2.367941752682756,1.0879419065470408,7.125890736342111,19.08646016891222
2005-08-25,2005,,,43.0,40.0,,,5.0,2.0,1.0,7.0,,1.0,,,,,Labour,43.0,45447.0,2.5,3.0404026663038985,11004.0,2.8469750707006414,1.0762332187901569,5.654101995565464,6.98630135010041,44325.0,0.2,0.5375612411540498,10757.0,2.780269121914092,1.5301530732598323,5.617977528089857,7.680945323691191,44232.0,0.1,2.9992548435171296,10769.0,2.7002700642998034,1.1743450536584987,5.681818181818166,13.530326550637394,44106.0,0.0,5.486463216301529,10802.0,2.367941752682756,1.0879419065470408,7.125890736342111,19.08646016891222
2005-08-30,2005,,,39.0,41.0,,,6.0,1.4,1.7,6.0,,1.7,,,,,Labour,39.0,45447.0,2.5,3.0404026663038985,11004.0,2.8469750707006414,1.0762332187901569,5.654101995565464,6.98630135010041,44325.0,0.2,0.5375612411540498,10757.0,2.780269121914092,1.5301530732598323,5.617977528089857,7.680945323691191,44232.0,0.1,2.9992548435171296,10769.0,2.7002700642998034,1.1743450536584987,5.681818181818166,13.530326550637394,44106.0,0.0,5.486463216301529,10802.0,2.367941752682756,1.0879419065470408,7.125890736342111,19.08646016891222
2005-09-01,2005,,,38.0,46.0,,,5.0,1.0,1.0,6.0,,2.0,,,,,Labour,38.0,45447.0,2.5,3.0404026663038985,11004.0,2.8469750707006414,1.0762332187901569,5.654101995565464,6.98630135010041,44325.0,0.2,0.5375612411540498,10757.0,2.780269121914092,1.5301530732598323,5.617977528089857,7.680945323691191,44232.0,0.1,2.9992548435171296,10769.0,2.7002700642998034,1.1743450536584987,5.681818181818166,13.530326550637394,44106.0,0.0,5.486463216301529,10802.0,2.367941752682756,1.0879419065470408,7.125890736342111,19.08646016891222
2005-09-08,2005,,,39.0,41.0,,,6.0,3.0,2.0,6.0,,1.0,,,,,Labour,39.0,45447.0,2.5,3.0404026663038985,11004.0,2.8469750707006414,1.0762332187901569,5.654101995565464,6.98630135010041,44325.0,0.2,0.5375612411540498,10757.0,2.780269121914092,1.5301530732598323,5.617977528089857,7.680945323691191,44232.0,0.1,2.9992548435171296,10769.0,2.7002700642998034,1.1743450536584987,5.681818181818166,13.530326550637394,44106.0,0.0,5.486463216301529,10802.0,2.367941752682756,1.0879419065470408,7.125890736342111,19.08646016891222
2005-09-13,2005,,,38.5,37.0,,,6.5,3.0,2.5,7.5,,1.5,,,,,Labour,38.5,45447.0,2.5,3.0404026663038985,11004.0,2.8469750707006414,1.0762332187901569,5.654101995565464,6.98630135010041,44325.0,0.2,0.5375612411540498,10757.0,2.780269121914092,1.5301530732598323,5.617977528089857,7.680945323691191,44232.0,0.1,2.9992548435171296,10769.0,2.7002700642998034,1.1743450536584987,5.681818181818166,13.530326550637394,44106.0,0.0,5.486463216301529,10802.0,2.367941752682756,1.0879419065470408,7.125890736342111,19.08646016891222
2005-09-13,2005,,,37.0,43.0,,,7.0,1.0,3.0,6.0,,1.0,,,,,Labour,37.0,45447.0,2.5,3.0404026663038985,11004.0,2.8469750707006414,1.0762332187901569,5.654101995565464,6.98630135010041,44325.0,0.2,0.5375612411540498,10757.0,2.780269121914092,1.5301530732598323,5.617977528089857,7.680945323691191,44232.0,0.1,2.9992548435171296,10769.0,2.7002700642998034,1.1743450536584987,5.681818181818166,13.530326550637394,44106.0,0.0,5.486463216301529,10802.0,2.367941752682756,1.0879419065470408,7.125890736342111,19.08646016891222
2005-09-14,2005,,,38.0,44.0,,,6.0,1.9,2.5,5.0,,1.7,,,,,Labour,38.0,45447.0,2.5,3.0404026663038985,11004.0,2.8469750707006414,1.0762332187901569,5.654101995565464,6.98630135010041,44325.0,0.2,0.5375612411540498,10757.0,2.780269121914092,1.5301530732598323,5.617977528089857,7.680945323691191,44232.0,0.1,2.9992548435171296,10769.0,2.7002700642998034,1.1743450536584987,5.681818181818166,13.530326550637394,44106.0,0.0,5.486463216301529,10802.0,2.367941752682756,1.0879419065470408,7.125890736342111,19.08646016891222
2005-09-14,2005,,,40.5,38.7,,,6.8,0.9,3.0,6.9,,1.4,,,,,Labour,40.5,45447.0,2.5,3.0404026663038985,11004.0,2.8469750707006414,1.0762332187901569,5.654101995565464,6.98630135010041,44325.0,0.2,0.5375612411540498,10757.0,2.780269121914092,1.5301530732598323,5.617977528089857,7.680945323691191,44232.0,0.1,2.9992548435171296,10769.0,2.7002700642998034,1.1743450536584987,5.681818181818166,13.530326550637394,44106.0,0.0,5.486463216301529,10802.0,2.367941752682756,1.0879419065470408,7.125890736342111,19.08646016891222
2005-09-14,2005,,,44.6,37.4,,,4.5,1.3,2.6,4.6,,2.3,,,,,Labour,44.6,45447.0,2.5,3.0404026663038985,11004.0,2.8469750707006414,1.0762332187901569,5.654101995565464,6.98630135010041,44325.0,0.2,0.5375612411540498,10757.0,2.780269121914092,1.5301530732598323,5.617977528089857,7.680945323691191,44232.0,0.1,2.9992548435171296,10769.0,2.7002700642998034,1.1743450536584987,5.681818181818166,13.530326550637394,44106.0,0.0,5.486463216301529,10802.0,2.367941752682756,1.0879419065470408,7.125890736342111,19.08646016891222
2005-09-17,2005,,,41.1,39.1,,,5.7,1.5,2.7,5.3,,2.1,,,,,Labour,41.1,45447.0,2.5,3.0404026663038985,11004.0,2.8469750707006414,1.0762332187901569,5.654101995565464,6.98630135010041,44325.0,0.2,0.5375612411540498,10757.0,2.780269121914092,1.5301530732598323,5.617977528089857,7.680945323691191,44232.0,0.1,2.9992548435171296,10769.0,2.7002700642998034,1.1743450536584987,5.681818181818166,13.530326550637394,44106.0,0.0,5.486463216301529,10802.0,2.367941752682756,1.0879419065470408,7.125890736342111,19.08646016891222
2005-09-17,2008,,,41.1,39.1,,,5.7,1.5,2.7,5.3,1.2,2.1,,,,,Labour,41.1,45447.0,2.5,3.0404026663038985,11004.0,2.8469750707006414,1.0762332187901569,5.654101995565464,6.98630135010041,44325.0,0.2,0.5375612411540498,10757.0,2.780269121914092,1.5301530732598323,5.617977528089857,7.680945323691191,44232.0,0.1,2.9992548435171296,10769.0,2.7002700642998034,1.1743450536584987,5.681818181818166,13.530326550637394,44106.0,0.0,5.486463216301529,10802.0,2.367941752682756,1.0879419065470408,7.125890736342111,19.08646016891222
2005-10-02,2008,,,36.5,41.5,,,4.5,1.5,3.0,9.0,1.0,3.0,,,,,Labour,36.5,45557.0,0.2,3.0957930706736914,11004.0,3.3598585648790813,1.617250674412496,5.567685589519722,20.28590887928141,45447.0,2.5,3.0404026663038985,11004.0,2.8469750707006414,1.0762332187901569,5.654101995565464,6.98630135010041,44325.0,0.2,0.5375612411540498,10757.0,2.780269121914092,1.5301530732598323,5.617977528089857,7.680945323691191,44189.0,0.2,4.140742835595779,10793.0,2.538531262425181,0.542005385365818,6.387921022067289,11.881188090783068
2005-10-16,2008,,,39.0,40.5,,,5.0,1.5,3.5,7.0,1.0,2.0,,,,,Labour,39.0,45557.0,0.2,3.0957930706736914,11004.0,3.3598585648790813,1.617250674412496,5.567685589519722,20.28590887928141,45447.0,2.5,3.0404026663038985,11004.0,2.8469750707006414,1.0762332187901569,5.654101995565464,6.98630135010041,44325.0,0.2,0.5375612411540498,10757.0,2.780269121914092,1.5301530732598323,5.617977528089857,7.680945323691191,44189.0,0.2,4.140742835595779,10793.0,2.538531262425181,0.542005385365818,6.387921022067289,11.881188090783068
2005-10-31,2008,,,37.5,40.0,,,6.0,1.0,3.5,9.0,0.5,1.0,,,,,Labour,37.5,45557.0,0.2,3.0957930706736914,11004.0,3.3598585648790813,1.617250674412496,5.567685589519722,20.28590887928141,45447.0,2.5,3.0404026663038985,11004.0,2.8469750707006414,1.0762332187901569,5.654101995565464,6.98630135010041,44325.0,0.2,0.5375612411540498,10757.0,2.780269121914092,1.5301530732598323,5.617977528089857,7.680945323691191,44189.0,0.2,4.140742835595779,10793.0,2.538531262425181,0.542005385365818,6.387921022067289,11.881188090783068
2005-11-02,2008,,,44.0,37.0,,,3.5,1.5,2.5,7.0,0.7,2.5,,,,,Labour,44.0,45557.0,0.2,3.0957930706736914,11004.0,3.3598585648790813,1.617250674412496,5.567685589519722,20.28590887928141,45447.0,2.5,3.0404026663038985,11004.0,2.8469750707006414,1.0762332187901569,5.654101995565464,6.98630135010041,44325.0,0.2,0.5375612411540498,10757.0,2.780269121914092,1.5301530732598323,5.617977528089857,7.680945323691191,44189.0,0.2,4.140742835595779,10793.0,2.538531262425181,0.542005385365818,6.387921022067289,11.881188090783068
2005-11-20,2008,,,40.0,44.0,,,4.0,1.0,1.0,7.0,,2.0,,,,,Labour,40.0,45557.0,0.2,3.0957930706736914,11004.0,3.3598585648790813,1.617250674412496,5.567685589519722,20.28590887928141,45447.0,2.5,3.0404026663038985,11004.0,2.8469750707006414,1.0762332187901569,5.654101995565464,6.98630135010041,44325.0,0.2,0.5375612411540498,10757.0,2.780269121914092,1.5301530732598323,5.617977528089857,7.680945323691191,44189.0,0.2,4.140742835595779,10793.0,2.538531262425181,0.542005385365818,6.387921022067289,11.881188090783068
2005-11-30,2008,,,43.8,41.7,,,3.8,1.5,1.3,5.3,,1.5,,,,,Labour,43.8,45557.0,0.2,3.0957930706736914,11004.0,3.3598585648790813,1.617250674412496,5.567685589519722,20.28590887928141,45447.0,2.5,3.0404026663038985,11004.0,2.8469750707006414,1.0762332187901569,5.654101995565464,6.98630135010041,44325.0,0.2,0.5375612411540498,10757.0,2.780269121914092,1.5301530732598323,5.617977528089857,7.680945323691191,44189.0,0.2,4.140742835595779,10793.0,2.538531262425181,0.542005385365818,6.387921022067289,11.881188090783068
2005-12-11,2008,,,37.0,46.0,,,4.0,,,7.0,,2.1,,,,,Labour,37.0,45557.0,0.2,3.0957930706736914,11004.0,3.3598585648790813,1.617250674412496,5.567685589519722,20.28590887928141,45447.0,2.5,3.0404026663038985,11004.0,2.8469750707006414,1.0762332187901569,5.654101995565464,6.98630135010041,44325.0,0.2,0.5375612411540498,10757.0,2.780269121914092,1.5301530732598323,5.617977528089857,7.680945323691191,44189.0,0.2,4.140742835595779,10793.0,2.538531262425181,0.542005385365818,6.387921022067289,11.881188090783068
2006-01-23,2008,,,39.0,40.5,,,4.5,1.5,3.0,8.5,0.0,1.5,,,,,Labour,39.0,45549.0,0.0,2.977482365708095,10966.0,3.155127060733598,1.517857200346917,5.161290322580747,17.39726022475989,45557.0,0.2,3.0957930706736914,11004.0,3.3598585648790813,1.617250674412496,5.567685589519722,20.28590887928141,45447.0,2.5,3.0404026663038985,11004.0,2.8469750707006414,1.0762332187901569,5.654101995565464,6.98630135010041,44232.0,0.1,2.9992548435171296,10769.0,2.7002700642998034,1.1743450536584987,5.681818181818166,13.530326550637394
2006-01-25,2008,,,42.0,43.0,,,4.0,1.0,1.0,6.0,,1.0,,,,,Labour,42.0,45549.0,0.0,2.977482365708095,10966.0,3.155127060733598,1.517857200346917,5.161290322580747,17.39726022475989,45557.0,0.2,3.0957930706736914,11004.0,3.3598585648790813,1.617250674412496,5.567685589519722,20.28590887928141,45447.0,2.5,3.0404026663038985,11004.0,2.8469750707006414,1.0762332187901569,5.654101995565464,6.98630135010041,44232.0,0.1,2.9992548435171296,10769.0,2.7002700642998034,1.1743450536584987,5.681818181818166,13.530326550637394
2006-02-02,2008,,,44.0,38.0,,,3.4,1.2,1.5,7.0,0.5,1.7,,,,,Labour,44.0,45549.0,0.0,2.977482365708095,10966.0,3.155127060733598,1.517857200346917,5.161290322580747,17.39726022475989,45557.0,0.2,3.0957930706736914,11004.0,3.3598585648790813,1.617250674412496,5.567685589519722,20.28590887928141,45447.0,2.5,3.0404026663038985,11004.0,2.8469750707006414,1.0762332187901569,5.654101995565464,6.98630135010041,44232.0,0.1,2.9992548435171296,10769.0,2.7002700642998034,1.1743450536584987,5.681818181818166,13.530326550637394
2006-02-19,2008,,,42.0,45.0,,,4.0,1.0,1.0,6.0,,2.0,,,,,Labour,42.0,45549.0,0.0,2.977482365708095,10966.0,3.155127060733598,1.517857200346917,5.161290322580747,17.39726022475989,45557.0,0.2,3.0957930706736914,11004.0,3.3598585648790813,1.617250674412496,5.567685589519722,20.28590887928141,45447.0,2.5,3.0404026663038985,11004.0,2.8469750707006414,1.0762332187901569,5.654101995565464,6.98630135010041,44232.0,0.1,2.9992548435171296,10769.0,2.7002700642998034,1.1743450536584987,5.681818181818166,13.530326550637394
2006-03-29,2008,,,43.0,40.0,,,4.3,1.1,1.9,6.0,0.2,3.0,,,,,Labour,43.0,45549.0,0.0,2.977482365708095,10966.0,3.155127060733598,1.517857200346917,5.161290322580747,17.39726022475989,45557.0,0.2,3.0957930706736914,11004.0,3.3598585648790813,1.617250674412496,5.567685589519722,20.28590887928141,45447.0,2.5,3.0404026663038985,11004.0,2.8469750707006414,1.0762332187901569,5.654101995565464,6.98630135010041,44232.0,0.1,2.9992548435171296,10769.0,2.7002700642998034,1.1743450536584987,5.681818181818166,13.530326550637394
2006-04-10,2008,,,43.4,44.6,,,3.9,1.1,1.5,5.2,,2.1,,,,,Labour,43.4,45961.0,0.9,3.6909193457416833,11026.0,3.3158812513028213,1.7730496334389612,5.000000000000004,23.525377233257917,45549.0,0.0,2.977482365708095,10966.0,3.155127060733598,1.517857200346917,5.161290322580747,17.39726022475989,45557.0,0.2,3.0957930706736914,11004.0,3.3598585648790813,1.617250674412496,5.567685589519722,20.28590887928141,44325.0,0.2,0.5375612411540498,10757.0,2.780269121914092,1.5301530732598323,5.617977528089857,7.680945323691191
2006-05-10,2008,,,42.0,41.0,,,3.8,1.8,1.9,6.0,0.2,2.2,,,,,Labour,42.0,45961.0,0.9,3.6909193457416833,11026.0,3.3158812513028213,1.7730496334389612,5.000000000000004,23.525377233257917,45549.0,0.0,2.977482365708095,10966.0,3.155127060733598,1.517857200346917,5.161290322580747,17.39726022475989,45557.0,0.2,3.0957930706736914,11004.0,3.3598585648790813,1.617250674412496,5.567685589519722,20.28590887928141,44325.0,0.2,0.5375612411540498,10757.0,2.780269121914092,1.5301530732598323,5.617977528089857,7.680945323691191
2006-05-25,2008,,,38.0,47.0,,,4.0,1.1,1.4,5.0,0.1,3.0,,,,,Labour,38.0,45961.0,0.9,3.6909193457416833,11026.0,3.3158812513028213,1.7730496334389612,5.000000000000004,23.525377233257917,45549.0,0.0,2.977482365708095,10966.0,3.155127060733598,1.517857200346917,5.161290322580747,17.39726022475989,45557.0,0.2,3.0957930706736914,11004.0,3.3598585648790813,1.617250674412496,5.567685589519722,20.28590887928141,44325.0,0.2,0.5375612411540498,10757.0,2.780269121914092,1.5301530732598323,5.617977528089857,7.680945323691191
2006-07-05,2008,,,46.0,39.0,,,3.8,0.8,1.1,6.0,0.4,1.3,,,,,Labour,46.0,45769.0,-0.4,0.7085176139239202,10949.0,3.9792387814894914,2.2182786274037802,4.9317943336829595,32.20230471847279,45961.0,0.9,3.6909193457416833,11026.0,3.3158812513028213,1.7730496334389612,5.000000000000004,23.525377233257917,45549.0,0.0,2.977482365708095,10966.0,3.155127060733598,1.517857200346917,5.161290322580747,17.39726022475989,45447.0,2.5,3.0404026663038985,11004.0,2.8469750707006414,1.0762332187901569,5.654101995565464,6.98630135010041
2006-07-16,2008,,,43.0,45.0,,,2.0,2.0,0.8,4.0,,2.0,,,,,Labour,43.0,45769.0,-0.4,0.7085176139239202,10949.0,3.9792387814894914,2.2182786274037802,4.9317943336829595,32.20230471847279,45961.0,0.9,3.6909193457416833,11026.0,3.3158812513028213,1.7730496334389612,5.000000000000004,23.525377233257917,45549.0,0.0,2.977482365708095,10966.0,3.155127060733598,1.517857200346917,5.161290322580747,17.39726022475989,45447.0,2.5,3.0404026663038985,11004.0,2.8469750707006414,1.0762332187901569,5.654101995565464,6.98630135010041
2006-08-10,2008,,,43.0,45.0,,,3.0,0.9,1.5,3.0,0.4,2.6,,,,,Labour,43.0,45769.0,-0.4,0.7085176139239202,10949.0,3.9792387814894914,2.2182786274037802,4.9317943336829595,32.20230471847279,45961.0,0.9,3.6909193457416833,11026.0,3.3158812513028213,1.7730496334389612,5.000000000000004,23.525377233257917,45549.0,0.0,2.977482365708095,10966.0,3.155127060733598,1.517857200346917,5.161290322580747,17.39726022475989,45447.0,2.5,3.0404026663038985,11004.0,2.8469750707006414,1.0762332187901569,5.654101995565464,6.98630135010041
2006-08-30,2008,,,43.0,40.0,,,3.2,1.0,1.2,7.0,0.2,2.8,,,,,Labour,43.0,45769.0,-0.4,0.7085176139239202,10949.0,3.9792387814894914,2.2182786274037802,4.9317943336829595,32.20230471847279,45961.0,0.9,3.6909193457416833,11026.0,3.3158812513028213,1.7730496334389612,5.000000000000004,23.525377233257917,45549.0,0.0,2.977482365708095,10966.0,3.155127060733598,1.517857200346917,5.161290322580747,17.39726022475989,45447.0,2.5,3.0404026663038985,11004.0,2.8469750707006414,1.0762332187901569,5.654101995565464,6.98630135010041
2006-08-31,2008,,,38.7,46.4,,,2.8,0.7,1.1,5.8,0.2,3.4,,,,,Labour,38.7,45769.0,-0.4,0.7085176139239202,10949.0,3.9792387814894914,2.2182786274037802,4.9317943336829595,32.20230471847279,45961.0,0.9,3.6909193457416833,11026.0,3.3158812513028213,1.7730496334389612,5.000000000000004,23.525377233257917,45549.0,0.0,2.977482365708095,10966.0,3.155127060733598,1.517857200346917,5.161290322580747,17.39726022475989,45447.0,2.5,3.0404026663038985,11004.0,2.8469750707006414,1.0762332187901569,5.654101995565464,6.98630135010041
2006-09-10,2008,,,41.0,38.0,,,5.5,1.5,2.0,8.5,0.5,3.0,,,,,Labour,41.0,45769.0,-0.4,0.7085176139239202,10949.0,3.9792387814894914,2.2182786274037802,4.9317943336829595,32.20230471847279,45961.0,0.9,3.6909193457416833,11026.0,3.3158812513028213,1.7730496334389612,5.000000000000004,23.525377233257917,45549.0,0.0,2.977482365708095,10966.0,3.155127060733598,1.517857200346917,5.161290322580747,17.39726022475989,45447.0,2.5,3.0404026663038985,11004.0,2.8469750707006414,1.0762332187901569,5.654101995565464,6.98630135010041
2006-09-21,2008,,,38.0,49.0,,,,,,6.0,,3.0,,,,,Labour,38.0,45769.0,-0.4,0.7085176139239202,10949.0,3.9792387814894914,2.2182786274037802,4.9317943336829595,32.20230471847279,45961.0,0.9,3.6909193457416833,11026.0,3.3158812513028213,1.7730496334389612,5.000000000000004,23.525377233257917,45549.0,0.0,2.977482365708095,10966.0,3.155127060733598,1.517857200346917,5.161290322580747,17.39726022475989,45447.0,2.5,3.0404026663038985,11004.0,2.8469750707006414,1.0762332187901569,5.654101995565464,6.98630135010041
2006-09-24,2008,,,38.0,45.7,,,2.8,1.4,0.7,6.8,0.3,4.1,,,,,Labour,38.0,45769.0,-0.4,0.7085176139239202,10949.0,3.9792387814894914,2.2182786274037802,4.9317943336829595,32.20230471847279,45961.0,0.9,3.6909193457416833,11026.0,3.3158812513028213,1.7730496334389612,5.000000000000004,23.525377233257917,45549.0,0.0,2.977482365708095,10966.0,3.155127060733598,1.517857200346917,5.161290322580747,17.39726022475989,45447.0,2.5,3.0404026663038985,11004.0,2.8469750707006414,1.0762332187901569,5.654101995565464,6.98630135010041
2006-10-01,2008,,,36.0,41.5,,,7.0,1.5,2.5,8.5,,2.5,,,,,Labour,36.0,46586.0,1.8,2.2587088702065605,11118.0,3.5426860640758395,3.8938992395182837,5.377456049638041,15.929824512525382,45769.0,-0.4,0.7085176139239202,10949.0,3.9792387814894914,2.2182786274037802,4.9317943336829595,32.20230471847279,45961.0,0.9,3.6909193457416833,11026.0,3.3158812513028213,1.7730496334389612,5.000000000000004,23.525377233257917,45557.0,0.2,3.0957930706736914,11004.0,3.3598585648790813,1.617250674412496,5.567685589519722,20.28590887928141
2006-10-15,2008,,,40.0,40.0,,,5.0,2.0,1.5,8.5,0.5,1.5,,,,,Labour,40.0,46586.0,1.8,2.2587088702065605,11118.0,3.5426860640758395,3.8938992395182837,5.377456049638041,15.929824512525382,45769.0,-0.4,0.7085176139239202,10949.0,3.9792387814894914,2.2182786274037802,4.9317943336829595,32.20230471847279,45961.0,0.9,3.6909193457416833,11026.0,3.3158812513028213,1.7730496334389612,5.000000000000004,23.525377233257917,45557.0,0.2,3.0957930706736914,11004.0,3.3598585648790813,1.617250674412496,5.567685589519722,20.28590887928141
2006-10-19,2008,,,36.0,49.0,,,2.5,0.5,0.9,6.0,0.2,2.4,,,,,Labour,36.0,46586.0,1.8,2.2587088702065605,11118.0,3.5426860640758395,3.8938992395182837,5.377456049638041,15.929824512525382,45769.0,-0.4,0.7085176139239202,10949.0,3.9792387814894914,2.2182786274037802,4.9317943336829595,32.20230471847279,45961.0,0.9,3.6909193457416833,11026.0,3.3158812513028213,1.7730496334389612,5.000000000000004,23.525377233257917,45557.0,0.2,3.0957930706736914,11004.0,3.3598585648790813,1.617250674412496,5.567685589519722,20.28590887928141
2006-10-29,2008,,,38.5,41.0,,,3.0,1.5,3.0,8.0,,2.5,,,,,Labour,38.5,46586.0,1.8,2.2587088702065605,11118.0,3.5426860640758395,3.8938992395182837,5.377456049638041,15.929824512525382,45769.0,-0.4,0.7085176139239202,10949.0,3.9792387814894914,2.2182786274037802,4.9317943336829595,32.20230471847279,45961.0,0.9,3.6909193457416833,11026.0,3.3158812513028213,1.7730496334389612,5.000000000000004,23.525377233257917,45557.0,0.2,3.0957930706736914,11004.0,3.3598585648790813,1.617250674412496,5.567685589519722,20.28590887928141
2006-11-01,2008,,,42.0,40.0,,,2.4,1.5,1.9,7.0,0.2,3.4,,,,,Labour,42.0,46586.0,1.8,2.2587088702065605,11118.0,3.5426860640758395,3.8938992395182837,5.377456049638041,15.929824512525382,45769.0,-0.4,0.7085176139239202,10949.0,3.9792387814894914,2.2182786274037802,4.9317943336829595,32.20230471847279,45961.0,0.9,3.6909193457416833,11026.0,3.3158812513028213,1.7730496334389612,5.000000000000004,23.525377233257917,45557.0,0.2,3.0957930706736914,11004.0,3.3598585648790813,1.617250674412496,5.567685589519722,20.28590887928141
2006-11-12,2008,,,38.5,42.5,,,5.0,0.5,1.5,7.5,0.5,2.5,,,,,Labour,38.5,46586.0,1.8,2.2587088702065605,11118.0,3.5426860640758395,3.8938992395182837,5.377456049638041,15.929824512525382,45769.0,-0.4,0.7085176139239202,10949.0,3.9792387814894914,2.2182786274037802,4.9317943336829595,32.20230471847279,45961.0,0.9,3.6909193457416833,11026.0,3.3158812513028213,1.7730496334389612,5.000000000000004,23.525377233257917,45557.0,0.2,3.0957930706736914,11004.0,3.3598585648790813,1.617250674412496,5.567685589519722,20.28590887928141
2006-11-26,2008,,,37.5,42.5,,,4.5,1.5,3.0,8.0,,2.0,,,,,Labour,37.5,46586.0,1.8,2.2587088702065605,11118.0,3.5426860640758395,3.8938992395182837,5.377456049638041,15.929824512525382,45769.0,-0.4,0.7085176139239202,10949.0,3.9792387814894914,2.2182786274037802,4.9317943336829595,32.20230471847279,45961.0,0.9,3.6909193457416833,11026.0,3.3158812513028213,1.7730496334389612,5.000000000000004,23.525377233257917,45557.0,0.2,3.0957930706736914,11004.0,3.3598585648790813,1.617250674412496,5.567685589519722,20.28590887928141
2006-12-02,2008,,,41.7,42.8,,,3.4,1.0,1.6,6.1,0.4,2.0,,,,,Labour,41.7,46586.0,1.8,2.2587088702065605,11118.0,3.5426860640758395,3.8938992395182837,5.377456049638041,15.929824512525382,45769.0,-0.4,0.7085176139239202,10949.0,3.9792387814894914,2.2182786274037802,4.9317943336829595,32.20230471847279,45961.0,0.9,3.6909193457416833,11026.0,3.3158812513028213,1.7730496334389612,5.000000000000004,23.525377233257917,45557.0,0.2,3.0957930706736914,11004.0,3.3598585648790813,1.617250674412496,5.567685589519722,20.28590887928141
2006-12-12,2008,,,37.5,44.5,,,4.0,0.5,2.0,9.5,0.5,1.0,,,,,Labour,37.5,46586.0,1.8,2.2587088702065605,11118.0,3.5426860640758395,3.8938992395182837,5.377456049638041,15.929824512525382,45769.0,-0.4,0.7085176139239202,10949.0,3.9792387814894914,2.2182786274037802,4.9317943336829595,32.20230471847279,45961.0,0.9,3.6909193457416833,11026.0,3.3158812513028213,1.7730496334389612,5.000000000000004,23.525377233257917,45557.0,0.2,3.0957930706736914,11004.0,3.3598585648790813,1.617250674412496,5.567685589519722,20.28590887928141
2007-01-21,2008,,,41.0,41.0,,,4.0,1.5,1.0,7.5,0.5,2.0,,,,,Labour,41.0,46933.0,0.7,3.03848602603789,11168.0,2.6346644130531116,3.8522427089893174,5.11247443762779,1.3223454000611534,46586.0,1.8,2.2587088702065605,11118.0,3.5426860640758395,3.8938992395182837,5.377456049638041,15.929824512525382,45769.0,-0.4,0.7085176139239202,10949.0,3.9792387814894914,2.2182786274037802,4.9317943336829595,32.20230471847279,45549.0,0.0,2.977482365708095,10966.0,3.155127060733598,1.517857200346917,5.161290322580747,17.39726022475989
2007-02-01,2008,,,44.0,41.0,,,2.8,0.8,0.8,8.0,0.1,2.0,,,,,Labour,44.0,46933.0,0.7,3.03848602603789,11168.0,2.6346644130531116,3.8522427089893174,5.11247443762779,1.3223454000611534,46586.0,1.8,2.2587088702065605,11118.0,3.5426860640758395,3.8938992395182837,5.377456049638041,15.929824512525382,45769.0,-0.4,0.7085176139239202,10949.0,3.9792387814894914,2.2182786274037802,4.9317943336829595,32.20230471847279,45549.0,0.0,2.977482365708095,10966.0,3.155127060733598,1.517857200346917,5.161290322580747,17.39726022475989
2007-02-05,2008,,,39.5,41.5,,,4.0,1.5,2.5,8.0,0.5,2.0,,,,,Labour,39.5,46933.0,0.7,3.03848602603789,11168.0,2.6346644130531116,3.8522427089893174,5.11247443762779,1.3223454000611534,46586.0,1.8,2.2587088702065605,11118.0,3.5426860640758395,3.8938992395182837,5.377456049638041,15.929824512525382,45769.0,-0.4,0.7085176139239202,10949.0,3.9792387814894914,2.2182786274037802,4.9317943336829595,32.20230471847279,45549.0,0.0,2.977482365708095,10966.0,3.155127060733598,1.517857200346917,5.161290322580747,17.39726022475989
2007-02-15,2008,,,39.0,46.0,,,2.2,1.3,0.5,7.0,0.4,3.1,,,,,Labour,39.0,46933.0,0.7,3.03848602603789,11168.0,2.6346644130531116,3.8522427089893174,5.11247443762779,1.3223454000611534,46586.0,1.8,2.2587088702065605,11118.0,3.5426860640758395,3.8938992395182837,5.377456049638041,15.929824512525382,45769.0,-0.4,0.7085176139239202,10949.0,3.9792387814894914,2.2182786274037802,4.9317943336829595,32.20230471847279,45549.0,0.0,2.977482365708095,10966.0,3.155127060733598,1.517857200346917,5.161290322580747,17.39726022475989
2007-02-18,2008,,,36.0,48.5,,,3.0,1.0,1.5,8.5,,1.5,,,,,Labour,36.0,46933.0,0.7,3.03848602603789,11168.0,2.6346644130531116,3.8522427089893174,5.11247443762779,1.3223454000611534,46586.0,1.8,2.2587088702065605,11118.0,3.5426860640758395,3.8938992395182837,5.377456049638041,15.929824512525382,45769.0,-0.4,0.7085176139239202,10949.0,3.9792387814894914,2.2182786274037802,4.9317943336829595,32.20230471847279,45549.0,0.0,2.977482365708095,10966.0,3.155127060733598,1.517857200346917,5.161290322580747,17.39726022475989
2007-03-04,2008,,,36.0,45.0,,,2.0,2.5,1.5,8.5,0.5,3.5,,,,,Labour,36.0,46933.0,0.7,3.03848602603789,11168.0,2.6346644130531116,3.8522427089893174,5.11247443762779,1.3223454000611534,46586.0,1.8,2.2587088702065605,11118.0,3.5426860640758395,3.8938992395182837,5.377456049638041,15.929824512525382,45769.0,-0.4,0.7085176139239202,10949.0,3.9792387814894914,2.2182786274037802,4.9317943336829595,32.20230471847279,45549.0,0.0,2.977482365708095,10966.0,3.155127060733598,1.517857200346917,5.161290322580747,17.39726022475989
2007-03-18,2008,,,37.5,45.0,,,4.0,1.0,1.5,7.5,,3.5,,,,,Labour,37.5,46933.0,0.7,3.03848602603789,11168.0,2.6346644130531116,3.8522427089893174,5.11247443762779,1.3223454000611534,46586.0,1.8,2.2587088702065605,11118.0,3.5426860640758395,3.8938992395182837,5.377456049638041,15.929824512525382,45769.0,-0.4,0.7085176139239202,10949.0,3.9792387814894914,2.2182786274037802,4.9317943336829595,32.20230471847279,45549.0,0.0,2.977482365708095,10966.0,3.155127060733598,1.517857200346917,5.161290322580747,17.39726022475989
2007-03-22,2008,,,37.0,46.0,,,2.0,1.5,1.6,7.0,0.1,3.4,,,,,Labour,37.0,46933.0,0.7,3.03848602603789,11168.0,2.6346644130531116,3.8522427089893174,5.11247443762779,1.3223454000611534,46586.0,1.8,2.2587088702065605,11118.0,3.5426860640758395,3.8938992395182837,5.377456049638041,15.929824512525382,45769.0,-0.4,0.7085176139239202,10949.0,3.9792387814894914,2.2182786274037802,4.9317943336829595,32.20230471847279,45549.0,0.0,2.977482365708095,10966.0,3.155127060733598,1.517857200346917,5.161290322580747,17.39726022475989
2007-03-28,2008,,,44.0,42.0,,,1.2,1.2,0.7,5.6,0.2,3.4,,,,,Labour,44.0,46933.0,0.7,3.03848602603789,11168.0,2.6346644130531116,3.8522427089893174,5.11247443762779,1.3223454000611534,46586.0,1.8,2.2587088702065605,11118.0,3.5426860640758395,3.8938992395182837,5.377456049638041,15.929824512525382,45769.0,-0.4,0.7085176139239202,10949.0,3.9792387814894914,2.2182786274037802,4.9317943336829595,32.20230471847279,45549.0,0.0,2.977482365708095,10966.0,3.155127060733598,1.517857200346917,5.161290322580747,17.39726022475989
2007-04-02,2008,,,35.5,46.0,,,3.5,1.0,1.0,9.5,,2.5,,,,,Labour,35.5,47283.0,0.7,2.8763516894758645,11220.0,2.535473014887768,3.9609755865732232,5.268490374873358,-2.769572495375927,46933.0,0.7,3.03848602603789,11168.0,2.6346644130531116,3.8522427089893174,5.11247443762779,1.3223454000611534,46586.0,1.8,2.2587088702065605,11118.0,3.5426860640758395,3.8938992395182837,5.377456049638041,15.929824512525382,45961.0,0.9,3.6909193457416833,11026.0,3.3158812513028213,1.7730496334389612,5.000000000000004,23.525377233257917
2007-04-16,2008,,,33.5,45.5,,,6.0,1.0,2.0,8.5,,2.0,,,,,Labour,33.5,47283.0,0.7,2.8763516894758645,11220.0,2.535473014887768,3.9609755865732232,5.268490374873358,-2.769572495375927,46933.0,0.7,3.03848602603789,11168.0,2.6346644130531116,3.8522427089893174,5.11247443762779,1.3223454000611534,46586.0,1.8,2.2587088702065605,11118.0,3.5426860640758395,3.8938992395182837,5.377456049638041,15.929824512525382,45961.0,0.9,3.6909193457416833,11026.0,3.3158812513028213,1.7730496334389612,5.000000000000004,23.525377233257917
2007-04-19,2008,,,39.0,49.0,,,2.0,1.0,0.6,6.0,0.2,1.7,,,,,Labour,39.0,47283.0,0.7,2.8763516894758645,11220.0,2.535473014887768,3.9609755865732232,5.268490374873358,-2.769572495375927,46933.0,0.7,3.03848602603789,11168.0,2.6346644130531116,3.8522427089893174,5.11247443762779,1.3223454000611534,46586.0,1.8,2.2587088702065605,11118.0,3.5426860640758395,3.8938992395182837,5.377456049638041,15.929824512525382,45961.0,0.9,3.6909193457416833,11026.0,3.3158812513028213,1.7730496334389612,5.000000000000004,23.525377233257917
2007-05-06,2008,,,36.0,49.5,,,4.5,0.5,1.5,6.0,,1.5,,,,,Labour,36.0,47283.0,0.7,2.8763516894758645,11220.0,2.535473014887768,3.9609755865732232,5.268490374873358,-2.769572495375927,46933.0,0.7,3.03848602603789,11168.0,2.6346644130531116,3.8522427089893174,5.11247443762779,1.3223454000611534,46586.0,1.8,2.2587088702065605,11118.0,3.5426860640758395,3.8938992395182837,5.377456049638041,15.929824512525382,45961.0,0.9,3.6909193457416833,11026.0,3.3158812513028213,1.7730496334389612,5.000000000000004,23.525377233257917
2007-05-09,2008,,,36.0,48.0,,,2.4,0.5,0.6,8.0,0.1,3.7,,,,,Labour,36.0,47283.0,0.7,2.8763516894758645,11220.0,2.535473014887768,3.9609755865732232,5.268490374873358,-2.769572495375927,46933.0,0.7,3.03848602603789,11168.0,2.6346644130531116,3.8522427089893174,5.11247443762779,1.3223454000611534,46586.0,1.8,2.2587088702065605,11118.0,3.5426860640758395,3.8938992395182837,5.377456049638041,15.929824512525382,45961.0,0.9,3.6909193457416833,11026.0,3.3158812513028213,1.7730496334389612,5.000000000000004,23.525377233257917
2007-05-20,2008,,,32.0,49.0,,,4.5,1.5,1.5,7.0,,2.5,,,,,Labour,32.0,47283.0,0.7,2.8763516894758645,11220.0,2.535473014887768,3.9609755865732232,5.268490374873358,-2.769572495375927,46933.0,0.7,3.03848602603789,11168.0,2.6346644130531116,3.8522427089893174,5.11247443762779,1.3223454000611534,46586.0,1.8,2.2587088702065605,11118.0,3.5426860640758395,3.8938992395182837,5.377456049638041,15.929824512525382,45961.0,0.9,3.6909193457416833,11026.0,3.3158812513028213,1.7730496334389612,5.000000000000004,23.525377233257917
2007-05-24,2008,,,33.6,50.9,,,3.2,0.7,0.8,6.1,0.4,1.7,,,,,Labour,33.6,47283.0,0.7,2.8763516894758645,11220.0,2.535473014887768,3.9609755865732232,5.268490374873358,-2.769572495375927,46933.0,0.7,3.03848602603789,11168.0,2.6346644130531116,3.8522427089893174,5.11247443762779,1.3223454000611534,46586.0,1.8,2.2587088702065605,11118.0,3.5426860640758395,3.8938992395182837,5.377456049638041,15.929824512525382,45961.0,0.9,3.6909193457416833,11026.0,3.3158812513028213,1.7730496334389612,5.000000000000004,23.525377233257917
2007-05-24,2008,,,31.0,56.0,,,2.1,0.4,1.0,6.0,0.2,2.9,,,,,Labour,31.0,47283.0,0.7,2.8763516894758645,11220.0,2.535473014887768,3.9609755865732232,5.268490374873358,-2.769572495375927,46933.0,0.7,3.03848602603789,11168.0,2.6346644130531116,3.8522427089893174,5.11247443762779,1.3223454000611534,46586.0,1.8,2.2587088702065605,11118.0,3.5426860640758395,3.8938992395182837,5.377456049638041,15.929824512525382,45961.0,0.9,3.6909193457416833,11026.0,3.3158812513028213,1.7730496334389612,5.000000000000004,23.525377233257917
2007-06-03,2008,,,33.5,50.5,,,3.5,0.5,2.0,6.5,0.5,1.5,,,,,Labour,33.5,47283.0,0.7,2.8763516894758645,11220.0,2.535473014887768,3.9609755865732232,5.268490374873358,-2.769572495375927,46933.0,0.7,3.03848602603789,11168.0,2.6346644130531116,3.8522427089893174,5.11247443762779,1.3223454000611534,46586.0,1.8,2.2587088702065605,11118.0,3.5426860640758395,3.8938992395182837,5.377456049638041,15.929824512525382,45961.0,0.9,3.6909193457416833,11026.0,3.3158812513028213,1.7730496334389612,5.000000000000004,23.525377233257917
2007-06-17,2008,,,36.0,49.5,,,3.0,1.5,0.5,6.5,0.5,1.5,,,,,Labour,36.0,47283.0,0.7,2.8763516894758645,11220.0,2.535473014887768,3.9609755865732232,5.268490374873358,-2.769572495375927,46933.0,0.7,3.03848602603789,11168.0,2.6346644130531116,3.8522427089893174,5.11247443762779,1.3223454000611534,46586.0,1.8,2.2587088702065605,11118.0,3.5426860640758395,3.8938992395182837,5.377456049638041,15.929824512525382,45961.0,0.9,3.6909193457416833,11026.0,3.3158812513028213,1.7730496334389612,5.000000000000004,23.525377233257917
2007-06-22,2008,,,40.1,48.2,,,3.0,0.6,0.3,4.0,,2.4,,,,,Labour,40.1,47283.0,0.7,2.8763516894758645,11220.0,2.535473014887768,3.9609755865732232,5.268490374873358,-2.769572495375927,46933.0,0.7,3.03848602603789,11168.0,2.6346644130531116,3.8522427089893174,5.11247443762779,1.3223454000611534,46586.0,1.8,2.2587088702065605,11118.0,3.5426860640758395,3.8938992395182837,5.377456049638041,15.929824512525382,45961.0,0.9,3.6909193457416833,11026.0,3.3158812513028213,1.7730496334389612,5.000000000000004,23.525377233257917
2007-07-01,2008,,,34.0,48.5,,,2.5,1.0,1.5,8.5,1.0,2.0,,,,,Labour,34.0,47951.0,1.4,4.767418995389883,11359.0,1.9999999999999352,4.099999999999948,5.200000000000138,-8.399999999999997,47283.0,0.7,2.8763516894758645,11220.0,2.535473014887768,3.9609755865732232,5.268490374873358,-2.769572495375927,46933.0,0.7,3.03848602603789,11168.0,2.6346644130531116,3.8522427089893174,5.11247443762779,1.3223454000611534,45769.0,-0.4,0.7085176139239202,10949.0,3.9792387814894914,2.2182786274037802,4.9317943336829595,32.20230471847279
2007-07-05,2008,,,36.0,52.0,,,2.3,0.3,0.6,5.0,0.4,2.6,,,,,Labour,36.0,47951.0,1.4,4.767418995389883,11359.0,1.9999999999999352,4.099999999999948,5.200000000000138,-8.399999999999997,47283.0,0.7,2.8763516894758645,11220.0,2.535473014887768,3.9609755865732232,5.268490374873358,-2.769572495375927,46933.0,0.7,3.03848602603789,11168.0,2.6346644130531116,3.8522427089893174,5.11247443762779,1.3223454000611534,45769.0,-0.4,0.7085176139239202,10949.0,3.9792387814894914,2.2182786274037802,4.9317943336829595,32.20230471847279
2007-07-11,2008,,,36.0,48.0,,,2.6,1.2,1.1,6.0,,2.7,,,,,Labour,36.0,47951.0,1.4,4.767418995389883,11359.0,1.9999999999999352,4.099999999999948,5.200000000000138,-8.399999999999997,47283.0,0.7,2.8763516894758645,11220.0,2.535473014887768,3.9609755865732232,5.268490374873358,-2.769572495375927,46933.0,0.7,3.03848602603789,11168.0,2.6346644130531116,3.8522427089893174,5.11247443762779,1.3223454000611534,45769.0,-0.4,0.7085176139239202,10949.0,3.9792387814894914,2.2182786274037802,4.9317943336829595,32.20230471847279
2007-07-15,2008,,,36.0,50.0,,,2.3,0.4,0.8,7.1,,2.6,,,,,Labour,36.0,47951.0,1.4,4.767418995389883,11359.0,1.9999999999999352,4.099999999999948,5.200000000000138,-8.399999999999997,47283.0,0.7,2.8763516894758645,11220.0,2.535473014887768,3.9609755865732232,5.268490374873358,-2.769572495375927,46933.0,0.7,3.03848602603789,11168.0,2.6346644130531116,3.8522427089893174,5.11247443762779,1.3223454000611534,45769.0,-0.4,0.7085176139239202,10949.0,3.9792387814894914,2.2182786274037802,4.9317943336829595,32.20230471847279
2007-07-15,2008,,,36.0,47.0,,,5.0,1.5,1.0,6.5,0.5,2.0,,,,,Labour,36.0,47951.0,1.4,4.767418995389883,11359.0,1.9999999999999352,4.099999999999948,5.200000000000138,-8.399999999999997,47283.0,0.7,2.8763516894758645,11220.0,2.535473014887768,3.9609755865732232,5.268490374873358,-2.769572495375927,46933.0,0.7,3.03848602603789,11168.0,2.6346644130531116,3.8522427089893174,5.11247443762779,1.3223454000611534,45769.0,-0.4,0.7085176139239202,10949.0,3.9792387814894914,2.2182786274037802,4.9317943336829595,32.20230471847279
2007-07-19,2008,,,42.0,48.5,,,2.0,0.4,0.3,4.0,,1.8,,,,,Labour,42.0,47951.0,1.4,4.767418995389883,11359.0,1.9999999999999352,4.099999999999948,5.200000000000138,-8.399999999999997,47283.0,0.7,2.8763516894758645,11220.0,2.535473014887768,3.9609755865732232,5.268490374873358,-2.769572495375927,46933.0,0.7,3.03848602603789,11168.0,2.6346644130531116,3.8522427089893174,5.11247443762779,1.3223454000611534,45769.0,-0.4,0.7085176139239202,10949.0,3.9792387814894914,2.2182786274037802,4.9317943336829595,32.20230471847279
2007-07-29,2008,,,35.0,49.0,,,4.0,0.5,0.5,6.0,0.5,3.0,,,,,Labour,35.0,47951.0,1.4,4.767418995389883,11359.0,1.9999999999999352,4.099999999999948,5.200000000000138,-8.399999999999997,47283.0,0.7,2.8763516894758645,11220.0,2.535473014887768,3.9609755865732232,5.268490374873358,-2.769572495375927,46933.0,0.7,3.03848602603789,11168.0,2.6346644130531116,3.8522427089893174,5.11247443762779,1.3223454000611534,45769.0,-0.4,0.7085176139239202,10949.0,3.9792387814894914,2.2182786274037802,4.9317943336829595,32.20230471847279
2007-08-09,2008,,,36.0,53.0,,,2.6,1.2,0.5,5.0,0.2,1.0,,,,,Labour,36.0,47951.0,1.4,4.767418995389883,11359.0,1.9999999999999352,4.099999999999948,5.200000000000138,-8.399999999999997,47283.0,0.7,2.8763516894758645,11220.0,2.535473014887768,3.9609755865732232,5.268490374873358,-2.769572495375927,46933.0,0.7,3.03848602603789,11168.0,2.6346644130531116,3.8522427089893174,5.11247443762779,1.3223454000611534,45769.0,-0.4,0.7085176139239202,10949.0,3.9792387814894914,2.2182786274037802,4.9317943336829595,32.20230471847279
2007-08-12,2008,,,31.0,50.5,,,4.0,1.5,2.0,7.0,0.5,3.0,,,,,Labour,31.0,47951.0,1.4,4.767418995389883,11359.0,1.9999999999999352,4.099999999999948,5.200000000000138,-8.399999999999997,47283.0,0.7,2.8763516894758645,11220.0,2.535473014887768,3.9609755865732232,5.268490374873358,-2.769572495375927,46933.0,0.7,3.03848602603789,11168.0,2.6346644130531116,3.8522427089893174,5.11247443762779,1.3223454000611534,45769.0,-0.4,0.7085176139239202,10949.0,3.9792387814894914,2.2182786274037802,4.9317943336829595,32.20230471847279
2007-08-15,2008,,,35.0,49.0,,,2.9,0.6,1.1,7.7,,2.1,,,,,Labour,35.0,47951.0,1.4,4.767418995389883,11359.0,1.9999999999999352,4.099999999999948,5.200000000000138,-8.399999999999997,47283.0,0.7,2.8763516894758645,11220.0,2.535473014887768,3.9609755865732232,5.268490374873358,-2.769572495375927,46933.0,0.7,3.03848602603789,11168.0,2.6346644130531116,3.8522427089893174,5.11247443762779,1.3223454000611534,45769.0,-0.4,0.7085176139239202,10949.0,3.9792387814894914,2.2182786274037802,4.9317943336829595,32.20230471847279
2007-09-02,2008,,,34.0,48.0,,,2.5,1.0,0.5,9.5,0.5,3.0,,,,,Labour,34.0,47951.0,1.4,4.767418995389883,11359.0,1.9999999999999352,4.099999999999948,5.200000000000138,-8.399999999999997,47283.0,0.7,2.8763516894758645,11220.0,2.535473014887768,3.9609755865732232,5.268490374873358,-2.769572495375927,46933.0,0.7,3.03848602603789,11168.0,2.6346644130531116,3.8522427089893174,5.11247443762779,1.3223454000611534,45769.0,-0.4,0.7085176139239202,10949.0,3.9792387814894914,2.2182786274037802,4.9317943336829595,32.20230471847279
2007-09-05,2008,,,37.0,47.0,,,3.2,1.5,0.1,7.0,,1.8,,,,,Labour,37.0,47951.0,1.4,4.767418995389883,11359.0,1.9999999999999352,4.099999999999948,5.200000000000138,-8.399999999999997,47283.0,0.7,2.8763516894758645,11220.0,2.535473014887768,3.9609755865732232,5.268490374873358,-2.769572495375927,46933.0,0.7,3.03848602603789,11168.0,2.6346644130531116,3.8522427089893174,5.11247443762779,1.3223454000611534,45769.0,-0.4,0.7085176139239202,10949.0,3.9792387814894914,2.2182786274037802,4.9317943336829595,32.20230471847279
2007-09-13,2008,,,39.0,49.0,,,2.9,0.8,0.5,5.0,0.3,2.8,,,,,Labour,39.0,47951.0,1.4,4.767418995389883,11359.0,1.9999999999999352,4.099999999999948,5.200000000000138,-8.399999999999997,47283.0,0.7,2.8763516894758645,11220.0,2.535473014887768,3.9609755865732232,5.268490374873358,-2.769572495375927,46933.0,0.7,3.03848602603789,11168.0,2.6346644130531116,3.8522427089893174,5.11247443762779,1.3223454000611534,45769.0,-0.4,0.7085176139239202,10949.0,3.9792387814894914,2.2182786274037802,4.9317943336829595,32.20230471847279
2007-09-15,2008,,,36.0,50.0,,,3.0,1.0,1.0,6.0,0.0,2.0,,,,,Labour,36.0,47951.0,1.4,4.767418995389883,11359.0,1.9999999999999352,4.099999999999948,5.200000000000138,-8.399999999999997,47283.0,0.7,2.8763516894758645,11220.0,2.535473014887768,3.9609755865732232,5.268490374873358,-2.769572495375927,46933.0,0.7,3.03848602603789,11168.0,2.6346644130531116,3.8522427089893174,5.11247443762779,1.3223454000611534,45769.0,-0.4,0.7085176139239202,10949.0,3.9792387814894914,2.2182786274037802,4.9317943336829595,32.20230471847279
2007-09-16,2008,,,35.0,49.0,,,2.5,1.5,1.0,7.5,,3.0,,,,,Labour,35.0,47951.0,1.4,4.767418995389883,11359.0,1.9999999999999352,4.099999999999948,5.200000000000138,-8.399999999999997,47283.0,0.7,2.8763516894758645,11220.0,2.535473014887768,3.9609755865732232,5.268490374873358,-2.769572495375927,46933.0,0.7,3.03848602603789,11168.0,2.6346644130531116,3.8522427089893174,5.11247443762779,1.3223454000611534,45769.0,-0.4,0.7085176139239202,10949.0,3.9792387814894914,2.2182786274037802,4.9317943336829595,32.20230471847279
2007-09-19,2008,,,34.0,51.0,,,2.8,0.9,0.4,6.7,,2.6,,,,,Labour,34.0,47951.0,1.4,4.767418995389883,11359.0,1.9999999999999352,4.099999999999948,5.200000000000138,-8.399999999999997,47283.0,0.7,2.8763516894758645,11220.0,2.535473014887768,3.9609755865732232,5.268490374873358,-2.769572495375927,46933.0,0.7,3.03848602603789,11168.0,2.6346644130531116,3.8522427089893174,5.11247443762779,1.3223454000611534,45769.0,-0.4,0.7085176139239202,10949.0,3.9792387814894914,2.2182786274037802,4.9317943336829595,32.20230471847279
2007-09-29,2008,,,39.6,44.8,,,3.1,1.1,0.4,7.2,0.2,2.8,,,,,Labour,39.6,47951.0,1.4,4.767418995389883,11359.0,1.9999999999999352,4.099999999999948,5.200000000000138,-8.399999999999997,47283.0,0.7,2.8763516894758645,11220.0,2.535473014887768,3.9609755865732232,5.268490374873358,-2.769572495375927,46933.0,0.7,3.03848602603789,11168.0,2.6346644130531116,3.8522427089893174,5.11247443762779,1.3223454000611534,45769.0,-0.4,0.7085176139239202,10949.0,3.9792387814894914,2.2182786274037802,4.9317943336829595,32.20230471847279
2007-09-30,2008,,,33.0,48.5,,,3.0,1.0,1.5,9.5,0.5,2.5,,,,,Labour,33.0,48416.0,1.0,3.928218778173709,11449.0,1.7874875868918005,3.3333333333333215,5.103042198233543,-5.947580645161354,47951.0,1.4,4.767418995389883,11359.0,1.9999999999999352,4.099999999999948,5.200000000000138,-8.399999999999997,47283.0,0.7,2.8763516894758645,11220.0,2.535473014887768,3.9609755865732232,5.268490374873358,-2.769572495375927,46586.0,1.8,2.2587088702065605,11118.0,3.5426860640758395,3.8938992395182837,5.377456049638041,15.929824512525382
2007-10-11,2008,,,37.0,49.0,,,1.9,0.6,0.4,6.0,0.1,2.8,,,,,Labour,37.0,48416.0,1.0,3.928218778173709,11449.0,1.7874875868918005,3.3333333333333215,5.103042198233543,-5.947580645161354,47951.0,1.4,4.767418995389883,11359.0,1.9999999999999352,4.099999999999948,5.200000000000138,-8.399999999999997,47283.0,0.7,2.8763516894758645,11220.0,2.535473014887768,3.9609755865732232,5.268490374873358,-2.769572495375927,46586.0,1.8,2.2587088702065605,11118.0,3.5426860640758395,3.8938992395182837,5.377456049638041,15.929824512525382
2007-10-14,2008,,,39.0,45.5,,,3.0,0.5,1.5,7.5,,2.0,,,,,Labour,39.0,48416.0,1.0,3.928218778173709,11449.0,1.7874875868918005,3.3333333333333215,5.103042198233543,-5.947580645161354,47951.0,1.4,4.767418995389883,11359.0,1.9999999999999352,4.099999999999948,5.200000000000138,-8.399999999999997,47283.0,0.7,2.8763516894758645,11220.0,2.535473014887768,3.9609755865732232,5.268490374873358,-2.769572495375927,46586.0,1.8,2.2587088702065605,11118.0,3.5426860640758395,3.8938992395182837,5.377456049638041,15.929824512525382
2007-10-15,2008,,,38.0,49.0,,,2.6,0.8,0.5,6.9,,1.2,,,,,Labour,38.0,48416.0,1.0,3.928218778173709,11449.0,1.7874875868918005,3.3333333333333215,5.103042198233543,-5.947580645161354,47951.0,1.4,4.767418995389883,11359.0,1.9999999999999352,4.099999999999948,5.200000000000138,-8.399999999999997,47283.0,0.7,2.8763516894758645,11220.0,2.535473014887768,3.9609755865732232,5.268490374873358,-2.769572495375927,46586.0,1.8,2.2587088702065605,11118.0,3.5426860640758395,3.8938992395182837,5.377456049638041,15.929824512525382
2007-10-28,2008,,,40.5,45.0,,,3.5,1.0,1.5,6.5,,1.5,,,,,Labour,40.5,48416.0,1.0,3.928218778173709,11449.0,1.7874875868918005,3.3333333333333215,5.103042198233543,-5.947580645161354,47951.0,1.4,4.767418995389883,11359.0,1.9999999999999352,4.099999999999948,5.200000000000138,-8.399999999999997,47283.0,0.7,2.8763516894758645,11220.0,2.535473014887768,3.9609755865732232,5.268490374873358,-2.769572495375927,46586.0,1.8,2.2587088702065605,11118.0,3.5426860640758395,3.8938992395182837,5.377456049638041,15.929824512525382
2007-10-28,2008,,,38.8,51.2,,,1.8,0.2,0.2,5.4,,1.8,,,,,Labour,38.8,48416.0,1.0,3.928218778173709,11449.0,1.7874875868918005,3.3333333333333215,5.103042198233543,-5.947580645161354,47951.0,1.4,4.767418995389883,11359.0,1.9999999999999352,4.099999999999948,5.200000000000138,-8.399999999999997,47283.0,0.7,2.8763516894758645,11220.0,2.535473014887768,3.9609755865732232,5.268490374873358,-2.769572495375927,46586.0,1.8,2.2587088702065605,11118.0,3.5426860640758395,3.8938992395182837,5.377456049638041,15.929824512525382
2007-11-11,2008,,,34.0,48.0,,,5.5,1.0,1.0,7.5,,2.5,,,,,Labour,34.0,48416.0,1.0,3.928218778173709,11449.0,1.7874875868918005,3.3333333333333215,5.103042198233543,-5.947580645161354,47951.0,1.4,4.767418995389883,11359.0,1.9999999999999352,4.099999999999948,5.200000000000138,-8.399999999999997,47283.0,0.7,2.8763516894758645,11220.0,2.535473014887768,3.9609755865732232,5.268490374873358,-2.769572495375927,46586.0,1.8,2.2587088702065605,11118.0,3.5426860640758395,3.8938992395182837,5.377456049638041,15.929824512525382
2007-11-17,2008,,,40.0,45.0,,,3.0,1.0,1.0,5.0,0.0,3.0,,,,,Labour,40.0,48416.0,1.0,3.928218778173709,11449.0,1.7874875868918005,3.3333333333333215,5.103042198233543,-5.947580645161354,47951.0,1.4,4.767418995389883,11359.0,1.9999999999999352,4.099999999999948,5.200000000000138,-8.399999999999997,47283.0,0.7,2.8763516894758645,11220.0,2.535473014887768,3.9609755865732232,5.268490374873358,-2.769572495375927,46586.0,1.8,2.2587088702065605,11118.0,3.5426860640758395,3.8938992395182837,5.377456049638041,15.929824512525382
2007-11-25,2008,,,35.0,48.0,,,5.0,1.5,0.5,6.5,0.5,2.5,,,,,Labour,35.0,48416.0,1.0,3.928218778173709,11449.0,1.7874875868918005,3.3333333333333215,5.103042198233543,-5.947580645161354,47951.0,1.4,4.767418995389883,11359.0,1.9999999999999352,4.099999999999948,5.200000000000138,-8.399999999999997,47283.0,0.7,2.8763516894758645,11220.0,2.535473014887768,3.9609755865732232,5.268490374873358,-2.769572495375927,46586.0,1.8,2.2587088702065605,11118.0,3.5426860640758395,3.8938992395182837,5.377456049638041,15.929824512525382
2007-11-26,2008,,,38.1,51.3,,,2.1,0.7,0.4,3.5,0.3,3.0,,,,,Labour,38.1,48416.0,1.0,3.928218778173709,11449.0,1.7874875868918005,3.3333333333333215,5.103042198233543,-5.947580645161354,47951.0,1.4,4.767418995389883,11359.0,1.9999999999999352,4.099999999999948,5.200000000000138,-8.399999999999997,47283.0,0.7,2.8763516894758645,11220.0,2.535473014887768,3.9609755865732232,5.268490374873358,-2.769572495375927,46586.0,1.8,2.2587088702065605,11118.0,3.5426860640758395,3.8938992395182837,5.377456049638041,15.929824512525382
2007-12-09,2008,,,34.5,47.5,,,5.0,1.5,0.5,6.0,0.5,2.0,,,,,Labour,34.5,48416.0,1.0,3.928218778173709,11449.0,1.7874875868918005,3.3333333333333215,5.103042198233543,-5.947580645161354,47951.0,1.4,4.767418995389883,11359.0,1.9999999999999352,4.099999999999948,5.200000000000138,-8.399999999999997,47283.0,0.7,2.8763516894758645,11220.0,2.535473014887768,3.9609755865732232,5.268490374873358,-2.769572495375927,46586.0,1.8,2.2587088702065605,11118.0,3.5426860640758395,3.8938992395182837,5.377456049638041,15.929824512525382
2007-12-13,2008,,,36.0,51.0,,,2.2,0.9,0.7,4.8,,2.8,,,,,Labour,36.0,48416.0,1.0,3.928218778173709,11449.0,1.7874875868918005,3.3333333333333215,5.103042198233543,-5.947580645161354,47951.0,1.4,4.767418995389883,11359.0,1.9999999999999352,4.099999999999948,5.200000000000138,-8.399999999999997,47283.0,0.7,2.8763516894758645,11220.0,2.535473014887768,3.9609755865732232,5.268490374873358,-2.769572495375927,46586.0,1.8,2.2587088702065605,11118.0,3.5426860640758395,3.8938992395182837,5.377456049638041,15.929824512525382
2007-12-13,2008,,,35.0,54.0,,,2.2,0.8,0.5,4.6,0.1,1.7,,,,,Labour,35.0,48416.0,1.0,3.928218778173709,11449.0,1.7874875868918005,3.3333333333333215,5.103042198233543,-5.947580645161354,47951.0,1.4,4.767418995389883,11359.0,1.9999999999999352,4.099999999999948,5.200000000000138,-8.399999999999997,47283.0,0.7,2.8763516894758645,11220.0,2.535473014887768,3.9609755865732232,5.268490374873358,-2.769572495375927,46586.0,1.8,2.2587088702065605,11118.0,3.5426860640758395,3.8938992395182837,5.377456049638041,15.929824512525382
2008-01-20,2008,,,33.5,52.0,,,3.5,1.0,0.5,6.5,0.5,2.0,,,,,Labour,33.5,48666.0,0.5,3.6924978160356225,11478.0,3.184079601990164,4.390243902439028,5.155642023346219,16.88466111771696,48416.0,1.0,3.928218778173709,11449.0,1.7874875868918005,3.3333333333333215,5.103042198233543,-5.947580645161354,47951.0,1.4,4.767418995389883,11359.0,1.9999999999999352,4.099999999999948,5.200000000000138,-8.399999999999997,46933.0,0.7,3.03848602603789,11168.0,2.6346644130531116,3.8522427089893174,5.11247443762779,1.3223454000611534
2008-01-24,2008,,,38.7,47.5,,,3.0,0.7,0.0,9.1,0.0,1.0,,,,,Labour,38.7,48666.0,0.5,3.6924978160356225,11478.0,3.184079601990164,4.390243902439028,5.155642023346219,16.88466111771696,48416.0,1.0,3.928218778173709,11449.0,1.7874875868918005,3.3333333333333215,5.103042198233543,-5.947580645161354,47951.0,1.4,4.767418995389883,11359.0,1.9999999999999352,4.099999999999948,5.200000000000138,-8.399999999999997,46933.0,0.7,3.03848602603789,11168.0,2.6346644130531116,3.8522427089893174,5.11247443762779,1.3223454000611534
2008-01-30,2008,,,35.0,49.0,,,3.0,0.5,0.5,7.0,,3.0,,,,,Labour,35.0,48666.0,0.5,3.6924978160356225,11478.0,3.184079601990164,4.390243902439028,5.155642023346219,16.88466111771696,48416.0,1.0,3.928218778173709,11449.0,1.7874875868918005,3.3333333333333215,5.103042198233543,-5.947580645161354,47951.0,1.4,4.767418995389883,11359.0,1.9999999999999352,4.099999999999948,5.200000000000138,-8.399999999999997,46933.0,0.7,3.03848602603789,11168.0,2.6346644130531116,3.8522427089893174,5.11247443762779,1.3223454000611534
2008-02-03,2008,,,36.5,45.5,,,4.0,2.0,0.5,9.0,0.5,2.0,,,,,Labour,36.5,48666.0,0.5,3.6924978160356225,11478.0,3.184079601990164,4.390243902439028,5.155642023346219,16.88466111771696,48416.0,1.0,3.928218778173709,11449.0,1.7874875868918005,3.3333333333333215,5.103042198233543,-5.947580645161354,47951.0,1.4,4.767418995389883,11359.0,1.9999999999999352,4.099999999999948,5.200000000000138,-8.399999999999997,46933.0,0.7,3.03848602603789,11168.0,2.6346644130531116,3.8522427089893174,5.11247443762779,1.3223454000611534
2008-02-14,2008,,,34.0,53.0,,,1.7,0.9,0.2,6.0,,3.3,,,,,Labour,34.0,48666.0,0.5,3.6924978160356225,11478.0,3.184079601990164,4.390243902439028,5.155642023346219,16.88466111771696,48416.0,1.0,3.928218778173709,11449.0,1.7874875868918005,3.3333333333333215,5.103042198233543,-5.947580645161354,47951.0,1.4,4.767418995389883,11359.0,1.9999999999999352,4.099999999999948,5.200000000000138,-8.399999999999997,46933.0,0.7,3.03848602603789,11168.0,2.6346644130531116,3.8522427089893174,5.11247443762779,1.3223454000611534
2008-02-17,2008,,,32.5,51.5,,,3.0,0.5,0.5,8.0,0.5,3.0,,,,,Labour,32.5,48666.0,0.5,3.6924978160356225,11478.0,3.184079601990164,4.390243902439028,5.155642023346219,16.88466111771696,48416.0,1.0,3.928218778173709,11449.0,1.7874875868918005,3.3333333333333215,5.103042198233543,-5.947580645161354,47951.0,1.4,4.767418995389883,11359.0,1.9999999999999352,4.099999999999948,5.200000000000138,-8.399999999999997,46933.0,0.7,3.03848602603789,11168.0,2.6346644130531116,3.8522427089893174,5.11247443762779,1.3223454000611534
2008-02-19,2008,,,32.0,55.0,,,3.0,1.0,0.0,6.0,0.0,2.0,,,,,Labour,32.0,48666.0,0.5,3.6924978160356225,11478.0,3.184079601990164,4.390243902439028,5.155642023346219,16.88466111771696,48416.0,1.0,3.928218778173709,11449.0,1.7874875868918005,3.3333333333333215,5.103042198233543,-5.947580645161354,47951.0,1.4,4.767418995389883,11359.0,1.9999999999999352,4.099999999999948,5.200000000000138,-8.399999999999997,46933.0,0.7,3.03848602603789,11168.0,2.6346644130531116,3.8522427089893174,5.11247443762779,1.3223454000611534
2008-02-26,2008,,,35.0,51.0,,,3.0,1.0,0.1,7.0,0.1,2.0,,,,,Labour,35.0,48666.0,0.5,3.6924978160356225,11478.0,3.184079601990164,4.390243902439028,5.155642023346219,16.88466111771696,48416.0,1.0,3.928218778173709,11449.0,1.7874875868918005,3.3333333333333215,5.103042198233543,-5.947580645161354,47951.0,1.4,4.767418995389883,11359.0,1.9999999999999352,4.099999999999948,5.200000000000138,-8.399999999999997,46933.0,0.7,3.03848602603789,11168.0,2.6346644130531116,3.8522427089893174,5.11247443762779,1.3223454000611534
2008-02-28,2008,,,36.5,54.5,,,2.1,0.4,0.4,4.4,0.0,1.5,,,,,Labour,36.5,48666.0,0.5,3.6924978160356225,11478.0,3.184079601990164,4.390243902439028,5.155642023346219,16.88466111771696,48416.0,1.0,3.928218778173709,11449.0,1.7874875868918005,3.3333333333333215,5.103042198233543,-5.947580645161354,47951.0,1.4,4.767418995389883,11359.0,1.9999999999999352,4.099999999999948,5.200000000000138,-8.399999999999997,46933.0,0.7,3.03848602603789,11168.0,2.6346644130531116,3.8522427089893174,5.11247443762779,1.3223454000611534
2008-03-02,2008,,,35.0,49.5,,,4.0,1.0,0.5,7.0,0.5,2.0,,,,,Labour,35.0,48666.0,0.5,3.6924978160356225,11478.0,3.184079601990164,4.390243902439028,5.155642023346219,16.88466111771696,48416.0,1.0,3.928218778173709,11449.0,1.7874875868918005,3.3333333333333215,5.103042198233543,-5.947580645161354,47951.0,1.4,4.767418995389883,11359.0,1.9999999999999352,4.099999999999948,5.200000000000138,-8.399999999999997,46933.0,0.7,3.03848602603789,11168.0,2.6346644130531116,3.8522427089893174,5.11247443762779,1.3223454000611534
2008-03-13,2008,,,35.0,50.0,,,2.5,0.9,0.3,7.0,0.1,3.3,,,,,Labour,35.0,48666.0,0.5,3.6924978160356225,11478.0,3.184079601990164,4.390243902439028,5.155642023346219,16.88466111771696,48416.0,1.0,3.928218778173709,11449.0,1.7874875868918005,3.3333333333333215,5.103042198233543,-5.947580645161354,47951.0,1.4,4.767418995389883,11359.0,1.9999999999999352,4.099999999999948,5.200000000000138,-8.399999999999997,46933.0,0.7,3.03848602603789,11168.0,2.6346644130531116,3.8522427089893174,5.11247443762779,1.3223454000611534
2008-03-16,2008,,,34.0,51.0,,,3.0,1.5,1.0,6.5,0.5,2.0,,,,,Labour,34.0,48666.0,0.5,3.6924978160356225,11478.0,3.184079601990164,4.390243902439028,5.155642023346219,16.88466111771696,48416.0,1.0,3.928218778173709,11449.0,1.7874875868918005,3.3333333333333215,5.103042198233543,-5.947580645161354,47951.0,1.4,4.767418995389883,11359.0,1.9999999999999352,4.099999999999948,5.200000000000138,-8.399999999999997,46933.0,0.7,3.03848602603789,11168.0,2.6346644130531116,3.8522427089893174,5.11247443762779,1.3223454000611534
2008-03-27,2008,,,39.3,49.9,,,1.1,1.1,0.0,3.9,,3.7,,,,,Labour,39.3,48666.0,0.5,3.6924978160356225,11478.0,3.184079601990164,4.390243902439028,5.155642023346219,16.88466111771696,48416.0,1.0,3.928218778173709,11449.0,1.7874875868918005,3.3333333333333215,5.103042198233543,-5.947580645161354,47951.0,1.4,4.767418995389883,11359.0,1.9999999999999352,4.099999999999948,5.200000000000138,-8.399999999999997,46933.0,0.7,3.03848602603789,11168.0,2.6346644130531116,3.8522427089893174,5.11247443762779,1.3223454000611534
2008-04-06,2008,,,34.5,47.0,,,4.0,1.5,0.5,9.0,0.5,3.0,,,,,Labour,34.5,48425.0,-0.5,2.415244379586734,11392.0,3.366336633663347,5.1158301158301,5.10105871029829,20.51886792452833,48666.0,0.5,3.6924978160356225,11478.0,3.184079601990164,4.390243902439028,5.155642023346219,16.88466111771696,48416.0,1.0,3.928218778173709,11449.0,1.7874875868918005,3.3333333333333215,5.103042198233543,-5.947580645161354,47283.0,0.7,2.8763516894758645,11220.0,2.535473014887768,3.9609755865732232,5.268490374873358,-2.769572495375927
2008-04-16,2008,,,38.0,48.0,,,3.4,0.5,0.3,5.8,,2.9,,,,,Labour,38.0,48425.0,-0.5,2.415244379586734,11392.0,3.366336633663347,5.1158301158301,5.10105871029829,20.51886792452833,48666.0,0.5,3.6924978160356225,11478.0,3.184079601990164,4.390243902439028,5.155642023346219,16.88466111771696,48416.0,1.0,3.928218778173709,11449.0,1.7874875868918005,3.3333333333333215,5.103042198233543,-5.947580645161354,47283.0,0.7,2.8763516894758645,11220.0,2.535473014887768,3.9609755865732232,5.268490374873358,-2.769572495375927
2008-04-17,2008,,,35.0,54.0,,,1.5,1.1,0.2,3.7,0.1,3.2,,,,,Labour,35.0,48425.0,-0.5,2.415244379586734,11392.0,3.366336633663347,5.1158301158301,5.10105871029829,20.51886792452833,48666.0,0.5,3.6924978160356225,11478.0,3.184079601990164,4.390243902439028,5.155642023346219,16.88466111771696,48416.0,1.0,3.928218778173709,11449.0,1.7874875868918005,3.3333333333333215,5.103042198233543,-5.947580645161354,47283.0,0.7,2.8763516894758645,11220.0,2.535473014887768,3.9609755865732232,5.268490374873358,-2.769572495375927
2008-04-20,2008,,,35.5,50.0,,,3.5,1.5,0.5,6.5,,2.5,,,,,Labour,35.5,48425.0,-0.5,2.415244379586734,11392.0,3.366336633663347,5.1158301158301,5.10105871029829,20.51886792452833,48666.0,0.5,3.6924978160356225,11478.0,3.184079601990164,4.390243902439028,5.155642023346219,16.88466111771696,48416.0,1.0,3.928218778173709,11449.0,1.7874875868918005,3.3333333333333215,5.103042198233543,-5.947580645161354,47283.0,0.7,2.8763516894758645,11220.0,2.535473014887768,3.9609755865732232,5.268490374873358,-2.769572495375927
2008-04-22,2008,,,34.0,52.0,,,3.0,0.0,1.0,6.0,1.0,3.0,,,,,Labour,34.0,48425.0,-0.5,2.415244379586734,11392.0,3.366336633663347,5.1158301158301,5.10105871029829,20.51886792452833,48666.0,0.5,3.6924978160356225,11478.0,3.184079601990164,4.390243902439028,5.155642023346219,16.88466111771696,48416.0,1.0,3.928218778173709,11449.0,1.7874875868918005,3.3333333333333215,5.103042198233543,-5.947580645161354,47283.0,0.7,2.8763516894758645,11220.0,2.535473014887768,3.9609755865732232,5.268490374873358,-2.769572495375927
2008-04-26,2008,,,37.2,52.1,,,1.5,0.4,0.1,5.2,0.0,2.9,,,,,Labour,37.2,48425.0,-0.5,2.415244379586734,11392.0,3.366336633663347,5.1158301158301,5.10105871029829,20.51886792452833,48666.0,0.5,3.6924978160356225,11478.0,3.184079601990164,4.390243902439028,5.155642023346219,16.88466111771696,48416.0,1.0,3.928218778173709,11449.0,1.7874875868918005,3.3333333333333215,5.103042198233543,-5.947580645161354,47283.0,0.7,2.8763516894758645,11220.0,2.535473014887768,3.9609755865732232,5.268490374873358,-2.769572495375927
2008-05-04,2008,,,35.5,49.5,,,4.5,1.0,1.0,6.5,,2.0,,,,,Labour,35.5,48425.0,-0.5,2.415244379586734,11392.0,3.366336633663347,5.1158301158301,5.10105871029829,20.51886792452833,48666.0,0.5,3.6924978160356225,11478.0,3.184079601990164,4.390243902439028,5.155642023346219,16.88466111771696,48416.0,1.0,3.928218778173709,11449.0,1.7874875868918005,3.3333333333333215,5.103042198233543,-5.947580645161354,47283.0,0.7,2.8763516894758645,11220.0,2.535473014887768,3.9609755865732232,5.268490374873358,-2.769572495375927
2008-05-13,2008,,,29.0,56.0,,,5.0,1.0,0.0,6.0,0.0,2.0,,,,,Labour,29.0,48425.0,-0.5,2.415244379586734,11392.0,3.366336633663347,5.1158301158301,5.10105871029829,20.51886792452833,48666.0,0.5,3.6924978160356225,11478.0,3.184079601990164,4.390243902439028,5.155642023346219,16.88466111771696,48416.0,1.0,3.928218778173709,11449.0,1.7874875868918005,3.3333333333333215,5.103042198233543,-5.947580645161354,47283.0,0.7,2.8763516894758645,11220.0,2.535473014887768,3.9609755865732232,5.268490374873358,-2.769572495375927
2008-05-18,2008,,,35.0,49.0,,,4.0,1.0,0.5,7.5,,2.5,,,,,Labour,35.0,48425.0,-0.5,2.415244379586734,11392.0,3.366336633663347,5.1158301158301,5.10105871029829,20.51886792452833,48666.0,0.5,3.6924978160356225,11478.0,3.184079601990164,4.390243902439028,5.155642023346219,16.88466111771696,48416.0,1.0,3.928218778173709,11449.0,1.7874875868918005,3.3333333333333215,5.103042198233543,-5.947580645161354,47283.0,0.7,2.8763516894758645,11220.0,2.535473014887768,3.9609755865732232,5.268490374873358,-2.769572495375927
2008-05-28,2008,,,36.2,51.5,,,1.9,0.7,0.4,6.4,0.0,2.2,,,,,Labour,36.2,48425.0,-0.5,2.415244379586734,11392.0,3.366336633663347,5.1158301158301,5.10105871029829,20.51886792452833,48666.0,0.5,3.6924978160356225,11478.0,3.184079601990164,4.390243902439028,5.155642023346219,16.88466111771696,48416.0,1.0,3.928218778173709,11449.0,1.7874875868918005,3.3333333333333215,5.103042198233543,-5.947580645161354,47283.0,0.7,2.8763516894758645,11220.0,2.535473014887768,3.9609755865732232,5.268490374873358,-2.769572495375927
2008-05-29,2008,,,29.0,55.0,,,4.4,1.2,0.2,7.0,0.1,2.5,,,,,Labour,29.0,48425.0,-0.5,2.415244379586734,11392.0,3.366336633663347,5.1158301158301,5.10105871029829,20.51886792452833,48666.0,0.5,3.6924978160356225,11478.0,3.184079601990164,4.390243902439028,5.155642023346219,16.88466111771696,48416.0,1.0,3.928218778173709,11449.0,1.7874875868918005,3.3333333333333215,5.103042198233543,-5.947580645161354,47283.0,0.7,2.8763516894758645,11220.0,2.535473014887768,3.9609755865732232,5.268490374873358,-2.769572495375927
2008-05-29,2008,,,35.0,50.0,,,3.9,1.0,0.2,5.8,0.1,2.0,,,,,Labour,35.0,48425.0,-0.5,2.415244379586734,11392.0,3.366336633663347,5.1158301158301,5.10105871029829,20.51886792452833,48666.0,0.5,3.6924978160356225,11478.0,3.184079601990164,4.390243902439028,5.155642023346219,16.88466111771696,48416.0,1.0,3.928218778173709,11449.0,1.7874875868918005,3.3333333333333215,5.103042198233543,-5.947580645161354,47283.0,0.7,2.8763516894758645,11220.0,2.535473014887768,3.9609755865732232,5.268490374873358,-2.769572495375927
2008-06-01,2008,,,32.0,50.5,,,4.0,1.5,1.0,7.0,,3.0,,,,,Labour,32.0,48425.0,-0.5,2.415244379586734,11392.0,3.366336633663347,5.1158301158301,5.10105871029829,20.51886792452833,48666.0,0.5,3.6924978160356225,11478.0,3.184079601990164,4.390243902439028,5.155642023346219,16.88466111771696,48416.0,1.0,3.928218778173709,11449.0,1.7874875868918005,3.3333333333333215,5.103042198233543,-5.947580645161354,47283.0,0.7,2.8763516894758645,11220.0,2.535473014887768,3.9609755865732232,5.268490374873358,-2.769572495375927
2008-06-15,2008,,,31.5,52.5,,,4.0,2.0,0.5,7.0,,2.0,,,,,Labour,31.5,48425.0,-0.5,2.415244379586734,11392.0,3.366336633663347,5.1158301158301,5.10105871029829,20.51886792452833,48666.0,0.5,3.6924978160356225,11478.0,3.184079601990164,4.390243902439028,5.155642023346219,16.88466111771696,48416.0,1.0,3.928218778173709,11449.0,1.7874875868918005,3.3333333333333215,5.103042198233543,-5.947580645161354,47283.0,0.7,2.8763516894758645,11220.0,2.535473014887768,3.9609755865732232,5.268490374873358,-2.769572495375927
2008-06-17,2008,,,30.0,54.0,,,3.0,1.0,1.0,7.0,,2.0,,,,,Labour,30.0,48425.0,-0.5,2.415244379586734,11392.0,3.366336633663347,5.1158301158301,5.10105871029829,20.51886792452833,48666.0,0.5,3.6924978160356225,11478.0,3.184079601990164,4.390243902439028,5.155642023346219,16.88466111771696,48416.0,1.0,3.928218778173709,11449.0,1.7874875868918005,3.3333333333333215,5.103042198233543,-5.947580645161354,47283.0,0.7,2.8763516894758645,11220.0,2.535473014887768,3.9609755865732232,5.268490374873358,-2.769572495375927
2008-06-19,2008,,,29.0,55.0,,,3.2,0.8,0.4,7.0,0.0,4.4,,,,,Labour,29.0,48425.0,-0.5,2.415244379586734,11392.0,3.366336633663347,5.1158301158301,5.10105871029829,20.51886792452833,48666.0,0.5,3.6924978160356225,11478.0,3.184079601990164,4.390243902439028,5.155642023346219,16.88466111771696,48416.0,1.0,3.928218778173709,11449.0,1.7874875868918005,3.3333333333333215,5.103042198233543,-5.947580645161354,47283.0,0.7,2.8763516894758645,11220.0,2.535473014887768,3.9609755865732232,5.268490374873358,-2.769572495375927
2008-06-25,2008,,,32.4,54.9,,,3.3,0.8,0.1,5.9,,1.8,,,,,Labour,32.4,48425.0,-0.5,2.415244379586734,11392.0,3.366336633663347,5.1158301158301,5.10105871029829,20.51886792452833,48666.0,0.5,3.6924978160356225,11478.0,3.184079601990164,4.390243902439028,5.155642023346219,16.88466111771696,48416.0,1.0,3.928218778173709,11449.0,1.7874875868918005,3.3333333333333215,5.103042198233543,-5.947580645161354,47283.0,0.7,2.8763516894758645,11220.0,2.535473014887768,3.9609755865732232,5.268490374873358,-2.769572495375927
2008-06-29,2008,,,30.5,51.5,,,4.0,2.0,1.0,8.0,,2.5,,,,,Labour,30.5,48425.0,-0.5,2.415244379586734,11392.0,3.366336633663347,5.1158301158301,5.10105871029829,20.51886792452833,48666.0,0.5,3.6924978160356225,11478.0,3.184079601990164,4.390243902439028,5.155642023346219,16.88466111771696,48416.0,1.0,3.928218778173709,11449.0,1.7874875868918005,3.3333333333333215,5.103042198233543,-5.947580645161354,47283.0,0.7,2.8763516894758645,11220.0,2.535473014887768,3.9609755865732232,5.268490374873358,-2.769572495375927
2008-07-13,2008,,,31.0,52.0,,,6.5,0.5,1.0,7.5,,1.0,,,,,Labour,31.0,47755.0,-1.4,-0.4087505995703955,11216.0,4.019607843137263,6.91642651296831,5.0380228136881255,25.87336244541536,48425.0,-0.5,2.415244379586734,11392.0,3.366336633663347,5.1158301158301,5.10105871029829,20.51886792452833,48666.0,0.5,3.6924978160356225,11478.0,3.184079601990164,4.390243902439028,5.155642023346219,16.88466111771696,47951.0,1.4,4.767418995389883,11359.0,1.9999999999999352,4.099999999999948,5.200000000000138,-8.399999999999997
2008-07-15,2008,,,35.0,51.0,,,4.0,1.0,0.0,5.0,,2.0,,,,,Labour,35.0,47755.0,-1.4,-0.4087505995703955,11216.0,4.019607843137263,6.91642651296831,5.0380228136881255,25.87336244541536,48425.0,-0.5,2.415244379586734,11392.0,3.366336633663347,5.1158301158301,5.10105871029829,20.51886792452833,48666.0,0.5,3.6924978160356225,11478.0,3.184079601990164,4.390243902439028,5.155642023346219,16.88466111771696,47951.0,1.4,4.767418995389883,11359.0,1.9999999999999352,4.099999999999948,5.200000000000138,-8.399999999999997
2008-07-17,2008,,,35.0,52.0,,,2.4,1.2,0.3,6.0,0.0,1.7,,,,,Labour,35.0,47755.0,-1.4,-0.4087505995703955,11216.0,4.019607843137263,6.91642651296831,5.0380228136881255,25.87336244541536,48425.0,-0.5,2.415244379586734,11392.0,3.366336633663347,5.1158301158301,5.10105871029829,20.51886792452833,48666.0,0.5,3.6924978160356225,11478.0,3.184079601990164,4.390243902439028,5.155642023346219,16.88466111771696,47951.0,1.4,4.767418995389883,11359.0,1.9999999999999352,4.099999999999948,5.200000000000138,-8.399999999999997
2008-07-18,2008,,,35.0,48.0,,,4.0,1.0,0.3,7.0,0.0,2.0,,,,,Labour,35.0,47755.0,-1.4,-0.4087505995703955,11216.0,4.019607843137263,6.91642651296831,5.0380228136881255,25.87336244541536,48425.0,-0.5,2.415244379586734,11392.0,3.366336633663347,5.1158301158301,5.10105871029829,20.51886792452833,48666.0,0.5,3.6924978160356225,11478.0,3.184079601990164,4.390243902439028,5.155642023346219,16.88466111771696,47951.0,1.4,4.767418995389883,11359.0,1.9999999999999352,4.099999999999948,5.200000000000138,-8.399999999999997
2008-07-27,2008,,,32.5,47.5,,,5.0,2.5,0.5,8.0,,3.0,,,,,Labour,32.5,47755.0,-1.4,-0.4087505995703955,11216.0,4.019607843137263,6.91642651296831,5.0380228136881255,25.87336244541536,48425.0,-0.5,2.415244379586734,11392.0,3.366336633663347,5.1158301158301,5.10105871029829,20.51886792452833,48666.0,0.5,3.6924978160356225,11478.0,3.184079601990164,4.390243902439028,5.155642023346219,16.88466111771696,47951.0,1.4,4.767418995389883,11359.0,1.9999999999999352,4.099999999999948,5.200000000000138,-8.399999999999997
2008-07-29,2008,,,30.8,55.4,,,4.1,0.2,0.9,5.5,,2.6,,,,,Labour,30.8,47755.0,-1.4,-0.4087505995703955,11216.0,4.019607843137263,6.91642651296831,5.0380228136881255,25.87336244541536,48425.0,-0.5,2.415244379586734,11392.0,3.366336633663347,5.1158301158301,5.10105871029829,20.51886792452833,48666.0,0.5,3.6924978160356225,11478.0,3.184079601990164,4.390243902439028,5.155642023346219,16.88466111771696,47951.0,1.4,4.767418995389883,11359.0,1.9999999999999352,4.099999999999948,5.200000000000138,-8.399999999999997
2008-08-10,2008,,,34.0,48.0,,,6.5,1.5,0.0,7.5,,2.0,,,,,Labour,34.0,47755.0,-1.4,-0.4087505995703955,11216.0,4.019607843137263,6.91642651296831,5.0380228136881255,25.87336244541536,48425.0,-0.5,2.415244379586734,11392.0,3.366336633663347,5.1158301158301,5.10105871029829,20.51886792452833,48666.0,0.5,3.6924978160356225,11478.0,3.184079601990164,4.390243902439028,5.155642023346219,16.88466111771696,47951.0,1.4,4.767418995389883,11359.0,1.9999999999999352,4.099999999999948,5.200000000000138,-8.399999999999997
2008-08-12,2008,,,35.0,54.0,,,3.0,1.0,0.0,4.0,,2.0,,,,,Labour,35.0,47755.0,-1.4,-0.4087505995703955,11216.0,4.019607843137263,6.91642651296831,5.0380228136881255,25.87336244541536,48425.0,-0.5,2.415244379586734,11392.0,3.366336633663347,5.1158301158301,5.10105871029829,20.51886792452833,48666.0,0.5,3.6924978160356225,11478.0,3.184079601990164,4.390243902439028,5.155642023346219,16.88466111771696,47951.0,1.4,4.767418995389883,11359.0,1.9999999999999352,4.099999999999948,5.200000000000138,-8.399999999999997
2008-08-14,2008,,,37.0,51.0,,,2.6,0.6,0.7,3.5,0.1,3.1,,,,,Labour,37.0,47755.0,-1.4,-0.4087505995703955,11216.0,4.019607843137263,6.91642651296831,5.0380228136881255,25.87336244541536,48425.0,-0.5,2.415244379586734,11392.0,3.366336633663347,5.1158301158301,5.10105871029829,20.51886792452833,48666.0,0.5,3.6924978160356225,11478.0,3.184079601990164,4.390243902439028,5.155642023346219,16.88466111771696,47951.0,1.4,4.767418995389883,11359.0,1.9999999999999352,4.099999999999948,5.200000000000138,-8.399999999999997
2008-08-20,2008,,,37.0,48.0,,,3.0,2.0,1.0,6.0,0.0,2.0,,,,,Labour,37.0,47755.0,-1.4,-0.4087505995703955,11216.0,4.019607843137263,6.91642651296831,5.0380228136881255,25.87336244541536,48425.0,-0.5,2.415244379586734,11392.0,3.366336633663347,5.1158301158301,5.10105871029829,20.51886792452833,48666.0,0.5,3.6924978160356225,11478.0,3.184079601990164,4.390243902439028,5.155642023346219,16.88466111771696,47951.0,1.4,4.767418995389883,11359.0,1.9999999999999352,4.099999999999948,5.200000000000138,-8.399999999999997
2008-08-25,2008,,,36.3,50.0,,,2.1,2.3,0.0,5.1,,3.1,,,,,Labour,36.3,47755.0,-1.4,-0.4087505995703955,11216.0,4.019607843137263,6.91642651296831,5.0380228136881255,25.87336244541536,48425.0,-0.5,2.415244379586734,11392.0,3.366336633663347,5.1158301158301,5.10105871029829,20.51886792452833,48666.0,0.5,3.6924978160356225,11478.0,3.184079601990164,4.390243902439028,5.155642023346219,16.88466111771696,47951.0,1.4,4.767418995389883,11359.0,1.9999999999999352,4.099999999999948,5.200000000000138,-8.399999999999997
2008-08-31,2008,,,38.0,44.5,,,2.5,1.5,1.0,8.0,,3.5,,,,,Labour,38.0,47755.0,-1.4,-0.4087505995703955,11216.0,4.019607843137263,6.91642651296831,5.0380228136881255,25.87336244541536,48425.0,-0.5,2.415244379586734,11392.0,3.366336633663347,5.1158301158301,5.10105871029829,20.51886792452833,48666.0,0.5,3.6924978160356225,11478.0,3.184079601990164,4.390243902439028,5.155642023346219,16.88466111771696,47951.0,1.4,4.767418995389883,11359.0,1.9999999999999352,4.099999999999948,5.200000000000138,-8.399999999999997
2008-09-11,2008,,,35.0,53.0,,,1.8,2.0,0.0,5.0,0.0,1.8,,,,,Labour,35.0,47755.0,-1.4,-0.4087505995703955,11216.0,4.019607843137263,6.91642651296831,5.0380228136881255,25.87336244541536,48425.0,-0.5,2.415244379586734,11392.0,3.366336633663347,5.1158301158301,5.10105871029829,20.51886792452833,48666.0,0.5,3.6924978160356225,11478.0,3.184079601990164,4.390243902439028,5.155642023346219,16.88466111771696,47951.0,1.4,4.767418995389883,11359.0,1.9999999999999352,4.099999999999948,5.200000000000138,-8.399999999999997
2008-09-14,2008,,,36.5,47.5,,,5.0,1.5,0.5,6.5,,1.5,,,,,Labour,36.5,47755.0,-1.4,-0.4087505995703955,11216.0,4.019607843137263,6.91642651296831,5.0380228136881255,25.87336244541536,48425.0,-0.5,2.415244379586734,11392.0,3.366336633663347,5.1158301158301,5.10105871029829,20.51886792452833,48666.0,0.5,3.6924978160356225,11478.0,3.184079601990164,4.390243902439028,5.155642023346219,16.88466111771696,47951.0,1.4,4.767418995389883,11359.0,1.9999999999999352,4.099999999999948,5.200000000000138,-8.399999999999997
2008-09-16,2008,,,34.0,52.0,,,3.0,1.0,,5.0,,3.0,,,,,Labour,34.0,47755.0,-1.4,-0.4087505995703955,11216.0,4.019607843137263,6.91642651296831,5.0380228136881255,25.87336244541536,48425.0,-0.5,2.415244379586734,11392.0,3.366336633663347,5.1158301158301,5.10105871029829,20.51886792452833,48666.0,0.5,3.6924978160356225,11478.0,3.184079601990164,4.390243902439028,5.155642023346219,16.88466111771696,47951.0,1.4,4.767418995389883,11359.0,1.9999999999999352,4.099999999999948,5.200000000000138,-8.399999999999997
2008-09-24,2008,,,35.7,51.4,,,2.8,1.1,0.4,4.9,0.4,1.9,,,,,Labour,35.7,47755.0,-1.4,-0.4087505995703955,11216.0,4.019607843137263,6.91642651296831,5.0380228136881255,25.87336244541536,48425.0,-0.5,2.415244379586734,11392.0,3.366336633663347,5.1158301158301,5.10105871029829,20.51886792452833,48666.0,0.5,3.6924978160356225,11478.0,3.184079601990164,4.390243902439028,5.155642023346219,16.88466111771696,47951.0,1.4,4.767418995389883,11359.0,1.9999999999999352,4.099999999999948,5.200000000000138,-8.399999999999997
2008-09-24,2008,,,36.0,49.0,,,3.0,2.0,0.0,5.0,0.0,2.0,,,,,Labour,36.0,47755.0,-1.4,-0.4087505995703955,11216.0,4.019607843137263,6.91642651296831,5.0380228136881255,25.87336244541536,48425.0,-0.5,2.415244379586734,11392.0,3.366336633663347,5.1158301158301,5.10105871029829,20.51886792452833,48666.0,0.5,3.6924978160356225,11478.0,3.184079601990164,4.390243902439028,5.155642023346219,16.88466111771696,47951.0,1.4,4.767418995389883,11359.0,1.9999999999999352,4.099999999999948,5.200000000000138,-8.399999999999997
2008-10-02,2008,,,33.0,52.0,,,2.0,1.5,0.7,7.0,0.3,2.5,,,,,Labour,33.0,47804.0,0.1,-1.2640449438202195,11209.0,5.073170731707366,9.487666034155628,4.668534080298747,29.260450160771235,47755.0,-1.4,-0.4087505995703955,11216.0,4.019607843137263,6.91642651296831,5.0380228136881255,25.87336244541536,48425.0,-0.5,2.415244379586734,11392.0,3.366336633663347,5.1158301158301,5.10105871029829,20.51886792452833,48416.0,1.0,3.928218778173709,11449.0,1.7874875868918005,3.3333333333333215,5.103042198233543,-5.947580645161354
2008-10-05,2008,,,37.5,40.5,,,4.0,3.5,1.0,9.0,1.0,2.0,,,,,Labour,37.5,47804.0,0.1,-1.2640449438202195,11209.0,5.073170731707366,9.487666034155628,4.668534080298747,29.260450160771235,47755.0,-1.4,-0.4087505995703955,11216.0,4.019607843137263,6.91642651296831,5.0380228136881255,25.87336244541536,48425.0,-0.5,2.415244379586734,11392.0,3.366336633663347,5.1158301158301,5.10105871029829,20.51886792452833,48416.0,1.0,3.928218778173709,11449.0,1.7874875868918005,3.3333333333333215,5.103042198233543,-5.947580645161354
2008-10-09,2008,,,33.0,51.0,,,2.6,1.6,0.1,8.0,0.3,2.8,,,,,Labour,33.0,47804.0,0.1,-1.2640449438202195,11209.0,5.073170731707366,9.487666034155628,4.668534080298747,29.260450160771235,47755.0,-1.4,-0.4087505995703955,11216.0,4.019607843137263,6.91642651296831,5.0380228136881255,25.87336244541536,48425.0,-0.5,2.415244379586734,11392.0,3.366336633663347,5.1158301158301,5.10105871029829,20.51886792452833,48416.0,1.0,3.928218778173709,11449.0,1.7874875868918005,3.3333333333333215,5.103042198233543,-5.947580645161354
2008-10-10,2008,,,39.0,45.0,,,2.7,1.8,0.1,6.7,0.1,2.5,,,,,Labour,39.0,47804.0,0.1,-1.2640449438202195,11209.0,5.073170731707366,9.487666034155628,4.668534080298747,29.260450160771235,47755.0,-1.4,-0.4087505995703955,11216.0,4.019607843137263,6.91642651296831,5.0380228136881255,25.87336244541536,48425.0,-0.5,2.415244379586734,11392.0,3.366336633663347,5.1158301158301,5.10105871029829,20.51886792452833,48416.0,1.0,3.928218778173709,11449.0,1.7874875868918005,3.3333333333333215,5.103042198233543,-5.947580645161354
2008-10-14,2008,,,33.0,51.0,,,3.0,1.0,1.0,7.0,0.0,2.0,,,,,Labour,33.0,47804.0,0.1,-1.2640449438202195,11209.0,5.073170731707366,9.487666034155628,4.668534080298747,29.260450160771235,47755.0,-1.4,-0.4087505995703955,11216.0,4.019607843137263,6.91642651296831,5.0380228136881255,25.87336244541536,48425.0,-0.5,2.415244379586734,11392.0,3.366336633663347,5.1158301158301,5.10105871029829,20.51886792452833,48416.0,1.0,3.928218778173709,11449.0,1.7874875868918005,3.3333333333333215,5.103042198233543,-5.947580645161354
2008-10-16,2008,,,36.0,50.0,,,2.1,2.1,0.5,5.0,0.5,2.1,,,,,Labour,36.0,47804.0,0.1,-1.2640449438202195,11209.0,5.073170731707366,9.487666034155628,4.668534080298747,29.260450160771235,47755.0,-1.4,-0.4087505995703955,11216.0,4.019607843137263,6.91642651296831,5.0380228136881255,25.87336244541536,48425.0,-0.5,2.415244379586734,11392.0,3.366336633663347,5.1158301158301,5.10105871029829,20.51886792452833,48416.0,1.0,3.928218778173709,11449.0,1.7874875868918005,3.3333333333333215,5.103042198233543,-5.947580645161354
2008-10-19,2008,,,32.0,43.0,,,4.5,3.5,0.5,11.5,0.5,2.5,,,,,Labour,32.0,47804.0,0.1,-1.2640449438202195,11209.0,5.073170731707366,9.487666034155628,4.668534080298747,29.260450160771235,47755.0,-1.4,-0.4087505995703955,11216.0,4.019607843137263,6.91642651296831,5.0380228136881255,25.87336244541536,48425.0,-0.5,2.415244379586734,11392.0,3.366336633663347,5.1158301158301,5.10105871029829,20.51886792452833,48416.0,1.0,3.928218778173709,11449.0,1.7874875868918005,3.3333333333333215,5.103042198233543,-5.947580645161354
2008-10-22,2008,,,37.0,50.4,,,2.1,1.2,0.2,5.4,0.3,2.4,,,,,Labour,37.0,47804.0,0.1,-1.2640449438202195,11209.0,5.073170731707366,9.487666034155628,4.668534080298747,29.260450160771235,47755.0,-1.4,-0.4087505995703955,11216.0,4.019607843137263,6.91642651296831,5.0380228136881255,25.87336244541536,48425.0,-0.5,2.415244379586734,11392.0,3.366336633663347,5.1158301158301,5.10105871029829,20.51886792452833,48416.0,1.0,3.928218778173709,11449.0,1.7874875868918005,3.3333333333333215,5.103042198233543,-5.947580645161354
2008-10-23,2008,,,35.0,47.0,,,3.0,2.0,0.4,8.0,0.0,3.0,,,,,Labour,35.0,47804.0,0.1,-1.2640449438202195,11209.0,5.073170731707366,9.487666034155628,4.668534080298747,29.260450160771235,47755.0,-1.4,-0.4087505995703955,11216.0,4.019607843137263,6.91642651296831,5.0380228136881255,25.87336244541536,48425.0,-0.5,2.415244379586734,11392.0,3.366336633663347,5.1158301158301,5.10105871029829,20.51886792452833,48416.0,1.0,3.928218778173709,11449.0,1.7874875868918005,3.3333333333333215,5.103042198233543,-5.947580645161354
2008-10-23,2008,,,37.4,45.1,,,3.5,1.7,0.2,8.8,0.1,2.3,,,,,Labour,37.4,47804.0,0.1,-1.2640449438202195,11209.0,5.073170731707366,9.487666034155628,4.668534080298747,29.260450160771235,47755.0,-1.4,-0.4087505995703955,11216.0,4.019607843137263,6.91642651296831,5.0380228136881255,25.87336244541536,48425.0,-0.5,2.415244379586734,11392.0,3.366336633663347,5.1158301158301,5.10105871029829,20.51886792452833,48416.0,1.0,3.928218778173709,11449.0,1.7874875868918005,3.3333333333333215,5.103042198233543,-5.947580645161354
2008-11-02,2008,,,34.5,42.0,,,4.5,4.0,1.0,10.0,,2.5,,,,,Labour,34.5,47804.0,0.1,-1.2640449438202195,11209.0,5.073170731707366,9.487666034155628,4.668534080298747,29.260450160771235,47755.0,-1.4,-0.4087505995703955,11216.0,4.019607843137263,6.91642651296831,5.0380228136881255,25.87336244541536,48425.0,-0.5,2.415244379586734,11392.0,3.366336633663347,5.1158301158301,5.10105871029829,20.51886792452833,48416.0,1.0,3.928218778173709,11449.0,1.7874875868918005,3.3333333333333215,5.103042198233543,-5.947580645161354
2008-11-05,2008,,,35.0,47.0,,,2.4,2.5,0.4,9.0,0.4,1.3,,,,,Labour,35.0,47804.0,0.1,-1.2640449438202195,11209.0,5.073170731707366,9.487666034155628,4.668534080298747,29.260450160771235,47755.0,-1.4,-0.4087505995703955,11216.0,4.019607843137263,6.91642651296831,5.0380228136881255,25.87336244541536,48425.0,-0.5,2.415244379586734,11392.0,3.366336633663347,5.1158301158301,5.10105871029829,20.51886792452833,48416.0,1.0,3.928218778173709,11449.0,1.7874875868918005,3.3333333333333215,5.103042198233543,-5.947580645161354
2008-11-05,2008,,,36.4,47.9,,,3.9,1.8,0.7,5.8,0.2,2.3,,,,,Labour,36.4,47804.0,0.1,-1.2640449438202195,11209.0,5.073170731707366,9.487666034155628,4.668534080298747,29.260450160771235,47755.0,-1.4,-0.4087505995703955,11216.0,4.019607843137263,6.91642651296831,5.0380228136881255,25.87336244541536,48425.0,-0.5,2.415244379586734,11392.0,3.366336633663347,5.1158301158301,5.10105871029829,20.51886792452833,48416.0,1.0,3.928218778173709,11449.0,1.7874875868918005,3.3333333333333215,5.103042198233543,-5.947580645161354
2008-11-06,2008,,,33.1,46.0,,,3.4,2.8,0.2,9.0,0.3,2.7,,,,,Labour,33.1,47804.0,0.1,-1.2640449438202195,11209.0,5.073170731707366,9.487666034155628,4.668534080298747,29.260450160771235,47755.0,-1.4,-0.4087505995703955,11216.0,4.019607843137263,6.91642651296831,5.0380228136881255,25.87336244541536,48425.0,-0.5,2.415244379586734,11392.0,3.366336633663347,5.1158301158301,5.10105871029829,20.51886792452833,48416.0,1.0,3.928218778173709,11449.0,1.7874875868918005,3.3333333333333215,5.103042198233543,-5.947580645161354
2008-11-07,2008,,,31.0,49.0,,,3.0,4.0,1.0,8.0,,3.0,,,,,Labour,31.0,47804.0,0.1,-1.2640449438202195,11209.0,5.073170731707366,9.487666034155628,4.668534080298747,29.260450160771235,47755.0,-1.4,-0.4087505995703955,11216.0,4.019607843137263,6.91642651296831,5.0380228136881255,25.87336244541536,48425.0,-0.5,2.415244379586734,11392.0,3.366336633663347,5.1158301158301,5.10105871029829,20.51886792452833,48416.0,1.0,3.928218778173709,11449.0,1.7874875868918005,3.3333333333333215,5.103042198233543,-5.947580645161354
2008-11-08,2008,,,33.99,44.93,,,4.07,3.65,0.87,6.72,0.91,2.39,,,,,Labour,33.99,47804.0,0.1,-1.2640449438202195,11209.0,5.073170731707366,9.487666034155628,4.668534080298747,29.260450160771235,47755.0,-1.4,-0.4087505995703955,11216.0,4.019607843137263,6.91642651296831,5.0380228136881255,25.87336244541536,48425.0,-0.5,2.415244379586734,11392.0,3.366336633663347,5.1158301158301,5.10105871029829,20.51886792452833,48416.0,1.0,3.928218778173709,11449.0,1.7874875868918005,3.3333333333333215,5.103042198233543,-5.947580645161354
2008-11-08,2011,,,33.99,44.93,,,4.07,3.65,0.87,6.72,0.91,2.39,,,,,Labour,33.99,47804.0,0.1,-1.2640449438202195,11209.0,5.073170731707366,9.487666034155628,4.668534080298747,29.260450160771235,47755.0,-1.4,-0.4087505995703955,11216.0,4.019607843137263,6.91642651296831,5.0380228136881255,25.87336244541536,48425.0,-0.5,2.415244379586734,11392.0,3.366336633663347,5.1158301158301,5.10105871029829,20.51886792452833,48416.0,1.0,3.928218778173709,11449.0,1.7874875868918005,3.3333333333333215,5.103042198233543,-5.947580645161354
2008-11-30,2011,,,32.5,44.0,,,3.5,4.0,1.0,9.5,0.5,3.5,,,,,National,44.0,47804.0,0.1,-1.2640449438202195,11209.0,5.073170731707366,9.487666034155628,4.668534080298747,29.260450160771235,47755.0,-1.4,-0.4087505995703955,11216.0,4.019607843137263,6.91642651296831,5.0380228136881255,25.87336244541536,48425.0,-0.5,2.415244379586734,11392.0,3.366336633663347,5.1158301158301,5.10105871029829,20.51886792452833,48416.0,1.0,3.928218778173709,11449.0,1.7874875868918005,3.3333333333333215,5.103042198233543,-5.947580645161354
2008-12-14,2011,,,31.5,47.0,,,3.0,4.0,1.0,9.5,0.5,2.0,,,,,National,47.0,47804.0,0.1,-1.2640449438202195,11209.0,5.073170731707366,9.487666034155628,4.668534080298747,29.260450160771235,47755.0,-1.4,-0.4087505995703955,11216.0,4.019607843137263,6.91642651296831,5.0380228136881255,25.87336244541536,48425.0,-0.5,2.415244379586734,11392.0,3.366336633663347,5.1158301158301,5.10105871029829,20.51886792452833,48416.0,1.0,3.928218778173709,11449.0,1.7874875868918005,3.3333333333333215,5.103042198233543,-5.947580645161354
2009-01-18,2011,,,33.0,48.0,,,2.5,3.0,1.0,8.0,0.5,3.5,,,,,National,48.0,47799.0,0.0,-1.7815312538527972,11181.0,3.375120540019272,9.439252336448511,4.347826086956541,-4.781281790437353,47804.0,0.1,-1.2640449438202195,11209.0,5.073170731707366,9.487666034155628,4.668534080298747,29.260450160771235,47755.0,-1.4,-0.4087505995703955,11216.0,4.019607843137263,6.91642651296831,5.0380228136881255,25.87336244541536,48666.0,0.5,3.6924978160356225,11478.0,3.184079601990164,4.390243902439028,5.155642023346219,16.88466111771696
2009-02-01,2011,,,31.0,48.0,,,3.0,3.5,1.0,9.0,0.5,3.5,,,,,National,48.0,47799.0,0.0,-1.7815312538527972,11181.0,3.375120540019272,9.439252336448511,4.347826086956541,-4.781281790437353,47804.0,0.1,-1.2640449438202195,11209.0,5.073170731707366,9.487666034155628,4.668534080298747,29.260450160771235,47755.0,-1.4,-0.4087505995703955,11216.0,4.019607843137263,6.91642651296831,5.0380228136881255,25.87336244541536,48666.0,0.5,3.6924978160356225,11478.0,3.184079601990164,4.390243902439028,5.155642023346219,16.88466111771696
2009-02-15,2011,,,32.0,48.5,,,1.5,2.5,1.0,8.5,0.5,3.5,,,,,National,48.5,47799.0,0.0,-1.7815312538527972,11181.0,3.375120540019272,9.439252336448511,4.347826086956541,-4.781281790437353,47804.0,0.1,-1.2640449438202195,11209.0,5.073170731707366,9.487666034155628,4.668534080298747,29.260450160771235,47755.0,-1.4,-0.4087505995703955,11216.0,4.019607843137263,6.91642651296831,5.0380228136881255,25.87336244541536,48666.0,0.5,3.6924978160356225,11478.0,3.184079601990164,4.390243902439028,5.155642023346219,16.88466111771696
2009-02-18,2011,,,27.0,60.0,,,1.6,1.2,0.2,7.0,,2.1,,,,,National,60.0,47799.0,0.0,-1.7815312538527972,11181.0,3.375120540019272,9.439252336448511,4.347826086956541,-4.781281790437353,47804.0,0.1,-1.2640449438202195,11209.0,5.073170731707366,9.487666034155628,4.668534080298747,29.260450160771235,47755.0,-1.4,-0.4087505995703955,11216.0,4.019607843137263,6.91642651296831,5.0380228136881255,25.87336244541536,48666.0,0.5,3.6924978160356225,11478.0,3.184079601990164,4.390243902439028,5.155642023346219,16.88466111771696
2009-02-19,2011,,,31.0,57.0,,,1.0,2.0,,7.0,,2.0,,,,,National,57.0,47799.0,0.0,-1.7815312538527972,11181.0,3.375120540019272,9.439252336448511,4.347826086956541,-4.781281790437353,47804.0,0.1,-1.2640449438202195,11209.0,5.073170731707366,9.487666034155628,4.668534080298747,29.260450160771235,47755.0,-1.4,-0.4087505995703955,11216.0,4.019607843137263,6.91642651296831,5.0380228136881255,25.87336244541536,48666.0,0.5,3.6924978160356225,11478.0,3.184079601990164,4.390243902439028,5.155642023346219,16.88466111771696
2009-03-01,2011,,,26.0,56.0,,,2.5,1.5,0.5,8.5,0.5,3.5,,,,,National,56.0,47799.0,0.0,-1.7815312538527972,11181.0,3.375120540019272,9.439252336448511,4.347826086956541,-4.781281790437353,47804.0,0.1,-1.2640449438202195,11209.0,5.073170731707366,9.487666034155628,4.668534080298747,29.260450160771235,47755.0,-1.4,-0.4087505995703955,11216.0,4.019607843137263,6.91642651296831,5.0380228136881255,25.87336244541536,48666.0,0.5,3.6924978160356225,11478.0,3.184079601990164,4.390243902439028,5.155642023346219,16.88466111771696
2009-03-15,2011,,,29.0,54.5,,,2.0,2.5,0.5,8.0,0.5,2.0,,,,,National,54.5,47799.0,0.0,-1.7815312538527972,11181.0,3.375120540019272,9.439252336448511,4.347826086956541,-4.781281790437353,47804.0,0.1,-1.2640449438202195,11209.0,5.073170731707366,9.487666034155628,4.668534080298747,29.260450160771235,47755.0,-1.4,-0.4087505995703955,11216.0,4.019607843137263,6.91642651296831,5.0380228136881255,25.87336244541536,48666.0,0.5,3.6924978160356225,11478.0,3.184079601990164,4.390243902439028,5.155642023346219,16.88466111771696
2009-04-01,2011,,,28.0,56.0,,,1.0,3.0,,6.0,,3.0,,,,,National,56.0,47446.0,-0.7,-2.021683014971609,11068.0,2.969348659003912,8.815426997245158,3.5714285714286476,-9.295499021526465,47799.0,0.0,-1.7815312538527972,11181.0,3.375120540019272,9.439252336448511,4.347826086956541,-4.781281790437353,47804.0,0.1,-1.2640449438202195,11209.0,5.073170731707366,9.487666034155628,4.668534080298747,29.260450160771235,48425.0,-0.5,2.415244379586734,11392.0,3.366336633663347,5.1158301158301,5.10105871029829,20.51886792452833
2009-04-05,2011,,,28.0,50.5,,,2.5,4.0,0.5,9.5,1.0,3.5,,,,,National,50.5,47446.0,-0.7,-2.021683014971609,11068.0,2.969348659003912,8.815426997245158,3.5714285714286476,-9.295499021526465,47799.0,0.0,-1.7815312538527972,11181.0,3.375120540019272,9.439252336448511,4.347826086956541,-4.781281790437353,47804.0,0.1,-1.2640449438202195,11209.0,5.073170731707366,9.487666034155628,4.668534080298747,29.260450160771235,48425.0,-0.5,2.415244379586734,11392.0,3.366336633663347,5.1158301158301,5.10105871029829,20.51886792452833
2009-04-05,2011,,,31.0,57.0,,,,2.0,,7.0,,2.0,,,,,National,57.0,47446.0,-0.7,-2.021683014971609,11068.0,2.969348659003912,8.815426997245158,3.5714285714286476,-9.295499021526465,47799.0,0.0,-1.7815312538527972,11181.0,3.375120540019272,9.439252336448511,4.347826086956541,-4.781281790437353,47804.0,0.1,-1.2640449438202195,11209.0,5.073170731707366,9.487666034155628,4.668534080298747,29.260450160771235,48425.0,-0.5,2.415244379586734,11392.0,3.366336633663347,5.1158301158301,5.10105871029829,20.51886792452833
2009-04-19,2011,,,32.5,50.0,,,2.0,2.5,0.5,8.5,0.5,3.5,,,,,National,50.0,47446.0,-0.7,-2.021683014971609,11068.0,2.969348659003912,8.815426997245158,3.5714285714286476,-9.295499021526465,47799.0,0.0,-1.7815312538527972,11181.0,3.375120540019272,9.439252336448511,4.347826086956541,-4.781281790437353,47804.0,0.1,-1.2640449438202195,11209.0,5.073170731707366,9.487666034155628,4.668534080298747,29.260450160771235,48425.0,-0.5,2.415244379586734,11392.0,3.366336633663347,5.1158301158301,5.10105871029829,20.51886792452833
2009-05-03,2011,,,30.5,55.0,,,2.0,2.0,0.5,7.0,0.5,2.0,,,,,National,55.0,47446.0,-0.7,-2.021683014971609,11068.0,2.969348659003912,8.815426997245158,3.5714285714286476,-9.295499021526465,47799.0,0.0,-1.7815312538527972,11181.0,3.375120540019272,9.439252336448511,4.347826086956541,-4.781281790437353,47804.0,0.1,-1.2640449438202195,11209.0,5.073170731707366,9.487666034155628,4.668534080298747,29.260450160771235,48425.0,-0.5,2.415244379586734,11392.0,3.366336633663347,5.1158301158301,5.10105871029829,20.51886792452833
2009-05-17,2011,,,31.5,52.0,,,1.0,2.0,0.5,9.5,0.5,2.5,,,,,National,52.0,47446.0,-0.7,-2.021683014971609,11068.0,2.969348659003912,8.815426997245158,3.5714285714286476,-9.295499021526465,47799.0,0.0,-1.7815312538527972,11181.0,3.375120540019272,9.439252336448511,4.347826086956541,-4.781281790437353,47804.0,0.1,-1.2640449438202195,11209.0,5.073170731707366,9.487666034155628,4.668534080298747,29.260450160771235,48425.0,-0.5,2.415244379586734,11392.0,3.366336633663347,5.1158301158301,5.10105871029829,20.51886792452833
2009-05-31,2011,,,31.0,52.0,,,1.0,2.0,0.5,8.5,0.5,2.0,,,,,National,52.0,47446.0,-0.7,-2.021683014971609,11068.0,2.969348659003912,8.815426997245158,3.5714285714286476,-9.295499021526465,47799.0,0.0,-1.7815312538527972,11181.0,3.375120540019272,9.439252336448511,4.347826086956541,-4.781281790437353,47804.0,0.1,-1.2640449438202195,11209.0,5.073170731707366,9.487666034155628,4.668534080298747,29.260450160771235,48425.0,-0.5,2.415244379586734,11392.0,3.366336633663347,5.1158301158301,5.10105871029829,20.51886792452833
2009-06-14,2011,,,33.0,52.0,,,1.0,2.5,0.5,7.5,0.5,2.5,,,,,National,52.0,47446.0,-0.7,-2.021683014971609,11068.0,2.969348659003912,8.815426997245158,3.5714285714286476,-9.295499021526465,47799.0,0.0,-1.7815312538527972,11181.0,3.375120540019272,9.439252336448511,4.347826086956541,-4.781281790437353,47804.0,0.1,-1.2640449438202195,11209.0,5.073170731707366,9.487666034155628,4.668534080298747,29.260450160771235,48425.0,-0.5,2.415244379586734,11392.0,3.366336633663347,5.1158301158301,5.10105871029829,20.51886792452833
2009-07-05,2011,,,31.5,54.0,,,1.0,1.0,0.5,8.0,0.5,3.0,,,,,National,54.0,48035.0,1.2,0.5863260391582026,11176.0,1.8850141376060892,7.457322551662204,2.805429864253428,-16.99913269731169,47446.0,-0.7,-2.021683014971609,11068.0,2.969348659003912,8.815426997245158,3.5714285714286476,-9.295499021526465,47799.0,0.0,-1.7815312538527972,11181.0,3.375120540019272,9.439252336448511,4.347826086956541,-4.781281790437353,47755.0,-1.4,-0.4087505995703955,11216.0,4.019607843137263,6.91642651296831,5.0380228136881255,25.87336244541536
2009-07-19,2011,,,30.0,52.0,,,2.0,1.0,0.5,10.0,0.5,3.5,,,,,National,52.0,48035.0,1.2,0.5863260391582026,11176.0,1.8850141376060892,7.457322551662204,2.805429864253428,-16.99913269731169,47446.0,-0.7,-2.021683014971609,11068.0,2.969348659003912,8.815426997245158,3.5714285714286476,-9.295499021526465,47799.0,0.0,-1.7815312538527972,11181.0,3.375120540019272,9.439252336448511,4.347826086956541,-4.781281790437353,47755.0,-1.4,-0.4087505995703955,11216.0,4.019607843137263,6.91642651296831,5.0380228136881255,25.87336244541536
2009-07-29,2011,,,31.0,56.0,,,,1.0,,7.0,,3.1,,,,,National,56.0,48035.0,1.2,0.5863260391582026,11176.0,1.8850141376060892,7.457322551662204,2.805429864253428,-16.99913269731169,47446.0,-0.7,-2.021683014971609,11068.0,2.969348659003912,8.815426997245158,3.5714285714286476,-9.295499021526465,47799.0,0.0,-1.7815312538527972,11181.0,3.375120540019272,9.439252336448511,4.347826086956541,-4.781281790437353,47755.0,-1.4,-0.4087505995703955,11216.0,4.019607843137263,6.91642651296831,5.0380228136881255,25.87336244541536
2009-08-02,2011,,,34.0,53.5,,,1.0,2.5,0.5,7.0,0.5,1.5,,,,,National,53.5,48035.0,1.2,0.5863260391582026,11176.0,1.8850141376060892,7.457322551662204,2.805429864253428,-16.99913269731169,47446.0,-0.7,-2.021683014971609,11068.0,2.969348659003912,8.815426997245158,3.5714285714286476,-9.295499021526465,47799.0,0.0,-1.7815312538527972,11181.0,3.375120540019272,9.439252336448511,4.347826086956541,-4.781281790437353,47755.0,-1.4,-0.4087505995703955,11216.0,4.019607843137263,6.91642651296831,5.0380228136881255,25.87336244541536
2009-08-16,2011,,,32.5,53.5,,,2.0,1.0,0.5,8.5,0.5,2.0,,,,,National,53.5,48035.0,1.2,0.5863260391582026,11176.0,1.8850141376060892,7.457322551662204,2.805429864253428,-16.99913269731169,47446.0,-0.7,-2.021683014971609,11068.0,2.969348659003912,8.815426997245158,3.5714285714286476,-9.295499021526465,47799.0,0.0,-1.7815312538527972,11181.0,3.375120540019272,9.439252336448511,4.347826086956541,-4.781281790437353,47755.0,-1.4,-0.4087505995703955,11216.0,4.019607843137263,6.91642651296831,5.0380228136881255,25.87336244541536
2009-08-30,2011,,,29.5,56.5,,,1.5,1.5,0.5,8.0,0.5,1.5,,,,,National,56.5,48035.0,1.2,0.5863260391582026,11176.0,1.8850141376060892,7.457322551662204,2.805429864253428,-16.99913269731169,47446.0,-0.7,-2.021683014971609,11068.0,2.969348659003912,8.815426997245158,3.5714285714286476,-9.295499021526465,47799.0,0.0,-1.7815312538527972,11181.0,3.375120540019272,9.439252336448511,4.347826086956541,-4.781281790437353,47755.0,-1.4,-0.4087505995703955,11216.0,4.019607843137263,6.91642651296831,5.0380228136881255,25.87336244541536
2009-09-13,2011,,,33.0,51.5,,,2.5,2.0,0.5,7.5,0.5,2.5,,,,,National,51.5,48035.0,1.2,0.5863260391582026,11176.0,1.8850141376060892,7.457322551662204,2.805429864253428,-16.99913269731169,47446.0,-0.7,-2.021683014971609,11068.0,2.969348659003912,8.815426997245158,3.5714285714286476,-9.295499021526465,47799.0,0.0,-1.7815312538527972,11181.0,3.375120540019272,9.439252336448511,4.347826086956541,-4.781281790437353,47755.0,-1.4,-0.4087505995703955,11216.0,4.019607843137263,6.91642651296831,5.0380228136881255,25.87336244541536
2009-09-24,2011,,,33.0,54.0,,,2.0,3.0,,4.0,,3.0,,,,,National,54.0,48035.0,1.2,0.5863260391582026,11176.0,1.8850141376060892,7.457322551662204,2.805429864253428,-16.99913269731169,47446.0,-0.7,-2.021683014971609,11068.0,2.969348659003912,8.815426997245158,3.5714285714286476,-9.295499021526465,47799.0,0.0,-1.7815312538527972,11181.0,3.375120540019272,9.439252336448511,4.347826086956541,-4.781281790437353,47755.0,-1.4,-0.4087505995703955,11216.0,4.019607843137263,6.91642651296831,5.0380228136881255,25.87336244541536
2009-10-04,2011,,,28.0,57.5,,,2.0,1.5,0.5,6.5,1.0,2.5,,,,,National,57.5,48321.0,0.6,1.081499456112467,11212.0,1.6713091922004875,5.372616984402079,2.0517395182872322,-18.988391376450707,48035.0,1.2,0.5863260391582026,11176.0,1.8850141376060892,7.457322551662204,2.805429864253428,-16.99913269731169,47446.0,-0.7,-2.021683014971609,11068.0,2.969348659003912,8.815426997245158,3.5714285714286476,-9.295499021526465,47804.0,0.1,-1.2640449438202195,11209.0,5.073170731707366,9.487666034155628,4.668534080298747,29.260450160771235
2009-10-18,2011,,,27.2,59.9,,,1.0,1.7,,6.9,,2.4,,,,,National,59.9,48321.0,0.6,1.081499456112467,11212.0,1.6713091922004875,5.372616984402079,2.0517395182872322,-18.988391376450707,48035.0,1.2,0.5863260391582026,11176.0,1.8850141376060892,7.457322551662204,2.805429864253428,-16.99913269731169,47446.0,-0.7,-2.021683014971609,11068.0,2.969348659003912,8.815426997245158,3.5714285714286476,-9.295499021526465,47804.0,0.1,-1.2640449438202195,11209.0,5.073170731707366,9.487666034155628,4.668534080298747,29.260450160771235
2009-10-18,2011,,,30.0,53.0,,,2.5,2.5,0.5,7.5,0.5,3.0,,,,,National,53.0,48321.0,0.6,1.081499456112467,11212.0,1.6713091922004875,5.372616984402079,2.0517395182872322,-18.988391376450707,48035.0,1.2,0.5863260391582026,11176.0,1.8850141376060892,7.457322551662204,2.805429864253428,-16.99913269731169,47446.0,-0.7,-2.021683014971609,11068.0,2.969348659003912,8.815426997245158,3.5714285714286476,-9.295499021526465,47804.0,0.1,-1.2640449438202195,11209.0,5.073170731707366,9.487666034155628,4.668534080298747,29.260450160771235
2009-11-01,2011,,,29.0,55.5,,,1.5,1.0,0.5,7.5,0.5,3.5,,,,,National,55.5,48321.0,0.6,1.081499456112467,11212.0,1.6713091922004875,5.372616984402079,2.0517395182872322,-18.988391376450707,48035.0,1.2,0.5863260391582026,11176.0,1.8850141376060892,7.457322551662204,2.805429864253428,-16.99913269731169,47446.0,-0.7,-2.021683014971609,11068.0,2.969348659003912,8.815426997245158,3.5714285714286476,-9.295499021526465,47804.0,0.1,-1.2640449438202195,11209.0,5.073170731707366,9.487666034155628,4.668534080298747,29.260450160771235
2009-11-15,2011,,,33.0,51.5,,,2.5,2.5,0.5,6.5,1.0,2.0,,,,,National,51.5,48321.0,0.6,1.081499456112467,11212.0,1.6713091922004875,5.372616984402079,2.0517395182872322,-18.988391376450707,48035.0,1.2,0.5863260391582026,11176.0,1.8850141376060892,7.457322551662204,2.805429864253428,-16.99913269731169,47446.0,-0.7,-2.021683014971609,11068.0,2.969348659003912,8.815426997245158,3.5714285714286476,-9.295499021526465,47804.0,0.1,-1.2640449438202195,11209.0,5.073170731707366,9.487666034155628,4.668534080298747,29.260450160771235
2009-11-25,2011,,,31.0,53.0,,,1.0,2.0,,7.0,,3.0,,,,,National,53.0,48321.0,0.6,1.081499456112467,11212.0,1.6713091922004875,5.372616984402079,2.0517395182872322,-18.988391376450707,48035.0,1.2,0.5863260391582026,11176.0,1.8850141376060892,7.457322551662204,2.805429864253428,-16.99913269731169,47446.0,-0.7,-2.021683014971609,11068.0,2.969348659003912,8.815426997245158,3.5714285714286476,-9.295499021526465,47804.0,0.1,-1.2640449438202195,11209.0,5.073170731707366,9.487666034155628,4.668534080298747,29.260450160771235
2009-11-29,2011,,,30.5,53.5,,,2.5,1.5,0.5,7.0,0.5,3.5,,,,,National,53.5,48321.0,0.6,1.081499456112467,11212.0,1.6713091922004875,5.372616984402079,2.0517395182872322,-18.988391376450707,48035.0,1.2,0.5863260391582026,11176.0,1.8850141376060892,7.457322551662204,2.805429864253428,-16.99913269731169,47446.0,-0.7,-2.021683014971609,11068.0,2.969348659003912,8.815426997245158,3.5714285714286476,-9.295499021526465,47804.0,0.1,-1.2640449438202195,11209.0,5.073170731707366,9.487666034155628,4.668534080298747,29.260450160771235
2009-12-13,2011,,,30.8,55.2,,,1.5,1.8,0.1,7.8,,1.7,,,,,National,55.2,48321.0,0.6,1.081499456112467,11212.0,1.6713091922004875,5.372616984402079,2.0517395182872322,-18.988391376450707,48035.0,1.2,0.5863260391582026,11176.0,1.8850141376060892,7.457322551662204,2.805429864253428,-16.99913269731169,47446.0,-0.7,-2.021683014971609,11068.0,2.969348659003912,8.815426997245158,3.5714285714286476,-9.295499021526465,47804.0,0.1,-1.2640449438202195,11209.0,5.073170731707366,9.487666034155628,4.668534080298747,29.260450160771235
2009-12-13,2011,,,27.5,54.0,,,4.0,1.5,0.5,9.5,0.5,1.5,,,,,National,54.0,48321.0,0.6,1.081499456112467,11212.0,1.6713091922004875,5.372616984402079,2.0517395182872322,-18.988391376450707,48035.0,1.2,0.5863260391582026,11176.0,1.8850141376060892,7.457322551662204,2.805429864253428,-16.99913269731169,47446.0,-0.7,-2.021683014971609,11068.0,2.969348659003912,8.815426997245158,3.5714285714286476,-9.295499021526465,47804.0,0.1,-1.2640449438202195,11209.0,5.073170731707366,9.487666034155628,4.668534080298747,29.260450160771235
2010-01-17,2011,,,30.0,53.0,,,2.5,2.0,0.5,8.0,0.5,2.5,,,,,National,53.0,48900.0,1.2,2.3033954685244495,11307.0,1.958955223880543,1.3663535439794927,1.5957446808510634,3.311965811965756,48321.0,0.6,1.081499456112467,11212.0,1.6713091922004875,5.372616984402079,2.0517395182872322,-18.988391376450707,48035.0,1.2,0.5863260391582026,11176.0,1.8850141376060892,7.457322551662204,2.805429864253428,-16.99913269731169,47799.0,0.0,-1.7815312538527972,11181.0,3.375120540019272,9.439252336448511,4.347826086956541,-4.781281790437353
2010-01-31,2011,,,32.0,52.0,,,3.5,2.0,0.5,6.0,0.5,3.0,,,,,National,52.0,48900.0,1.2,2.3033954685244495,11307.0,1.958955223880543,1.3663535439794927,1.5957446808510634,3.311965811965756,48321.0,0.6,1.081499456112467,11212.0,1.6713091922004875,5.372616984402079,2.0517395182872322,-18.988391376450707,48035.0,1.2,0.5863260391582026,11176.0,1.8850141376060892,7.457322551662204,2.805429864253428,-16.99913269731169,47799.0,0.0,-1.7815312538527972,11181.0,3.375120540019272,9.439252336448511,4.347826086956541,-4.781281790437353
2010-02-10,2011,,,34.0,56.0,,,1.7,1.0,1.0,4.6,1.0,2.8,,,,,National,56.0,48900.0,1.2,2.3033954685244495,11307.0,1.958955223880543,1.3663535439794927,1.5957446808510634,3.311965811965756,48321.0,0.6,1.081499456112467,11212.0,1.6713091922004875,5.372616984402079,2.0517395182872322,-18.988391376450707,48035.0,1.2,0.5863260391582026,11176.0,1.8850141376060892,7.457322551662204,2.805429864253428,-16.99913269731169,47799.0,0.0,-1.7815312538527972,11181.0,3.375120540019272,9.439252336448511,4.347826086956541,-4.781281790437353
2010-02-14,2011,,,33.0,52.0,,,2.0,1.5,0.5,8.0,0.5,2.5,,,,,National,52.0,48900.0,1.2,2.3033954685244495,11307.0,1.958955223880543,1.3663535439794927,1.5957446808510634,3.311965811965756,48321.0,0.6,1.081499456112467,11212.0,1.6713091922004875,5.372616984402079,2.0517395182872322,-18.988391376450707,48035.0,1.2,0.5863260391582026,11176.0,1.8850141376060892,7.457322551662204,2.805429864253428,-16.99913269731169,47799.0,0.0,-1.7815312538527972,11181.0,3.375120540019272,9.439252336448511,4.347826086956541,-4.781281790437353
2010-02-16,2011,,,29.6,56.3,,,1.5,1.6,0.2,7.3,0.2,2.4,,,,,National,56.3,48900.0,1.2,2.3033954685244495,11307.0,1.958955223880543,1.3663535439794927,1.5957446808510634,3.311965811965756,48321.0,0.6,1.081499456112467,11212.0,1.6713091922004875,5.372616984402079,2.0517395182872322,-18.988391376450707,48035.0,1.2,0.5863260391582026,11176.0,1.8850141376060892,7.457322551662204,2.805429864253428,-16.99913269731169,47799.0,0.0,-1.7815312538527972,11181.0,3.375120540019272,9.439252336448511,4.347826086956541,-4.781281790437353
2010-02-17,2011,,,34.0,54.0,,,2.0,2.0,,5.0,,2.0,,,,,National,54.0,48900.0,1.2,2.3033954685244495,11307.0,1.958955223880543,1.3663535439794927,1.5957446808510634,3.311965811965756,48321.0,0.6,1.081499456112467,11212.0,1.6713091922004875,5.372616984402079,2.0517395182872322,-18.988391376450707,48035.0,1.2,0.5863260391582026,11176.0,1.8850141376060892,7.457322551662204,2.805429864253428,-16.99913269731169,47799.0,0.0,-1.7815312538527972,11181.0,3.375120540019272,9.439252336448511,4.347826086956541,-4.781281790437353
2010-02-28,2011,,,31.5,53.5,,,2.0,1.5,0.5,8.0,0.5,2.5,,,,,National,53.5,48900.0,1.2,2.3033954685244495,11307.0,1.958955223880543,1.3663535439794927,1.5957446808510634,3.311965811965756,48321.0,0.6,1.081499456112467,11212.0,1.6713091922004875,5.372616984402079,2.0517395182872322,-18.988391376450707,48035.0,1.2,0.5863260391582026,11176.0,1.8850141376060892,7.457322551662204,2.805429864253428,-16.99913269731169,47799.0,0.0,-1.7815312538527972,11181.0,3.375120540019272,9.439252336448511,4.347826086956541,-4.781281790437353
2010-03-14,2011,,,33.5,51.5,,,2.0,2.5,0.5,6.5,1.0,2.0,,,,,National,51.5,48900.0,1.2,2.3033954685244495,11307.0,1.958955223880543,1.3663535439794927,1.5957446808510634,3.311965811965756,48321.0,0.6,1.081499456112467,11212.0,1.6713091922004875,5.372616984402079,2.0517395182872322,-18.988391376450707,48035.0,1.2,0.5863260391582026,11176.0,1.8850141376060892,7.457322551662204,2.805429864253428,-16.99913269731169,47799.0,0.0,-1.7815312538527972,11181.0,3.375120540019272,9.439252336448511,4.347826086956541,-4.781281790437353
2010-04-04,2011,,,33.0,49.0,,,3.0,2.0,1.0,7.5,0.5,3.0,,,,,National,49.0,49469.0,1.2,4.26379462968427,11401.0,2.0465116279069218,1.1814345991560726,1.5915119363395291,11.542610571736889,48900.0,1.2,2.3033954685244495,11307.0,1.958955223880543,1.3663535439794927,1.5957446808510634,3.311965811965756,48321.0,0.6,1.081499456112467,11212.0,1.6713091922004875,5.372616984402079,2.0517395182872322,-18.988391376450707,47446.0,-0.7,-2.021683014971609,11068.0,2.969348659003912,8.815426997245158,3.5714285714286476,-9.295499021526465
2010-04-14,2011,,,33.0,54.0,,,,2.0,,5.0,,2.0,,,,,National,54.0,49469.0,1.2,4.26379462968427,11401.0,2.0465116279069218,1.1814345991560726,1.5915119363395291,11.542610571736889,48900.0,1.2,2.3033954685244495,11307.0,1.958955223880543,1.3663535439794927,1.5957446808510634,3.311965811965756,48321.0,0.6,1.081499456112467,11212.0,1.6713091922004875,5.372616984402079,2.0517395182872322,-18.988391376450707,47446.0,-0.7,-2.021683014971609,11068.0,2.969348659003912,8.815426997245158,3.5714285714286476,-9.295499021526465
2010-04-18,2011,,,34.0,49.5,,,2.5,1.0,0.5,7.5,0.5,4.0,,,,,National,49.5,49469.0,1.2,4.26379462968427,11401.0,2.0465116279069218,1.1814345991560726,1.5915119363395291,11.542610571736889,48900.0,1.2,2.3033954685244495,11307.0,1.958955223880543,1.3663535439794927,1.5957446808510634,3.311965811965756,48321.0,0.6,1.081499456112467,11212.0,1.6713091922004875,5.372616984402079,2.0517395182872322,-18.988391376450707,47446.0,-0.7,-2.021683014971609,11068.0,2.969348659003912,8.815426997245158,3.5714285714286476,-9.295499021526465
2010-04-25,2011,,,33.8,52.1,,,1.5,1.6,0.5,8.2,,1.9,,,,,National,52.1,49469.0,1.2,4.26379462968427,11401.0,2.0465116279069218,1.1814345991560726,1.5915119363395291,11.542610571736889,48900.0,1.2,2.3033954685244495,11307.0,1.958955223880543,1.3663535439794927,1.5957446808510634,3.311965811965756,48321.0,0.6,1.081499456112467,11212.0,1.6713091922004875,5.372616984402079,2.0517395182872322,-18.988391376450707,47446.0,-0.7,-2.021683014971609,11068.0,2.969348659003912,8.815426997245158,3.5714285714286476,-9.295499021526465
2010-05-16,2011,,,33.5,48.5,,,3.0,2.5,0.5,9.0,0.5,2.5,,,,,National,48.5,49469.0,1.2,4.26379462968427,11401.0,2.0465116279069218,1.1814345991560726,1.5915119363395291,11.542610571736889,48900.0,1.2,2.3033954685244495,11307.0,1.958955223880543,1.3663535439794927,1.5957446808510634,3.311965811965756,48321.0,0.6,1.081499456112467,11212.0,1.6713091922004875,5.372616984402079,2.0517395182872322,-18.988391376450707,47446.0,-0.7,-2.021683014971609,11068.0,2.969348659003912,8.815426997245158,3.5714285714286476,-9.295499021526465
2010-05-30,2011,,,30.0,52.5,,,2.5,1.0,0.5,9.5,0.5,3.5,,,,,National,52.5,49469.0,1.2,4.26379462968427,11401.0,2.0465116279069218,1.1814345991560726,1.5915119363395291,11.542610571736889,48900.0,1.2,2.3033954685244495,11307.0,1.958955223880543,1.3663535439794927,1.5957446808510634,3.311965811965756,48321.0,0.6,1.081499456112467,11212.0,1.6713091922004875,5.372616984402079,2.0517395182872322,-18.988391376450707,47446.0,-0.7,-2.021683014971609,11068.0,2.969348659003912,8.815426997245158,3.5714285714286476,-9.295499021526465
2010-05-30,2011,,,33.0,49.0,,,,1.6,,7.0,,3.6,,,,,National,49.0,49469.0,1.2,4.26379462968427,11401.0,2.0465116279069218,1.1814345991560726,1.5915119363395291,11.542610571736889,48900.0,1.2,2.3033954685244495,11307.0,1.958955223880543,1.3663535439794927,1.5957446808510634,3.311965811965756,48321.0,0.6,1.081499456112467,11212.0,1.6713091922004875,5.372616984402079,2.0517395182872322,-18.988391376450707,47446.0,-0.7,-2.021683014971609,11068.0,2.969348659003912,8.815426997245158,3.5714285714286476,-9.295499021526465
2010-06-13,2011,,,33.0,50.5,,,1.5,1.0,1.0,9.5,0.5,3.0,,,,,National,50.5,49469.0,1.2,4.26379462968427,11401.0,2.0465116279069218,1.1814345991560726,1.5915119363395291,11.542610571736889,48900.0,1.2,2.3033954685244495,11307.0,1.958955223880543,1.3663535439794927,1.5957446808510634,3.311965811965756,48321.0,0.6,1.081499456112467,11212.0,1.6713091922004875,5.372616984402079,2.0517395182872322,-18.988391376450707,47446.0,-0.7,-2.021683014971609,11068.0,2.969348659003912,8.815426997245158,3.5714285714286476,-9.295499021526465
2010-07-04,2011,,,29.0,53.0,,,3.0,2.0,0.5,8.5,0.5,3.0,,,,,National,53.0,49743.0,0.6,3.5557406058082552,11440.0,1.6651248843662536,-0.6688963210703336,1.6725352112675562,9.508881922675027,49469.0,1.2,4.26379462968427,11401.0,2.0465116279069218,1.1814345991560726,1.5915119363395291,11.542610571736889,48900.0,1.2,2.3033954685244495,11307.0,1.958955223880543,1.3663535439794927,1.5957446808510634,3.311965811965756,48035.0,1.2,0.5863260391582026,11176.0,1.8850141376060892,7.457322551662204,2.805429864253428,-16.99913269731169
2010-07-18,2011,,,31.5,49.0,,,4.5,2.0,0.5,9.0,0.5,3.0,,,,,National,49.0,49743.0,0.6,3.5557406058082552,11440.0,1.6651248843662536,-0.6688963210703336,1.6725352112675562,9.508881922675027,49469.0,1.2,4.26379462968427,11401.0,2.0465116279069218,1.1814345991560726,1.5915119363395291,11.542610571736889,48900.0,1.2,2.3033954685244495,11307.0,1.958955223880543,1.3663535439794927,1.5957446808510634,3.311965811965756,48035.0,1.2,0.5863260391582026,11176.0,1.8850141376060892,7.457322551662204,2.805429864253428,-16.99913269731169
2010-08-01,2011,,,33.5,51.0,,,2.0,2.0,0.5,6.5,0.5,3.5,,,,,National,51.0,49743.0,0.6,3.5557406058082552,11440.0,1.6651248843662536,-0.6688963210703336,1.6725352112675562,9.508881922675027,49469.0,1.2,4.26379462968427,11401.0,2.0465116279069218,1.1814345991560726,1.5915119363395291,11.542610571736889,48900.0,1.2,2.3033954685244495,11307.0,1.958955223880543,1.3663535439794927,1.5957446808510634,3.311965811965756,48035.0,1.2,0.5863260391582026,11176.0,1.8850141376060892,7.457322551662204,2.805429864253428,-16.99913269731169
2010-08-08,2011,,,35.0,49.0,,,2.3,2.7,,7.0,,2.3,,,,,National,49.0,49743.0,0.6,3.5557406058082552,11440.0,1.6651248843662536,-0.6688963210703336,1.6725352112675562,9.508881922675027,49469.0,1.2,4.26379462968427,11401.0,2.0465116279069218,1.1814345991560726,1.5915119363395291,11.542610571736889,48900.0,1.2,2.3033954685244495,11307.0,1.958955223880543,1.3663535439794927,1.5957446808510634,3.311965811965756,48035.0,1.2,0.5863260391582026,11176.0,1.8850141376060892,7.457322551662204,2.805429864253428,-16.99913269731169
2010-08-08,2011,,,30.6,54.5,,,1.5,2.2,0.2,8.5,,1.5,,,,,National,54.5,49743.0,0.6,3.5557406058082552,11440.0,1.6651248843662536,-0.6688963210703336,1.6725352112675562,9.508881922675027,49469.0,1.2,4.26379462968427,11401.0,2.0465116279069218,1.1814345991560726,1.5915119363395291,11.542610571736889,48900.0,1.2,2.3033954685244495,11307.0,1.958955223880543,1.3663535439794927,1.5957446808510634,3.311965811965756,48035.0,1.2,0.5863260391582026,11176.0,1.8850141376060892,7.457322551662204,2.805429864253428,-16.99913269731169
2010-08-15,2011,,,33.5,50.0,,,3.5,1.5,0.5,7.5,,3.0,,,,,National,50.0,49743.0,0.6,3.5557406058082552,11440.0,1.6651248843662536,-0.6688963210703336,1.6725352112675562,9.508881922675027,49469.0,1.2,4.26379462968427,11401.0,2.0465116279069218,1.1814345991560726,1.5915119363395291,11.542610571736889,48900.0,1.2,2.3033954685244495,11307.0,1.958955223880543,1.3663535439794927,1.5957446808510634,3.311965811965756,48035.0,1.2,0.5863260391582026,11176.0,1.8850141376060892,7.457322551662204,2.805429864253428,-16.99913269731169
2010-08-29,2011,,,32.5,49.5,,,3.5,1.0,1.0,8.5,,3.0,,,,,National,49.5,49743.0,0.6,3.5557406058082552,11440.0,1.6651248843662536,-0.6688963210703336,1.6725352112675562,9.508881922675027,49469.0,1.2,4.26379462968427,11401.0,2.0465116279069218,1.1814345991560726,1.5915119363395291,11.542610571736889,48900.0,1.2,2.3033954685244495,11307.0,1.958955223880543,1.3663535439794927,1.5957446808510634,3.311965811965756,48035.0,1.2,0.5863260391582026,11176.0,1.8850141376060892,7.457322551662204,2.805429864253428,-16.99913269731169
2010-09-12,2011,,,34.0,48.5,,,4.5,2.0,1.0,8.0,0.5,1.5,,,,,National,48.5,49743.0,0.6,3.5557406058082552,11440.0,1.6651248843662536,-0.6688963210703336,1.6725352112675562,9.508881922675027,49469.0,1.2,4.26379462968427,11401.0,2.0465116279069218,1.1814345991560726,1.5915119363395291,11.542610571736889,48900.0,1.2,2.3033954685244495,11307.0,1.958955223880543,1.3663535439794927,1.5957446808510634,3.311965811965756,48035.0,1.2,0.5863260391582026,11176.0,1.8850141376060892,7.457322551662204,2.805429864253428,-16.99913269731169
2010-09-26,2011,,,32.0,54.0,,,2.4,1.1,,8.0,,2.3,,,,,National,54.0,49743.0,0.6,3.5557406058082552,11440.0,1.6651248843662536,-0.6688963210703336,1.6725352112675562,9.508881922675027,49469.0,1.2,4.26379462968427,11401.0,2.0465116279069218,1.1814345991560726,1.5915119363395291,11.542610571736889,48900.0,1.2,2.3033954685244495,11307.0,1.958955223880543,1.3663535439794927,1.5957446808510634,3.311965811965756,48035.0,1.2,0.5863260391582026,11176.0,1.8850141376060892,7.457322551662204,2.805429864253428,-16.99913269731169
2010-10-03,2011,,,36.5,49.5,,,2.5,0.5,,8.0,,2.5,,,,,National,49.5,49043.0,-1.4,1.4941743755302994,11257.0,1.4611872146119254,0.0822368421052655,2.3601398601398538,5.834186284544507,49743.0,0.6,3.5557406058082552,11440.0,1.6651248843662536,-0.6688963210703336,1.6725352112675562,9.508881922675027,49469.0,1.2,4.26379462968427,11401.0,2.0465116279069218,1.1814345991560726,1.5915119363395291,11.542610571736889,48321.0,0.6,1.081499456112467,11212.0,1.6713091922004875,5.372616984402079,2.0517395182872322,-18.988391376450707
2010-10-11,2011,,,32.6,53.8,,,1.2,0.9,0.3,7.6,,2.4,,,,,National,53.8,49043.0,-1.4,1.4941743755302994,11257.0,1.4611872146119254,0.0822368421052655,2.3601398601398538,5.834186284544507,49743.0,0.6,3.5557406058082552,11440.0,1.6651248843662536,-0.6688963210703336,1.6725352112675562,9.508881922675027,49469.0,1.2,4.26379462968427,11401.0,2.0465116279069218,1.1814345991560726,1.5915119363395291,11.542610571736889,48321.0,0.6,1.081499456112467,11212.0,1.6713091922004875,5.372616984402079,2.0517395182872322,-18.988391376450707
2010-10-17,2011,,,33.0,52.5,,,2.5,0.5,0.5,8.5,,1.5,,,,,National,52.5,49043.0,-1.4,1.4941743755302994,11257.0,1.4611872146119254,0.0822368421052655,2.3601398601398538,5.834186284544507,49743.0,0.6,3.5557406058082552,11440.0,1.6651248843662536,-0.6688963210703336,1.6725352112675562,9.508881922675027,49469.0,1.2,4.26379462968427,11401.0,2.0465116279069218,1.1814345991560726,1.5915119363395291,11.542610571736889,48321.0,0.6,1.081499456112467,11212.0,1.6713091922004875,5.372616984402079,2.0517395182872322,-18.988391376450707
2010-10-31,2011,,,33.0,50.5,,,2.5,1.5,0.5,8.5,0.5,3.0,,,,,National,50.5,49043.0,-1.4,1.4941743755302994,11257.0,1.4611872146119254,0.0822368421052655,2.3601398601398538,5.834186284544507,49743.0,0.6,3.5557406058082552,11440.0,1.6651248843662536,-0.6688963210703336,1.6725352112675562,9.508881922675027,49469.0,1.2,4.26379462968427,11401.0,2.0465116279069218,1.1814345991560726,1.5915119363395291,11.542610571736889,48321.0,0.6,1.081499456112467,11212.0,1.6713091922004875,5.372616984402079,2.0517395182872322,-18.988391376450707
2010-11-14,2011,,,32.5,50.0,,,3.0,1.0,0.5,9.0,,2.5,,,,,National,50.0,49043.0,-1.4,1.4941743755302994,11257.0,1.4611872146119254,0.0822368421052655,2.3601398601398538,5.834186284544507,49743.0,0.6,3.5557406058082552,11440.0,1.6651248843662536,-0.6688963210703336,1.6725352112675562,9.508881922675027,49469.0,1.2,4.26379462968427,11401.0,2.0465116279069218,1.1814345991560726,1.5915119363395291,11.542610571736889,48321.0,0.6,1.081499456112467,11212.0,1.6713091922004875,5.372616984402079,2.0517395182872322,-18.988391376450707
2010-11-28,2011,,,33.0,51.0,,,3.0,1.0,0.5,7.0,0.5,3.0,,,,,National,51.0,49043.0,-1.4,1.4941743755302994,11257.0,1.4611872146119254,0.0822368421052655,2.3601398601398538,5.834186284544507,49743.0,0.6,3.5557406058082552,11440.0,1.6651248843662536,-0.6688963210703336,1.6725352112675562,9.508881922675027,49469.0,1.2,4.26379462968427,11401.0,2.0465116279069218,1.1814345991560726,1.5915119363395291,11.542610571736889,48321.0,0.6,1.081499456112467,11212.0,1.6713091922004875,5.372616984402079,2.0517395182872322,-18.988391376450707
2010-12-12,2011,,,35.0,48.5,,,3.0,1.5,1.0,7.0,0.5,2.5,,,,,National,48.5,49043.0,-1.4,1.4941743755302994,11257.0,1.4611872146119254,0.0822368421052655,2.3601398601398538,5.834186284544507,49743.0,0.6,3.5557406058082552,11440.0,1.6651248843662536,-0.6688963210703336,1.6725352112675562,9.508881922675027,49469.0,1.2,4.26379462968427,11401.0,2.0465116279069218,1.1814345991560726,1.5915119363395291,11.542610571736889,48321.0,0.6,1.081499456112467,11212.0,1.6713091922004875,5.372616984402079,2.0517395182872322,-18.988391376450707
2010-12-13,2011,,,31.2,55.5,,,1.9,1.3,0.1,7.3,,1.7,,,,,National,55.5,49043.0,-1.4,1.4941743755302994,11257.0,1.4611872146119254,0.0822368421052655,2.3601398601398538,5.834186284544507,49743.0,0.6,3.5557406058082552,11440.0,1.6651248843662536,-0.6688963210703336,1.6725352112675562,9.508881922675027,49469.0,1.2,4.26379462968427,11401.0,2.0465116279069218,1.1814345991560726,1.5915119363395291,11.542610571736889,48321.0,0.6,1.081499456112467,11212.0,1.6713091922004875,5.372616984402079,2.0517395182872322,-18.988391376450707
2010-12-19,2011,,,33.0,55.0,,,3.1,0.9,,4.5,,2.2,,,,,National,55.0,49043.0,-1.4,1.4941743755302994,11257.0,1.4611872146119254,0.0822368421052655,2.3601398601398538,5.834186284544507,49743.0,0.6,3.5557406058082552,11440.0,1.6651248843662536,-0.6688963210703336,1.6725352112675562,9.508881922675027,49469.0,1.2,4.26379462968427,11401.0,2.0465116279069218,1.1814345991560726,1.5915119363395291,11.542610571736889,48321.0,0.6,1.081499456112467,11212.0,1.6713091922004875,5.372616984402079,2.0517395182872322,-18.988391376450707
2010-12-30,2011,,,37.2,52.4,,,2.5,0.9,,5.3,,1.2,,,,,National,52.4,49043.0,-1.4,1.4941743755302994,11257.0,1.4611872146119254,0.0822368421052655,2.3601398601398538,5.834186284544507,49743.0,0.6,3.5557406058082552,11440.0,1.6651248843662536,-0.6688963210703336,1.6725352112675562,9.508881922675027,49469.0,1.2,4.26379462968427,11401.0,2.0465116279069218,1.1814345991560726,1.5915119363395291,11.542610571736889,48321.0,0.6,1.081499456112467,11212.0,1.6713091922004875,5.372616984402079,2.0517395182872322,-18.988391376450707
2011-01-16,2011,,,29.0,55.0,,,4.5,1.5,0.5,7.0,,2.5,,,,,National,55.0,48461.0,-1.2,-0.8977505112474415,11094.0,4.025617566331197,4.6335299073294145,3.8394415357766665,14.167528438469557,49043.0,-1.4,1.4941743755302994,11257.0,1.4611872146119254,0.0822368421052655,2.3601398601398538,5.834186284544507,49743.0,0.6,3.5557406058082552,11440.0,1.6651248843662536,-0.6688963210703336,1.6725352112675562,9.508881922675027,48900.0,1.2,2.3033954685244495,11307.0,1.958955223880543,1.3663535439794927,1.5957446808510634,3.311965811965756
2011-01-30,2011,,,34.5,49.0,,,5.5,1.0,,6.5,,3.0,,,,,National,49.0,48461.0,-1.2,-0.8977505112474415,11094.0,4.025617566331197,4.6335299073294145,3.8394415357766665,14.167528438469557,49043.0,-1.4,1.4941743755302994,11257.0,1.4611872146119254,0.0822368421052655,2.3601398601398538,5.834186284544507,49743.0,0.6,3.5557406058082552,11440.0,1.6651248843662536,-0.6688963210703336,1.6725352112675562,9.508881922675027,48900.0,1.2,2.3033954685244495,11307.0,1.958955223880543,1.3663535439794927,1.5957446808510634,3.311965811965756
2011-02-13,2011,,,33.5,52.5,,,2.5,0.5,0.5,8.5,,1.5,,,,,National,52.5,48461.0,-1.2,-0.8977505112474415,11094.0,4.025617566331197,4.6335299073294145,3.8394415357766665,14.167528438469557,49043.0,-1.4,1.4941743755302994,11257.0,1.4611872146119254,0.0822368421052655,2.3601398601398538,5.834186284544507,49743.0,0.6,3.5557406058082552,11440.0,1.6651248843662536,-0.6688963210703336,1.6725352112675562,9.508881922675027,48900.0,1.2,2.3033954685244495,11307.0,1.958955223880543,1.3663535439794927,1.5957446808510634,3.311965811965756
2011-02-20,2011,,,33.0,51.0,,,3.6,1.3,,8.0,,2.3,,,,,National,51.0,48461.0,-1.2,-0.8977505112474415,11094.0,4.025617566331197,4.6335299073294145,3.8394415357766665,14.167528438469557,49043.0,-1.4,1.4941743755302994,11257.0,1.4611872146119254,0.0822368421052655,2.3601398601398538,5.834186284544507,49743.0,0.6,3.5557406058082552,11440.0,1.6651248843662536,-0.6688963210703336,1.6725352112675562,9.508881922675027,48900.0,1.2,2.3033954685244495,11307.0,1.958955223880543,1.3663535439794927,1.5957446808510634,3.311965811965756
2011-02-20,2011,,,30.9,54.6,,,3.3,0.6,,8.2,,2.3,,,,,National,54.6,48461.0,-1.2,-0.8977505112474415,11094.0,4.025617566331197,4.6335299073294145,3.8394415357766665,14.167528438469557,49043.0,-1.4,1.4941743755302994,11257.0,1.4611872146119254,0.0822368421052655,2.3601398601398538,5.834186284544507,49743.0,0.6,3.5557406058082552,11440.0,1.6651248843662536,-0.6688963210703336,1.6725352112675562,9.508881922675027,48900.0,1.2,2.3033954685244495,11307.0,1.958955223880543,1.3663535439794927,1.5957446808510634,3.311965811965756
2011-02-27,2011,,,35.0,49.0,,,3.0,1.5,,8.0,,3.0,,,,,National,49.0,48461.0,-1.2,-0.8977505112474415,11094.0,4.025617566331197,4.6335299073294145,3.8394415357766665,14.167528438469557,49043.0,-1.4,1.4941743755302994,11257.0,1.4611872146119254,0.0822368421052655,2.3601398601398538,5.834186284544507,49743.0,0.6,3.5557406058082552,11440.0,1.6651248843662536,-0.6688963210703336,1.6725352112675562,9.508881922675027,48900.0,1.2,2.3033954685244495,11307.0,1.958955223880543,1.3663535439794927,1.5957446808510634,3.311965811965756
2011-03-13,2011,,,32.5,52.5,,,4.0,0.5,,8.0,0.5,1.5,,,,,National,52.5,48461.0,-1.2,-0.8977505112474415,11094.0,4.025617566331197,4.6335299073294145,3.8394415357766665,14.167528438469557,49043.0,-1.4,1.4941743755302994,11257.0,1.4611872146119254,0.0822368421052655,2.3601398601398538,5.834186284544507,49743.0,0.6,3.5557406058082552,11440.0,1.6651248843662536,-0.6688963210703336,1.6725352112675562,9.508881922675027,48900.0,1.2,2.3033954685244495,11307.0,1.958955223880543,1.3663535439794927,1.5957446808510634,3.311965811965756
2011-04-03,2011,,,31.5,51.0,,,5.0,2.0,0.5,8.0,,1.5,,,,,National,51.0,49282.0,1.7,-0.37801451414016807,11256.0,4.466727438468565,4.837364470392047,4.003481288076527,17.117988394584096,48461.0,-1.2,-0.8977505112474415,11094.0,4.025617566331197,4.6335299073294145,3.8394415357766665,14.167528438469557,49043.0,-1.4,1.4941743755302994,11257.0,1.4611872146119254,0.0822368421052655,2.3601398601398538,5.834186284544507,49469.0,1.2,4.26379462968427,11401.0,2.0465116279069218,1.1814345991560726,1.5915119363395291,11.542610571736889
2011-04-10,2011,,,34.0,54.0,,,2.7,1.1,,6.0,,1.4,,,,,National,54.0,49282.0,1.7,-0.37801451414016807,11256.0,4.466727438468565,4.837364470392047,4.003481288076527,17.117988394584096,48461.0,-1.2,-0.8977505112474415,11094.0,4.025617566331197,4.6335299073294145,3.8394415357766665,14.167528438469557,49043.0,-1.4,1.4941743755302994,11257.0,1.4611872146119254,0.0822368421052655,2.3601398601398538,5.834186284544507,49469.0,1.2,4.26379462968427,11401.0,2.0465116279069218,1.1814345991560726,1.5915119363395291,11.542610571736889
2011-04-17,2011,,,27.1,57.5,,,2.8,1.7,0.2,7.7,,2.5,,,,,National,57.5,49282.0,1.7,-0.37801451414016807,11256.0,4.466727438468565,4.837364470392047,4.003481288076527,17.117988394584096,48461.0,-1.2,-0.8977505112474415,11094.0,4.025617566331197,4.6335299073294145,3.8394415357766665,14.167528438469557,49043.0,-1.4,1.4941743755302994,11257.0,1.4611872146119254,0.0822368421052655,2.3601398601398538,5.834186284544507,49469.0,1.2,4.26379462968427,11401.0,2.0465116279069218,1.1814345991560726,1.5915119363395291,11.542610571736889
2011-04-17,2011,,,32.0,51.0,,,3.0,1.0,0.5,8.0,0.5,3.5,,,,,National,51.0,49282.0,1.7,-0.37801451414016807,11256.0,4.466727438468565,4.837364470392047,4.003481288076527,17.117988394584096,48461.0,-1.2,-0.8977505112474415,11094.0,4.025617566331197,4.6335299073294145,3.8394415357766665,14.167528438469557,49043.0,-1.4,1.4941743755302994,11257.0,1.4611872146119254,0.0822368421052655,2.3601398601398538,5.834186284544507,49469.0,1.2,4.26379462968427,11401.0,2.0465116279069218,1.1814345991560726,1.5915119363395291,11.542610571736889
2011-05-01,2011,,,31.0,52.5,,,4.5,1.0,0.5,7.5,0.5,2.0,,,,,National,52.5,49282.0,1.7,-0.37801451414016807,11256.0,4.466727438468565,4.837364470392047,4.003481288076527,17.117988394584096,48461.0,-1.2,-0.8977505112474415,11094.0,4.025617566331197,4.6335299073294145,3.8394415357766665,14.167528438469557,49043.0,-1.4,1.4941743755302994,11257.0,1.4611872146119254,0.0822368421052655,2.3601398601398538,5.834186284544507,49469.0,1.2,4.26379462968427,11401.0,2.0465116279069218,1.1814345991560726,1.5915119363395291,11.542610571736889
2011-05-15,2011,,,28.0,53.0,,,3.0,2.0,0.5,10.0,0.5,2.0,,,,,National,53.0,49282.0,1.7,-0.37801451414016807,11256.0,4.466727438468565,4.837364470392047,4.003481288076527,17.117988394584096,48461.0,-1.2,-0.8977505112474415,11094.0,4.025617566331197,4.6335299073294145,3.8394415357766665,14.167528438469557,49043.0,-1.4,1.4941743755302994,11257.0,1.4611872146119254,0.0822368421052655,2.3601398601398538,5.834186284544507,49469.0,1.2,4.26379462968427,11401.0,2.0465116279069218,1.1814345991560726,1.5915119363395291,11.542610571736889
2011-05-25,2011,,,33.7,54.4,,,2.7,1.7,0.0,5.5,0.0,1.5,,,,,National,54.4,49282.0,1.7,-0.37801451414016807,11256.0,4.466727438468565,4.837364470392047,4.003481288076527,17.117988394584096,48461.0,-1.2,-0.8977505112474415,11094.0,4.025617566331197,4.6335299073294145,3.8394415357766665,14.167528438469557,49043.0,-1.4,1.4941743755302994,11257.0,1.4611872146119254,0.0822368421052655,2.3601398601398538,5.834186284544507,49469.0,1.2,4.26379462968427,11401.0,2.0465116279069218,1.1814345991560726,1.5915119363395291,11.542610571736889
2011-05-29,2011,,,36.0,49.0,,,2.5,1.5,0.5,6.5,,2.5,,,,,National,49.0,49282.0,1.7,-0.37801451414016807,11256.0,4.466727438468565,4.837364470392047,4.003481288076527,17.117988394584096,48461.0,-1.2,-0.8977505112474415,11094.0,4.025617566331197,4.6335299073294145,3.8394415357766665,14.167528438469557,49043.0,-1.4,1.4941743755302994,11257.0,1.4611872146119254,0.0822368421052655,2.3601398601398538,5.834186284544507,49469.0,1.2,4.26379462968427,11401.0,2.0465116279069218,1.1814345991560726,1.5915119363395291,11.542610571736889
2011-05-29,2011,,,34.0,52.0,,,1.6,2.5,,6.0,,1.4,0.9,,,,National,52.0,49282.0,1.7,-0.37801451414016807,11256.0,4.466727438468565,4.837364470392047,4.003481288076527,17.117988394584096,48461.0,-1.2,-0.8977505112474415,11094.0,4.025617566331197,4.6335299073294145,3.8394415357766665,14.167528438469557,49043.0,-1.4,1.4941743755302994,11257.0,1.4611872146119254,0.0822368421052655,2.3601398601398538,5.834186284544507,49469.0,1.2,4.26379462968427,11401.0,2.0465116279069218,1.1814345991560726,1.5915119363395291,11.542610571736889
2011-05-29,2011,,,32.8,53.0,,,2.4,2.2,0.2,6.5,,1.6,0.5,,,,National,53.0,49282.0,1.7,-0.37801451414016807,11256.0,4.466727438468565,4.837364470392047,4.003481288076527,17.117988394584096,48461.0,-1.2,-0.8977505112474415,11094.0,4.025617566331197,4.6335299073294145,3.8394415357766665,14.167528438469557,49043.0,-1.4,1.4941743755302994,11257.0,1.4611872146119254,0.0822368421052655,2.3601398601398538,5.834186284544507,49469.0,1.2,4.26379462968427,11401.0,2.0465116279069218,1.1814345991560726,1.5915119363395291,11.542610571736889
2011-06-12,2011,,,30.0,53.0,,,2.5,3.0,0.5,7.0,,3.0,,,,,National,53.0,49282.0,1.7,-0.37801451414016807,11256.0,4.466727438468565,4.837364470392047,4.003481288076527,17.117988394584096,48461.0,-1.2,-0.8977505112474415,11094.0,4.025617566331197,4.6335299073294145,3.8394415357766665,14.167528438469557,49043.0,-1.4,1.4941743755302994,11257.0,1.4611872146119254,0.0822368421052655,2.3601398601398538,5.834186284544507,49469.0,1.2,4.26379462968427,11401.0,2.0465116279069218,1.1814345991560726,1.5915119363395291,11.542610571736889
2011-06-26,2011,,,30.5,54.0,,,3.5,2.5,0.5,5.5,,3.0,,,,,National,54.0,49282.0,1.7,-0.37801451414016807,11256.0,4.466727438468565,4.837364470392047,4.003481288076527,17.117988394584096,48461.0,-1.2,-0.8977505112474415,11094.0,4.025617566331197,4.6335299073294145,3.8394415357766665,14.167528438469557,49043.0,-1.4,1.4941743755302994,11257.0,1.4611872146119254,0.0822368421052655,2.3601398601398538,5.834186284544507,49469.0,1.2,4.26379462968427,11401.0,2.0465116279069218,1.1814345991560726,1.5915119363395291,11.542610571736889
2011-06-27,2011,,,36.1,51.2,,,1.2,1.9,,6.6,,1.7,0.5,,,,National,51.2,49282.0,1.7,-0.37801451414016807,11256.0,4.466727438468565,4.837364470392047,4.003481288076527,17.117988394584096,48461.0,-1.2,-0.8977505112474415,11094.0,4.025617566331197,4.6335299073294145,3.8394415357766665,14.167528438469557,49043.0,-1.4,1.4941743755302994,11257.0,1.4611872146119254,0.0822368421052655,2.3601398601398538,5.834186284544507,49469.0,1.2,4.26379462968427,11401.0,2.0465116279069218,1.1814345991560726,1.5915119363395291,11.542610571736889
2011-07-10,2011,,,33.5,49.0,,,3.0,3.0,0.5,7.5,,2.5,,,,,National,49.0,49700.0,0.8,-0.08644432382445277,11339.0,5.277525022748009,6.98653198653203,4.41558441558445,20.1335877862592,49282.0,1.7,-0.37801451414016807,11256.0,4.466727438468565,4.837364470392047,4.003481288076527,17.117988394584096,48461.0,-1.2,-0.8977505112474415,11094.0,4.025617566331197,4.6335299073294145,3.8394415357766665,14.167528438469557,49743.0,0.6,3.5557406058082552,11440.0,1.6651248843662536,-0.6688963210703336,1.6725352112675562,9.508881922675027
2011-07-10,2011,,,29.9,55.1,,,2.2,1.7,0.0,9.1,,0.8,0.7,,,,National,55.1,49700.0,0.8,-0.08644432382445277,11339.0,5.277525022748009,6.98653198653203,4.41558441558445,20.1335877862592,49282.0,1.7,-0.37801451414016807,11256.0,4.466727438468565,4.837364470392047,4.003481288076527,17.117988394584096,48461.0,-1.2,-0.8977505112474415,11094.0,4.025617566331197,4.6335299073294145,3.8394415357766665,14.167528438469557,49743.0,0.6,3.5557406058082552,11440.0,1.6651248843662536,-0.6688963210703336,1.6725352112675562,9.508881922675027
2011-07-17,2011,,,27.0,53.0,,,2.4,3.1,0.3,10.0,,3.0,0.5,,,,National,53.0,49700.0,0.8,-0.08644432382445277,11339.0,5.277525022748009,6.98653198653203,4.41558441558445,20.1335877862592,49282.0,1.7,-0.37801451414016807,11256.0,4.466727438468565,4.837364470392047,4.003481288076527,17.117988394584096,48461.0,-1.2,-0.8977505112474415,11094.0,4.025617566331197,4.6335299073294145,3.8394415357766665,14.167528438469557,49743.0,0.6,3.5557406058082552,11440.0,1.6651248843662536,-0.6688963210703336,1.6725352112675562,9.508881922675027
2011-07-24,2011,,,31.5,52.0,,,2.5,2.0,0.5,7.5,,3.0,0.5,,,,National,52.0,49700.0,0.8,-0.08644432382445277,11339.0,5.277525022748009,6.98653198653203,4.41558441558445,20.1335877862592,49282.0,1.7,-0.37801451414016807,11256.0,4.466727438468565,4.837364470392047,4.003481288076527,17.117988394584096,48461.0,-1.2,-0.8977505112474415,11094.0,4.025617566331197,4.6335299073294145,3.8394415357766665,14.167528438469557,49743.0,0.6,3.5557406058082552,11440.0,1.6651248843662536,-0.6688963210703336,1.6725352112675562,9.508881922675027
2011-07-25,2011,,,29.0,56.0,,,2.0,2.2,,6.4,0.2,1.2,0.2,,,,National,56.0,49700.0,0.8,-0.08644432382445277,11339.0,5.277525022748009,6.98653198653203,4.41558441558445,20.1335877862592,49282.0,1.7,-0.37801451414016807,11256.0,4.466727438468565,4.837364470392047,4.003481288076527,17.117988394584096,48461.0,-1.2,-0.8977505112474415,11094.0,4.025617566331197,4.6335299073294145,3.8394415357766665,14.167528438469557,49743.0,0.6,3.5557406058082552,11440.0,1.6651248843662536,-0.6688963210703336,1.6725352112675562,9.508881922675027
2011-07-30,2011,,,33.1,52.3,,,0.9,1.4,,8.3,,2.0,0.6,,,,National,52.3,49700.0,0.8,-0.08644432382445277,11339.0,5.277525022748009,6.98653198653203,4.41558441558445,20.1335877862592,49282.0,1.7,-0.37801451414016807,11256.0,4.466727438468565,4.837364470392047,4.003481288076527,17.117988394584096,48461.0,-1.2,-0.8977505112474415,11094.0,4.025617566331197,4.6335299073294145,3.8394415357766665,14.167528438469557,49743.0,0.6,3.5557406058082552,11440.0,1.6651248843662536,-0.6688963210703336,1.6725352112675562,9.508881922675027
2011-08-07,2011,,,32.0,51.5,,,4.0,2.0,0.5,7.0,,1.5,0.5,,,,National,51.5,49700.0,0.8,-0.08644432382445277,11339.0,5.277525022748009,6.98653198653203,4.41558441558445,20.1335877862592,49282.0,1.7,-0.37801451414016807,11256.0,4.466727438468565,4.837364470392047,4.003481288076527,17.117988394584096,48461.0,-1.2,-0.8977505112474415,11094.0,4.025617566331197,4.6335299073294145,3.8394415357766665,14.167528438469557,49743.0,0.6,3.5557406058082552,11440.0,1.6651248843662536,-0.6688963210703336,1.6725352112675562,9.508881922675027
2011-08-21,2011,,,28.8,54.0,,,2.2,2.2,0.0,9.3,,1.5,0.9,,,,National,54.0,49700.0,0.8,-0.08644432382445277,11339.0,5.277525022748009,6.98653198653203,4.41558441558445,20.1335877862592,49282.0,1.7,-0.37801451414016807,11256.0,4.466727438468565,4.837364470392047,4.003481288076527,17.117988394584096,48461.0,-1.2,-0.8977505112474415,11094.0,4.025617566331197,4.6335299073294145,3.8394415357766665,14.167528438469557,49743.0,0.6,3.5557406058082552,11440.0,1.6651248843662536,-0.6688963210703336,1.6725352112675562,9.508881922675027
2011-08-21,2011,,,30.0,56.0,,,2.3,1.7,0.5,6.0,,1.4,0.9,,,,National,56.0,49700.0,0.8,-0.08644432382445277,11339.0,5.277525022748009,6.98653198653203,4.41558441558445,20.1335877862592,49282.0,1.7,-0.37801451414016807,11256.0,4.466727438468565,4.837364470392047,4.003481288076527,17.117988394584096,48461.0,-1.2,-0.8977505112474415,11094.0,4.025617566331197,4.6335299073294145,3.8394415357766665,14.167528438469557,49743.0,0.6,3.5557406058082552,11440.0,1.6651248843662536,-0.6688963210703336,1.6725352112675562,9.508881922675027
2011-08-26,2011,,,31.5,52.0,,,2.4,1.2,0.1,9.8,,1.8,0.2,,,,National,52.0,49700.0,0.8,-0.08644432382445277,11339.0,5.277525022748009,6.98653198653203,4.41558441558445,20.1335877862592,49282.0,1.7,-0.37801451414016807,11256.0,4.466727438468565,4.837364470392047,4.003481288076527,17.117988394584096,48461.0,-1.2,-0.8977505112474415,11094.0,4.025617566331197,4.6335299073294145,3.8394415357766665,14.167528438469557,49743.0,0.6,3.5557406058082552,11440.0,1.6651248843662536,-0.6688963210703336,1.6725352112675562,9.508881922675027
2011-08-28,2011,,,29.5,52.0,,,3.5,2.0,0.5,9.0,,1.5,1.0,,,,National,52.0,49700.0,0.8,-0.08644432382445277,11339.0,5.277525022748009,6.98653198653203,4.41558441558445,20.1335877862592,49282.0,1.7,-0.37801451414016807,11256.0,4.466727438468565,4.837364470392047,4.003481288076527,17.117988394584096,48461.0,-1.2,-0.8977505112474415,11094.0,4.025617566331197,4.6335299073294145,3.8394415357766665,14.167528438469557,49743.0,0.6,3.5557406058082552,11440.0,1.6651248843662536,-0.6688963210703336,1.6725352112675562,9.508881922675027
2011-08-29,2011,,,25.7,57.1,,,2.2,1.1,0.1,11.0,,1.6,0.6,,,,National,57.1,49700.0,0.8,-0.08644432382445277,11339.0,5.277525022748009,6.98653198653203,4.41558441558445,20.1335877862592,49282.0,1.7,-0.37801451414016807,11256.0,4.466727438468565,4.837364470392047,4.003481288076527,17.117988394584096,48461.0,-1.2,-0.8977505112474415,11094.0,4.025617566331197,4.6335299073294145,3.8394415357766665,14.167528438469557,49743.0,0.6,3.5557406058082552,11440.0,1.6651248843662536,-0.6688963210703336,1.6725352112675562,9.508881922675027
2011-09-11,2011,,,26.0,57.0,,,3.5,1.5,0.5,7.5,,2.5,1.0,,,,National,57.0,49700.0,0.8,-0.08644432382445277,11339.0,5.277525022748009,6.98653198653203,4.41558441558445,20.1335877862592,49282.0,1.7,-0.37801451414016807,11256.0,4.466727438468565,4.837364470392047,4.003481288076527,17.117988394584096,48461.0,-1.2,-0.8977505112474415,11094.0,4.025617566331197,4.6335299073294145,3.8394415357766665,14.167528438469557,49743.0,0.6,3.5557406058082552,11440.0,1.6651248843662536,-0.6688963210703336,1.6725352112675562,9.508881922675027
2011-09-25,2011,,,30.5,51.0,,,1.0,1.5,0.5,11.5,,2.5,0.5,,,,National,51.0,49700.0,0.8,-0.08644432382445277,11339.0,5.277525022748009,6.98653198653203,4.41558441558445,20.1335877862592,49282.0,1.7,-0.37801451414016807,11256.0,4.466727438468565,4.837364470392047,4.003481288076527,17.117988394584096,48461.0,-1.2,-0.8977505112474415,11094.0,4.025617566331197,4.6335299073294145,3.8394415357766665,14.167528438469557,49743.0,0.6,3.5557406058082552,11440.0,1.6651248843662536,-0.6688963210703336,1.6725352112675562,9.508881922675027
2011-09-28,2011,,,28.0,54.0,,,2.3,1.5,0.4,10.0,,1.3,0.2,,,,National,54.0,49700.0,0.8,-0.08644432382445277,11339.0,5.277525022748009,6.98653198653203,4.41558441558445,20.1335877862592,49282.0,1.7,-0.37801451414016807,11256.0,4.466727438468565,4.837364470392047,4.003481288076527,17.117988394584096,48461.0,-1.2,-0.8977505112474415,11094.0,4.025617566331197,4.6335299073294145,3.8394415357766665,14.167528438469557,49743.0,0.6,3.5557406058082552,11440.0,1.6651248843662536,-0.6688963210703336,1.6725352112675562,9.508881922675027
2011-10-02,2011,,,29.0,56.0,,,1.9,1.3,0.0,9.0,,1.1,0.6,,,,National,56.0,50230.0,1.1,2.420325020900016,11447.0,4.590459045904605,6.162695152013198,3.672075149445031,17.698259187620536,49700.0,0.8,-0.08644432382445277,11339.0,5.277525022748009,6.98653198653203,4.41558441558445,20.1335877862592,49282.0,1.7,-0.37801451414016807,11256.0,4.466727438468565,4.837364470392047,4.003481288076527,17.117988394584096,49043.0,-1.4,1.4941743755302994,11257.0,1.4611872146119254,0.0822368421052655,2.3601398601398538,5.834186284544507
2011-10-02,2011,,,26.6,57.4,,,1.9,1.6,0.0,9.8,,0.8,0.0,,,,National,57.4,50230.0,1.1,2.420325020900016,11447.0,4.590459045904605,6.162695152013198,3.672075149445031,17.698259187620536,49700.0,0.8,-0.08644432382445277,11339.0,5.277525022748009,6.98653198653203,4.41558441558445,20.1335877862592,49282.0,1.7,-0.37801451414016807,11256.0,4.466727438468565,4.837364470392047,4.003481288076527,17.117988394584096,49043.0,-1.4,1.4941743755302994,11257.0,1.4611872146119254,0.0822368421052655,2.3601398601398538,5.834186284544507
2011-10-09,2011,,,28.0,55.5,,,2.0,1.5,0.5,9.5,,2.0,0.5,,,,National,55.5,50230.0,1.1,2.420325020900016,11447.0,4.590459045904605,6.162695152013198,3.672075149445031,17.698259187620536,49700.0,0.8,-0.08644432382445277,11339.0,5.277525022748009,6.98653198653203,4.41558441558445,20.1335877862592,49282.0,1.7,-0.37801451414016807,11256.0,4.466727438468565,4.837364470392047,4.003481288076527,17.117988394584096,49043.0,-1.4,1.4941743755302994,11257.0,1.4611872146119254,0.0822368421052655,2.3601398601398538,5.834186284544507
2011-10-23,2011,,,29.5,53.5,,,2.5,1.0,1.0,9.5,,2.0,0.5,,,,National,53.5,50230.0,1.1,2.420325020900016,11447.0,4.590459045904605,6.162695152013198,3.672075149445031,17.698259187620536,49700.0,0.8,-0.08644432382445277,11339.0,5.277525022748009,6.98653198653203,4.41558441558445,20.1335877862592,49282.0,1.7,-0.37801451414016807,11256.0,4.466727438468565,4.837364470392047,4.003481288076527,17.117988394584096,49043.0,-1.4,1.4941743755302994,11257.0,1.4611872146119254,0.0822368421052655,2.3601398601398538,5.834186284544507
2011-10-27,2011,,,30.3,53.5,,,2.8,1.5,0.1,9.5,,1.2,0.1,,,,National,53.5,50230.0,1.1,2.420325020900016,11447.0,4.590459045904605,6.162695152013198,3.672075149445031,17.698259187620536,49700.0,0.8,-0.08644432382445277,11339.0,5.277525022748009,6.98653198653203,4.41558441558445,20.1335877862592,49282.0,1.7,-0.37801451414016807,11256.0,4.466727438468565,4.837364470392047,4.003481288076527,17.117988394584096,49043.0,-1.4,1.4941743755302994,11257.0,1.4611872146119254,0.0822368421052655,2.3601398601398538,5.834186284544507
2011-10-30,2011,,,30.2,52.3,,,2.4,1.5,0.0,9.4,,1.4,0.9,,,,National,52.3,50230.0,1.1,2.420325020900016,11447.0,4.590459045904605,6.162695152013198,3.672075149445031,17.698259187620536,49700.0,0.8,-0.08644432382445277,11339.0,5.277525022748009,6.98653198653203,4.41558441558445,20.1335877862592,49282.0,1.7,-0.37801451414016807,11256.0,4.466727438468565,4.837364470392047,4.003481288076527,17.117988394584096,49043.0,-1.4,1.4941743755302994,11257.0,1.4611872146119254,0.0822368421052655,2.3601398601398538,5.834186284544507
2011-10-31,2011,,,31.3,52.6,,,1.5,1.2,0.1,9.7,0.2,1.2,1.1,,,,National,52.6,50230.0,1.1,2.420325020900016,11447.0,4.590459045904605,6.162695152013198,3.672075149445031,17.698259187620536,49700.0,0.8,-0.08644432382445277,11339.0,5.277525022748009,6.98653198653203,4.41558441558445,20.1335877862592,49282.0,1.7,-0.37801451414016807,11256.0,4.466727438468565,4.837364470392047,4.003481288076527,17.117988394584096,49043.0,-1.4,1.4941743755302994,11257.0,1.4611872146119254,0.0822368421052655,2.3601398601398538,5.834186284544507
2011-11-02,2011,,,29.1,54.2,,,1.7,0.9,0.5,10.1,,1.9,0.1,1.1,,,National,54.2,50230.0,1.1,2.420325020900016,11447.0,4.590459045904605,6.162695152013198,3.672075149445031,17.698259187620536,49700.0,0.8,-0.08644432382445277,11339.0,5.277525022748009,6.98653198653203,4.41558441558445,20.1335877862592,49282.0,1.7,-0.37801451414016807,11256.0,4.466727438468565,4.837364470392047,4.003481288076527,17.117988394584096,49043.0,-1.4,1.4941743755302994,11257.0,1.4611872146119254,0.0822368421052655,2.3601398601398538,5.834186284544507
2011-11-03,2011,,,30.0,56.0,,,2.2,0.9,0.1,9.0,,1.3,0.3,,,,National,56.0,50230.0,1.1,2.420325020900016,11447.0,4.590459045904605,6.162695152013198,3.672075149445031,17.698259187620536,49700.0,0.8,-0.08644432382445277,11339.0,5.277525022748009,6.98653198653203,4.41558441558445,20.1335877862592,49282.0,1.7,-0.37801451414016807,11256.0,4.466727438468565,4.837364470392047,4.003481288076527,17.117988394584096,49043.0,-1.4,1.4941743755302994,11257.0,1.4611872146119254,0.0822368421052655,2.3601398601398538,5.834186284544507
2011-11-06,2011,,,26.0,53.0,,,4.5,1.0,0.0,12.0,,2.0,1.0,,,,National,53.0,50230.0,1.1,2.420325020900016,11447.0,4.590459045904605,6.162695152013198,3.672075149445031,17.698259187620536,49700.0,0.8,-0.08644432382445277,11339.0,5.277525022748009,6.98653198653203,4.41558441558445,20.1335877862592,49282.0,1.7,-0.37801451414016807,11256.0,4.466727438468565,4.837364470392047,4.003481288076527,17.117988394584096,49043.0,-1.4,1.4941743755302994,11257.0,1.4611872146119254,0.0822368421052655,2.3601398601398538,5.834186284544507
2011-11-07,2011,,,25.9,52.5,,,2.8,1.0,0.3,12.6,0.2,1.5,0.7,,,,National,52.5,50230.0,1.1,2.420325020900016,11447.0,4.590459045904605,6.162695152013198,3.672075149445031,17.698259187620536,49700.0,0.8,-0.08644432382445277,11339.0,5.277525022748009,6.98653198653203,4.41558441558445,20.1335877862592,49282.0,1.7,-0.37801451414016807,11256.0,4.466727438468565,4.837364470392047,4.003481288076527,17.117988394584096,49043.0,-1.4,1.4941743755302994,11257.0,1.4611872146119254,0.0822368421052655,2.3601398601398538,5.834186284544507
2011-11-09,2011,,,28.7,49.5,,,3.7,1.5,0.7,12.6,,0.5,0.7,1.0,,,National,49.5,50230.0,1.1,2.420325020900016,11447.0,4.590459045904605,6.162695152013198,3.672075149445031,17.698259187620536,49700.0,0.8,-0.08644432382445277,11339.0,5.277525022748009,6.98653198653203,4.41558441558445,20.1335877862592,49282.0,1.7,-0.37801451414016807,11256.0,4.466727438468565,4.837364470392047,4.003481288076527,17.117988394584096,49043.0,-1.4,1.4941743755302994,11257.0,1.4611872146119254,0.0822368421052655,2.3601398601398538,5.834186284544507
2011-11-10,2011,,,28.0,54.0,,,2.9,1.5,0.8,9.0,,2.1,0.2,0.5,,,National,54.0,50230.0,1.1,2.420325020900016,11447.0,4.590459045904605,6.162695152013198,3.672075149445031,17.698259187620536,49700.0,0.8,-0.08644432382445277,11339.0,5.277525022748009,6.98653198653203,4.41558441558445,20.1335877862592,49282.0,1.7,-0.37801451414016807,11256.0,4.466727438468565,4.837364470392047,4.003481288076527,17.117988394584096,49043.0,-1.4,1.4941743755302994,11257.0,1.4611872146119254,0.0822368421052655,2.3601398601398538,5.834186284544507
2011-11-13,2011,,,29.9,53.3,,,2.4,0.7,0.0,10.2,,1.4,1.0,,,,National,53.3,50230.0,1.1,2.420325020900016,11447.0,4.590459045904605,6.162695152013198,3.672075149445031,17.698259187620536,49700.0,0.8,-0.08644432382445277,11339.0,5.277525022748009,6.98653198653203,4.41558441558445,20.1335877862592,49282.0,1.7,-0.37801451414016807,11256.0,4.466727438468565,4.837364470392047,4.003481288076527,17.117988394584096,49043.0,-1.4,1.4941743755302994,11257.0,1.4611872146119254,0.0822368421052655,2.3601398601398538,5.834186284544507
2011-11-16,2011,,,29.1,49.9,,,4.9,1.7,0.1,12.6,,0.7,0.4,0.6,,,National,49.9,50230.0,1.1,2.420325020900016,11447.0,4.590459045904605,6.162695152013198,3.672075149445031,17.698259187620536,49700.0,0.8,-0.08644432382445277,11339.0,5.277525022748009,6.98653198653203,4.41558441558445,20.1335877862592,49282.0,1.7,-0.37801451414016807,11256.0,4.466727438468565,4.837364470392047,4.003481288076527,17.117988394584096,49043.0,-1.4,1.4941743755302994,11257.0,1.4611872146119254,0.0822368421052655,2.3601398601398538,5.834186284544507
2011-11-17,2011,,,26.0,51.0,,,2.2,1.6,0.3,13.0,,1.6,1.3,1.4,,,National,51.0,50230.0,1.1,2.420325020900016,11447.0,4.590459045904605,6.162695152013198,3.672075149445031,17.698259187620536,49700.0,0.8,-0.08644432382445277,11339.0,5.277525022748009,6.98653198653203,4.41558441558445,20.1335877862592,49282.0,1.7,-0.37801451414016807,11256.0,4.466727438468565,4.837364470392047,4.003481288076527,17.117988394584096,49043.0,-1.4,1.4941743755302994,11257.0,1.4611872146119254,0.0822368421052655,2.3601398601398538,5.834186284544507
2011-11-17,2011,,,27.4,50.2,,,3.5,1.8,0.0,13.0,,1.3,1.0,1.1,,,National,50.2,50230.0,1.1,2.420325020900016,11447.0,4.590459045904605,6.162695152013198,3.672075149445031,17.698259187620536,49700.0,0.8,-0.08644432382445277,11339.0,5.277525022748009,6.98653198653203,4.41558441558445,20.1335877862592,49282.0,1.7,-0.37801451414016807,11256.0,4.466727438468565,4.837364470392047,4.003481288076527,17.117988394584096,49043.0,-1.4,1.4941743755302994,11257.0,1.4611872146119254,0.0822368421052655,2.3601398601398538,5.834186284544507
2011-11-18,2011,,,24.5,53.0,,,3.0,1.5,0.0,13.0,,3.0,1.0,,,,National,53.0,50230.0,1.1,2.420325020900016,11447.0,4.590459045904605,6.162695152013198,3.672075149445031,17.698259187620536,49700.0,0.8,-0.08644432382445277,11339.0,5.277525022748009,6.98653198653203,4.41558441558445,20.1335877862592,49282.0,1.7,-0.37801451414016807,11256.0,4.466727438468565,4.837364470392047,4.003481288076527,17.117988394584096,49043.0,-1.4,1.4941743755302994,11257.0,1.4611872146119254,0.0822368421052655,2.3601398601398538,5.834186284544507
2011-11-21,2011,,,26.0,54.0,,,4.0,0.7,0.1,12.0,0.0,1.1,1.1,,,,National,54.0,50230.0,1.1,2.420325020900016,11447.0,4.590459045904605,6.162695152013198,3.672075149445031,17.698259187620536,49700.0,0.8,-0.08644432382445277,11339.0,5.277525022748009,6.98653198653203,4.41558441558445,20.1335877862592,49282.0,1.7,-0.37801451414016807,11256.0,4.466727438468565,4.837364470392047,4.003481288076527,17.117988394584096,49043.0,-1.4,1.4941743755302994,11257.0,1.4611872146119254,0.0822368421052655,2.3601398601398538,5.834186284544507
2011-11-23,2011,,,28.0,50.9,,,5.2,1.8,0.0,11.8,,0.4,0.3,1.3,,,National,50.9,50230.0,1.1,2.420325020900016,11447.0,4.590459045904605,6.162695152013198,3.672075149445031,17.698259187620536,49700.0,0.8,-0.08644432382445277,11339.0,5.277525022748009,6.98653198653203,4.41558441558445,20.1335877862592,49282.0,1.7,-0.37801451414016807,11256.0,4.466727438468565,4.837364470392047,4.003481288076527,17.117988394584096,49043.0,-1.4,1.4941743755302994,11257.0,1.4611872146119254,0.0822368421052655,2.3601398601398538,5.834186284544507
2011-11-24,2011,,,28.0,50.0,,,4.2,1.7,0.1,10.0,,2.0,1.0,2.4,,,National,50.0,50230.0,1.1,2.420325020900016,11447.0,4.590459045904605,6.162695152013198,3.672075149445031,17.698259187620536,49700.0,0.8,-0.08644432382445277,11339.0,5.277525022748009,6.98653198653203,4.41558441558445,20.1335877862592,49282.0,1.7,-0.37801451414016807,11256.0,4.466727438468565,4.837364470392047,4.003481288076527,17.117988394584096,49043.0,-1.4,1.4941743755302994,11257.0,1.4611872146119254,0.0822368421052655,2.3601398601398538,5.834186284544507
2011-11-24,2011,,,26.0,50.8,,,3.1,1.0,0.0,13.4,,1.5,1.1,1.8,,,National,50.8,50230.0,1.1,2.420325020900016,11447.0,4.590459045904605,6.162695152013198,3.672075149445031,17.698259187620536,49700.0,0.8,-0.08644432382445277,11339.0,5.277525022748009,6.98653198653203,4.41558441558445,20.1335877862592,49282.0,1.7,-0.37801451414016807,11256.0,4.466727438468565,4.837364470392047,4.003481288076527,17.117988394584096,49043.0,-1.4,1.4941743755302994,11257.0,1.4611872146119254,0.0822368421052655,2.3601398601398538,5.834186284544507
2011-11-24,2011,,,23.5,49.5,,,6.5,1.5,0.5,14.5,,1.0,0.5,,,,National,49.5,50230.0,1.1,2.420325020900016,11447.0,4.590459045904605,6.162695152013198,3.672075149445031,17.698259187620536,49700.0,0.8,-0.08644432382445277,11339.0,5.277525022748009,6.98653198653203,4.41558441558445,20.1335877862592,49282.0,1.7,-0.37801451414016807,11256.0,4.466727438468565,4.837364470392047,4.003481288076527,17.117988394584096,49043.0,-1.4,1.4941743755302994,11257.0,1.4611872146119254,0.0822368421052655,2.3601398601398538,5.834186284544507
2011-11-26,2014,,,27.48,47.31,,,6.59,1.07,0.6,11.06,,1.43,1.08,2.65,,,National,47.31,50230.0,1.1,2.420325020900016,11447.0,4.590459045904605,6.162695152013198,3.672075149445031,17.698259187620536,49700.0,0.8,-0.08644432382445277,11339.0,5.277525022748009,6.98653198653203,4.41558441558445,20.1335877862592,49282.0,1.7,-0.37801451414016807,11256.0,4.466727438468565,4.837364470392047,4.003481288076527,17.117988394584096,49043.0,-1.4,1.4941743755302994,11257.0,1.4611872146119254,0.0822368421052655,2.3601398601398538,5.834186284544507
2011-11-26,2011,,,27.48,47.31,,,6.59,1.07,0.6,11.06,,1.43,1.08,2.65,,,National,47.31,50230.0,1.1,2.420325020900016,11447.0,4.590459045904605,6.162695152013198,3.672075149445031,17.698259187620536,49700.0,0.8,-0.08644432382445277,11339.0,5.277525022748009,6.98653198653203,4.41558441558445,20.1335877862592,49282.0,1.7,-0.37801451414016807,11256.0,4.466727438468565,4.837364470392047,4.003481288076527,17.117988394584096,49043.0,-1.4,1.4941743755302994,11257.0,1.4611872146119254,0.0822368421052655,2.3601398601398538,5.834186284544507
2012-01-15,2014,,,27.5,47.0,,,5.0,0.5,0.5,14.5,,1.5,1.0,,,,National,47.0,50647.0,0.8,4.510843771279993,11522.0,1.8469656992085026,1.690821256038677,2.3529411764705355,11.231884057970841,50230.0,1.1,2.420325020900016,11447.0,4.590459045904605,6.162695152013198,3.672075149445031,17.698259187620536,49700.0,0.8,-0.08644432382445277,11339.0,5.277525022748009,6.98653198653203,4.41558441558445,20.1335877862592,48461.0,-1.2,-0.8977505112474415,11094.0,4.025617566331197,4.6335299073294145,3.8394415357766665,14.167528438469557
2012-01-29,2014,,,30.5,46.0,,,5.5,0.5,0.5,13.0,,2.0,0.5,,,,National,46.0,50647.0,0.8,4.510843771279993,11522.0,1.8469656992085026,1.690821256038677,2.3529411764705355,11.231884057970841,50230.0,1.1,2.420325020900016,11447.0,4.590459045904605,6.162695152013198,3.672075149445031,17.698259187620536,49700.0,0.8,-0.08644432382445277,11339.0,5.277525022748009,6.98653198653203,4.41558441558445,20.1335877862592,48461.0,-1.2,-0.8977505112474415,11094.0,4.025617566331197,4.6335299073294145,3.8394415357766665,14.167528438469557
2012-02-12,2014,,,31.0,45.5,,,6.0,1.0,0.5,11.5,,1.5,1.0,,,,National,45.5,50647.0,0.8,4.510843771279993,11522.0,1.8469656992085026,1.690821256038677,2.3529411764705355,11.231884057970841,50230.0,1.1,2.420325020900016,11447.0,4.590459045904605,6.162695152013198,3.672075149445031,17.698259187620536,49700.0,0.8,-0.08644432382445277,11339.0,5.277525022748009,6.98653198653203,4.41558441558445,20.1335877862592,48461.0,-1.2,-0.8977505112474415,11094.0,4.025617566331197,4.6335299073294145,3.8394415357766665,14.167528438469557
2012-02-19,2014,,,29.4,46.5,,,5.0,0.2,,13.3,,1.3,1.3,1.4,,,National,46.5,50647.0,0.8,4.510843771279993,11522.0,1.8469656992085026,1.690821256038677,2.3529411764705355,11.231884057970841,50230.0,1.1,2.420325020900016,11447.0,4.590459045904605,6.162695152013198,3.672075149445031,17.698259187620536,49700.0,0.8,-0.08644432382445277,11339.0,5.277525022748009,6.98653198653203,4.41558441558445,20.1335877862592,48461.0,-1.2,-0.8977505112474415,11094.0,4.025617566331197,4.6335299073294145,3.8394415357766665,14.167528438469557
2012-02-26,2014,,,31.5,45.5,,,5.0,0.5,0.5,13.0,,1.5,1.0,,,,National,45.5,50647.0,0.8,4.510843771279993,11522.0,1.8469656992085026,1.690821256038677,2.3529411764705355,11.231884057970841,50230.0,1.1,2.420325020900016,11447.0,4.590459045904605,6.162695152013198,3.672075149445031,17.698259187620536,49700.0,0.8,-0.08644432382445277,11339.0,5.277525022748009,6.98653198653203,4.41558441558445,20.1335877862592,48461.0,-1.2,-0.8977505112474415,11094.0,4.025617566331197,4.6335299073294145,3.8394415357766665,14.167528438469557
2012-03-11,2014,,,30.0,48.5,,,5.0,0.5,0.5,12.5,,1.0,0.5,,,,National,48.5,50647.0,0.8,4.510843771279993,11522.0,1.8469656992085026,1.690821256038677,2.3529411764705355,11.231884057970841,50230.0,1.1,2.420325020900016,11447.0,4.590459045904605,6.162695152013198,3.672075149445031,17.698259187620536,49700.0,0.8,-0.08644432382445277,11339.0,5.277525022748009,6.98653198653203,4.41558441558445,20.1335877862592,48461.0,-1.2,-0.8977505112474415,11094.0,4.025617566331197,4.6335299073294145,3.8394415357766665,14.167528438469557
2012-03-28,2014,,,29.0,51.0,,,3.1,0.5,0.2,11.0,,0.9,1.0,1.4,,,National,51.0,50647.0,0.8,4.510843771279993,11522.0,1.8469656992085026,1.690821256038677,2.3529411764705355,11.231884057970841,50230.0,1.1,2.420325020900016,11447.0,4.590459045904605,6.162695152013198,3.672075149445031,17.698259187620536,49700.0,0.8,-0.08644432382445277,11339.0,5.277525022748009,6.98653198653203,4.41558441558445,20.1335877862592,48461.0,-1.2,-0.8977505112474415,11094.0,4.025617566331197,4.6335299073294145,3.8394415357766665,14.167528438469557
2012-04-01,2014,,,30.5,44.0,,,5.0,0.5,0.5,17.0,,1.5,0.5,,,,National,44.0,50746.0,0.2,2.9706586583336803,11526.0,1.570680628272192,0.6364359586316537,2.594142259414256,3.7159372419486747,50647.0,0.8,4.510843771279993,11522.0,1.8469656992085026,1.690821256038677,2.3529411764705355,11.231884057970841,50230.0,1.1,2.420325020900016,11447.0,4.590459045904605,6.162695152013198,3.672075149445031,17.698259187620536,49282.0,1.7,-0.37801451414016807,11256.0,4.466727438468565,4.837364470392047,4.003481288076527,17.117988394584096
2012-04-15,2014,,,26.5,49.5,,,6.5,,1.0,12.5,,1.5,1.0,,,,National,49.5,50746.0,0.2,2.9706586583336803,11526.0,1.570680628272192,0.6364359586316537,2.594142259414256,3.7159372419486747,50647.0,0.8,4.510843771279993,11522.0,1.8469656992085026,1.690821256038677,2.3529411764705355,11.231884057970841,50230.0,1.1,2.420325020900016,11447.0,4.590459045904605,6.162695152013198,3.672075149445031,17.698259187620536,49282.0,1.7,-0.37801451414016807,11256.0,4.466727438468565,4.837364470392047,4.003481288076527,17.117988394584096
2012-04-22,2014,,,29.4,49.8,,,2.3,0.2,,14.1,,1.6,0.9,1.1,,,National,49.8,50746.0,0.2,2.9706586583336803,11526.0,1.570680628272192,0.6364359586316537,2.594142259414256,3.7159372419486747,50647.0,0.8,4.510843771279993,11522.0,1.8469656992085026,1.690821256038677,2.3529411764705355,11.231884057970841,50230.0,1.1,2.420325020900016,11447.0,4.590459045904605,6.162695152013198,3.672075149445031,17.698259187620536,49282.0,1.7,-0.37801451414016807,11256.0,4.466727438468565,4.837364470392047,4.003481288076527,17.117988394584096
2012-04-29,2014,,,34.8,48.1,,,4.9,0.0,0.7,9.2,,1.7,0.1,0.1,,,National,48.1,50746.0,0.2,2.9706586583336803,11526.0,1.570680628272192,0.6364359586316537,2.594142259414256,3.7159372419486747,50647.0,0.8,4.510843771279993,11522.0,1.8469656992085026,1.690821256038677,2.3529411764705355,11.231884057970841,50230.0,1.1,2.420325020900016,11447.0,4.590459045904605,6.162695152013198,3.672075149445031,17.698259187620536,49282.0,1.7,-0.37801451414016807,11256.0,4.466727438468565,4.837364470392047,4.003481288076527,17.117988394584096
2012-04-29,2014,,,28.5,47.0,,,5.0,0.5,0.5,15.0,,1.5,0.5,,,,National,47.0,50746.0,0.2,2.9706586583336803,11526.0,1.570680628272192,0.6364359586316537,2.594142259414256,3.7159372419486747,50647.0,0.8,4.510843771279993,11522.0,1.8469656992085026,1.690821256038677,2.3529411764705355,11.231884057970841,50230.0,1.1,2.420325020900016,11447.0,4.590459045904605,6.162695152013198,3.672075149445031,17.698259187620536,49282.0,1.7,-0.37801451414016807,11256.0,4.466727438468565,4.837364470392047,4.003481288076527,17.117988394584096
2012-05-13,2014,,,30.0,44.5,,,5.5,,1.0,15.0,,1.0,0.5,,,,National,44.5,50746.0,0.2,2.9706586583336803,11526.0,1.570680628272192,0.6364359586316537,2.594142259414256,3.7159372419486747,50647.0,0.8,4.510843771279993,11522.0,1.8469656992085026,1.690821256038677,2.3529411764705355,11.231884057970841,50230.0,1.1,2.420325020900016,11447.0,4.590459045904605,6.162695152013198,3.672075149445031,17.698259187620536,49282.0,1.7,-0.37801451414016807,11256.0,4.466727438468565,4.837364470392047,4.003481288076527,17.117988394584096
2012-05-27,2014,,,30.5,44.0,,,5.0,1.0,0.5,13.5,,2.0,1.0,,,,National,44.0,50746.0,0.2,2.9706586583336803,11526.0,1.570680628272192,0.6364359586316537,2.594142259414256,3.7159372419486747,50647.0,0.8,4.510843771279993,11522.0,1.8469656992085026,1.690821256038677,2.3529411764705355,11.231884057970841,50230.0,1.1,2.420325020900016,11447.0,4.590459045904605,6.162695152013198,3.672075149445031,17.698259187620536,49282.0,1.7,-0.37801451414016807,11256.0,4.466727438468565,4.837364470392047,4.003481288076527,17.117988394584096
2012-06-07,2014,,,31.0,46.0,,,5.5,,0.5,12.5,,1.5,1.0,,,,National,46.0,50746.0,0.2,2.9706586583336803,11526.0,1.570680628272192,0.6364359586316537,2.594142259414256,3.7159372419486747,50647.0,0.8,4.510843771279993,11522.0,1.8469656992085026,1.690821256038677,2.3529411764705355,11.231884057970841,50230.0,1.1,2.420325020900016,11447.0,4.590459045904605,6.162695152013198,3.672075149445031,17.698259187620536,49282.0,1.7,-0.37801451414016807,11256.0,4.466727438468565,4.837364470392047,4.003481288076527,17.117988394584096
2012-06-10,2014,,,33.2,45.8,,,2.8,0.5,,14.4,,1.4,0.3,1.1,,,National,45.8,50746.0,0.2,2.9706586583336803,11526.0,1.570680628272192,0.6364359586316537,2.594142259414256,3.7159372419486747,50647.0,0.8,4.510843771279993,11522.0,1.8469656992085026,1.690821256038677,2.3529411764705355,11.231884057970841,50230.0,1.1,2.420325020900016,11447.0,4.590459045904605,6.162695152013198,3.672075149445031,17.698259187620536,49282.0,1.7,-0.37801451414016807,11256.0,4.466727438468565,4.837364470392047,4.003481288076527,17.117988394584096
2012-06-24,2014,,,32.0,47.5,,,4.0,0.5,0.5,12.0,,1.5,0.5,,,,National,47.5,50746.0,0.2,2.9706586583336803,11526.0,1.570680628272192,0.6364359586316537,2.594142259414256,3.7159372419486747,50647.0,0.8,4.510843771279993,11522.0,1.8469656992085026,1.690821256038677,2.3529411764705355,11.231884057970841,50230.0,1.1,2.420325020900016,11447.0,4.590459045904605,6.162695152013198,3.672075149445031,17.698259187620536,49282.0,1.7,-0.37801451414016807,11256.0,4.466727438468565,4.837364470392047,4.003481288076527,17.117988394584096
2012-06-25,2014,,,34.0,47.5,,,4.4,0.5,0.5,9.1,,1.3,1.7,0.5,,,National,47.5,50746.0,0.2,2.9706586583336803,11526.0,1.570680628272192,0.6364359586316537,2.594142259414256,3.7159372419486747,50647.0,0.8,4.510843771279993,11522.0,1.8469656992085026,1.690821256038677,2.3529411764705355,11.231884057970841,50230.0,1.1,2.420325020900016,11447.0,4.590459045904605,6.162695152013198,3.672075149445031,17.698259187620536,49282.0,1.7,-0.37801451414016807,11256.0,4.466727438468565,4.837364470392047,4.003481288076527,17.117988394584096
2012-06-30,2014,,,33.0,47.0,,,2.2,0.7,0.0,13.0,,1.3,1.0,1.4,,,National,47.0,51073.0,0.6,2.7625754527162982,11588.0,0.9507346585997611,-0.39339103068445347,2.653399668325007,0.1588562351077405,50746.0,0.2,2.9706586583336803,11526.0,1.570680628272192,0.6364359586316537,2.594142259414256,3.7159372419486747,50647.0,0.8,4.510843771279993,11522.0,1.8469656992085026,1.690821256038677,2.3529411764705355,11.231884057970841,49700.0,0.8,-0.08644432382445277,11339.0,5.277525022748009,6.98653198653203,4.41558441558445,20.1335877862592
2012-07-08,2014,,,32.5,45.5,,,4.5,0.5,0.5,13.0,,1.0,0.5,,,,National,45.5,51073.0,0.6,2.7625754527162982,11588.0,0.9507346585997611,-0.39339103068445347,2.653399668325007,0.1588562351077405,50746.0,0.2,2.9706586583336803,11526.0,1.570680628272192,0.6364359586316537,2.594142259414256,3.7159372419486747,50647.0,0.8,4.510843771279993,11522.0,1.8469656992085026,1.690821256038677,2.3529411764705355,11.231884057970841,49700.0,0.8,-0.08644432382445277,11339.0,5.277525022748009,6.98653198653203,4.41558441558445,20.1335877862592
2012-07-22,2014,,,30.0,47.5,,,5.5,1.0,0.5,11.0,,1.0,0.5,3.0,,,National,47.5,51073.0,0.6,2.7625754527162982,11588.0,0.9507346585997611,-0.39339103068445347,2.653399668325007,0.1588562351077405,50746.0,0.2,2.9706586583336803,11526.0,1.570680628272192,0.6364359586316537,2.594142259414256,3.7159372419486747,50647.0,0.8,4.510843771279993,11522.0,1.8469656992085026,1.690821256038677,2.3529411764705355,11.231884057970841,49700.0,0.8,-0.08644432382445277,11339.0,5.277525022748009,6.98653198653203,4.41558441558445,20.1335877862592
2012-07-23,2014,,,32.6,44.9,,,3.6,0.6,0.1,11.9,,2.7,1.2,0.7,,,National,44.9,51073.0,0.6,2.7625754527162982,11588.0,0.9507346585997611,-0.39339103068445347,2.653399668325007,0.1588562351077405,50746.0,0.2,2.9706586583336803,11526.0,1.570680628272192,0.6364359586316537,2.594142259414256,3.7159372419486747,50647.0,0.8,4.510843771279993,11522.0,1.8469656992085026,1.690821256038677,2.3529411764705355,11.231884057970841,49700.0,0.8,-0.08644432382445277,11339.0,5.277525022748009,6.98653198653203,4.41558441558445,20.1335877862592
2012-08-01,2014,,,32.0,48.0,,,2.5,0.5,0.1,12.0,,2.3,0.4,0.9,,,National,48.0,51073.0,0.6,2.7625754527162982,11588.0,0.9507346585997611,-0.39339103068445347,2.653399668325007,0.1588562351077405,50746.0,0.2,2.9706586583336803,11526.0,1.570680628272192,0.6364359586316537,2.594142259414256,3.7159372419486747,50647.0,0.8,4.510843771279993,11522.0,1.8469656992085026,1.690821256038677,2.3529411764705355,11.231884057970841,49700.0,0.8,-0.08644432382445277,11339.0,5.277525022748009,6.98653198653203,4.41558441558445,20.1335877862592
2012-08-05,2014,,,30.8,50.6,,,3.0,0.1,,11.2,,1.6,0.2,1.7,,,National,50.6,51073.0,0.6,2.7625754527162982,11588.0,0.9507346585997611,-0.39339103068445347,2.653399668325007,0.1588562351077405,50746.0,0.2,2.9706586583336803,11526.0,1.570680628272192,0.6364359586316537,2.594142259414256,3.7159372419486747,50647.0,0.8,4.510843771279993,11522.0,1.8469656992085026,1.690821256038677,2.3529411764705355,11.231884057970841,49700.0,0.8,-0.08644432382445277,11339.0,5.277525022748009,6.98653198653203,4.41558441558445,20.1335877862592
2012-08-05,2014,,,32.0,44.0,,,4.0,0.5,0.5,14.0,,2.0,1.0,1.5,,,National,44.0,51073.0,0.6,2.7625754527162982,11588.0,0.9507346585997611,-0.39339103068445347,2.653399668325007,0.1588562351077405,50746.0,0.2,2.9706586583336803,11526.0,1.570680628272192,0.6364359586316537,2.594142259414256,3.7159372419486747,50647.0,0.8,4.510843771279993,11522.0,1.8469656992085026,1.690821256038677,2.3529411764705355,11.231884057970841,49700.0,0.8,-0.08644432382445277,11339.0,5.277525022748009,6.98653198653203,4.41558441558445,20.1335877862592
2012-08-26,2014,,,32.0,44.5,,,5.0,1.0,,14.5,,2.5,,0.5,,,National,44.5,51073.0,0.6,2.7625754527162982,11588.0,0.9507346585997611,-0.39339103068445347,2.653399668325007,0.1588562351077405,50746.0,0.2,2.9706586583336803,11526.0,1.570680628272192,0.6364359586316537,2.594142259414256,3.7159372419486747,50647.0,0.8,4.510843771279993,11522.0,1.8469656992085026,1.690821256038677,2.3529411764705355,11.231884057970841,49700.0,0.8,-0.08644432382445277,11339.0,5.277525022748009,6.98653198653203,4.41558441558445,20.1335877862592
2012-08-31,2014,,,32.0,47.9,,,5.5,0.2,0.3,10.7,,1.5,0.3,1.4,,,National,47.9,51073.0,0.6,2.7625754527162982,11588.0,0.9507346585997611,-0.39339103068445347,2.653399668325007,0.1588562351077405,50746.0,0.2,2.9706586583336803,11526.0,1.570680628272192,0.6364359586316537,2.594142259414256,3.7159372419486747,50647.0,0.8,4.510843771279993,11522.0,1.8469656992085026,1.690821256038677,2.3529411764705355,11.231884057970841,49700.0,0.8,-0.08644432382445277,11339.0,5.277525022748009,6.98653198653203,4.41558441558445,20.1335877862592
2012-09-09,2014,,,31.0,46.5,,,4.5,0.5,,12.5,,2.5,1.0,1.0,,,National,46.5,51073.0,0.6,2.7625754527162982,11588.0,0.9507346585997611,-0.39339103068445347,2.653399668325007,0.1588562351077405,50746.0,0.2,2.9706586583336803,11526.0,1.570680628272192,0.6364359586316537,2.594142259414256,3.7159372419486747,50647.0,0.8,4.510843771279993,11522.0,1.8469656992085026,1.690821256038677,2.3529411764705355,11.231884057970841,49700.0,0.8,-0.08644432382445277,11339.0,5.277525022748009,6.98653198653203,4.41558441558445,20.1335877862592
2012-09-19,2014,,,34.0,45.0,,,1.8,0.9,0.1,12.0,,2.9,0.6,2.0,,,National,45.0,51073.0,0.6,2.7625754527162982,11588.0,0.9507346585997611,-0.39339103068445347,2.653399668325007,0.1588562351077405,50746.0,0.2,2.9706586583336803,11526.0,1.570680628272192,0.6364359586316537,2.594142259414256,3.7159372419486747,50647.0,0.8,4.510843771279993,11522.0,1.8469656992085026,1.690821256038677,2.3529411764705355,11.231884057970841,49700.0,0.8,-0.08644432382445277,11339.0,5.277525022748009,6.98653198653203,4.41558441558445,20.1335877862592
2012-09-23,2014,,,33.0,43.5,,,5.0,0.5,,11.5,,2.5,1.5,2.0,,,National,43.5,51073.0,0.6,2.7625754527162982,11588.0,0.9507346585997611,-0.39339103068445347,2.653399668325007,0.1588562351077405,50746.0,0.2,2.9706586583336803,11526.0,1.570680628272192,0.6364359586316537,2.594142259414256,3.7159372419486747,50647.0,0.8,4.510843771279993,11522.0,1.8469656992085026,1.690821256038677,2.3529411764705355,11.231884057970841,49700.0,0.8,-0.08644432382445277,11339.0,5.277525022748009,6.98653198653203,4.41558441558445,20.1335877862592
2012-10-07,2014,,,33.5,41.5,,,6.5,0.5,0.5,13.5,,1.5,,2.0,,,National,41.5,51392.0,0.6,2.313358550666922,11649.0,0.7745266781410631,-0.9287925696594757,2.8006589785831704,2.6294165981924245,51073.0,0.6,2.7625754527162982,11588.0,0.9507346585997611,-0.39339103068445347,2.653399668325007,0.1588562351077405,50746.0,0.2,2.9706586583336803,11526.0,1.570680628272192,0.6364359586316537,2.594142259414256,3.7159372419486747,50230.0,1.1,2.420325020900016,11447.0,4.590459045904605,6.162695152013198,3.672075149445031,17.698259187620536
2012-10-14,2014,,,33.0,48.8,,,3.2,0.1,,10.6,,1.5,0.1,2.0,,,National,48.8,51392.0,0.6,2.313358550666922,11649.0,0.7745266781410631,-0.9287925696594757,2.8006589785831704,2.6294165981924245,51073.0,0.6,2.7625754527162982,11588.0,0.9507346585997611,-0.39339103068445347,2.653399668325007,0.1588562351077405,50746.0,0.2,2.9706586583336803,11526.0,1.570680628272192,0.6364359586316537,2.594142259414256,3.7159372419486747,50230.0,1.1,2.420325020900016,11447.0,4.590459045904605,6.162695152013198,3.672075149445031,17.698259187620536
2012-10-24,2014,,,29.0,43.5,,,7.5,0.5,,13.0,,3.5,0.5,2.0,,,National,43.5,51392.0,0.6,2.313358550666922,11649.0,0.7745266781410631,-0.9287925696594757,2.8006589785831704,2.6294165981924245,51073.0,0.6,2.7625754527162982,11588.0,0.9507346585997611,-0.39339103068445347,2.653399668325007,0.1588562351077405,50746.0,0.2,2.9706586583336803,11526.0,1.570680628272192,0.6364359586316537,2.594142259414256,3.7159372419486747,50230.0,1.1,2.420325020900016,11447.0,4.590459045904605,6.162695152013198,3.672075149445031,17.698259187620536
2012-10-31,2014,,,32.0,45.0,,,4.9,0.6,0.2,12.0,,2.2,1.0,1.0,,,National,45.0,51392.0,0.6,2.313358550666922,11649.0,0.7745266781410631,-0.9287925696594757,2.8006589785831704,2.6294165981924245,51073.0,0.6,2.7625754527162982,11588.0,0.9507346585997611,-0.39339103068445347,2.653399668325007,0.1588562351077405,50746.0,0.2,2.9706586583336803,11526.0,1.570680628272192,0.6364359586316537,2.594142259414256,3.7159372419486747,50230.0,1.1,2.420325020900016,11447.0,4.590459045904605,6.162695152013198,3.672075149445031,17.698259187620536
2012-11-11,2014,,,32.5,45.5,,,5.0,0.5,0.5,10.5,,2.0,1.0,1.5,,,National,45.5,51392.0,0.6,2.313358550666922,11649.0,0.7745266781410631,-0.9287925696594757,2.8006589785831704,2.6294165981924245,51073.0,0.6,2.7625754527162982,11588.0,0.9507346585997611,-0.39339103068445347,2.653399668325007,0.1588562351077405,50746.0,0.2,2.9706586583336803,11526.0,1.570680628272192,0.6364359586316537,2.594142259414256,3.7159372419486747,50230.0,1.1,2.420325020900016,11447.0,4.590459045904605,6.162695152013198,3.672075149445031,17.698259187620536
2012-11-25,2014,,,31.5,45.0,,,6.5,0.5,0.5,13.5,,1.0,,1.5,,,National,45.0,51392.0,0.6,2.313358550666922,11649.0,0.7745266781410631,-0.9287925696594757,2.8006589785831704,2.6294165981924245,51073.0,0.6,2.7625754527162982,11588.0,0.9507346585997611,-0.39339103068445347,2.653399668325007,0.1588562351077405,50746.0,0.2,2.9706586583336803,11526.0,1.570680628272192,0.6364359586316537,2.594142259414256,3.7159372419486747,50230.0,1.1,2.420325020900016,11447.0,4.590459045904605,6.162695152013198,3.672075149445031,17.698259187620536
2012-11-28,2014,,,35.0,44.0,,,3.6,0.6,0.5,13.0,,0.7,0.3,1.3,,,National,44.0,51392.0,0.6,2.313358550666922,11649.0,0.7745266781410631,-0.9287925696594757,2.8006589785831704,2.6294165981924245,51073.0,0.6,2.7625754527162982,11588.0,0.9507346585997611,-0.39339103068445347,2.653399668325007,0.1588562351077405,50746.0,0.2,2.9706586583336803,11526.0,1.570680628272192,0.6364359586316537,2.594142259414256,3.7159372419486747,50230.0,1.1,2.420325020900016,11447.0,4.590459045904605,6.162695152013198,3.672075149445031,17.698259187620536
2012-12-02,2014,,,34.6,47.0,,,2.0,0.2,,12.9,,1.2,0.1,0.7,,,National,47.0,51392.0,0.6,2.313358550666922,11649.0,0.7745266781410631,-0.9287925696594757,2.8006589785831704,2.6294165981924245,51073.0,0.6,2.7625754527162982,11588.0,0.9507346585997611,-0.39339103068445347,2.653399668325007,0.1588562351077405,50746.0,0.2,2.9706586583336803,11526.0,1.570680628272192,0.6364359586316537,2.594142259414256,3.7159372419486747,50230.0,1.1,2.420325020900016,11447.0,4.590459045904605,6.162695152013198,3.672075149445031,17.698259187620536
2012-12-03,2014,,,34.4,46.2,,,3.8,0.0,0.2,10.5,,1.3,0.6,1.4,,,National,46.2,51392.0,0.6,2.313358550666922,11649.0,0.7745266781410631,-0.9287925696594757,2.8006589785831704,2.6294165981924245,51073.0,0.6,2.7625754527162982,11588.0,0.9507346585997611,-0.39339103068445347,2.653399668325007,0.1588562351077405,50746.0,0.2,2.9706586583336803,11526.0,1.570680628272192,0.6364359586316537,2.594142259414256,3.7159372419486747,50230.0,1.1,2.420325020900016,11447.0,4.590459045904605,6.162695152013198,3.672075149445031,17.698259187620536
2012-12-09,2014,,,33.5,45.5,,,5.0,1.0,,11.0,,1.5,1.0,1.0,,,National,45.5,51392.0,0.6,2.313358550666922,11649.0,0.7745266781410631,-0.9287925696594757,2.8006589785831704,2.6294165981924245,51073.0,0.6,2.7625754527162982,11588.0,0.9507346585997611,-0.39339103068445347,2.653399668325007,0.1588562351077405,50746.0,0.2,2.9706586583336803,11526.0,1.570680628272192,0.6364359586316537,2.594142259414256,3.7159372419486747,50230.0,1.1,2.420325020900016,11447.0,4.590459045904605,6.162695152013198,3.672075149445031,17.698259187620536
2013-01-14,2014,,,31.5,46.0,,,5.0,0.5,0.5,12.0,,2.0,0.5,1.5,,,National,46.0,51967.0,1.1,2.6062748040357686,11755.0,0.9499136442140843,-0.4750593824227711,3.0377668308703587,0.8957654723128483,51392.0,0.6,2.313358550666922,11649.0,0.7745266781410631,-0.9287925696594757,2.8006589785831704,2.6294165981924245,51073.0,0.6,2.7625754527162982,11588.0,0.9507346585997611,-0.39339103068445347,2.653399668325007,0.1588562351077405,50647.0,0.8,4.510843771279993,11522.0,1.8469656992085026,1.690821256038677,2.3529411764705355,11.231884057970841
2013-01-27,2014,,,31.5,46.0,,,5.5,0.5,,13.5,,1.5,0.5,0.5,,,National,46.0,51967.0,1.1,2.6062748040357686,11755.0,0.9499136442140843,-0.4750593824227711,3.0377668308703587,0.8957654723128483,51392.0,0.6,2.313358550666922,11649.0,0.7745266781410631,-0.9287925696594757,2.8006589785831704,2.6294165981924245,51073.0,0.6,2.7625754527162982,11588.0,0.9507346585997611,-0.39339103068445347,2.653399668325007,0.1588562351077405,50647.0,0.8,4.510843771279993,11522.0,1.8469656992085026,1.690821256038677,2.3529411764705355,11.231884057970841
2013-02-10,2014,,,34.5,44.0,,,4.0,0.5,0.0,13.5,,0.5,0.5,2.0,,,National,44.0,51967.0,1.1,2.6062748040357686,11755.0,0.9499136442140843,-0.4750593824227711,3.0377668308703587,0.8957654723128483,51392.0,0.6,2.313358550666922,11649.0,0.7745266781410631,-0.9287925696594757,2.8006589785831704,2.6294165981924245,51073.0,0.6,2.7625754527162982,11588.0,0.9507346585997611,-0.39339103068445347,2.653399668325007,0.1588562351077405,50647.0,0.8,4.510843771279993,11522.0,1.8469656992085026,1.690821256038677,2.3529411764705355,11.231884057970841
2013-02-13,2014,,,33.0,49.0,,,3.9,0.1,0.2,11.0,,1.0,0.5,0.9,,,National,49.0,51967.0,1.1,2.6062748040357686,11755.0,0.9499136442140843,-0.4750593824227711,3.0377668308703587,0.8957654723128483,51392.0,0.6,2.313358550666922,11649.0,0.7745266781410631,-0.9287925696594757,2.8006589785831704,2.6294165981924245,51073.0,0.6,2.7625754527162982,11588.0,0.9507346585997611,-0.39339103068445347,2.653399668325007,0.1588562351077405,50647.0,0.8,4.510843771279993,11522.0,1.8469656992085026,1.690821256038677,2.3529411764705355,11.231884057970841
2013-02-14,2014,,,36.3,44.9,,,2.8,0.4,0.1,10.7,,1.3,1.4,1.6,,,National,44.9,51967.0,1.1,2.6062748040357686,11755.0,0.9499136442140843,-0.4750593824227711,3.0377668308703587,0.8957654723128483,51392.0,0.6,2.313358550666922,11649.0,0.7745266781410631,-0.9287925696594757,2.8006589785831704,2.6294165981924245,51073.0,0.6,2.7625754527162982,11588.0,0.9507346585997611,-0.39339103068445347,2.653399668325007,0.1588562351077405,50647.0,0.8,4.510843771279993,11522.0,1.8469656992085026,1.690821256038677,2.3529411764705355,11.231884057970841
2013-02-24,2014,,,32.6,51.4,,,3.4,0.1,,10.8,,0.4,0.0,0.9,,,National,51.4,51967.0,1.1,2.6062748040357686,11755.0,0.9499136442140843,-0.4750593824227711,3.0377668308703587,0.8957654723128483,51392.0,0.6,2.313358550666922,11649.0,0.7745266781410631,-0.9287925696594757,2.8006589785831704,2.6294165981924245,51073.0,0.6,2.7625754527162982,11588.0,0.9507346585997611,-0.39339103068445347,2.653399668325007,0.1588562351077405,50647.0,0.8,4.510843771279993,11522.0,1.8469656992085026,1.690821256038677,2.3529411764705355,11.231884057970841
2013-02-24,2014,,,30.5,47.5,,,3.0,0.5,0.5,12.5,,2.5,0.5,2.0,,,National,47.5,51967.0,1.1,2.6062748040357686,11755.0,0.9499136442140843,-0.4750593824227711,3.0377668308703587,0.8957654723128483,51392.0,0.6,2.313358550666922,11649.0,0.7745266781410631,-0.9287925696594757,2.8006589785831704,2.6294165981924245,51073.0,0.6,2.7625754527162982,11588.0,0.9507346585997611,-0.39339103068445347,2.653399668325007,0.1588562351077405,50647.0,0.8,4.510843771279993,11522.0,1.8469656992085026,1.690821256038677,2.3529411764705355,11.231884057970841
2013-03-10,2014,,,32.5,43.5,,,5.0,0.5,0.5,13.5,,2.0,0.0,2.0,,,National,43.5,51967.0,1.1,2.6062748040357686,11755.0,0.9499136442140843,-0.4750593824227711,3.0377668308703587,0.8957654723128483,51392.0,0.6,2.313358550666922,11649.0,0.7745266781410631,-0.9287925696594757,2.8006589785831704,2.6294165981924245,51073.0,0.6,2.7625754527162982,11588.0,0.9507346585997611,-0.39339103068445347,2.653399668325007,0.1588562351077405,50647.0,0.8,4.510843771279993,11522.0,1.8469656992085026,1.690821256038677,2.3529411764705355,11.231884057970841
2013-03-17,2014,,,36.4,48.5,,,2.5,0.1,,9.0,,1.1,0.5,1.3,,,National,48.5,51967.0,1.1,2.6062748040357686,11755.0,0.9499136442140843,-0.4750593824227711,3.0377668308703587,0.8957654723128483,51392.0,0.6,2.313358550666922,11649.0,0.7745266781410631,-0.9287925696594757,2.8006589785831704,2.6294165981924245,51073.0,0.6,2.7625754527162982,11588.0,0.9507346585997611,-0.39339103068445347,2.653399668325007,0.1588562351077405,50647.0,0.8,4.510843771279993,11522.0,1.8469656992085026,1.690821256038677,2.3529411764705355,11.231884057970841
2013-03-24,2014,,,34.5,44.0,,,3.0,0.5,1.0,13.0,,2.5,0.5,1.0,,,National,44.0,51967.0,1.1,2.6062748040357686,11755.0,0.9499136442140843,-0.4750593824227711,3.0377668308703587,0.8957654723128483,51392.0,0.6,2.313358550666922,11649.0,0.7745266781410631,-0.9287925696594757,2.8006589785831704,2.6294165981924245,51073.0,0.6,2.7625754527162982,11588.0,0.9507346585997611,-0.39339103068445347,2.653399668325007,0.1588562351077405,50647.0,0.8,4.510843771279993,11522.0,1.8469656992085026,1.690821256038677,2.3529411764705355,11.231884057970841
2013-04-14,2014,,,35.5,40.5,,,5.0,0.5,0.5,13.5,,2.0,0.5,1.5,,,National,40.5,52239.0,0.5,2.9421038111378195,11790.0,0.8591065292096411,0.07905138339923123,2.9363784665579207,0.15923566879032514,51967.0,1.1,2.6062748040357686,11755.0,0.9499136442140843,-0.4750593824227711,3.0377668308703587,0.8957654723128483,51392.0,0.6,2.313358550666922,11649.0,0.7745266781410631,-0.9287925696594757,2.8006589785831704,2.6294165981924245,50746.0,0.2,2.9706586583336803,11526.0,1.570680628272192,0.6364359586316537,2.594142259414256,3.7159372419486747
2013-04-18,2014,,,30.2,49.4,,,3.8,0.5,,11.5,,1.0,1.0,2.0,,,National,49.4,52239.0,0.5,2.9421038111378195,11790.0,0.8591065292096411,0.07905138339923123,2.9363784665579207,0.15923566879032514,51967.0,1.1,2.6062748040357686,11755.0,0.9499136442140843,-0.4750593824227711,3.0377668308703587,0.8957654723128483,51392.0,0.6,2.313358550666922,11649.0,0.7745266781410631,-0.9287925696594757,2.8006589785831704,2.6294165981924245,50746.0,0.2,2.9706586583336803,11526.0,1.570680628272192,0.6364359586316537,2.594142259414256,3.7159372419486747
2013-04-18,2014,,,36.0,43.0,,,3.0,0.1,1.0,13.0,,1.3,0.1,1.7,,,National,43.0,52239.0,0.5,2.9421038111378195,11790.0,0.8591065292096411,0.07905138339923123,2.9363784665579207,0.15923566879032514,51967.0,1.1,2.6062748040357686,11755.0,0.9499136442140843,-0.4750593824227711,3.0377668308703587,0.8957654723128483,51392.0,0.6,2.313358550666922,11649.0,0.7745266781410631,-0.9287925696594757,2.8006589785831704,2.6294165981924245,50746.0,0.2,2.9706586583336803,11526.0,1.570680628272192,0.6364359586316537,2.594142259414256,3.7159372419486747
2013-04-28,2014,,,31.5,46.5,,,4.5,0.5,0.5,11.0,,1.5,1.0,2.0,,,National,46.5,52239.0,0.5,2.9421038111378195,11790.0,0.8591065292096411,0.07905138339923123,2.9363784665579207,0.15923566879032514,51967.0,1.1,2.6062748040357686,11755.0,0.9499136442140843,-0.4750593824227711,3.0377668308703587,0.8957654723128483,51392.0,0.6,2.313358550666922,11649.0,0.7745266781410631,-0.9287925696594757,2.8006589785831704,2.6294165981924245,50746.0,0.2,2.9706586583336803,11526.0,1.570680628272192,0.6364359586316537,2.594142259414256,3.7159372419486747
2013-05-12,2014,,,32.0,44.0,,,5.0,1.5,0.5,12.0,,2.0,1.0,1.5,,,National,44.0,52239.0,0.5,2.9421038111378195,11790.0,0.8591065292096411,0.07905138339923123,2.9363784665579207,0.15923566879032514,51967.0,1.1,2.6062748040357686,11755.0,0.9499136442140843,-0.4750593824227711,3.0377668308703587,0.8957654723128483,51392.0,0.6,2.313358550666922,11649.0,0.7745266781410631,-0.9287925696594757,2.8006589785831704,2.6294165981924245,50746.0,0.2,2.9706586583336803,11526.0,1.570680628272192,0.6364359586316537,2.594142259414256,3.7159372419486747
2013-05-22,2014,,,33.0,49.0,,,3.6,0.3,0.7,9.0,,1.3,1.2,1.7,,,National,49.0,52239.0,0.5,2.9421038111378195,11790.0,0.8591065292096411,0.07905138339923123,2.9363784665579207,0.15923566879032514,51967.0,1.1,2.6062748040357686,11755.0,0.9499136442140843,-0.4750593824227711,3.0377668308703587,0.8957654723128483,51392.0,0.6,2.313358550666922,11649.0,0.7745266781410631,-0.9287925696594757,2.8006589785831704,2.6294165981924245,50746.0,0.2,2.9706586583336803,11526.0,1.570680628272192,0.6364359586316537,2.594142259414256,3.7159372419486747
2013-05-23,2014,,,33.1,47.1,,,2.2,0.2,,12.0,,2.2,0.5,1.5,,,National,47.1,52239.0,0.5,2.9421038111378195,11790.0,0.8591065292096411,0.07905138339923123,2.9363784665579207,0.15923566879032514,51967.0,1.1,2.6062748040357686,11755.0,0.9499136442140843,-0.4750593824227711,3.0377668308703587,0.8957654723128483,51392.0,0.6,2.313358550666922,11649.0,0.7745266781410631,-0.9287925696594757,2.8006589785831704,2.6294165981924245,50746.0,0.2,2.9706586583336803,11526.0,1.570680628272192,0.6364359586316537,2.594142259414256,3.7159372419486747
2013-05-23,2014,,,31.9,49.1,,,3.2,0.1,0.3,11.2,,1.6,0.1,1.6,,,National,49.1,52239.0,0.5,2.9421038111378195,11790.0,0.8591065292096411,0.07905138339923123,2.9363784665579207,0.15923566879032514,51967.0,1.1,2.6062748040357686,11755.0,0.9499136442140843,-0.4750593824227711,3.0377668308703587,0.8957654723128483,51392.0,0.6,2.313358550666922,11649.0,0.7745266781410631,-0.9287925696594757,2.8006589785831704,2.6294165981924245,50746.0,0.2,2.9706586583336803,11526.0,1.570680628272192,0.6364359586316537,2.594142259414256,3.7159372419486747
2013-05-26,2014,,,35.0,41.0,,,4.5,0.5,,12.0,,2.0,0.5,2.5,,,National,41.0,52239.0,0.5,2.9421038111378195,11790.0,0.8591065292096411,0.07905138339923123,2.9363784665579207,0.15923566879032514,51967.0,1.1,2.6062748040357686,11755.0,0.9499136442140843,-0.4750593824227711,3.0377668308703587,0.8957654723128483,51392.0,0.6,2.313358550666922,11649.0,0.7745266781410631,-0.9287925696594757,2.8006589785831704,2.6294165981924245,50746.0,0.2,2.9706586583336803,11526.0,1.570680628272192,0.6364359586316537,2.594142259414256,3.7159372419486747
2013-06-16,2014,,,33.0,44.0,,,6.0,0.5,0.0,11.5,,2.0,1.0,2.0,,,National,44.0,52239.0,0.5,2.9421038111378195,11790.0,0.8591065292096411,0.07905138339923123,2.9363784665579207,0.15923566879032514,51967.0,1.1,2.6062748040357686,11755.0,0.9499136442140843,-0.4750593824227711,3.0377668308703587,0.8957654723128483,51392.0,0.6,2.313358550666922,11649.0,0.7745266781410631,-0.9287925696594757,2.8006589785831704,2.6294165981924245,50746.0,0.2,2.9706586583336803,11526.0,1.570680628272192,0.6364359586316537,2.594142259414256,3.7159372419486747
2013-06-23,2014,,,30.9,48.8,,,5.1,0.2,0.3,10.5,,1.8,0.5,1.5,,,National,48.8,52239.0,0.5,2.9421038111378195,11790.0,0.8591065292096411,0.07905138339923123,2.9363784665579207,0.15923566879032514,51967.0,1.1,2.6062748040357686,11755.0,0.9499136442140843,-0.4750593824227711,3.0377668308703587,0.8957654723128483,51392.0,0.6,2.313358550666922,11649.0,0.7745266781410631,-0.9287925696594757,2.8006589785831704,2.6294165981924245,50746.0,0.2,2.9706586583336803,11526.0,1.570680628272192,0.6364359586316537,2.594142259414256,3.7159372419486747
2013-06-30,2014,,,31.5,46.5,,,3.5,,0.5,13.0,,1.5,0.5,2.0,,,National,46.5,51999.0,-0.5,1.8130910657294441,11714.0,0.68493150684934,0.15797788309628302,3.0694668820678617,-2.7755749405233843,52239.0,0.5,2.9421038111378195,11790.0,0.8591065292096411,0.07905138339923123,2.9363784665579207,0.15923566879032514,51967.0,1.1,2.6062748040357686,11755.0,0.9499136442140843,-0.4750593824227711,3.0377668308703587,0.8957654723128483,51073.0,0.6,2.7625754527162982,11588.0,0.9507346585997611,-0.39339103068445347,2.653399668325007,0.1588562351077405
2013-07-14,2014,,,31.0,47.0,,,4.5,0.5,,11.5,,2.0,1.5,1.5,,,National,47.0,51999.0,-0.5,1.8130910657294441,11714.0,0.68493150684934,0.15797788309628302,3.0694668820678617,-2.7755749405233843,52239.0,0.5,2.9421038111378195,11790.0,0.8591065292096411,0.07905138339923123,2.9363784665579207,0.15923566879032514,51967.0,1.1,2.6062748040357686,11755.0,0.9499136442140843,-0.4750593824227711,3.0377668308703587,0.8957654723128483,51073.0,0.6,2.7625754527162982,11588.0,0.9507346585997611,-0.39339103068445347,2.653399668325007,0.1588562351077405
2013-07-14,2014,,,31.0,49.5,,,3.9,0.2,,12.0,,1.6,0.2,1.1,,,National,49.5,51999.0,-0.5,1.8130910657294441,11714.0,0.68493150684934,0.15797788309628302,3.0694668820678617,-2.7755749405233843,52239.0,0.5,2.9421038111378195,11790.0,0.8591065292096411,0.07905138339923123,2.9363784665579207,0.15923566879032514,51967.0,1.1,2.6062748040357686,11755.0,0.9499136442140843,-0.4750593824227711,3.0377668308703587,0.8957654723128483,51073.0,0.6,2.7625754527162982,11588.0,0.9507346585997611,-0.39339103068445347,2.653399668325007,0.1588562351077405
2013-07-28,2014,,,29.0,51.0,,,4.0,1.0,0.0,10.0,,1.5,1.0,1.5,,,National,51.0,51999.0,-0.5,1.8130910657294441,11714.0,0.68493150684934,0.15797788309628302,3.0694668820678617,-2.7755749405233843,52239.0,0.5,2.9421038111378195,11790.0,0.8591065292096411,0.07905138339923123,2.9363784665579207,0.15923566879032514,51967.0,1.1,2.6062748040357686,11755.0,0.9499136442140843,-0.4750593824227711,3.0377668308703587,0.8957654723128483,51073.0,0.6,2.7625754527162982,11588.0,0.9507346585997611,-0.39339103068445347,2.653399668325007,0.1588562351077405
2013-07-31,2014,,,33.0,46.0,,,3.3,0.7,0.2,14.0,,1.6,0.2,0.6,,,National,46.0,51999.0,-0.5,1.8130910657294441,11714.0,0.68493150684934,0.15797788309628302,3.0694668820678617,-2.7755749405233843,52239.0,0.5,2.9421038111378195,11790.0,0.8591065292096411,0.07905138339923123,2.9363784665579207,0.15923566879032514,51967.0,1.1,2.6062748040357686,11755.0,0.9499136442140843,-0.4750593824227711,3.0377668308703587,0.8957654723128483,51073.0,0.6,2.7625754527162982,11588.0,0.9507346585997611,-0.39339103068445347,2.653399668325007,0.1588562351077405
2013-08-11,2014,,,34.0,44.0,,,3.0,0.5,,14.0,,2.0,0.5,1.0,,,National,44.0,51999.0,-0.5,1.8130910657294441,11714.0,0.68493150684934,0.15797788309628302,3.0694668820678617,-2.7755749405233843,52239.0,0.5,2.9421038111378195,11790.0,0.8591065292096411,0.07905138339923123,2.9363784665579207,0.15923566879032514,51967.0,1.1,2.6062748040357686,11755.0,0.9499136442140843,-0.4750593824227711,3.0377668308703587,0.8957654723128483,51073.0,0.6,2.7625754527162982,11588.0,0.9507346585997611,-0.39339103068445347,2.653399668325007,0.1588562351077405
2013-08-15,2014,,,31.6,48.3,,,2.8,0.2,,12.3,,1.0,0.5,1.4,,,National,48.3,51999.0,-0.5,1.8130910657294441,11714.0,0.68493150684934,0.15797788309628302,3.0694668820678617,-2.7755749405233843,52239.0,0.5,2.9421038111378195,11790.0,0.8591065292096411,0.07905138339923123,2.9363784665579207,0.15923566879032514,51967.0,1.1,2.6062748040357686,11755.0,0.9499136442140843,-0.4750593824227711,3.0377668308703587,0.8957654723128483,51073.0,0.6,2.7625754527162982,11588.0,0.9507346585997611,-0.39339103068445347,2.653399668325007,0.1588562351077405
2013-08-25,2014,,,31.5,44.0,,,5.5,0.5,0.5,14.0,,2.0,0.5,1.0,,,National,44.0,51999.0,-0.5,1.8130910657294441,11714.0,0.68493150684934,0.15797788309628302,3.0694668820678617,-2.7755749405233843,52239.0,0.5,2.9421038111378195,11790.0,0.8591065292096411,0.07905138339923123,2.9363784665579207,0.15923566879032514,51967.0,1.1,2.6062748040357686,11755.0,0.9499136442140843,-0.4750593824227711,3.0377668308703587,0.8957654723128483,51073.0,0.6,2.7625754527162982,11588.0,0.9507346585997611,-0.39339103068445347,2.653399668325007,0.1588562351077405
2013-09-08,2014,,,32.5,41.0,,,6.5,1.0,0.5,15.0,,1.0,0.5,1.5,,,National,41.0,51999.0,-0.5,1.8130910657294441,11714.0,0.68493150684934,0.15797788309628302,3.0694668820678617,-2.7755749405233843,52239.0,0.5,2.9421038111378195,11790.0,0.8591065292096411,0.07905138339923123,2.9363784665579207,0.15923566879032514,51967.0,1.1,2.6062748040357686,11755.0,0.9499136442140843,-0.4750593824227711,3.0377668308703587,0.8957654723128483,51073.0,0.6,2.7625754527162982,11588.0,0.9507346585997611,-0.39339103068445347,2.653399668325007,0.1588562351077405
2013-09-18,2014,,,34.0,47.0,,,3.6,0.2,0.3,12.0,,1.3,0.0,0.8,,,National,47.0,51999.0,-0.5,1.8130910657294441,11714.0,0.68493150684934,0.15797788309628302,3.0694668820678617,-2.7755749405233843,52239.0,0.5,2.9421038111378195,11790.0,0.8591065292096411,0.07905138339923123,2.9363784665579207,0.15923566879032514,51967.0,1.1,2.6062748040357686,11755.0,0.9499136442140843,-0.4750593824227711,3.0377668308703587,0.8957654723128483,51073.0,0.6,2.7625754527162982,11588.0,0.9507346585997611,-0.39339103068445347,2.653399668325007,0.1588562351077405
2013-09-23,2014,,,37.7,43.7,,,4.4,0.1,0.0,11.3,,0.8,0.7,1.0,,,National,43.7,51999.0,-0.5,1.8130910657294441,11714.0,0.68493150684934,0.15797788309628302,3.0694668820678617,-2.7755749405233843,52239.0,0.5,2.9421038111378195,11790.0,0.8591065292096411,0.07905138339923123,2.9363784665579207,0.15923566879032514,51967.0,1.1,2.6062748040357686,11755.0,0.9499136442140843,-0.4750593824227711,3.0377668308703587,0.8957654723128483,51073.0,0.6,2.7625754527162982,11588.0,0.9507346585997611,-0.39339103068445347,2.653399668325007,0.1588562351077405
2013-09-29,2014,,,37.0,42.0,,,4.5,0.5,0.5,11.5,,1.0,0.5,2.0,,,National,42.0,51999.0,-0.5,1.8130910657294441,11714.0,0.68493150684934,0.15797788309628302,3.0694668820678617,-2.7755749405233843,52239.0,0.5,2.9421038111378195,11790.0,0.8591065292096411,0.07905138339923123,2.9363784665579207,0.15923566879032514,51967.0,1.1,2.6062748040357686,11755.0,0.9499136442140843,-0.4750593824227711,3.0377668308703587,0.8957654723128483,51073.0,0.6,2.7625754527162982,11588.0,0.9507346585997611,-0.39339103068445347,2.653399668325007,0.1588562351077405
2013-10-13,2014,,,37.0,41.5,,,5.0,0.5,,12.5,,1.5,0.5,0.5,,,National,41.5,52465.0,0.9,2.087873599003731,11790.0,1.3663535439795371,0.7812500000000222,3.205128205128127,3.6829463570858145,51999.0,-0.5,1.8130910657294441,11714.0,0.68493150684934,0.15797788309628302,3.0694668820678617,-2.7755749405233843,52239.0,0.5,2.9421038111378195,11790.0,0.8591065292096411,0.07905138339923123,2.9363784665579207,0.15923566879032514,51392.0,0.6,2.313358550666922,11649.0,0.7745266781410631,-0.9287925696594757,2.8006589785831704,2.6294165981924245
2013-10-23,2014,,,33.6,50.2,,,2.3,0.1,0.1,10.7,,0.7,0.7,0.7,,,National,50.2,52465.0,0.9,2.087873599003731,11790.0,1.3663535439795371,0.7812500000000222,3.205128205128127,3.6829463570858145,51999.0,-0.5,1.8130910657294441,11714.0,0.68493150684934,0.15797788309628302,3.0694668820678617,-2.7755749405233843,52239.0,0.5,2.9421038111378195,11790.0,0.8591065292096411,0.07905138339923123,2.9363784665579207,0.15923566879032514,51392.0,0.6,2.313358550666922,11649.0,0.7745266781410631,-0.9287925696594757,2.8006589785831704,2.6294165981924245
2013-10-23,2014,,,34.0,45.0,,,3.9,0.5,0.1,13.0,,1.4,0.3,1.6,,,National,45.0,52465.0,0.9,2.087873599003731,11790.0,1.3663535439795371,0.7812500000000222,3.205128205128127,3.6829463570858145,51999.0,-0.5,1.8130910657294441,11714.0,0.68493150684934,0.15797788309628302,3.0694668820678617,-2.7755749405233843,52239.0,0.5,2.9421038111378195,11790.0,0.8591065292096411,0.07905138339923123,2.9363784665579207,0.15923566879032514,51392.0,0.6,2.313358550666922,11649.0,0.7745266781410631,-0.9287925696594757,2.8006589785831704,2.6294165981924245
2013-10-27,2014,,,35.5,42.0,,,4.5,1.0,0.5,11.0,,1.5,0.5,2.5,,,National,42.0,52465.0,0.9,2.087873599003731,11790.0,1.3663535439795371,0.7812500000000222,3.205128205128127,3.6829463570858145,51999.0,-0.5,1.8130910657294441,11714.0,0.68493150684934,0.15797788309628302,3.0694668820678617,-2.7755749405233843,52239.0,0.5,2.9421038111378195,11790.0,0.8591065292096411,0.07905138339923123,2.9363784665579207,0.15923566879032514,51392.0,0.6,2.313358550666922,11649.0,0.7745266781410631,-0.9287925696594757,2.8006589785831704,2.6294165981924245
2013-11-07,2014,,,32.2,46.3,,,4.2,0.8,0.1,10.4,,1.2,1.3,2.8,,,National,46.3,52465.0,0.9,2.087873599003731,11790.0,1.3663535439795371,0.7812500000000222,3.205128205128127,3.6829463570858145,51999.0,-0.5,1.8130910657294441,11714.0,0.68493150684934,0.15797788309628302,3.0694668820678617,-2.7755749405233843,52239.0,0.5,2.9421038111378195,11790.0,0.8591065292096411,0.07905138339923123,2.9363784665579207,0.15923566879032514,51392.0,0.6,2.313358550666922,11649.0,0.7745266781410631,-0.9287925696594757,2.8006589785831704,2.6294165981924245
2013-11-10,2014,,,32.0,45.5,,,5.0,,0.5,12.5,,1.0,1.0,1.5,,,National,45.5,52465.0,0.9,2.087873599003731,11790.0,1.3663535439795371,0.7812500000000222,3.205128205128127,3.6829463570858145,51999.0,-0.5,1.8130910657294441,11714.0,0.68493150684934,0.15797788309628302,3.0694668820678617,-2.7755749405233843,52239.0,0.5,2.9421038111378195,11790.0,0.8591065292096411,0.07905138339923123,2.9363784665579207,0.15923566879032514,51392.0,0.6,2.313358550666922,11649.0,0.7745266781410631,-0.9287925696594757,2.8006589785831704,2.6294165981924245
2013-11-24,2014,,,34.0,44.5,,,3.5,0.5,0.5,11.0,,1.0,1.0,2.0,,,National,44.5,52465.0,0.9,2.087873599003731,11790.0,1.3663535439795371,0.7812500000000222,3.205128205128127,3.6829463570858145,51999.0,-0.5,1.8130910657294441,11714.0,0.68493150684934,0.15797788309628302,3.0694668820678617,-2.7755749405233843,52239.0,0.5,2.9421038111378195,11790.0,0.8591065292096411,0.07905138339923123,2.9363784665579207,0.15923566879032514,51392.0,0.6,2.313358550666922,11649.0,0.7745266781410631,-0.9287925696594757,2.8006589785831704,2.6294165981924245
2013-12-08,2014,,,30.5,45.0,,,5.0,,,14.5,,1.5,1.0,2.0,,,National,45.0,52465.0,0.9,2.087873599003731,11790.0,1.3663535439795371,0.7812500000000222,3.205128205128127,3.6829463570858145,51999.0,-0.5,1.8130910657294441,11714.0,0.68493150684934,0.15797788309628302,3.0694668820678617,-2.7755749405233843,52239.0,0.5,2.9421038111378195,11790.0,0.8591065292096411,0.07905138339923123,2.9363784665579207,0.15923566879032514,51392.0,0.6,2.313358550666922,11649.0,0.7745266781410631,-0.9287925696594757,2.8006589785831704,2.6294165981924245
2013-12-17,2014,,,35.4,46.8,,,3.9,0.0,0.0,10.8,,1.3,0.9,0.7,,,National,46.8,52465.0,0.9,2.087873599003731,11790.0,1.3663535439795371,0.7812500000000222,3.205128205128127,3.6829463570858145,51999.0,-0.5,1.8130910657294441,11714.0,0.68493150684934,0.15797788309628302,3.0694668820678617,-2.7755749405233843,52239.0,0.5,2.9421038111378195,11790.0,0.8591065292096411,0.07905138339923123,2.9363784665579207,0.15923566879032514,51392.0,0.6,2.313358550666922,11649.0,0.7745266781410631,-0.9287925696594757,2.8006589785831704,2.6294165981924245
2014-01-19,2014,,,33.5,43.5,,,4.0,,0.5,12.5,,2.0,0.5,2.5,,,National,43.5,52760.0,0.6,1.525968403024991,11809.0,1.6253207869974862,1.2728719172633074,3.1872509960159556,0.8878127522196744,52465.0,0.9,2.087873599003731,11790.0,1.3663535439795371,0.7812500000000222,3.205128205128127,3.6829463570858145,51999.0,-0.5,1.8130910657294441,11714.0,0.68493150684934,0.15797788309628302,3.0694668820678617,-2.7755749405233843,51967.0,1.1,2.6062748040357686,11755.0,0.9499136442140843,-0.4750593824227711,3.0377668308703587,0.8957654723128483
2014-02-02,2014,,,33.5,44.5,,,5.7,0.0,0.0,12.4,,1.0,0.3,2.1,,,National,44.5,52760.0,0.6,1.525968403024991,11809.0,1.6253207869974862,1.2728719172633074,3.1872509960159556,0.8878127522196744,52465.0,0.9,2.087873599003731,11790.0,1.3663535439795371,0.7812500000000222,3.205128205128127,3.6829463570858145,51999.0,-0.5,1.8130910657294441,11714.0,0.68493150684934,0.15797788309628302,3.0694668820678617,-2.7755749405233843,51967.0,1.1,2.6062748040357686,11755.0,0.9499136442140843,-0.4750593824227711,3.0377668308703587,0.8957654723128483
2014-02-02,2014,,,33.0,47.0,,,4.5,,,11.0,,1.5,1.0,1.5,,,National,47.0,52760.0,0.6,1.525968403024991,11809.0,1.6253207869974862,1.2728719172633074,3.1872509960159556,0.8878127522196744,52465.0,0.9,2.087873599003731,11790.0,1.3663535439795371,0.7812500000000222,3.205128205128127,3.6829463570858145,51999.0,-0.5,1.8130910657294441,11714.0,0.68493150684934,0.15797788309628302,3.0694668820678617,-2.7755749405233843,51967.0,1.1,2.6062748040357686,11755.0,0.9499136442140843,-0.4750593824227711,3.0377668308703587,0.8957654723128483
2014-02-10,2014,,,31.8,49.4,,,3.6,0.5,0.1,10.0,,1.1,0.3,2.1,,,National,49.4,52760.0,0.6,1.525968403024991,11809.0,1.6253207869974862,1.2728719172633074,3.1872509960159556,0.8878127522196744,52465.0,0.9,2.087873599003731,11790.0,1.3663535439795371,0.7812500000000222,3.205128205128127,3.6829463570858145,51999.0,-0.5,1.8130910657294441,11714.0,0.68493150684934,0.15797788309628302,3.0694668820678617,-2.7755749405233843,51967.0,1.1,2.6062748040357686,11755.0,0.9499136442140843,-0.4750593824227711,3.0377668308703587,0.8957654723128483
2014-02-16,2014,,,30.0,48.0,,,5.5,1.0,0.5,12.0,,0.5,1.0,1.0,,,National,48.0,52760.0,0.6,1.525968403024991,11809.0,1.6253207869974862,1.2728719172633074,3.1872509960159556,0.8878127522196744,52465.0,0.9,2.087873599003731,11790.0,1.3663535439795371,0.7812500000000222,3.205128205128127,3.6829463570858145,51999.0,-0.5,1.8130910657294441,11714.0,0.68493150684934,0.15797788309628302,3.0694668820678617,-2.7755749405233843,51967.0,1.1,2.6062748040357686,11755.0,0.9499136442140843,-0.4750593824227711,3.0377668308703587,0.8957654723128483
2014-02-19,2014,,,34.0,51.0,,,3.1,0.4,0.3,8.0,,0.9,0.0,1.3,,,National,51.0,52760.0,0.6,1.525968403024991,11809.0,1.6253207869974862,1.2728719172633074,3.1872509960159556,0.8878127522196744,52465.0,0.9,2.087873599003731,11790.0,1.3663535439795371,0.7812500000000222,3.205128205128127,3.6829463570858145,51999.0,-0.5,1.8130910657294441,11714.0,0.68493150684934,0.15797788309628302,3.0694668820678617,-2.7755749405233843,51967.0,1.1,2.6062748040357686,11755.0,0.9499136442140843,-0.4750593824227711,3.0377668308703587,0.8957654723128483
2014-03-02,2014,,,30.5,48.5,,,4.5,1.0,0.5,10.5,,1.5,0.5,2.5,,,National,48.5,52760.0,0.6,1.525968403024991,11809.0,1.6253207869974862,1.2728719172633074,3.1872509960159556,0.8878127522196744,52465.0,0.9,2.087873599003731,11790.0,1.3663535439795371,0.7812500000000222,3.205128205128127,3.6829463570858145,51999.0,-0.5,1.8130910657294441,11714.0,0.68493150684934,0.15797788309628302,3.0694668820678617,-2.7755749405233843,51967.0,1.1,2.6062748040357686,11755.0,0.9499136442140843,-0.4750593824227711,3.0377668308703587,0.8957654723128483
2014-03-16,2014,,,29.5,50.8,,,3.6,0.8,0.0,13.1,,0.2,0.1,1.3,,,National,50.8,52760.0,0.6,1.525968403024991,11809.0,1.6253207869974862,1.2728719172633074,3.1872509960159556,0.8878127522196744,52465.0,0.9,2.087873599003731,11790.0,1.3663535439795371,0.7812500000000222,3.205128205128127,3.6829463570858145,51999.0,-0.5,1.8130910657294441,11714.0,0.68493150684934,0.15797788309628302,3.0694668820678617,-2.7755749405233843,51967.0,1.1,2.6062748040357686,11755.0,0.9499136442140843,-0.4750593824227711,3.0377668308703587,0.8957654723128483
2014-03-16,2014,,,31.5,45.5,,,3.5,0.5,0.5,14.0,,2.0,,1.5,,,National,45.5,52760.0,0.6,1.525968403024991,11809.0,1.6253207869974862,1.2728719172633074,3.1872509960159556,0.8878127522196744,52465.0,0.9,2.087873599003731,11790.0,1.3663535439795371,0.7812500000000222,3.205128205128127,3.6829463570858145,51999.0,-0.5,1.8130910657294441,11714.0,0.68493150684934,0.15797788309628302,3.0694668820678617,-2.7755749405233843,51967.0,1.1,2.6062748040357686,11755.0,0.9499136442140843,-0.4750593824227711,3.0377668308703587,0.8957654723128483
2014-03-26,2014,,,31.0,47.0,,,7.0,0.3,0.1,11.0,,0.7,0.0,2.3,,,National,47.0,52760.0,0.6,1.525968403024991,11809.0,1.6253207869974862,1.2728719172633074,3.1872509960159556,0.8878127522196744,52465.0,0.9,2.087873599003731,11790.0,1.3663535439795371,0.7812500000000222,3.205128205128127,3.6829463570858145,51999.0,-0.5,1.8130910657294441,11714.0,0.68493150684934,0.15797788309628302,3.0694668820678617,-2.7755749405233843,51967.0,1.1,2.6062748040357686,11755.0,0.9499136442140843,-0.4750593824227711,3.0377668308703587,0.8957654723128483
2014-03-30,2014,,,31.2,45.9,,,4.9,1.1,0.1,11.2,,1.5,1.1,1.9,,,National,45.9,52760.0,0.6,1.525968403024991,11809.0,1.6253207869974862,1.2728719172633074,3.1872509960159556,0.8878127522196744,52465.0,0.9,2.087873599003731,11790.0,1.3663535439795371,0.7812500000000222,3.205128205128127,3.6829463570858145,51999.0,-0.5,1.8130910657294441,11714.0,0.68493150684934,0.15797788309628302,3.0694668820678617,-2.7755749405233843,51967.0,1.1,2.6062748040357686,11755.0,0.9499136442140843,-0.4750593824227711,3.0377668308703587,0.8957654723128483
2014-03-30,2014,,,32.0,43.0,,,5.5,0.5,0.5,13.0,,1.5,0.5,2.5,,,National,43.0,52760.0,0.6,1.525968403024991,11809.0,1.6253207869974862,1.2728719172633074,3.1872509960159556,0.8878127522196744,52465.0,0.9,2.087873599003731,11790.0,1.3663535439795371,0.7812500000000222,3.205128205128127,3.6829463570858145,51999.0,-0.5,1.8130910657294441,11714.0,0.68493150684934,0.15797788309628302,3.0694668820678617,-2.7755749405233843,51967.0,1.1,2.6062748040357686,11755.0,0.9499136442140843,-0.4750593824227711,3.0377668308703587,0.8957654723128483
2014-04-14,2014,,,28.5,48.5,,,5.5,0.5,0.0,11.5,,1.0,1.0,2.0,,,National,48.5,53345.0,1.1,2.1171921361434975,11883.0,1.5332197614991827,0.789889415481837,3.328050713153763,0.3179650238466003,52760.0,0.6,1.525968403024991,11809.0,1.6253207869974862,1.2728719172633074,3.1872509960159556,0.8878127522196744,52465.0,0.9,2.087873599003731,11790.0,1.3663535439795371,0.7812500000000222,3.205128205128127,3.6829463570858145,52239.0,0.5,2.9421038111378195,11790.0,0.8591065292096411,0.07905138339923123,2.9363784665579207,0.15923566879032514
2014-05-04,2014,,,31.0,42.5,,,6.0,0.5,0.5,14.5,,1.0,1.0,0.5,,,National,42.5,53345.0,1.1,2.1171921361434975,11883.0,1.5332197614991827,0.789889415481837,3.328050713153763,0.3179650238466003,52760.0,0.6,1.525968403024991,11809.0,1.6253207869974862,1.2728719172633074,3.1872509960159556,0.8878127522196744,52465.0,0.9,2.087873599003731,11790.0,1.3663535439795371,0.7812500000000222,3.205128205128127,3.6829463570858145,52239.0,0.5,2.9421038111378195,11790.0,0.8591065292096411,0.07905138339923123,2.9363784665579207,0.15923566879032514
2014-05-12,2014,,,29.5,47.6,,,3.7,0.9,0.1,12.7,,1.9,0.5,1.6,,,National,47.6,53345.0,1.1,2.1171921361434975,11883.0,1.5332197614991827,0.789889415481837,3.328050713153763,0.3179650238466003,52760.0,0.6,1.525968403024991,11809.0,1.6253207869974862,1.2728719172633074,3.1872509960159556,0.8878127522196744,52465.0,0.9,2.087873599003731,11790.0,1.3663535439795371,0.7812500000000222,3.205128205128127,3.6829463570858145,52239.0,0.5,2.9421038111378195,11790.0,0.8591065292096411,0.07905138339923123,2.9363784665579207,0.15923566879032514
2014-05-18,2014,,,30.5,45.5,,,6.0,0.5,,13.5,,1.0,1.0,1.0,,,National,45.5,53345.0,1.1,2.1171921361434975,11883.0,1.5332197614991827,0.789889415481837,3.328050713153763,0.3179650238466003,52760.0,0.6,1.525968403024991,11809.0,1.6253207869974862,1.2728719172633074,3.1872509960159556,0.8878127522196744,52465.0,0.9,2.087873599003731,11790.0,1.3663535439795371,0.7812500000000222,3.205128205128127,3.6829463570858145,52239.0,0.5,2.9421038111378195,11790.0,0.8591065292096411,0.07905138339923123,2.9363784665579207,0.15923566879032514
2014-05-21,2014,,,30.0,51.0,,,4.8,1.0,0.0,11.0,,1.0,0.0,1.0,,,National,51.0,53345.0,1.1,2.1171921361434975,11883.0,1.5332197614991827,0.789889415481837,3.328050713153763,0.3179650238466003,52760.0,0.6,1.525968403024991,11809.0,1.6253207869974862,1.2728719172633074,3.1872509960159556,0.8878127522196744,52465.0,0.9,2.087873599003731,11790.0,1.3663535439795371,0.7812500000000222,3.205128205128127,3.6829463570858145,52239.0,0.5,2.9421038111378195,11790.0,0.8591065292096411,0.07905138339923123,2.9363784665579207,0.15923566879032514
2014-05-25,2014,,,29.5,50.3,,,5.6,0.5,0.0,10.2,,0.6,0.2,2.3,,,National,50.3,53345.0,1.1,2.1171921361434975,11883.0,1.5332197614991827,0.789889415481837,3.328050713153763,0.3179650238466003,52760.0,0.6,1.525968403024991,11809.0,1.6253207869974862,1.2728719172633074,3.1872509960159556,0.8878127522196744,52465.0,0.9,2.087873599003731,11790.0,1.3663535439795371,0.7812500000000222,3.205128205128127,3.6829463570858145,52239.0,0.5,2.9421038111378195,11790.0,0.8591065292096411,0.07905138339923123,2.9363784665579207,0.15923566879032514
2014-06-01,2014,,,29.0,52.3,,,4.5,1.0,,9.0,,1.5,0.5,1.0,,,National,52.3,53345.0,1.1,2.1171921361434975,11883.0,1.5332197614991827,0.789889415481837,3.328050713153763,0.3179650238466003,52760.0,0.6,1.525968403024991,11809.0,1.6253207869974862,1.2728719172633074,3.1872509960159556,0.8878127522196744,52465.0,0.9,2.087873599003731,11790.0,1.3663535439795371,0.7812500000000222,3.205128205128127,3.6829463570858145,52239.0,0.5,2.9421038111378195,11790.0,0.8591065292096411,0.07905138339923123,2.9363784665579207,0.15923566879032514
2014-06-15,2014,,,28.0,49.5,,,4.0,0.5,0.0,12.0,,1.0,,1.5,2.5,,National,49.5,53345.0,1.1,2.1171921361434975,11883.0,1.5332197614991827,0.789889415481837,3.328050713153763,0.3179650238466003,52760.0,0.6,1.525968403024991,11809.0,1.6253207869974862,1.2728719172633074,3.1872509960159556,0.8878127522196744,52465.0,0.9,2.087873599003731,11790.0,1.3663535439795371,0.7812500000000222,3.205128205128127,3.6829463570858145,52239.0,0.5,2.9421038111378195,11790.0,0.8591065292096411,0.07905138339923123,2.9363784665579207,0.15923566879032514
2014-06-16,2014,,,30.5,50.4,,,3.6,0.7,0.1,10.7,,0.8,,1.5,1.4,,National,50.4,53345.0,1.1,2.1171921361434975,11883.0,1.5332197614991827,0.789889415481837,3.328050713153763,0.3179650238466003,52760.0,0.6,1.525968403024991,11809.0,1.6253207869974862,1.2728719172633074,3.1872509960159556,0.8878127522196744,52465.0,0.9,2.087873599003731,11790.0,1.3663535439795371,0.7812500000000222,3.205128205128127,3.6829463570858145,52239.0,0.5,2.9421038111378195,11790.0,0.8591065292096411,0.07905138339923123,2.9363784665579207,0.15923566879032514
2014-06-17,2014,,,23.2,55.6,,,3.2,0.7,0.0,11.9,,0.7,,0.9,2.1,,National,55.6,53345.0,1.1,2.1171921361434975,11883.0,1.5332197614991827,0.789889415481837,3.328050713153763,0.3179650238466003,52760.0,0.6,1.525968403024991,11809.0,1.6253207869974862,1.2728719172633074,3.1872509960159556,0.8878127522196744,52465.0,0.9,2.087873599003731,11790.0,1.3663535439795371,0.7812500000000222,3.205128205128127,3.6829463570858145,52239.0,0.5,2.9421038111378195,11790.0,0.8591065292096411,0.07905138339923123,2.9363784665579207,0.15923566879032514
2014-06-25,2014,,,29.0,50.0,,,3.8,0.7,0.0,12.0,,1.2,,1.0,2.0,,National,50.0,53345.0,1.1,2.1171921361434975,11883.0,1.5332197614991827,0.789889415481837,3.328050713153763,0.3179650238466003,52760.0,0.6,1.525968403024991,11809.0,1.6253207869974862,1.2728719172633074,3.1872509960159556,0.8878127522196744,52465.0,0.9,2.087873599003731,11790.0,1.3663535439795371,0.7812500000000222,3.205128205128127,3.6829463570858145,52239.0,0.5,2.9421038111378195,11790.0,0.8591065292096411,0.07905138339923123,2.9363784665579207,0.15923566879032514
2014-06-25,2014,,,27.3,49.7,,,3.6,0.4,0.0,12.7,,1.5,,2.8,1.8,,National,49.7,53345.0,1.1,2.1171921361434975,11883.0,1.5332197614991827,0.789889415481837,3.328050713153763,0.3179650238466003,52760.0,0.6,1.525968403024991,11809.0,1.6253207869974862,1.2728719172633074,3.1872509960159556,0.8878127522196744,52465.0,0.9,2.087873599003731,11790.0,1.3663535439795371,0.7812500000000222,3.205128205128127,3.6829463570858145,52239.0,0.5,2.9421038111378195,11790.0,0.8591065292096411,0.07905138339923123,2.9363784665579207,0.15923566879032514
2014-06-29,2014,,,28.0,48.0,,,5.5,1.0,0.0,12.0,,1.5,,1.0,2.5,,National,48.0,53345.0,1.1,2.1171921361434975,11883.0,1.5332197614991827,0.789889415481837,3.328050713153763,0.3179650238466003,52760.0,0.6,1.525968403024991,11809.0,1.6253207869974862,1.2728719172633074,3.1872509960159556,0.8878127522196744,52465.0,0.9,2.087873599003731,11790.0,1.3663535439795371,0.7812500000000222,3.205128205128127,3.6829463570858145,52239.0,0.5,2.9421038111378195,11790.0,0.8591065292096411,0.07905138339923123,2.9363784665579207,0.15923566879032514
2014-07-13,2014,,,23.5,51.0,,,6.0,0.5,0.5,15.0,,1.0,,1.0,1.5,,National,51.0,53594.0,0.5,3.0673666801284583,11886.0,1.615646258503456,1.5772870662460914,3.3699059561128397,2.7732463295266463,53345.0,1.1,2.1171921361434975,11883.0,1.5332197614991827,0.789889415481837,3.328050713153763,0.3179650238466003,52760.0,0.6,1.525968403024991,11809.0,1.6253207869974862,1.2728719172633074,3.1872509960159556,0.8878127522196744,51999.0,-0.5,1.8130910657294441,11714.0,0.68493150684934,0.15797788309628302,3.0694668820678617,-2.7755749405233843
2014-07-16,2014,,,26.7,49.4,,,4.3,0.1,0.2,12.4,,1.1,,2.7,2.3,,National,49.4,53594.0,0.5,3.0673666801284583,11886.0,1.615646258503456,1.5772870662460914,3.3699059561128397,2.7732463295266463,53345.0,1.1,2.1171921361434975,11883.0,1.5332197614991827,0.789889415481837,3.328050713153763,0.3179650238466003,52760.0,0.6,1.525968403024991,11809.0,1.6253207869974862,1.2728719172633074,3.1872509960159556,0.8878127522196744,51999.0,-0.5,1.8130910657294441,11714.0,0.68493150684934,0.15797788309628302,3.0694668820678617,-2.7755749405233843
2014-07-17,2014,,,24.9,54.8,,,2.6,0.1,0.2,12.4,,0.9,,1.3,1.2,,National,54.8,53594.0,0.5,3.0673666801284583,11886.0,1.615646258503456,1.5772870662460914,3.3699059561128397,2.7732463295266463,53345.0,1.1,2.1171921361434975,11883.0,1.5332197614991827,0.789889415481837,3.328050713153763,0.3179650238466003,52760.0,0.6,1.525968403024991,11809.0,1.6253207869974862,1.2728719172633074,3.1872509960159556,0.8878127522196744,51999.0,-0.5,1.8130910657294441,11714.0,0.68493150684934,0.15797788309628302,3.0694668820678617,-2.7755749405233843
2014-07-17,2014,,,26.5,54.9,,,4.6,0.0,0.0,9.9,,0.5,,1.5,2.2,,National,54.9,53594.0,0.5,3.0673666801284583,11886.0,1.615646258503456,1.5772870662460914,3.3699059561128397,2.7732463295266463,53345.0,1.1,2.1171921361434975,11883.0,1.5332197614991827,0.789889415481837,3.328050713153763,0.3179650238466003,52760.0,0.6,1.525968403024991,11809.0,1.6253207869974862,1.2728719172633074,3.1872509960159556,0.8878127522196744,51999.0,-0.5,1.8130910657294441,11714.0,0.68493150684934,0.15797788309628302,3.0694668820678617,-2.7755749405233843
2014-07-23,2014,,,28.0,52.0,,,4.4,0.8,0.2,10.0,,0.6,,1.7,2.0,,National,52.0,53594.0,0.5,3.0673666801284583,11886.0,1.615646258503456,1.5772870662460914,3.3699059561128397,2.7732463295266463,53345.0,1.1,2.1171921361434975,11883.0,1.5332197614991827,0.789889415481837,3.328050713153763,0.3179650238466003,52760.0,0.6,1.525968403024991,11809.0,1.6253207869974862,1.2728719172633074,3.1872509960159556,0.8878127522196744,51999.0,-0.5,1.8130910657294441,11714.0,0.68493150684934,0.15797788309628302,3.0694668820678617,-2.7755749405233843
2014-07-27,2014,,,30.0,46.0,,,5.0,0.5,0.5,12.0,,1.5,,1.0,2.5,,National,46.0,53594.0,0.5,3.0673666801284583,11886.0,1.615646258503456,1.5772870662460914,3.3699059561128397,2.7732463295266463,53345.0,1.1,2.1171921361434975,11883.0,1.5332197614991827,0.789889415481837,3.328050713153763,0.3179650238466003,52760.0,0.6,1.525968403024991,11809.0,1.6253207869974862,1.2728719172633074,3.1872509960159556,0.8878127522196744,51999.0,-0.5,1.8130910657294441,11714.0,0.68493150684934,0.15797788309628302,3.0694668820678617,-2.7755749405233843
2014-08-13,2014,,,29.0,47.5,,,4.6,0.3,0.2,13.0,,0.8,,2.5,2.0,,National,47.5,53594.0,0.5,3.0673666801284583,11886.0,1.615646258503456,1.5772870662460914,3.3699059561128397,2.7732463295266463,53345.0,1.1,2.1171921361434975,11883.0,1.5332197614991827,0.789889415481837,3.328050713153763,0.3179650238466003,52760.0,0.6,1.525968403024991,11809.0,1.6253207869974862,1.2728719172633074,3.1872509960159556,0.8878127522196744,51999.0,-0.5,1.8130910657294441,11714.0,0.68493150684934,0.15797788309628302,3.0694668820678617,-2.7755749405233843
2014-08-13,2014,,,26.0,50.0,,,5.0,0.6,0.0,11.0,,0.9,,2.4,3.9,,National,50.0,53594.0,0.5,3.0673666801284583,11886.0,1.615646258503456,1.5772870662460914,3.3699059561128397,2.7732463295266463,53345.0,1.1,2.1171921361434975,11883.0,1.5332197614991827,0.789889415481837,3.328050713153763,0.3179650238466003,52760.0,0.6,1.525968403024991,11809.0,1.6253207869974862,1.2728719172633074,3.1872509960159556,0.8878127522196744,51999.0,-0.5,1.8130910657294441,11714.0,0.68493150684934,0.15797788309628302,3.0694668820678617,-2.7755749405233843
2014-08-13,2014,,,22.5,55.1,,,3.4,0.2,0.0,11.3,,1.0,,3.4,2.1,,National,55.1,53594.0,0.5,3.0673666801284583,11886.0,1.615646258503456,1.5772870662460914,3.3699059561128397,2.7732463295266463,53345.0,1.1,2.1171921361434975,11883.0,1.5332197614991827,0.789889415481837,3.328050713153763,0.3179650238466003,52760.0,0.6,1.525968403024991,11809.0,1.6253207869974862,1.2728719172633074,3.1872509960159556,0.8878127522196744,51999.0,-0.5,1.8130910657294441,11714.0,0.68493150684934,0.15797788309628302,3.0694668820678617,-2.7755749405233843
2014-08-17,2014,,,27.5,48.0,,,6.5,0.5,0.5,11.5,,1.0,,1.0,2.5,,National,48.0,53594.0,0.5,3.0673666801284583,11886.0,1.615646258503456,1.5772870662460914,3.3699059561128397,2.7732463295266463,53345.0,1.1,2.1171921361434975,11883.0,1.5332197614991827,0.789889415481837,3.328050713153763,0.3179650238466003,52760.0,0.6,1.525968403024991,11809.0,1.6253207869974862,1.2728719172633074,3.1872509960159556,0.8878127522196744,51999.0,-0.5,1.8130910657294441,11714.0,0.68493150684934,0.15797788309628302,3.0694668820678617,-2.7755749405233843
2014-08-20,2014,,,25.2,50.0,,,4.3,0.6,0.4,13.7,,0.7,,2.6,2.1,,National,50.0,53594.0,0.5,3.0673666801284583,11886.0,1.615646258503456,1.5772870662460914,3.3699059561128397,2.7732463295266463,53345.0,1.1,2.1171921361434975,11883.0,1.5332197614991827,0.789889415481837,3.328050713153763,0.3179650238466003,52760.0,0.6,1.525968403024991,11809.0,1.6253207869974862,1.2728719172633074,3.1872509960159556,0.8878127522196744,51999.0,-0.5,1.8130910657294441,11714.0,0.68493150684934,0.15797788309628302,3.0694668820678617,-2.7755749405233843
2014-08-25,2014,,,26.4,45.0,,,6.3,0.3,0.4,13.5,,0.7,,4.6,2.1,,National,45.0,53594.0,0.5,3.0673666801284583,11886.0,1.615646258503456,1.5772870662460914,3.3699059561128397,2.7732463295266463,53345.0,1.1,2.1171921361434975,11883.0,1.5332197614991827,0.789889415481837,3.328050713153763,0.3179650238466003,52760.0,0.6,1.525968403024991,11809.0,1.6253207869974862,1.2728719172633074,3.1872509960159556,0.8878127522196744,51999.0,-0.5,1.8130910657294441,11714.0,0.68493150684934,0.15797788309628302,3.0694668820678617,-2.7755749405233843
2014-08-27,2014,,,24.1,50.7,,,5.0,0.3,0.2,11.4,,1.0,,3.3,3.4,,National,50.7,53594.0,0.5,3.0673666801284583,11886.0,1.615646258503456,1.5772870662460914,3.3699059561128397,2.7732463295266463,53345.0,1.1,2.1171921361434975,11883.0,1.5332197614991827,0.789889415481837,3.328050713153763,0.3179650238466003,52760.0,0.6,1.525968403024991,11809.0,1.6253207869974862,1.2728719172633074,3.1872509960159556,0.8878127522196744,51999.0,-0.5,1.8130910657294441,11714.0,0.68493150684934,0.15797788309628302,3.0694668820678617,-2.7755749405233843
2014-08-27,2014,,,26.1,50.8,,,4.0,0.7,0.1,11.8,,0.7,,2.7,2.2,,National,50.8,53594.0,0.5,3.0673666801284583,11886.0,1.615646258503456,1.5772870662460914,3.3699059561128397,2.7732463295266463,53345.0,1.1,2.1171921361434975,11883.0,1.5332197614991827,0.789889415481837,3.328050713153763,0.3179650238466003,52760.0,0.6,1.525968403024991,11809.0,1.6253207869974862,1.2728719172633074,3.1872509960159556,0.8878127522196744,51999.0,-0.5,1.8130910657294441,11714.0,0.68493150684934,0.15797788309628302,3.0694668820678617,-2.7755749405233843
2014-08-27,2014,,,28.0,48.0,,,6.0,0.4,0.0,12.0,,0.6,,3.2,1.6,,National,48.0,53594.0,0.5,3.0673666801284583,11886.0,1.615646258503456,1.5772870662460914,3.3699059561128397,2.7732463295266463,53345.0,1.1,2.1171921361434975,11883.0,1.5332197614991827,0.789889415481837,3.328050713153763,0.3179650238466003,52760.0,0.6,1.525968403024991,11809.0,1.6253207869974862,1.2728719172633074,3.1872509960159556,0.8878127522196744,51999.0,-0.5,1.8130910657294441,11714.0,0.68493150684934,0.15797788309628302,3.0694668820678617,-2.7755749405233843
2014-08-31,2014,,,26.0,45.0,,,6.0,1.0,0.0,16.0,,0.5,,3.5,1.0,,National,45.0,53594.0,0.5,3.0673666801284583,11886.0,1.615646258503456,1.5772870662460914,3.3699059561128397,2.7732463295266463,53345.0,1.1,2.1171921361434975,11883.0,1.5332197614991827,0.789889415481837,3.328050713153763,0.3179650238466003,52760.0,0.6,1.525968403024991,11809.0,1.6253207869974862,1.2728719172633074,3.1872509960159556,0.8878127522196744,51999.0,-0.5,1.8130910657294441,11714.0,0.68493150684934,0.15797788309628302,3.0694668820678617,-2.7755749405233843
2014-09-01,2014,,,25.9,46.4,,,5.8,0.6,0.1,12.6,,2.0,,4.2,1.7,,National,46.4,53594.0,0.5,3.0673666801284583,11886.0,1.615646258503456,1.5772870662460914,3.3699059561128397,2.7732463295266463,53345.0,1.1,2.1171921361434975,11883.0,1.5332197614991827,0.789889415481837,3.328050713153763,0.3179650238466003,52760.0,0.6,1.525968403024991,11809.0,1.6253207869974862,1.2728719172633074,3.1872509960159556,0.8878127522196744,51999.0,-0.5,1.8130910657294441,11714.0,0.68493150684934,0.15797788309628302,3.0694668820678617,-2.7755749405233843
2014-09-03,2014,,,23.8,50.1,,,6.0,0.4,0.3,11.4,,0.4,,3.8,3.5,,National,50.1,53594.0,0.5,3.0673666801284583,11886.0,1.615646258503456,1.5772870662460914,3.3699059561128397,2.7732463295266463,53345.0,1.1,2.1171921361434975,11883.0,1.5332197614991827,0.789889415481837,3.328050713153763,0.3179650238466003,52760.0,0.6,1.525968403024991,11809.0,1.6253207869974862,1.2728719172633074,3.1872509960159556,0.8878127522196744,51999.0,-0.5,1.8130910657294441,11714.0,0.68493150684934,0.15797788309628302,3.0694668820678617,-2.7755749405233843
2014-09-03,2014,,,24.3,54.2,,,3.6,0.2,0.1,12.9,,0.3,,2.4,1.3,,National,54.2,53594.0,0.5,3.0673666801284583,11886.0,1.615646258503456,1.5772870662460914,3.3699059561128397,2.7732463295266463,53345.0,1.1,2.1171921361434975,11883.0,1.5332197614991827,0.789889415481837,3.328050713153763,0.3179650238466003,52760.0,0.6,1.525968403024991,11809.0,1.6253207869974862,1.2728719172633074,3.1872509960159556,0.8878127522196744,51999.0,-0.5,1.8130910657294441,11714.0,0.68493150684934,0.15797788309628302,3.0694668820678617,-2.7755749405233843
2014-09-03,2014,,,26.0,50.0,,,7.0,0.1,0.1,11.0,,0.2,,2.9,2.4,,National,50.0,53594.0,0.5,3.0673666801284583,11886.0,1.615646258503456,1.5772870662460914,3.3699059561128397,2.7732463295266463,53345.0,1.1,2.1171921361434975,11883.0,1.5332197614991827,0.789889415481837,3.328050713153763,0.3179650238466003,52760.0,0.6,1.525968403024991,11809.0,1.6253207869974862,1.2728719172633074,3.1872509960159556,0.8878127522196744,51999.0,-0.5,1.8130910657294441,11714.0,0.68493150684934,0.15797788309628302,3.0694668820678617,-2.7755749405233843
2014-09-08,2014,,,26.1,46.7,,,5.9,0.3,0.1,13.0,,1.3,,4.7,1.7,,National,46.7,53594.0,0.5,3.0673666801284583,11886.0,1.615646258503456,1.5772870662460914,3.3699059561128397,2.7732463295266463,53345.0,1.1,2.1171921361434975,11883.0,1.5332197614991827,0.789889415481837,3.328050713153763,0.3179650238466003,52760.0,0.6,1.525968403024991,11809.0,1.6253207869974862,1.2728719172633074,3.1872509960159556,0.8878127522196744,51999.0,-0.5,1.8130910657294441,11714.0,0.68493150684934,0.15797788309628302,3.0694668820678617,-2.7755749405233843
2014-09-10,2014,,,24.6,48.6,,,8.1,0.3,0.0,11.5,,0.7,,3.8,2.3,,National,48.6,53594.0,0.5,3.0673666801284583,11886.0,1.615646258503456,1.5772870662460914,3.3699059561128397,2.7732463295266463,53345.0,1.1,2.1171921361434975,11883.0,1.5332197614991827,0.789889415481837,3.328050713153763,0.3179650238466003,52760.0,0.6,1.525968403024991,11809.0,1.6253207869974862,1.2728719172633074,3.1872509960159556,0.8878127522196744,51999.0,-0.5,1.8130910657294441,11714.0,0.68493150684934,0.15797788309628302,3.0694668820678617,-2.7755749405233843
2014-09-10,2014,,,25.0,46.0,,,7.0,1.2,0.2,14.0,,0.8,,4.0,1.4,,National,46.0,53594.0,0.5,3.0673666801284583,11886.0,1.615646258503456,1.5772870662460914,3.3699059561128397,2.7732463295266463,53345.0,1.1,2.1171921361434975,11883.0,1.5332197614991827,0.789889415481837,3.328050713153763,0.3179650238466003,52760.0,0.6,1.525968403024991,11809.0,1.6253207869974862,1.2728719172633074,3.1872509960159556,0.8878127522196744,51999.0,-0.5,1.8130910657294441,11714.0,0.68493150684934,0.15797788309628302,3.0694668820678617,-2.7755749405233843
2014-09-10,2014,,,22.4,52.8,,,4.4,0.7,0.0,13.0,,1.0,,3.6,1.4,,National,52.8,53594.0,0.5,3.0673666801284583,11886.0,1.615646258503456,1.5772870662460914,3.3699059561128397,2.7732463295266463,53345.0,1.1,2.1171921361434975,11883.0,1.5332197614991827,0.789889415481837,3.328050713153763,0.3179650238466003,52760.0,0.6,1.525968403024991,11809.0,1.6253207869974862,1.2728719172633074,3.1872509960159556,0.8878127522196744,51999.0,-0.5,1.8130910657294441,11714.0,0.68493150684934,0.15797788309628302,3.0694668820678617,-2.7755749405233843
2014-09-14,2014,,,24.0,46.5,,,8.0,0.5,0.5,13.5,,1.5,,3.5,1.0,,National,46.5,53594.0,0.5,3.0673666801284583,11886.0,1.615646258503456,1.5772870662460914,3.3699059561128397,2.7732463295266463,53345.0,1.1,2.1171921361434975,11883.0,1.5332197614991827,0.789889415481837,3.328050713153763,0.3179650238466003,52760.0,0.6,1.525968403024991,11809.0,1.6253207869974862,1.2728719172633074,3.1872509960159556,0.8878127522196744,51999.0,-0.5,1.8130910657294441,11714.0,0.68493150684934,0.15797788309628302,3.0694668820678617,-2.7755749405233843
2014-09-15,2014,,,25.6,44.5,,,7.1,0.1,0.1,14.4,,1.1,,4.9,2.0,,National,44.5,53594.0,0.5,3.0673666801284583,11886.0,1.615646258503456,1.5772870662460914,3.3699059561128397,2.7732463295266463,53345.0,1.1,2.1171921361434975,11883.0,1.5332197614991827,0.789889415481837,3.328050713153763,0.3179650238466003,52760.0,0.6,1.525968403024991,11809.0,1.6253207869974862,1.2728719172633074,3.1872509960159556,0.8878127522196744,51999.0,-0.5,1.8130910657294441,11714.0,0.68493150684934,0.15797788309628302,3.0694668820678617,-2.7755749405233843
2014-09-17,2014,,,25.9,48.2,,,8.4,0.5,0.2,11.1,,1.1,,3.3,1.0,,National,48.2,53594.0,0.5,3.0673666801284583,11886.0,1.615646258503456,1.5772870662460914,3.3699059561128397,2.7732463295266463,53345.0,1.1,2.1171921361434975,11883.0,1.5332197614991827,0.789889415481837,3.328050713153763,0.3179650238466003,52760.0,0.6,1.525968403024991,11809.0,1.6253207869974862,1.2728719172633074,3.1872509960159556,0.8878127522196744,51999.0,-0.5,1.8130910657294441,11714.0,0.68493150684934,0.15797788309628302,3.0694668820678617,-2.7755749405233843
2014-09-17,2014,,,25.0,45.0,,,8.0,0.6,0.0,12.0,,1.6,,4.4,1.8,,National,45.0,53594.0,0.5,3.0673666801284583,11886.0,1.615646258503456,1.5772870662460914,3.3699059561128397,2.7732463295266463,53345.0,1.1,2.1171921361434975,11883.0,1.5332197614991827,0.789889415481837,3.328050713153763,0.3179650238466003,52760.0,0.6,1.525968403024991,11809.0,1.6253207869974862,1.2728719172633074,3.1872509960159556,0.8878127522196744,51999.0,-0.5,1.8130910657294441,11714.0,0.68493150684934,0.15797788309628302,3.0694668820678617,-2.7755749405233843
2014-09-17,2014,,,26.1,47.7,,,6.6,0.3,0.0,12.0,,0.9,,4.5,0.9,,National,47.7,53594.0,0.5,3.0673666801284583,11886.0,1.615646258503456,1.5772870662460914,3.3699059561128397,2.7732463295266463,53345.0,1.1,2.1171921361434975,11883.0,1.5332197614991827,0.789889415481837,3.328050713153763,0.3179650238466003,52760.0,0.6,1.525968403024991,11809.0,1.6253207869974862,1.2728719172633074,3.1872509960159556,0.8878127522196744,51999.0,-0.5,1.8130910657294441,11714.0,0.68493150684934,0.15797788309628302,3.0694668820678617,-2.7755749405233843
2014-09-20,2014,,,25.13,47.04,,,8.66,0.69,0.22,10.7,,1.32,,3.97,1.42,,National,47.04,53594.0,0.5,3.0673666801284583,11886.0,1.615646258503456,1.5772870662460914,3.3699059561128397,2.7732463295266463,53345.0,1.1,2.1171921361434975,11883.0,1.5332197614991827,0.789889415481837,3.328050713153763,0.3179650238466003,52760.0,0.6,1.525968403024991,11809.0,1.6253207869974862,1.2728719172633074,3.1872509960159556,0.8878127522196744,51999.0,-0.5,1.8130910657294441,11714.0,0.68493150684934,0.15797788309628302,3.0694668820678617,-2.7755749405233843
2014-09-20,2017,,,25.13,47.04,,,8.66,0.69,,10.7,,1.32,,3.97,,,National,47.04,53594.0,0.5,3.0673666801284583,11886.0,1.615646258503456,1.5772870662460914,3.3699059561128397,2.7732463295266463,53345.0,1.1,2.1171921361434975,11883.0,1.5332197614991827,0.789889415481837,3.328050713153763,0.3179650238466003,52760.0,0.6,1.525968403024991,11809.0,1.6253207869974862,1.2728719172633074,3.1872509960159556,0.8878127522196744,51999.0,-0.5,1.8130910657294441,11714.0,0.68493150684934,0.15797788309628302,3.0694668820678617,-2.7755749405233843
2014-10-12,2017,,,22.5,43.5,,,7.0,0.5,,17.5,,2.0,,5.0,,,National,43.5,54273.0,1.3,3.446106928428483,11985.0,1.0109519797810052,-0.15503875968994052,3.4161490683230378,-1.7760617760613995,53594.0,0.5,3.0673666801284583,11886.0,1.615646258503456,1.5772870662460914,3.3699059561128397,2.7732463295266463,53345.0,1.1,2.1171921361434975,11883.0,1.5332197614991827,0.789889415481837,3.328050713153763,0.3179650238466003,52465.0,0.9,2.087873599003731,11790.0,1.3663535439795371,0.7812500000000222,3.205128205128127,3.6829463570858145
2014-11-09,2017,,,24.0,49.5,,,6.5,0.5,,14.5,,1.0,,2.0,,,National,49.5,54273.0,1.3,3.446106928428483,11985.0,1.0109519797810052,-0.15503875968994052,3.4161490683230378,-1.7760617760613995,53594.0,0.5,3.0673666801284583,11886.0,1.615646258503456,1.5772870662460914,3.3699059561128397,2.7732463295266463,53345.0,1.1,2.1171921361434975,11883.0,1.5332197614991827,0.789889415481837,3.328050713153763,0.3179650238466003,52465.0,0.9,2.087873599003731,11790.0,1.3663535439795371,0.7812500000000222,3.205128205128127,3.6829463570858145
2014-12-07,2017,,,27.0,46.0,,,7.0,1.5,,12.0,,2.0,,2.5,,,National,46.0,54273.0,1.3,3.446106928428483,11985.0,1.0109519797810052,-0.15503875968994052,3.4161490683230378,-1.7760617760613995,53594.0,0.5,3.0673666801284583,11886.0,1.615646258503456,1.5772870662460914,3.3699059561128397,2.7732463295266463,53345.0,1.1,2.1171921361434975,11883.0,1.5332197614991827,0.789889415481837,3.328050713153763,0.3179650238466003,52465.0,0.9,2.087873599003731,11790.0,1.3663535439795371,0.7812500000000222,3.205128205128127,3.6829463570858145
2014-12-21,2017,,,28.9,50.4,,,5.6,0.4,,9.5,,1.5,,2.9,,,National,50.4,54273.0,1.3,3.446106928428483,11985.0,1.0109519797810052,-0.15503875968994052,3.4161490683230378,-1.7760617760613995,53594.0,0.5,3.0673666801284583,11886.0,1.615646258503456,1.5772870662460914,3.3699059561128397,2.7732463295266463,53345.0,1.1,2.1171921361434975,11883.0,1.5332197614991827,0.789889415481837,3.328050713153763,0.3179650238466003,52465.0,0.9,2.087873599003731,11790.0,1.3663535439795371,0.7812500000000222,3.205128205128127,3.6829463570858145
2015-01-18,2017,,,26.0,52.0,,,6.0,1.0,,11.0,,1.5,,2.0,,,National,52.0,54983.0,1.3,4.213419257012885,12078.0,0.7575757575757791,0.47132757266297176,3.2432432432431657,-4.000000000000259,54273.0,1.3,3.446106928428483,11985.0,1.0109519797810052,-0.15503875968994052,3.4161490683230378,-1.7760617760613995,53594.0,0.5,3.0673666801284583,11886.0,1.615646258503456,1.5772870662460914,3.3699059561128397,2.7732463295266463,52760.0,0.6,1.525968403024991,11809.0,1.6253207869974862,1.2728719172633074,3.1872509960159556,0.8878127522196744
2015-01-28,2017,,,29.1,49.8,,,6.9,0.4,,9.3,,1.3,,2.7,,,National,49.8,54983.0,1.3,4.213419257012885,12078.0,0.7575757575757791,0.47132757266297176,3.2432432432431657,-4.000000000000259,54273.0,1.3,3.446106928428483,11985.0,1.0109519797810052,-0.15503875968994052,3.4161490683230378,-1.7760617760613995,53594.0,0.5,3.0673666801284583,11886.0,1.615646258503456,1.5772870662460914,3.3699059561128397,2.7732463295266463,52760.0,0.6,1.525968403024991,11809.0,1.6253207869974862,1.2728719172633074,3.1872509960159556,0.8878127522196744
2015-02-15,2017,,,30.0,49.0,,,6.0,0.0,,12.0,,1.0,,1.5,,,National,49.0,54983.0,1.3,4.213419257012885,12078.0,0.7575757575757791,0.47132757266297176,3.2432432432431657,-4.000000000000259,54273.0,1.3,3.446106928428483,11985.0,1.0109519797810052,-0.15503875968994052,3.4161490683230378,-1.7760617760613995,53594.0,0.5,3.0673666801284583,11886.0,1.615646258503456,1.5772870662460914,3.3699059561128397,2.7732463295266463,52760.0,0.6,1.525968403024991,11809.0,1.6253207869974862,1.2728719172633074,3.1872509960159556,0.8878127522196744
2015-02-18,2017,,,31.0,49.0,,,6.0,0.3,,10.0,,1.5,,1.4,,,National,49.0,54983.0,1.3,4.213419257012885,12078.0,0.7575757575757791,0.47132757266297176,3.2432432432431657,-4.000000000000259,54273.0,1.3,3.446106928428483,11985.0,1.0109519797810052,-0.15503875968994052,3.4161490683230378,-1.7760617760613995,53594.0,0.5,3.0673666801284583,11886.0,1.615646258503456,1.5772870662460914,3.3699059561128397,2.7732463295266463,52760.0,0.6,1.525968403024991,11809.0,1.6253207869974862,1.2728719172633074,3.1872509960159556,0.8878127522196744
2015-03-15,2017,,,31.0,46.5,,,6.0,1.0,,11.0,,2.0,,1.5,,,National,46.5,54983.0,1.3,4.213419257012885,12078.0,0.7575757575757791,0.47132757266297176,3.2432432432431657,-4.000000000000259,54273.0,1.3,3.446106928428483,11985.0,1.0109519797810052,-0.15503875968994052,3.4161490683230378,-1.7760617760613995,53594.0,0.5,3.0673666801284583,11886.0,1.615646258503456,1.5772870662460914,3.3699059561128397,2.7732463295266463,52760.0,0.6,1.525968403024991,11809.0,1.6253207869974862,1.2728719172633074,3.1872509960159556,0.8878127522196744
2015-04-15,2017,,,31.0,49.0,,,7.0,0.5,,9.0,,0.8,,1.5,,,National,49.0,55422.0,0.8,3.893523291779921,12106.0,0.2516778523490082,1.1755485893416573,2.990797546012236,-14.976228209191456,54983.0,1.3,4.213419257012885,12078.0,0.7575757575757791,0.47132757266297176,3.2432432432431657,-4.000000000000259,54273.0,1.3,3.446106928428483,11985.0,1.0109519797810052,-0.15503875968994052,3.4161490683230378,-1.7760617760613995,53345.0,1.1,2.1171921361434975,11883.0,1.5332197614991827,0.789889415481837,3.328050713153763,0.3179650238466003
2015-04-19,2017,,,27.5,45.5,,,8.0,1.0,,13.5,,1.5,,1.0,,,National,45.5,55422.0,0.8,3.893523291779921,12106.0,0.2516778523490082,1.1755485893416573,2.990797546012236,-14.976228209191456,54983.0,1.3,4.213419257012885,12078.0,0.7575757575757791,0.47132757266297176,3.2432432432431657,-4.000000000000259,54273.0,1.3,3.446106928428483,11985.0,1.0109519797810052,-0.15503875968994052,3.4161490683230378,-1.7760617760613995,53345.0,1.1,2.1171921361434975,11883.0,1.5332197614991827,0.789889415481837,3.328050713153763,0.3179650238466003
2015-04-26,2017,,,28.7,51.0,,,6.1,0.8,,10.8,,0.8,,1.1,,,National,51.0,55422.0,0.8,3.893523291779921,12106.0,0.2516778523490082,1.1755485893416573,2.990797546012236,-14.976228209191456,54983.0,1.3,4.213419257012885,12078.0,0.7575757575757791,0.47132757266297176,3.2432432432431657,-4.000000000000259,54273.0,1.3,3.446106928428483,11985.0,1.0109519797810052,-0.15503875968994052,3.4161490683230378,-1.7760617760613995,53345.0,1.1,2.1171921361434975,11883.0,1.5332197614991827,0.789889415481837,3.328050713153763,0.3179650238466003
2015-05-17,2017,,,25.5,54.0,,,6.0,1.0,,10.5,,1.0,,1.0,,,National,54.0,55422.0,0.8,3.893523291779921,12106.0,0.2516778523490082,1.1755485893416573,2.990797546012236,-14.976228209191456,54983.0,1.3,4.213419257012885,12078.0,0.7575757575757791,0.47132757266297176,3.2432432432431657,-4.000000000000259,54273.0,1.3,3.446106928428483,11985.0,1.0109519797810052,-0.15503875968994052,3.4161490683230378,-1.7760617760613995,53345.0,1.1,2.1171921361434975,11883.0,1.5332197614991827,0.789889415481837,3.328050713153763,0.3179650238466003
2015-05-27,2017,,,31.0,48.0,,,7.0,0.1,,10.0,,1.4,,2.3,,,National,48.0,55422.0,0.8,3.893523291779921,12106.0,0.2516778523490082,1.1755485893416573,2.990797546012236,-14.976228209191456,54983.0,1.3,4.213419257012885,12078.0,0.7575757575757791,0.47132757266297176,3.2432432432431657,-4.000000000000259,54273.0,1.3,3.446106928428483,11985.0,1.0109519797810052,-0.15503875968994052,3.4161490683230378,-1.7760617760613995,53345.0,1.1,2.1171921361434975,11883.0,1.5332197614991827,0.789889415481837,3.328050713153763,0.3179650238466003
2015-05-27,2017,,,30.4,46.4,,,8.1,0.5,,11.1,,1.1,,1.9,,,National,46.4,55422.0,0.8,3.893523291779921,12106.0,0.2516778523490082,1.1755485893416573,2.990797546012236,-14.976228209191456,54983.0,1.3,4.213419257012885,12078.0,0.7575757575757791,0.47132757266297176,3.2432432432431657,-4.000000000000259,54273.0,1.3,3.446106928428483,11985.0,1.0109519797810052,-0.15503875968994052,3.4161490683230378,-1.7760617760613995,53345.0,1.1,2.1171921361434975,11883.0,1.5332197614991827,0.789889415481837,3.328050713153763,0.3179650238466003
2015-06-21,2017,,,26.0,49.5,,,6.5,1.0,,13.0,,1.0,,1.0,,,National,49.5,55422.0,0.8,3.893523291779921,12106.0,0.2516778523490082,1.1755485893416573,2.990797546012236,-14.976228209191456,54983.0,1.3,4.213419257012885,12078.0,0.7575757575757791,0.47132757266297176,3.2432432432431657,-4.000000000000259,54273.0,1.3,3.446106928428483,11985.0,1.0109519797810052,-0.15503875968994052,3.4161490683230378,-1.7760617760613995,53345.0,1.1,2.1171921361434975,11883.0,1.5332197614991827,0.789889415481837,3.328050713153763,0.3179650238466003
2015-07-12,2017,,,32.0,43.0,,,7.0,0.5,,13.0,,1.5,,1.5,,,National,43.0,55874.0,0.8,4.254207560547818,12145.0,0.41841004184102193,0.15527950310560978,2.5018953752843576,-7.380952380951989,55422.0,0.8,3.893523291779921,12106.0,0.2516778523490082,1.1755485893416573,2.990797546012236,-14.976228209191456,54983.0,1.3,4.213419257012885,12078.0,0.7575757575757791,0.47132757266297176,3.2432432432431657,-4.000000000000259,53594.0,0.5,3.0673666801284583,11886.0,1.615646258503456,1.5772870662460914,3.3699059561128397,2.7732463295266463
2015-07-15,2017,,,32.0,47.0,,,7.0,0.4,,13.0,,0.4,,,,,National,47.0,55874.0,0.8,4.254207560547818,12145.0,0.41841004184102193,0.15527950310560978,2.5018953752843576,-7.380952380951989,55422.0,0.8,3.893523291779921,12106.0,0.2516778523490082,1.1755485893416573,2.990797546012236,-14.976228209191456,54983.0,1.3,4.213419257012885,12078.0,0.7575757575757791,0.47132757266297176,3.2432432432431657,-4.000000000000259,53594.0,0.5,3.0673666801284583,11886.0,1.615646258503456,1.5772870662460914,3.3699059561128397,2.7732463295266463
2015-07-22,2017,,,31.1,47.0,,,8.4,0.5,,11.4,,0.5,,0.7,,,National,47.0,55874.0,0.8,4.254207560547818,12145.0,0.41841004184102193,0.15527950310560978,2.5018953752843576,-7.380952380951989,55422.0,0.8,3.893523291779921,12106.0,0.2516778523490082,1.1755485893416573,2.990797546012236,-14.976228209191456,54983.0,1.3,4.213419257012885,12078.0,0.7575757575757791,0.47132757266297176,3.2432432432431657,-4.000000000000259,53594.0,0.5,3.0673666801284583,11886.0,1.615646258503456,1.5772870662460914,3.3699059561128397,2.7732463295266463
2015-08-16,2017,,,27.0,50.5,,,8.0,0.5,,11.0,,1.5,,,,,National,50.5,55874.0,0.8,4.254207560547818,12145.0,0.41841004184102193,0.15527950310560978,2.5018953752843576,-7.380952380951989,55422.0,0.8,3.893523291779921,12106.0,0.2516778523490082,1.1755485893416573,2.990797546012236,-14.976228209191456,54983.0,1.3,4.213419257012885,12078.0,0.7575757575757791,0.47132757266297176,3.2432432432431657,-4.000000000000259,53594.0,0.5,3.0673666801284583,11886.0,1.615646258503456,1.5772870662460914,3.3699059561128397,2.7732463295266463
2015-08-24,2017,,,31.0,50.8,,,6.9,0.2,,9.2,,1.0,,0.6,,,National,50.8,55874.0,0.8,4.254207560547818,12145.0,0.41841004184102193,0.15527950310560978,2.5018953752843576,-7.380952380951989,55422.0,0.8,3.893523291779921,12106.0,0.2516778523490082,1.1755485893416573,2.990797546012236,-14.976228209191456,54983.0,1.3,4.213419257012885,12078.0,0.7575757575757791,0.47132757266297176,3.2432432432431657,-4.000000000000259,53594.0,0.5,3.0673666801284583,11886.0,1.615646258503456,1.5772870662460914,3.3699059561128397,2.7732463295266463
2015-09-02,2017,,,32.0,47.0,,,7.0,0.1,,12.0,,1.2,,0.1,,,National,47.0,55874.0,0.8,4.254207560547818,12145.0,0.41841004184102193,0.15527950310560978,2.5018953752843576,-7.380952380951989,55422.0,0.8,3.893523291779921,12106.0,0.2516778523490082,1.1755485893416573,2.990797546012236,-14.976228209191456,54983.0,1.3,4.213419257012885,12078.0,0.7575757575757791,0.47132757266297176,3.2432432432431657,-4.000000000000259,53594.0,0.5,3.0673666801284583,11886.0,1.615646258503456,1.5772870662460914,3.3699059561128397,2.7732463295266463
2015-09-13,2017,,,31.0,44.5,,,5.5,0.5,,15.0,,1.5,,1.0,,,National,44.5,55874.0,0.8,4.254207560547818,12145.0,0.41841004184102193,0.15527950310560978,2.5018953752843576,-7.380952380951989,55422.0,0.8,3.893523291779921,12106.0,0.2516778523490082,1.1755485893416573,2.990797546012236,-14.976228209191456,54983.0,1.3,4.213419257012885,12078.0,0.7575757575757791,0.47132757266297176,3.2432432432431657,-4.000000000000259,53594.0,0.5,3.0673666801284583,11886.0,1.615646258503456,1.5772870662460914,3.3699059561128397,2.7732463295266463
2015-09-16,2017,,,33.0,47.3,,,7.9,0.6,,10.0,,0.5,,0.5,,,National,47.3,55874.0,0.8,4.254207560547818,12145.0,0.41841004184102193,0.15527950310560978,2.5018953752843576,-7.380952380951989,55422.0,0.8,3.893523291779921,12106.0,0.2516778523490082,1.1755485893416573,2.990797546012236,-14.976228209191456,54983.0,1.3,4.213419257012885,12078.0,0.7575757575757791,0.47132757266297176,3.2432432432431657,-4.000000000000259,53594.0,0.5,3.0673666801284583,11886.0,1.615646258503456,1.5772870662460914,3.3699059561128397,2.7732463295266463
2015-10-11,2017,,,29.0,50.0,,,6.5,0.5,,11.5,,0.5,,0.5,,,National,50.0,56655.0,1.4,4.3889226687303,12256.0,0.417014178482078,0.7763975155279601,2.7027027027026973,-6.761006289308669,55874.0,0.8,4.254207560547818,12145.0,0.41841004184102193,0.15527950310560978,2.5018953752843576,-7.380952380951989,55422.0,0.8,3.893523291779921,12106.0,0.2516778523490082,1.1755485893416573,2.990797546012236,-14.976228209191456,54273.0,1.3,3.446106928428483,11985.0,1.0109519797810052,-0.15503875968994052,3.4161490683230378,-1.7760617760613995
2015-10-14,2017,,,31.0,47.0,,,9.0,0.2,,12.0,,0.8,,0.4,,,National,47.0,56655.0,1.4,4.3889226687303,12256.0,0.417014178482078,0.7763975155279601,2.7027027027026973,-6.761006289308669,55874.0,0.8,4.254207560547818,12145.0,0.41841004184102193,0.15527950310560978,2.5018953752843576,-7.380952380951989,55422.0,0.8,3.893523291779921,12106.0,0.2516778523490082,1.1755485893416573,2.990797546012236,-14.976228209191456,54273.0,1.3,3.446106928428483,11985.0,1.0109519797810052,-0.15503875968994052,3.4161490683230378,-1.7760617760613995
2015-11-08,2017,,,29.5,49.0,,,6.0,0.5,,12.0,,2.0,,0.5,,,National,49.0,56655.0,1.4,4.3889226687303,12256.0,0.417014178482078,0.7763975155279601,2.7027027027026973,-6.761006289308669,55874.0,0.8,4.254207560547818,12145.0,0.41841004184102193,0.15527950310560978,2.5018953752843576,-7.380952380951989,55422.0,0.8,3.893523291779921,12106.0,0.2516778523490082,1.1755485893416573,2.990797546012236,-14.976228209191456,54273.0,1.3,3.446106928428483,11985.0,1.0109519797810052,-0.15503875968994052,3.4161490683230378,-1.7760617760613995
2015-11-17,2017,,,32.3,46.7,,,7.5,0.8,,10.2,,1.3,,0.7,,,National,46.7,56655.0,1.4,4.3889226687303,12256.0,0.417014178482078,0.7763975155279601,2.7027027027026973,-6.761006289308669,55874.0,0.8,4.254207560547818,12145.0,0.41841004184102193,0.15527950310560978,2.5018953752843576,-7.380952380951989,55422.0,0.8,3.893523291779921,12106.0,0.2516778523490082,1.1755485893416573,2.990797546012236,-14.976228209191456,54273.0,1.3,3.446106928428483,11985.0,1.0109519797810052,-0.15503875968994052,3.4161490683230378,-1.7760617760613995
2015-12-06,2017,,,28.5,49.0,,,6.0,0.5,,13.0,,1.5,,0.5,,,National,49.0,56655.0,1.4,4.3889226687303,12256.0,0.417014178482078,0.7763975155279601,2.7027027027026973,-6.761006289308669,55874.0,0.8,4.254207560547818,12145.0,0.41841004184102193,0.15527950310560978,2.5018953752843576,-7.380952380951989,55422.0,0.8,3.893523291779921,12106.0,0.2516778523490082,1.1755485893416573,2.990797546012236,-14.976228209191456,54273.0,1.3,3.446106928428483,11985.0,1.0109519797810052,-0.15503875968994052,3.4161490683230378,-1.7760617760613995
2015-12-14,2017,,,31.1,51.3,,,5.7,0.8,,8.2,,2.1,,,,,National,51.3,56655.0,1.4,4.3889226687303,12256.0,0.417014178482078,0.7763975155279601,2.7027027027026973,-6.761006289308669,55874.0,0.8,4.254207560547818,12145.0,0.41841004184102193,0.15527950310560978,2.5018953752843576,-7.380952380951989,55422.0,0.8,3.893523291779921,12106.0,0.2516778523490082,1.1755485893416573,2.990797546012236,-14.976228209191456,54273.0,1.3,3.446106928428483,11985.0,1.0109519797810052,-0.15503875968994052,3.4161490683230378,-1.7760617760613995
2016-01-17,2017,,,27.5,47.0,,,6.5,0.5,,14.0,,3.0,,1.0,,,National,47.0,57214.0,1.0,4.057617809141001,12304.0,0.08354218880535225,-0.6254886630179701,2.8421839940164784,-8.083333333333165,56655.0,1.4,4.3889226687303,12256.0,0.417014178482078,0.7763975155279601,2.7027027027026973,-6.761006289308669,55874.0,0.8,4.254207560547818,12145.0,0.41841004184102193,0.15527950310560978,2.5018953752843576,-7.380952380951989,54983.0,1.3,4.213419257012885,12078.0,0.7575757575757791,0.47132757266297176,3.2432432432431657,-4.000000000000259
2016-02-14,2017,,,27.0,48.0,,,6.0,0.5,,14.5,,1.0,,1.0,,,National,48.0,57214.0,1.0,4.057617809141001,12304.0,0.08354218880535225,-0.6254886630179701,2.8421839940164784,-8.083333333333165,56655.0,1.4,4.3889226687303,12256.0,0.417014178482078,0.7763975155279601,2.7027027027026973,-6.761006289308669,55874.0,0.8,4.254207560547818,12145.0,0.41841004184102193,0.15527950310560978,2.5018953752843576,-7.380952380951989,54983.0,1.3,4.213419257012885,12078.0,0.7575757575757791,0.47132757266297176,3.2432432432431657,-4.000000000000259
2016-02-17,2017,,,32.0,47.0,,,10.0,0.3,,8.0,,1.1,,0.6,,,National,47.0,57214.0,1.0,4.057617809141001,12304.0,0.08354218880535225,-0.6254886630179701,2.8421839940164784,-8.083333333333165,56655.0,1.4,4.3889226687303,12256.0,0.417014178482078,0.7763975155279601,2.7027027027026973,-6.761006289308669,55874.0,0.8,4.254207560547818,12145.0,0.41841004184102193,0.15527950310560978,2.5018953752843576,-7.380952380951989,54983.0,1.3,4.213419257012885,12078.0,0.7575757575757791,0.47132757266297176,3.2432432432431657,-4.000000000000259
2016-03-13,2017,,,28.0,46.0,,,9.0,1.0,,14.0,,1.0,,0.5,,,National,46.0,57214.0,1.0,4.057617809141001,12304.0,0.08354218880535225,-0.6254886630179701,2.8421839940164784,-8.083333333333165,56655.0,1.4,4.3889226687303,12256.0,0.417014178482078,0.7763975155279601,2.7027027027026973,-6.761006289308669,55874.0,0.8,4.254207560547818,12145.0,0.41841004184102193,0.15527950310560978,2.5018953752843576,-7.380952380951989,54983.0,1.3,4.213419257012885,12078.0,0.7575757575757791,0.47132757266297176,3.2432432432431657,-4.000000000000259
2016-04-06,2017,,,28.0,50.0,,,9.0,0.7,,10.0,,1.1,,0.3,,,National,50.0,57781.0,1.0,4.256432463642601,12348.0,0.41841004184102193,-0.38729666924870454,2.978406552494439,-5.125815470643069,57214.0,1.0,4.057617809141001,12304.0,0.08354218880535225,-0.6254886630179701,2.8421839940164784,-8.083333333333165,56655.0,1.4,4.3889226687303,12256.0,0.417014178482078,0.7763975155279601,2.7027027027026973,-6.761006289308669,55422.0,0.8,3.893523291779921,12106.0,0.2516778523490082,1.1755485893416573,2.990797546012236,-14.976228209191456
2016-04-17,2017,,,26.0,42.5,,,12.5,1.5,,14.5,,1.5,,1.0,,,National,42.5,57781.0,1.0,4.256432463642601,12348.0,0.41841004184102193,-0.38729666924870454,2.978406552494439,-5.125815470643069,57214.0,1.0,4.057617809141001,12304.0,0.08354218880535225,-0.6254886630179701,2.8421839940164784,-8.083333333333165,56655.0,1.4,4.3889226687303,12256.0,0.417014178482078,0.7763975155279601,2.7027027027026973,-6.761006289308669,55422.0,0.8,3.893523291779921,12106.0,0.2516778523490082,1.1755485893416573,2.990797546012236,-14.976228209191456
2016-05-15,2017,,,29.5,45.5,,,9.5,1.0,,12.0,,1.0,,0.5,,,National,45.5,57781.0,1.0,4.256432463642601,12348.0,0.41841004184102193,-0.38729666924870454,2.978406552494439,-5.125815470643069,57214.0,1.0,4.057617809141001,12304.0,0.08354218880535225,-0.6254886630179701,2.8421839940164784,-8.083333333333165,56655.0,1.4,4.3889226687303,12256.0,0.417014178482078,0.7763975155279601,2.7027027027026973,-6.761006289308669,55422.0,0.8,3.893523291779921,12106.0,0.2516778523490082,1.1755485893416573,2.990797546012236,-14.976228209191456
2016-05-22,2017,,,31.3,47.0,,,7.8,0.4,,11.1,,1.0,,0.6,,,National,47.0,57781.0,1.0,4.256432463642601,12348.0,0.41841004184102193,-0.38729666924870454,2.978406552494439,-5.125815470643069,57214.0,1.0,4.057617809141001,12304.0,0.08354218880535225,-0.6254886630179701,2.8421839940164784,-8.083333333333165,56655.0,1.4,4.3889226687303,12256.0,0.417014178482078,0.7763975155279601,2.7027027027026973,-6.761006289308669,55422.0,0.8,3.893523291779921,12106.0,0.2516778523490082,1.1755485893416573,2.990797546012236,-14.976228209191456
2016-06-02,2017,,,29.0,48.0,,,9.0,0.3,,12.0,,0.7,,0.7,,,National,48.0,57781.0,1.0,4.256432463642601,12348.0,0.41841004184102193,-0.38729666924870454,2.978406552494439,-5.125815470643069,57214.0,1.0,4.057617809141001,12304.0,0.08354218880535225,-0.6254886630179701,2.8421839940164784,-8.083333333333165,56655.0,1.4,4.3889226687303,12256.0,0.417014178482078,0.7763975155279601,2.7027027027026973,-6.761006289308669,55422.0,0.8,3.893523291779921,12106.0,0.2516778523490082,1.1755485893416573,2.990797546012236,-14.976228209191456
2016-06-12,2017,,,28.0,43.5,,,9.0,0.5,,14.5,,2.0,,1.0,,,National,43.5,57781.0,1.0,4.256432463642601,12348.0,0.41841004184102193,-0.38729666924870454,2.978406552494439,-5.125815470643069,57214.0,1.0,4.057617809141001,12304.0,0.08354218880535225,-0.6254886630179701,2.8421839940164784,-8.083333333333165,56655.0,1.4,4.3889226687303,12256.0,0.417014178482078,0.7763975155279601,2.7027027027026973,-6.761006289308669,55422.0,0.8,3.893523291779921,12106.0,0.2516778523490082,1.1755485893416573,2.990797546012236,-14.976228209191456
2016-07-17,2017,,,25.5,53.0,,,7.0,1.0,,11.5,,0.5,,0.5,,,National,53.0,58460.0,1.2,4.628270752049257,12426.0,0.41666666666657637,0.0,3.328402366863914,-8.140531276778463,57781.0,1.0,4.256432463642601,12348.0,0.41841004184102193,-0.38729666924870454,2.978406552494439,-5.125815470643069,57214.0,1.0,4.057617809141001,12304.0,0.08354218880535225,-0.6254886630179701,2.8421839940164784,-8.083333333333165,55874.0,0.8,4.254207560547818,12145.0,0.41841004184102193,0.15527950310560978,2.5018953752843576,-7.380952380951989
2016-08-03,2017,,,32.7,45.1,,,8.1,0.2,,11.5,,1.3,,0.5,,,National,45.1,58460.0,1.2,4.628270752049257,12426.0,0.41666666666657637,0.0,3.328402366863914,-8.140531276778463,57781.0,1.0,4.256432463642601,12348.0,0.41841004184102193,-0.38729666924870454,2.978406552494439,-5.125815470643069,57214.0,1.0,4.057617809141001,12304.0,0.08354218880535225,-0.6254886630179701,2.8421839940164784,-8.083333333333165,55874.0,0.8,4.254207560547818,12145.0,0.41841004184102193,0.15527950310560978,2.5018953752843576,-7.380952380951989
2016-08-21,2017,,,25.5,46.0,,,9.5,1.0,,14.5,,1.5,,1.0,,,National,46.0,58460.0,1.2,4.628270752049257,12426.0,0.41666666666657637,0.0,3.328402366863914,-8.140531276778463,57781.0,1.0,4.256432463642601,12348.0,0.41841004184102193,-0.38729666924870454,2.978406552494439,-5.125815470643069,57214.0,1.0,4.057617809141001,12304.0,0.08354218880535225,-0.6254886630179701,2.8421839940164784,-8.083333333333165,55874.0,0.8,4.254207560547818,12145.0,0.41841004184102193,0.15527950310560978,2.5018953752843576,-7.380952380951989
2016-09-07,2017,,,26.0,48.0,,,11.0,,,13.0,,2.0,,0.3,,,National,48.0,58460.0,1.2,4.628270752049257,12426.0,0.41666666666657637,0.0,3.328402366863914,-8.140531276778463,57781.0,1.0,4.256432463642601,12348.0,0.41841004184102193,-0.38729666924870454,2.978406552494439,-5.125815470643069,57214.0,1.0,4.057617809141001,12304.0,0.08354218880535225,-0.6254886630179701,2.8421839940164784,-8.083333333333165,55874.0,0.8,4.254207560547818,12145.0,0.41841004184102193,0.15527950310560978,2.5018953752843576,-7.380952380951989
2016-09-18,2017,,,33.5,41.5,,,8.5,1.0,,12.0,,2.0,,0.5,,,National,41.5,58460.0,1.2,4.628270752049257,12426.0,0.41666666666657637,0.0,3.328402366863914,-8.140531276778463,57781.0,1.0,4.256432463642601,12348.0,0.41841004184102193,-0.38729666924870454,2.978406552494439,-5.125815470643069,57214.0,1.0,4.057617809141001,12304.0,0.08354218880535225,-0.6254886630179701,2.8421839940164784,-8.083333333333165,55874.0,0.8,4.254207560547818,12145.0,0.41841004184102193,0.15527950310560978,2.5018953752843576,-7.380952380951989
2016-10-23,2017,,,26.5,48.0,,,10.0,0.5,,11.5,,1.5,,,,,National,48.0,58927.0,0.8,4.010237401818029,12464.0,0.4152823561461405,-0.23112480739603258,3.216374269005895,-11.129848229342166,58460.0,1.2,4.628270752049257,12426.0,0.41666666666657637,0.0,3.328402366863914,-8.140531276778463,57781.0,1.0,4.256432463642601,12348.0,0.41841004184102193,-0.38729666924870454,2.978406552494439,-5.125815470643069,56655.0,1.4,4.3889226687303,12256.0,0.417014178482078,0.7763975155279601,2.7027027027026973,-6.761006289308669
2016-11-20,2017,,,23.0,49.5,,,8.0,1.0,,14.5,,1.5,,0.5,,,National,49.5,58927.0,0.8,4.010237401818029,12464.0,0.4152823561461405,-0.23112480739603258,3.216374269005895,-11.129848229342166,58460.0,1.2,4.628270752049257,12426.0,0.41666666666657637,0.0,3.328402366863914,-8.140531276778463,57781.0,1.0,4.256432463642601,12348.0,0.41841004184102193,-0.38729666924870454,2.978406552494439,-5.125815470643069,56655.0,1.4,4.3889226687303,12256.0,0.417014178482078,0.7763975155279601,2.7027027027026973,-6.761006289308669
2016-11-23,2017,,,28.0,50.0,,,10.0,,,11.0,,1.0,,0.2,,,National,50.0,58927.0,0.8,4.010237401818029,12464.0,0.4152823561461405,-0.23112480739603258,3.216374269005895,-11.129848229342166,58460.0,1.2,4.628270752049257,12426.0,0.41666666666657637,0.0,3.328402366863914,-8.140531276778463,57781.0,1.0,4.256432463642601,12348.0,0.41841004184102193,-0.38729666924870454,2.978406552494439,-5.125815470643069,56655.0,1.4,4.3889226687303,12256.0,0.417014178482078,0.7763975155279601,2.7027027027026973,-6.761006289308669
2016-12-11,2017,,,28.5,45.0,,,7.5,0.5,,14.5,,1.0,,0.5,,,National,45.0,58927.0,0.8,4.010237401818029,12464.0,0.4152823561461405,-0.23112480739603258,3.216374269005895,-11.129848229342166,58460.0,1.2,4.628270752049257,12426.0,0.41666666666657637,0.0,3.328402366863914,-8.140531276778463,57781.0,1.0,4.256432463642601,12348.0,0.41841004184102193,-0.38729666924870454,2.978406552494439,-5.125815470643069,56655.0,1.4,4.3889226687303,12256.0,0.417014178482078,0.7763975155279601,2.7027027027026973,-6.761006289308669
2017-01-16,2017,,,27.0,46.0,,,9.0,0.5,,12.5,,2.0,,0.5,,,National,46.0,59032.0,0.2,3.177543957772566,12416.0,1.335559265442332,0.6294256490951833,3.2727272727272716,-0.543970988213982,58927.0,0.8,4.010237401818029,12464.0,0.4152823561461405,-0.23112480739603258,3.216374269005895,-11.129848229342166,58460.0,1.2,4.628270752049257,12426.0,0.41666666666657637,0.0,3.328402366863914,-8.140531276778463,57214.0,1.0,4.057617809141001,12304.0,0.08354218880535225,-0.6254886630179701,2.8421839940164784,-8.083333333333165
2017-02-12,2017,,,26.0,48.0,,,8.0,1.0,,13.0,,2.0,,0.0,,,National,48.0,59032.0,0.2,3.177543957772566,12416.0,1.335559265442332,0.6294256490951833,3.2727272727272716,-0.543970988213982,58927.0,0.8,4.010237401818029,12464.0,0.4152823561461405,-0.23112480739603258,3.216374269005895,-11.129848229342166,58460.0,1.2,4.628270752049257,12426.0,0.41666666666657637,0.0,3.328402366863914,-8.140531276778463,57214.0,1.0,4.057617809141001,12304.0,0.08354218880535225,-0.6254886630179701,2.8421839940164784,-8.083333333333165
2017-02-15,2017,,,30.0,46.0,,,11.0,0.8,,11.0,,0.7,,0.2,,0.0,National,46.0,59032.0,0.2,3.177543957772566,12416.0,1.335559265442332,0.6294256490951833,3.2727272727272716,-0.543970988213982,58927.0,0.8,4.010237401818029,12464.0,0.4152823561461405,-0.23112480739603258,3.216374269005895,-11.129848229342166,58460.0,1.2,4.628270752049257,12426.0,0.41666666666657637,0.0,3.328402366863914,-8.140531276778463,57214.0,1.0,4.057617809141001,12304.0,0.08354218880535225,-0.6254886630179701,2.8421839940164784,-8.083333333333165
2017-03-12,2017,,,29.5,43.5,,,7.5,0.5,,14.5,,2.0,,0.5,,,National,43.5,59032.0,0.2,3.177543957772566,12416.0,1.335559265442332,0.6294256490951833,3.2727272727272716,-0.543970988213982,58927.0,0.8,4.010237401818029,12464.0,0.4152823561461405,-0.23112480739603258,3.216374269005895,-11.129848229342166,58460.0,1.2,4.628270752049257,12426.0,0.41666666666657637,0.0,3.328402366863914,-8.140531276778463,57214.0,1.0,4.057617809141001,12304.0,0.08354218880535225,-0.6254886630179701,2.8421839940164784,-8.083333333333165
2017-03-19,2017,,,30.8,47.1,,,7.6,0.4,,11.2,,0.7,,0.4,,0.8,National,47.1,59032.0,0.2,3.177543957772566,12416.0,1.335559265442332,0.6294256490951833,3.2727272727272716,-0.543970988213982,58927.0,0.8,4.010237401818029,12464.0,0.4152823561461405,-0.23112480739603258,3.216374269005895,-11.129848229342166,58460.0,1.2,4.628270752049257,12426.0,0.41666666666657637,0.0,3.328402366863914,-8.140531276778463,57214.0,1.0,4.057617809141001,12304.0,0.08354218880535225,-0.6254886630179701,2.8421839940164784,-8.083333333333165
2017-03-22,2017,,,30.0,46.0,,,8.0,0.4,,11.0,,4.0,,0.3,,0.4,National,46.0,59032.0,0.2,3.177543957772566,12416.0,1.335559265442332,0.6294256490951833,3.2727272727272716,-0.543970988213982,58927.0,0.8,4.010237401818029,12464.0,0.4152823561461405,-0.23112480739603258,3.216374269005895,-11.129848229342166,58460.0,1.2,4.628270752049257,12426.0,0.41666666666657637,0.0,3.328402366863914,-8.140531276778463,57214.0,1.0,4.057617809141001,12304.0,0.08354218880535225,-0.6254886630179701,2.8421839940164784,-8.083333333333165
2017-04-16,2017,,,29.5,43.0,,,10.5,1.5,,13.0,,1.0,,0.5,,,National,43.0,59894.0,1.5,3.6569114414773063,12524.0,2.166666666666628,1.6329704510109178,3.2537960954446943,12.180746561886412,59032.0,0.2,3.177543957772566,12416.0,1.335559265442332,0.6294256490951833,3.2727272727272716,-0.543970988213982,58927.0,0.8,4.010237401818029,12464.0,0.4152823561461405,-0.23112480739603258,3.216374269005895,-11.129848229342166,57781.0,1.0,4.256432463642601,12348.0,0.41841004184102193,-0.38729666924870454,2.978406552494439,-5.125815470643069
2017-05-14,2017,,,28.5,43.0,,,10.0,0.5,,14.0,,1.5,,0.0,,,National,43.0,59894.0,1.5,3.6569114414773063,12524.0,2.166666666666628,1.6329704510109178,3.2537960954446943,12.180746561886412,59032.0,0.2,3.177543957772566,12416.0,1.335559265442332,0.6294256490951833,3.2727272727272716,-0.543970988213982,58927.0,0.8,4.010237401818029,12464.0,0.4152823561461405,-0.23112480739603258,3.216374269005895,-11.129848229342166,57781.0,1.0,4.256432463642601,12348.0,0.41841004184102193,-0.38729666924870454,2.978406552494439,-5.125815470643069
2017-05-24,2017,,,23.75,43.75,,,10.0,1.25,,16.25,,1.25,,1.25,,2.5,National,43.75,59894.0,1.5,3.6569114414773063,12524.0,2.166666666666628,1.6329704510109178,3.2537960954446943,12.180746561886412,59032.0,0.2,3.177543957772566,12416.0,1.335559265442332,0.6294256490951833,3.2727272727272716,-0.543970988213982,58927.0,0.8,4.010237401818029,12464.0,0.4152823561461405,-0.23112480739603258,3.216374269005895,-11.129848229342166,57781.0,1.0,4.256432463642601,12348.0,0.41841004184102193,-0.38729666924870454,2.978406552494439,-5.125815470643069
2017-05-31,2017,,,30.0,49.0,,,9.0,0.5,,9.0,,0.6,,0.1,,1.4,National,49.0,59894.0,1.5,3.6569114414773063,12524.0,2.166666666666628,1.6329704510109178,3.2537960954446943,12.180746561886412,59032.0,0.2,3.177543957772566,12416.0,1.335559265442332,0.6294256490951833,3.2727272727272716,-0.543970988213982,58927.0,0.8,4.010237401818029,12464.0,0.4152823561461405,-0.23112480739603258,3.216374269005895,-11.129848229342166,57781.0,1.0,4.256432463642601,12348.0,0.41841004184102193,-0.38729666924870454,2.978406552494439,-5.125815470643069
2017-06-11,2017,,,25.5,46.5,,,9.0,1.0,,14.0,,1.5,,0.0,,,National,46.5,59894.0,1.5,3.6569114414773063,12524.0,2.166666666666628,1.6329704510109178,3.2537960954446943,12.180746561886412,59032.0,0.2,3.177543957772566,12416.0,1.335559265442332,0.6294256490951833,3.2727272727272716,-0.543970988213982,58927.0,0.8,4.010237401818029,12464.0,0.4152823561461405,-0.23112480739603258,3.216374269005895,-11.129848229342166,57781.0,1.0,4.256432463642601,12348.0,0.41841004184102193,-0.38729666924870454,2.978406552494439,-5.125815470643069
2017-06-12,2017,,,26.4,47.4,,,9.4,0.9,,12.5,,0.7,,0.8,,0.8,National,47.4,59894.0,1.5,3.6569114414773063,12524.0,2.166666666666628,1.6329704510109178,3.2537960954446943,12.180746561886412,59032.0,0.2,3.177543957772566,12416.0,1.335559265442332,0.6294256490951833,3.2727272727272716,-0.543970988213982,58927.0,0.8,4.010237401818029,12464.0,0.4152823561461405,-0.23112480739603258,3.216374269005895,-11.129848229342166,57781.0,1.0,4.256432463642601,12348.0,0.41841004184102193,-0.38729666924870454,2.978406552494439,-5.125815470643069
2017-07-05,2017,,,27.0,47.0,,,11.0,0.3,,11.0,,1.8,,0.1,,1.1,National,47.0,60540.0,1.1,3.5579883681149393,12599.0,1.7427385892116787,2.0155038759689825,3.078024337866836,4.47761194029852,59894.0,1.5,3.6569114414773063,12524.0,2.166666666666628,1.6329704510109178,3.2537960954446943,12.180746561886412,59032.0,0.2,3.177543957772566,12416.0,1.335559265442332,0.6294256490951833,3.2727272727272716,-0.543970988213982,58460.0,1.2,4.628270752049257,12426.0,0.41666666666657637,0.0,3.328402366863914,-8.140531276778463
2017-07-09,2017,,,30.5,43.0,,,8.0,1.0,,13.5,,1.5,,0.0,,,National,43.0,60540.0,1.1,3.5579883681149393,12599.0,1.7427385892116787,2.0155038759689825,3.078024337866836,4.47761194029852,59894.0,1.5,3.6569114414773063,12524.0,2.166666666666628,1.6329704510109178,3.2537960954446943,12.180746561886412,59032.0,0.2,3.177543957772566,12416.0,1.335559265442332,0.6294256490951833,3.2727272727272716,-0.543970988213982,58460.0,1.2,4.628270752049257,12426.0,0.41666666666657637,0.0,3.328402366863914,-8.140531276778463
2017-07-27,2017,,,24.0,47.0,,,11.0,0.3,,15.0,,0.6,,,,1.5,National,47.0,60540.0,1.1,3.5579883681149393,12599.0,1.7427385892116787,2.0155038759689825,3.078024337866836,4.47761194029852,59894.0,1.5,3.6569114414773063,12524.0,2.166666666666628,1.6329704510109178,3.2537960954446943,12.180746561886412,59032.0,0.2,3.177543957772566,12416.0,1.335559265442332,0.6294256490951833,3.2727272727272716,-0.543970988213982,58460.0,1.2,4.628270752049257,12426.0,0.41666666666657637,0.0,3.328402366863914,-8.140531276778463
2017-07-28,2017,,,24.1,45.2,,,13.0,0.5,,13.0,,1.2,,0.2,,2.0,National,45.2,60540.0,1.1,3.5579883681149393,12599.0,1.7427385892116787,2.0155038759689825,3.078024337866836,4.47761194029852,59894.0,1.5,3.6569114414773063,12524.0,2.166666666666628,1.6329704510109178,3.2537960954446943,12.180746561886412,59032.0,0.2,3.177543957772566,12416.0,1.335559265442332,0.6294256490951833,3.2727272727272716,-0.543970988213982,58460.0,1.2,4.628270752049257,12426.0,0.41666666666657637,0.0,3.328402366863914,-8.140531276778463
2017-08-02,2017,,,26.79,45.42,,,9.32,1.17,,13.98,,0.0,,0.0,,2.33,National,45.42,60540.0,1.1,3.5579883681149393,12599.0,1.7427385892116787,2.0155038759689825,3.078024337866836,4.47761194029852,59894.0,1.5,3.6569114414773063,12524.0,2.166666666666628,1.6329704510109178,3.2537960954446943,12.180746561886412,59032.0,0.2,3.177543957772566,12416.0,1.335559265442332,0.6294256490951833,3.2727272727272716,-0.543970988213982,58460.0,1.2,4.628270752049257,12426.0,0.41666666666657637,0.0,3.328402366863914,-8.140531276778463
2017-08-08,2017,,,33.1,44.4,,,9.2,0.6,,8.3,,1.5,,0.3,,2.0,National,44.4,60540.0,1.1,3.5579883681149393,12599.0,1.7427385892116787,2.0155038759689825,3.078024337866836,4.47761194029852,59894.0,1.5,3.6569114414773063,12524.0,2.166666666666628,1.6329704510109178,3.2537960954446943,12.180746561886412,59032.0,0.2,3.177543957772566,12416.0,1.335559265442332,0.6294256490951833,3.2727272727272716,-0.543970988213982,58460.0,1.2,4.628270752049257,12426.0,0.41666666666657637,0.0,3.328402366863914,-8.140531276778463
2017-08-13,2017,,,32.5,42.5,,,11.5,0.5,,9.0,,1.5,,0.0,,2.0,National,42.5,60540.0,1.1,3.5579883681149393,12599.0,1.7427385892116787,2.0155038759689825,3.078024337866836,4.47761194029852,59894.0,1.5,3.6569114414773063,12524.0,2.166666666666628,1.6329704510109178,3.2537960954446943,12.180746561886412,59032.0,0.2,3.177543957772566,12416.0,1.335559265442332,0.6294256490951833,3.2727272727272716,-0.543970988213982,58460.0,1.2,4.628270752049257,12426.0,0.41666666666657637,0.0,3.328402366863914,-8.140531276778463
2017-08-16,2017,,,37.0,44.0,,,10.0,0.4,,4.3,,1.7,,,,2.1,National,44.0,60540.0,1.1,3.5579883681149393,12599.0,1.7427385892116787,2.0155038759689825,3.078024337866836,4.47761194029852,59894.0,1.5,3.6569114414773063,12524.0,2.166666666666628,1.6329704510109178,3.2537960954446943,12.180746561886412,59032.0,0.2,3.177543957772566,12416.0,1.335559265442332,0.6294256490951833,3.2727272727272716,-0.543970988213982,58460.0,1.2,4.628270752049257,12426.0,0.41666666666657637,0.0,3.328402366863914,-8.140531276778463
2017-08-30,2017,,,39.4,43.3,,,6.6,0.6,,6.1,,1.0,,0.3,,1.9,National,43.3,60540.0,1.1,3.5579883681149393,12599.0,1.7427385892116787,2.0155038759689825,3.078024337866836,4.47761194029852,59894.0,1.5,3.6569114414773063,12524.0,2.166666666666628,1.6329704510109178,3.2537960954446943,12.180746561886412,59032.0,0.2,3.177543957772566,12416.0,1.335559265442332,0.6294256490951833,3.2727272727272716,-0.543970988213982,58460.0,1.2,4.628270752049257,12426.0,0.41666666666657637,0.0,3.328402366863914,-8.140531276778463
2017-08-30,2017,,,43.0,41.0,,,8.0,0.3,,5.0,,0.5,,,,0.9,National,41.0,60540.0,1.1,3.5579883681149393,12599.0,1.7427385892116787,2.0155038759689825,3.078024337866836,4.47761194029852,59894.0,1.5,3.6569114414773063,12524.0,2.166666666666628,1.6329704510109178,3.2537960954446943,12.180746561886412,59032.0,0.2,3.177543957772566,12416.0,1.335559265442332,0.6294256490951833,3.2727272727272716,-0.543970988213982,58460.0,1.2,4.628270752049257,12426.0,0.41666666666657637,0.0,3.328402366863914,-8.140531276778463
2017-09-05,2017,,,41.1,38.9,,,8.9,1.1,,6.7,,1.1,,,,2.2,National,38.9,60540.0,1.1,3.5579883681149393,12599.0,1.7427385892116787,2.0155038759689825,3.078024337866836,4.47761194029852,59894.0,1.5,3.6569114414773063,12524.0,2.166666666666628,1.6329704510109178,3.2537960954446943,12.180746561886412,59032.0,0.2,3.177543957772566,12416.0,1.335559265442332,0.6294256490951833,3.2727272727272716,-0.543970988213982,58460.0,1.2,4.628270752049257,12426.0,0.41666666666657637,0.0,3.328402366863914,-8.140531276778463
2017-09-06,2017,,,43.0,39.0,,,9.0,0.1,,5.0,,2.0,,,,1.9,National,39.0,60540.0,1.1,3.5579883681149393,12599.0,1.7427385892116787,2.0155038759689825,3.078024337866836,4.47761194029852,59894.0,1.5,3.6569114414773063,12524.0,2.166666666666628,1.6329704510109178,3.2537960954446943,12.180746561886412,59032.0,0.2,3.177543957772566,12416.0,1.335559265442332,0.6294256490951833,3.2727272727272716,-0.543970988213982,58460.0,1.2,4.628270752049257,12426.0,0.41666666666657637,0.0,3.328402366863914,-8.140531276778463
2017-09-06,2017,,,45.0,30.0,,,11.0,1.0,,6.0,,2.0,,,,2.0,National,30.0,60540.0,1.1,3.5579883681149393,12599.0,1.7427385892116787,2.0155038759689825,3.078024337866836,4.47761194029852,59894.0,1.5,3.6569114414773063,12524.0,2.166666666666628,1.6329704510109178,3.2537960954446943,12.180746561886412,59032.0,0.2,3.177543957772566,12416.0,1.335559265442332,0.6294256490951833,3.2727272727272716,-0.543970988213982,58460.0,1.2,4.628270752049257,12426.0,0.41666666666657637,0.0,3.328402366863914,-8.140531276778463
2017-09-10,2017,,,39.5,40.0,,,6.0,0.5,,9.0,,2.0,,0.5,,2.0,National,40.0,60540.0,1.1,3.5579883681149393,12599.0,1.7427385892116787,2.0155038759689825,3.078024337866836,4.47761194029852,59894.0,1.5,3.6569114414773063,12524.0,2.166666666666628,1.6329704510109178,3.2537960954446943,12.180746561886412,59032.0,0.2,3.177543957772566,12416.0,1.335559265442332,0.6294256490951833,3.2727272727272716,-0.543970988213982,58460.0,1.2,4.628270752049257,12426.0,0.41666666666657637,0.0,3.328402366863914,-8.140531276778463
2017-09-11,2017,,,37.8,47.3,,,6.0,0.6,,4.9,,1.1,,0.3,,1.6,National,47.3,60540.0,1.1,3.5579883681149393,12599.0,1.7427385892116787,2.0155038759689825,3.078024337866836,4.47761194029852,59894.0,1.5,3.6569114414773063,12524.0,2.166666666666628,1.6329704510109178,3.2537960954446943,12.180746561886412,59032.0,0.2,3.177543957772566,12416.0,1.335559265442332,0.6294256490951833,3.2727272727272716,-0.543970988213982,58460.0,1.2,4.628270752049257,12426.0,0.41666666666657637,0.0,3.328402366863914,-8.140531276778463
2017-09-13,2017,,,44.0,40.0,,,6.0,0.6,,7.0,,0.9,,,,1.6,National,40.0,60540.0,1.1,3.5579883681149393,12599.0,1.7427385892116787,2.0155038759689825,3.078024337866836,4.47761194029852,59894.0,1.5,3.6569114414773063,12524.0,2.166666666666628,1.6329704510109178,3.2537960954446943,12.180746561886412,59032.0,0.2,3.177543957772566,12416.0,1.335559265442332,0.6294256490951833,3.2727272727272716,-0.543970988213982,58460.0,1.2,4.628270752049257,12426.0,0.41666666666657637,0.0,3.328402366863914,-8.140531276778463
2017-09-19,2017,,,37.0,46.0,,,4.9,0.3,,8.0,,0.5,,,,2.3,National,46.0,60540.0,1.1,3.5579883681149393,12599.0,1.7427385892116787,2.0155038759689825,3.078024337866836,4.47761194029852,59894.0,1.5,3.6569114414773063,12524.0,2.166666666666628,1.6329704510109178,3.2537960954446943,12.180746561886412,59032.0,0.2,3.177543957772566,12416.0,1.335559265442332,0.6294256490951833,3.2727272727272716,-0.543970988213982,58460.0,1.2,4.628270752049257,12426.0,0.41666666666657637,0.0,3.328402366863914,-8.140531276778463
2017-09-20,2017,,,37.3,45.8,,,7.1,0.6,,7.1,,0.4,,0.6,,0.9,National,45.8,60540.0,1.1,3.5579883681149393,12599.0,1.7427385892116787,2.0155038759689825,3.078024337866836,4.47761194029852,59894.0,1.5,3.6569114414773063,12524.0,2.166666666666628,1.6329704510109178,3.2537960954446943,12.180746561886412,59032.0,0.2,3.177543957772566,12416.0,1.335559265442332,0.6294256490951833,3.2727272727272716,-0.543970988213982,58460.0,1.2,4.628270752049257,12426.0,0.41666666666657637,0.0,3.328402366863914,-8.140531276778463
2017-09-23,2017,,,36.9,44.4,,,7.2,0.5,,6.3,,1.2,,0.2,,2.4,National,44.4,60540.0,1.1,3.5579883681149393,12599.0,1.7427385892116787,2.0155038759689825,3.078024337866836,4.47761194029852,59894.0,1.5,3.6569114414773063,12524.0,2.166666666666628,1.6329704510109178,3.2537960954446943,12.180746561886412,59032.0,0.2,3.177543957772566,12416.0,1.335559265442332,0.6294256490951833,3.2727272727272716,-0.543970988213982,58460.0,1.2,4.628270752049257,12426.0,0.41666666666657637,0.0,3.328402366863914,-8.140531276778463
2017-09-23,2020,,,36.9,44.4,,,7.2,0.5,,6.3,,1.2,,,,2.4,National,44.4,60540.0,1.1,3.5579883681149393,12599.0,1.7427385892116787,2.0155038759689825,3.078024337866836,4.47761194029852,59894.0,1.5,3.6569114414773063,12524.0,2.166666666666628,1.6329704510109178,3.2537960954446943,12.180746561886412,59032.0,0.2,3.177543957772566,12416.0,1.335559265442332,0.6294256490951833,3.2727272727272716,-0.543970988213982,58460.0,1.2,4.628270752049257,12426.0,0.41666666666657637,0.0,3.328402366863914,-8.140531276778463
2017-10-15,2020,,894.0,31.0,46.0,,,6.5,0.5,,11.0,,1.5,,,,2.0,National,46.0,61183.0,1.1,3.8284657287830814,12681.0,1.9023987130040165,2.7799227799224946,3.0453257790371335,4.45920303605305,60540.0,1.1,3.5579883681149393,12599.0,1.7427385892116787,2.0155038759689825,3.078024337866836,4.47761194029852,59894.0,1.5,3.6569114414773063,12524.0,2.166666666666628,1.6329704510109178,3.2537960954446943,12.180746561886412,58927.0,0.8,4.010237401818029,12464.0,0.4152823561461405,-0.23112480739603258,3.216374269005895,-11.129848229342166
2017-11-12,2020,,887.0,39.5,40.5,,,5.0,0.5,,10.0,,1.5,,,,2.0,Labour,39.5,61183.0,1.1,3.8284657287830814,12681.0,1.9023987130040165,2.7799227799224946,3.0453257790371335,4.45920303605305,60540.0,1.1,3.5579883681149393,12599.0,1.7427385892116787,2.0155038759689825,3.078024337866836,4.47761194029852,59894.0,1.5,3.6569114414773063,12524.0,2.166666666666628,1.6329704510109178,3.2537960954446943,12.180746561886412,58927.0,0.8,4.010237401818029,12464.0,0.4152823561461405,-0.23112480739603258,3.216374269005895,-11.129848229342166
2017-12-05,2020,,1007.0,39.0,46.0,,,5.0,0.1,,7.0,,0.9,,,,1.2,Labour,39.0,61183.0,1.1,3.8284657287830814,12681.0,1.9023987130040165,2.7799227799224946,3.0453257790371335,4.45920303605305,60540.0,1.1,3.5579883681149393,12599.0,1.7427385892116787,2.0155038759689825,3.078024337866836,4.47761194029852,59894.0,1.5,3.6569114414773063,12524.0,2.166666666666628,1.6329704510109178,3.2537960954446943,12.180746561886412,58927.0,0.8,4.010237401818029,12464.0,0.4152823561461405,-0.23112480739603258,3.216374269005895,-11.129848229342166
2017-12-10,2020,,,37.0,40.5,,,8.0,0.5,,10.0,,,,,,,Labour,37.0,61183.0,1.1,3.8284657287830814,12681.0,1.9023987130040165,2.7799227799224946,3.0453257790371335,4.45920303605305,60540.0,1.1,3.5579883681149393,12599.0,1.7427385892116787,2.0155038759689825,3.078024337866836,4.47761194029852,59894.0,1.5,3.6569114414773063,12524.0,2.166666666666628,1.6329704510109178,3.2537960954446943,12.180746561886412,58927.0,0.8,4.010237401818029,12464.0,0.4152823561461405,-0.23112480739603258,3.216374269005895,-11.129848229342166
2018-01-28,2020,,1000.0,42.5,39.0,,,6.0,0.5,,9.0,,1.0,,,,1.5,Labour,42.5,61970.0,1.3,4.976961647919764,12783.0,1.5943986820428746,2.2755277560594367,3.0309859154929786,6.486782133090219,61183.0,1.1,3.8284657287830814,12681.0,1.9023987130040165,2.7799227799224946,3.0453257790371335,4.45920303605305,60540.0,1.1,3.5579883681149393,12599.0,1.7427385892116787,2.0155038759689825,3.078024337866836,4.47761194029852,59032.0,0.2,3.177543957772566,12416.0,1.335559265442332,0.6294256490951833,3.2727272727272716,-0.543970988213982
2018-01-28,2020,,1000.0,42.3,44.5,,,3.8,0.2,,6.0,,0.8,,,,1.4,Labour,42.3,61970.0,1.3,4.976961647919764,12783.0,1.5943986820428746,2.2755277560594367,3.0309859154929786,6.486782133090219,61183.0,1.1,3.8284657287830814,12681.0,1.9023987130040165,2.7799227799224946,3.0453257790371335,4.45920303605305,60540.0,1.1,3.5579883681149393,12599.0,1.7427385892116787,2.0155038759689825,3.078024337866836,4.47761194029852,59032.0,0.2,3.177543957772566,12416.0,1.335559265442332,0.6294256490951833,3.2727272727272716,-0.543970988213982
2018-02-14,2020,,1007.0,48.0,43.0,,,2.6,0.5,,5.0,,0.7,,,,0.6,Labour,48.0,61970.0,1.3,4.976961647919764,12783.0,1.5943986820428746,2.2755277560594367,3.0309859154929786,6.486782133090219,61183.0,1.1,3.8284657287830814,12681.0,1.9023987130040165,2.7799227799224946,3.0453257790371335,4.45920303605305,60540.0,1.1,3.5579883681149393,12599.0,1.7427385892116787,2.0155038759689825,3.078024337866836,4.47761194029852,59032.0,0.2,3.177543957772566,12416.0,1.335559265442332,0.6294256490951833,3.2727272727272716,-0.543970988213982
2018-04-11,2020,,1007.0,43.0,44.0,,,5.0,0.3,,6.0,,1.2,,,,0.4,Labour,43.0,62646.0,1.1,4.594784118609541,12856.0,1.0999999999999899,0.5879112471308456,3.058823529411736,5.036777583187102,61970.0,1.3,4.976961647919764,12783.0,1.5943986820428746,2.2755277560594367,3.0309859154929786,6.486782133090219,61183.0,1.1,3.8284657287830814,12681.0,1.9023987130040165,2.7799227799224946,3.0453257790371335,4.45920303605305,59894.0,1.5,3.6569114414773063,12524.0,2.166666666666628,1.6329704510109178,3.2537960954446943,12.180746561886412
2018-05-23,2020,,1007.0,43.0,45.0,,,4.2,0.7,,5.0,,0.9,,,,0.5,Labour,43.0,62646.0,1.1,4.594784118609541,12856.0,1.0999999999999899,0.5879112471308456,3.058823529411736,5.036777583187102,61970.0,1.3,4.976961647919764,12783.0,1.5943986820428746,2.2755277560594367,3.0309859154929786,6.486782133090219,61183.0,1.1,3.8284657287830814,12681.0,1.9023987130040165,2.7799227799224946,3.0453257790371335,4.45920303605305,59894.0,1.5,3.6569114414773063,12524.0,2.166666666666628,1.6329704510109178,3.2537960954446943,12.180746561886412
2018-05-24,2020,,1000.0,42.6,45.1,,,2.4,0.2,,5.7,,0.9,,,,1.6,Labour,42.6,62646.0,1.1,4.594784118609541,12856.0,1.0999999999999899,0.5879112471308456,3.058823529411736,5.036777583187102,61970.0,1.3,4.976961647919764,12783.0,1.5943986820428746,2.2755277560594367,3.0309859154929786,6.486782133090219,61183.0,1.1,3.8284657287830814,12681.0,1.9023987130040165,2.7799227799224946,3.0453257790371335,4.45920303605305,59894.0,1.5,3.6569114414773063,12524.0,2.166666666666628,1.6329704510109178,3.2537960954446943,12.180746561886412
2018-08-01,2020,,1007.0,42.0,45.0,,,5.0,1.1,,6.0,,0.9,,,,0.4,Labour,42.0,63195.0,0.9,4.385530227948453,12914.0,1.4999999999999902,0.6999999999999895,3.0999999999999917,10.499999999999998,62646.0,1.1,4.594784118609541,12856.0,1.0999999999999899,0.5879112471308456,3.058823529411736,5.036777583187102,61970.0,1.3,4.976961647919764,12783.0,1.5943986820428746,2.2755277560594367,3.0309859154929786,6.486782133090219,60540.0,1.1,3.5579883681149393,12599.0,1.7427385892116787,2.0155038759689825,3.078024337866836,4.47761194029852
2018-10-19,2020,,1006.0,45.0,43.0,,,5.0,0.3,,7.0,,0.6,,,,0.3,Labour,45.0,63234.0,0.1,3.3522383668666222,12879.0,1.9012987012986926,0.15837716003037627,3.125773195875947,18.61217075386017,63195.0,0.9,4.385530227948453,12914.0,1.4999999999999902,0.6999999999999895,3.0999999999999917,10.499999999999998,62646.0,1.1,4.594784118609541,12856.0,1.0999999999999899,0.5879112471308456,3.058823529411736,5.036777583187102,61183.0,1.1,3.8284657287830814,12681.0,1.9023987130040165,2.7799227799224946,3.0453257790371335,4.45920303605305
2018-11-28,2020,,1008.0,43.0,46.0,,,4.0,0.6,,5.0,,0.9,,,,0.3,Labour,43.0,63234.0,0.1,3.3522383668666222,12879.0,1.9012987012986926,0.15837716003037627,3.125773195875947,18.61217075386017,63195.0,0.9,4.385530227948453,12914.0,1.4999999999999902,0.6999999999999895,3.0999999999999917,10.499999999999998,62646.0,1.1,4.594784118609541,12856.0,1.0999999999999899,0.5879112471308456,3.058823529411736,5.036777583187102,61183.0,1.1,3.8284657287830814,12681.0,1.9023987130040165,2.7799227799224946,3.0453257790371335,4.45920303605305
2019-02-02,2020,,1000.0,47.5,41.6,,,2.9,0.4,,5.1,,0.8,,,,0.5,Labour,47.5,64251.0,1.6,3.680813296756491,13038.0,1.8886679920477212,0.6036217303822866,3.0511811023621993,11.12176414189836,63234.0,0.1,3.3522383668666222,12879.0,1.9012987012986926,0.15837716003037627,3.125773195875947,18.61217075386017,63195.0,0.9,4.385530227948453,12914.0,1.4999999999999902,0.6999999999999895,3.0999999999999917,10.499999999999998,61970.0,1.3,4.976961647919764,12783.0,1.5943986820428746,2.2755277560594367,3.0309859154929786,6.486782133090219
2019-02-13,2020,,1006.0,45.0,42.0,,,3.0,0.9,,6.0,,1.4,,,,0.6,Labour,45.0,64251.0,1.6,3.680813296756491,13038.0,1.8886679920477212,0.6036217303822866,3.0511811023621993,11.12176414189836,63234.0,0.1,3.3522383668666222,12879.0,1.9012987012986926,0.15837716003037627,3.125773195875947,18.61217075386017,63195.0,0.9,4.385530227948453,12914.0,1.4999999999999902,0.6999999999999895,3.0999999999999917,10.499999999999998,61970.0,1.3,4.976961647919764,12783.0,1.5943986820428746,2.2755277560594367,3.0309859154929786,6.486782133090219
2019-03-23,2020,,1000.0,49.6,41.3,,,2.3,,,3.9,,,,,,,Labour,49.6,64251.0,1.6,3.680813296756491,13038.0,1.8886679920477212,0.6036217303822866,3.0511811023621993,11.12176414189836,63234.0,0.1,3.3522383668666222,12879.0,1.9012987012986926,0.15837716003037627,3.125773195875947,18.61217075386017,63195.0,0.9,4.385530227948453,12914.0,1.4999999999999902,0.6999999999999895,3.0999999999999917,10.499999999999998,61970.0,1.3,4.976961647919764,12783.0,1.5943986820428746,2.2755277560594367,3.0309859154929786,6.486782133090219
2019-04-10,2020,,1009.0,48.0,40.0,,,4.3,0.7,,6.0,,0.5,,,,,Labour,48.0,65042.0,1.2,3.8246655812023134,13146.0,1.4836795252225476,1.3013013013013053,3.033268101761255,0.6535947712418277,64251.0,1.6,3.680813296756491,13038.0,1.8886679920477212,0.6036217303822866,3.0511811023621993,11.12176414189836,63234.0,0.1,3.3522383668666222,12879.0,1.9012987012986926,0.15837716003037627,3.125773195875947,18.61217075386017,62646.0,1.1,4.594784118609541,12856.0,1.0999999999999899,0.5879112471308456,3.058823529411736,5.036777583187102
2019-06-07,2020,,1000.0,50.8,37.4,,,2.8,0.8,,6.2,,0.5,,,,0.1,Labour,50.8,65042.0,1.2,3.8246655812023134,13146.0,1.4836795252225476,1.3013013013013053,3.033268101761255,0.6535947712418277,64251.0,1.6,3.680813296756491,13038.0,1.8886679920477212,0.6036217303822866,3.0511811023621993,11.12176414189836,63234.0,0.1,3.3522383668666222,12879.0,1.9012987012986926,0.15837716003037627,3.125773195875947,18.61217075386017,62646.0,1.1,4.594784118609541,12856.0,1.0999999999999899,0.5879112471308456,3.058823529411736,5.036777583187102
2019-06-08,2020,,1002.0,42.0,44.0,,,5.0,0.7,,6.0,,0.5,,,,0.5,Labour,42.0,65042.0,1.2,3.8246655812023134,13146.0,1.4836795252225476,1.3013013013013053,3.033268101761255,0.6535947712418277,64251.0,1.6,3.680813296756491,13038.0,1.8886679920477212,0.6036217303822866,3.0511811023621993,11.12176414189836,63234.0,0.1,3.3522383668666222,12879.0,1.9012987012986926,0.15837716003037627,3.125773195875947,18.61217075386017,62646.0,1.1,4.594784118609541,12856.0,1.0999999999999899,0.5879112471308456,3.058823529411736,5.036777583187102
2019-07-24,2020,,1003.0,43.0,45.0,,,3.3,1.0,,6.0,,1.1,,,,0.5,Labour,43.0,65037.0,0.0,2.9147875623071418,13100.0,1.6748768472906406,1.0923535253227312,2.812803103782735,3.2579185520362097,65042.0,1.2,3.8246655812023134,13146.0,1.4836795252225476,1.3013013013013053,3.033268101761255,0.6535947712418277,64251.0,1.6,3.680813296756491,13038.0,1.8886679920477212,0.6036217303822866,3.0511811023621993,11.12176414189836,63195.0,0.9,4.385530227948453,12914.0,1.4999999999999902,0.6999999999999895,3.0999999999999917,10.499999999999998
2019-10-09,2020,,1000.0,41.6,43.9,,,4.0,1.4,,6.3,,0.7,,,,1.1,Labour,41.6,65577.0,0.8,3.7052851314166357,13160.0,1.46484375,1.7769002961500524,2.9750479846449185,-2.9159519725557415,65037.0,0.0,2.9147875623071418,13100.0,1.6748768472906406,1.0923535253227312,2.812803103782735,3.2579185520362097,65042.0,1.2,3.8246655812023134,13146.0,1.4836795252225476,1.3013013013013053,3.033268101761255,0.6535947712418277,63234.0,0.1,3.3522383668666222,12879.0,1.9012987012986926,0.15837716003037627,3.125773195875947,18.61217075386017
2019-10-09,2020,,1008.0,40.0,47.0,,,4.2,0.9,,7.0,,0.8,,,,0.5,Labour,40.0,65577.0,0.8,3.7052851314166357,13160.0,1.46484375,1.7769002961500524,2.9750479846449185,-2.9159519725557415,65037.0,0.0,2.9147875623071418,13100.0,1.6748768472906406,1.0923535253227312,2.812803103782735,3.2579185520362097,65042.0,1.2,3.8246655812023134,13146.0,1.4836795252225476,1.3013013013013053,3.033268101761255,0.6535947712418277,63234.0,0.1,3.3522383668666222,12879.0,1.9012987012986926,0.15837716003037627,3.125773195875947,18.61217075386017
2019-11-11,2020,,1005.0,41.0,38.0,,,8.0,2.0,,8.0,,1.0,,,,1.0,Labour,41.0,65577.0,0.8,3.7052851314166357,13160.0,1.46484375,1.7769002961500524,2.9750479846449185,-2.9159519725557415,65037.0,0.0,2.9147875623071418,13100.0,1.6748768472906406,1.0923535253227312,2.812803103782735,3.2579185520362097,65042.0,1.2,3.8246655812023134,13146.0,1.4836795252225476,1.3013013013013053,3.033268101761255,0.6535947712418277,63234.0,0.1,3.3522383668666222,12879.0,1.9012987012986926,0.15837716003037627,3.125773195875947,18.61217075386017
2019-11-27,2020,,1006.0,39.0,46.0,,,4.3,1.6,,7.0,,0.5,,,,0.9,Labour,39.0,65577.0,0.8,3.7052851314166357,13160.0,1.46484375,1.7769002961500524,2.9750479846449185,-2.9159519725557415,65037.0,0.0,2.9147875623071418,13100.0,1.6748768472906406,1.0923535253227312,2.812803103782735,3.2579185520362097,65042.0,1.2,3.8246655812023134,13146.0,1.4836795252225476,1.3013013013013053,3.033268101761255,0.6535947712418277,63234.0,0.1,3.3522383668666222,12879.0,1.9012987012986926,0.15837716003037627,3.125773195875947,18.61217075386017
2020-01-01,2020,,,40.0,40.0,,,2.5,3.0,,10.5,,,,,,,Labour,40.0,66042.0,0.7,2.7875052528365307,13178.0,1.8536585365853675,2.499999999999991,2.9608404966571245,-0.7765314926660882,65577.0,0.8,3.7052851314166357,13160.0,1.46484375,1.7769002961500524,2.9750479846449185,-2.9159519725557415,65037.0,0.0,2.9147875623071418,13100.0,1.6748768472906406,1.0923535253227312,2.812803103782735,3.2579185520362097,64251.0,1.6,3.680813296756491,13038.0,1.8886679920477212,0.6036217303822866,3.0511811023621993,11.12176414189836
2020-02-01,2020,,1000.0,42.5,43.3,,,3.6,1.8,,5.6,,0.9,,,,0.6,Labour,42.5,66042.0,0.7,2.7875052528365307,13178.0,1.8536585365853675,2.499999999999991,2.9608404966571245,-0.7765314926660882,65577.0,0.8,3.7052851314166357,13160.0,1.46484375,1.7769002961500524,2.9750479846449185,-2.9159519725557415,65037.0,0.0,2.9147875623071418,13100.0,1.6748768472906406,1.0923535253227312,2.812803103782735,3.2579185520362097,64251.0,1.6,3.680813296756491,13038.0,1.8886679920477212,0.6036217303822866,3.0511811023621993,11.12176414189836
2020-02-01,2020,,,40.5,37.0,,,5.0,3.5,,10.5,,,,,,,Labour,40.5,66042.0,0.7,2.7875052528365307,13178.0,1.8536585365853675,2.499999999999991,2.9608404966571245,-0.7765314926660882,65577.0,0.8,3.7052851314166357,13160.0,1.46484375,1.7769002961500524,2.9750479846449185,-2.9159519725557415,65037.0,0.0,2.9147875623071418,13100.0,1.6748768472906406,1.0923535253227312,2.812803103782735,3.2579185520362097,64251.0,1.6,3.680813296756491,13038.0,1.8886679920477212,0.6036217303822866,3.0511811023621993,11.12176414189836
2020-02-12,2020,,1004.0,41.0,46.0,,,3.3,1.7,,5.0,,1.1,,,,0.1,Labour,41.0,66042.0,0.7,2.7875052528365307,13178.0,1.8536585365853675,2.499999999999991,2.9608404966571245,-0.7765314926660882,65577.0,0.8,3.7052851314166357,13160.0,1.46484375,1.7769002961500524,2.9750479846449185,-2.9159519725557415,65037.0,0.0,2.9147875623071418,13100.0,1.6748768472906406,1.0923535253227312,2.812803103782735,3.2579185520362097,64251.0,1.6,3.680813296756491,13038.0,1.8886679920477212,0.6036217303822866,3.0511811023621993,11.12176414189836
2020-03-01,2020,,,42.5,37.0,,,3.0,3.5,,11.5,,,,,,,Labour,42.5,66042.0,0.7,2.7875052528365307,13178.0,1.8536585365853675,2.499999999999991,2.9608404966571245,-0.7765314926660882,65577.0,0.8,3.7052851314166357,13160.0,1.46484375,1.7769002961500524,2.9750479846449185,-2.9159519725557415,65037.0,0.0,2.9147875623071418,13100.0,1.6748768472906406,1.0923535253227312,2.812803103782735,3.2579185520362097,64251.0,1.6,3.680813296756491,13038.0,1.8886679920477212,0.6036217303822866,3.0511811023621993,11.12176414189836
2020-04-01,2020,,,55.0,30.5,,,2.5,2.5,,7.0,,,,,,,Labour,55.0,65502.0,-0.8,0.707235324867006,12978.0,2.5341130604288553,3.2608695652173836,3.3238366571699984,4.174397031539878,66042.0,0.7,2.7875052528365307,13178.0,1.8536585365853675,2.499999999999991,2.9608404966571245,-0.7765314926660882,65577.0,0.8,3.7052851314166357,13160.0,1.46484375,1.7769002961500524,2.9750479846449185,-2.9159519725557415,65042.0,1.2,3.8246655812023134,13146.0,1.4836795252225476,1.3013013013013053,3.033268101761255,0.6535947712418277
2020-05-16,2020,,1000.0,56.5,30.6,,,2.7,1.8,,5.5,,0.9,,,,0.1,Labour,56.5,65502.0,-0.8,0.707235324867006,12978.0,2.5341130604288553,3.2608695652173836,3.3238366571699984,4.174397031539878,66042.0,0.7,2.7875052528365307,13178.0,1.8536585365853675,2.499999999999991,2.9608404966571245,-0.7765314926660882,65577.0,0.8,3.7052851314166357,13160.0,1.46484375,1.7769002961500524,2.9750479846449185,-2.9159519725557415,65042.0,1.2,3.8246655812023134,13146.0,1.4836795252225476,1.3013013013013053,3.033268101761255,0.6535947712418277
2020-05-20,2020,,1003.0,59.0,29.0,,,2.9,2.2,,4.7,,1.2,,,,0.5,Labour,59.0,65502.0,-0.8,0.707235324867006,12978.0,2.5341130604288553,3.2608695652173836,3.3238366571699984,4.174397031539878,66042.0,0.7,2.7875052528365307,13178.0,1.8536585365853675,2.499999999999991,2.9608404966571245,-0.7765314926660882,65577.0,0.8,3.7052851314166357,13160.0,1.46484375,1.7769002961500524,2.9750479846449185,-2.9159519725557415,65042.0,1.2,3.8246655812023134,13146.0,1.4836795252225476,1.3013013013013053,3.033268101761255,0.6535947712418277
2020-05-24,2020,,894.0,56.5,26.5,,,2.5,3.5,,7.0,,1.5,,,,1.0,Labour,56.5,65502.0,-0.8,0.707235324867006,12978.0,2.5341130604288553,3.2608695652173836,3.3238366571699984,4.174397031539878,66042.0,0.7,2.7875052528365307,13178.0,1.8536585365853675,2.499999999999991,2.9608404966571245,-0.7765314926660882,65577.0,0.8,3.7052851314166357,13160.0,1.46484375,1.7769002961500524,2.9750479846449185,-2.9159519725557415,65042.0,1.2,3.8246655812023134,13146.0,1.4836795252225476,1.3013013013013053,3.033268101761255,0.6535947712418277
2020-06-01,2020,,879.0,54.5,27.0,,,1.5,5.0,,9.0,,1.0,,,,1.5,Labour,54.5,65502.0,-0.8,0.707235324867006,12978.0,2.5341130604288553,3.2608695652173836,3.3238366571699984,4.174397031539878,66042.0,0.7,2.7875052528365307,13178.0,1.8536585365853675,2.499999999999991,2.9608404966571245,-0.7765314926660882,65577.0,0.8,3.7052851314166357,13160.0,1.46484375,1.7769002961500524,2.9750479846449185,-2.9159519725557415,65042.0,1.2,3.8246655812023134,13146.0,1.4836795252225476,1.3013013013013053,3.033268101761255,0.6535947712418277
2020-06-24,2020,,1007.0,50.0,38.0,,,1.8,3.1,,6.0,,0.9,,,,0.5,Labour,50.0,65502.0,-0.8,0.707235324867006,12978.0,2.5341130604288553,3.2608695652173836,3.3238366571699984,4.174397031539878,66042.0,0.7,2.7875052528365307,13178.0,1.8536585365853675,2.499999999999991,2.9608404966571245,-0.7765314926660882,65577.0,0.8,3.7052851314166357,13160.0,1.46484375,1.7769002961500524,2.9750479846449185,-2.9159519725557415,65042.0,1.2,3.8246655812023134,13146.0,1.4836795252225476,1.3013013013013053,3.033268101761255,0.6535947712418277
2020-07-01,2020,,899.0,53.5,26.5,,,1.5,6.5,,8.0,,0.5,,,,1.5,Labour,53.5,58968.0,-10.0,-9.33161123668066,11631.0,1.4534883720930258,3.7328094302554016,3.207547169811331,-13.496932515337424,65502.0,-0.8,0.707235324867006,12978.0,2.5341130604288553,3.2608695652173836,3.3238366571699984,4.174397031539878,66042.0,0.7,2.7875052528365307,13178.0,1.8536585365853675,2.499999999999991,2.9608404966571245,-0.7765314926660882,65037.0,0.0,2.9147875623071418,13100.0,1.6748768472906406,1.0923535253227312,2.812803103782735,3.2579185520362097
2020-07-24,2020,,1000.0,60.9,25.1,,,2.0,3.3,,5.7,,0.4,,,,0.4,Labour,60.9,58968.0,-10.0,-9.33161123668066,11631.0,1.4534883720930258,3.7328094302554016,3.207547169811331,-13.496932515337424,65502.0,-0.8,0.707235324867006,12978.0,2.5341130604288553,3.2608695652173836,3.3238366571699984,4.174397031539878,66042.0,0.7,2.7875052528365307,13178.0,1.8536585365853675,2.499999999999991,2.9608404966571245,-0.7765314926660882,65037.0,0.0,2.9147875623071418,13100.0,1.6748768472906406,1.0923535253227312,2.812803103782735,3.2579185520362097
2020-07-29,2020,,1004.0,53.0,32.0,,,2.0,4.8,,5.0,,1.0,,,,0.1,Labour,53.0,58968.0,-10.0,-9.33161123668066,11631.0,1.4534883720930258,3.7328094302554016,3.207547169811331,-13.496932515337424,65502.0,-0.8,0.707235324867006,12978.0,2.5341130604288553,3.2608695652173836,3.3238366571699984,4.174397031539878,66042.0,0.7,2.7875052528365307,13178.0,1.8536585365853675,2.499999999999991,2.9608404966571245,-0.7765314926660882,65037.0,0.0,2.9147875623071418,13100.0,1.6748768472906406,1.0923535253227312,2.812803103782735,3.2579185520362097
2020-08-01,2020,,897.0,48.0,28.5,,,2.5,6.0,,11.5,,0.5,,,,1.0,Labour,48.0,58968.0,-10.0,-9.33161123668066,11631.0,1.4534883720930258,3.7328094302554016,3.207547169811331,-13.496932515337424,65502.0,-0.8,0.707235324867006,12978.0,2.5341130604288553,3.2608695652173836,3.3238366571699984,4.174397031539878,66042.0,0.7,2.7875052528365307,13178.0,1.8536585365853675,2.499999999999991,2.9608404966571245,-0.7765314926660882,65037.0,0.0,2.9147875623071418,13100.0,1.6748768472906406,1.0923535253227312,2.812803103782735,3.2579185520362097
2020-09-01,2020,,911.0,47.5,28.5,,,2.5,7.0,,9.5,,0.5,,,,1.5,Labour,47.5,58968.0,-10.0,-9.33161123668066,11631.0,1.4534883720930258,3.7328094302554016,3.207547169811331,-13.496932515337424,65502.0,-0.8,0.707235324867006,12978.0,2.5341130604288553,3.2608695652173836,3.3238366571699984,4.174397031539878,66042.0,0.7,2.7875052528365307,13178.0,1.8536585365853675,2.499999999999991,2.9608404966571245,-0.7765314926660882,65037.0,0.0,2.9147875623071418,13100.0,1.6748768472906406,1.0923535253227312,2.812803103782735,3.2579185520362097
2020-09-21,2020,,1008.0,48.0,31.0,,,2.4,7.0,,6.0,,0.9,,,,1.1,Labour,48.0,58968.0,-10.0,-9.33161123668066,11631.0,1.4534883720930258,3.7328094302554016,3.207547169811331,-13.496932515337424,65502.0,-0.8,0.707235324867006,12978.0,2.5341130604288553,3.2608695652173836,3.3238366571699984,4.174397031539878,66042.0,0.7,2.7875052528365307,13178.0,1.8536585365853675,2.499999999999991,2.9608404966571245,-0.7765314926660882,65037.0,0.0,2.9147875623071418,13100.0,1.6748768472906406,1.0923535253227312,2.812803103782735,3.2579185520362097
2020-09-23,2020,,1000.0,50.1,29.6,,,1.9,6.3,,6.5,,1.5,,,,0.9,Labour,50.1,58968.0,-10.0,-9.33161123668066,11631.0,1.4534883720930258,3.7328094302554016,3.207547169811331,-13.496932515337424,65502.0,-0.8,0.707235324867006,12978.0,2.5341130604288553,3.2608695652173836,3.3238366571699984,4.174397031539878,66042.0,0.7,2.7875052528365307,13178.0,1.8536585365853675,2.499999999999991,2.9608404966571245,-0.7765314926660882,65037.0,0.0,2.9147875623071418,13100.0,1.6748768472906406,1.0923535253227312,2.812803103782735,3.2579185520362097
2020-09-27,2020,,1005.0,47.0,33.0,,,1.4,8.0,,7.0,,0.8,,,,1.0,Labour,47.0,58968.0,-10.0,-9.33161123668066,11631.0,1.4534883720930258,3.7328094302554016,3.207547169811331,-13.496932515337424,65502.0,-0.8,0.707235324867006,12978.0,2.5341130604288553,3.2608695652173836,3.3238366571699984,4.174397031539878,66042.0,0.7,2.7875052528365307,13178.0,1.8536585365853675,2.499999999999991,2.9608404966571245,-0.7765314926660882,65037.0,0.0,2.9147875623071418,13100.0,1.6748768472906406,1.0923535253227312,2.812803103782735,3.2579185520362097
2020-10-07,2020,,1007.0,47.0,32.0,,,2.4,8.0,,6.0,,0.2,,,,1.8,Labour,47.0,67227.0,14.0,2.516126080790526,13245.0,1.4436958614052031,3.6857419980601325,2.6095060577819185,-11.307420494699649,58968.0,-10.0,-9.33161123668066,11631.0,1.4534883720930258,3.7328094302554016,3.207547169811331,-13.496932515337424,65502.0,-0.8,0.707235324867006,12978.0,2.5341130604288553,3.2608695652173836,3.3238366571699984,4.174397031539878,65577.0,0.8,3.7052851314166357,13160.0,1.46484375,1.7769002961500524,2.9750479846449185,-2.9159519725557415
2020-10-14,2020,,1005.0,46.0,31.0,,,2.6,8.0,,8.0,,0.6,,,,1.1,Labour,46.0,67227.0,14.0,2.516126080790526,13245.0,1.4436958614052031,3.6857419980601325,2.6095060577819185,-11.307420494699649,58968.0,-10.0,-9.33161123668066,11631.0,1.4534883720930258,3.7328094302554016,3.207547169811331,-13.496932515337424,65502.0,-0.8,0.707235324867006,12978.0,2.5341130604288553,3.2608695652173836,3.3238366571699984,4.174397031539878,65577.0,0.8,3.7052851314166357,13160.0,1.46484375,1.7769002961500524,2.9750479846449185,-2.9159519725557415
2020-10-15,2020,,1000.0,45.8,31.1,,,3.5,7.4,,6.3,,0.6,,,,1.3,Labour,45.8,67227.0,14.0,2.516126080790526,13245.0,1.4436958614052031,3.6857419980601325,2.6095060577819185,-11.307420494699649,58968.0,-10.0,-9.33161123668066,11631.0,1.4534883720930258,3.7328094302554016,3.207547169811331,-13.496932515337424,65502.0,-0.8,0.707235324867006,12978.0,2.5341130604288553,3.2608695652173836,3.3238366571699984,4.174397031539878,65577.0,0.8,3.7052851314166357,13160.0,1.46484375,1.7769002961500524,2.9750479846449185,-2.9159519725557415
2020-10-17,2020,,,50.0,25.6,,,2.6,7.6,,7.9,,1.2,,,,1.5,Labour,50.0,67227.0,14.0,2.516126080790526,13245.0,1.4436958614052031,3.6857419980601325,2.6095060577819185,-11.307420494699649,58968.0,-10.0,-9.33161123668066,11631.0,1.4534883720930258,3.7328094302554016,3.207547169811331,-13.496932515337424,65502.0,-0.8,0.707235324867006,12978.0,2.5341130604288553,3.2608695652173836,3.3238366571699984,4.174397031539878,65577.0,0.8,3.7052851314166357,13160.0,1.46484375,1.7769002961500524,2.9750479846449185,-2.9159519725557415
2020-10-17,2023,,,50.0,25.6,,,2.6,7.6,,7.9,,1.2,,,,1.5,Labour,50.0,67227.0,14.0,2.516126080790526,13245.0,1.4436958614052031,3.6857419980601325,2.6095060577819185,-11.307420494699649,58968.0,-10.0,-9.33161123668066,11631.0,1.4534883720930258,3.7328094302554016,3.207547169811331,-13.496932515337424,65502.0,-0.8,0.707235324867006,12978.0,2.5341130604288553,3.2608695652173836,3.3238366571699984,4.174397031539878,65577.0,0.8,3.7052851314166357,13160.0,1.46484375,1.7769002961500524,2.9750479846449185,-2.9159519725557415
2020-11-22,2023,,939.0,44.0,25.5,,,1.0,10.5,,12.5,,1.5,,,,2.0,Labour,44.0,67227.0,14.0,2.516126080790526,13245.0,1.4436958614052031,3.6857419980601325,2.6095060577819185,-11.307420494699649,58968.0,-10.0,-9.33161123668066,11631.0,1.4534883720930258,3.7328094302554016,3.207547169811331,-13.496932515337424,65502.0,-0.8,0.707235324867006,12978.0,2.5341130604288553,3.2608695652173836,3.3238366571699984,4.174397031539878,65577.0,0.8,3.7052851314166357,13160.0,1.46484375,1.7769002961500524,2.9750479846449185,-2.9159519725557415
2020-12-02,2023,,1004.0,53.0,25.0,,,1.6,8.0,,8.0,,1.5,,,,0.5,Labour,53.0,67227.0,14.0,2.516126080790526,13245.0,1.4436958614052031,3.6857419980601325,2.6095060577819185,-11.307420494699649,58968.0,-10.0,-9.33161123668066,11631.0,1.4534883720930258,3.7328094302554016,3.207547169811331,-13.496932515337424,65502.0,-0.8,0.707235324867006,12978.0,2.5341130604288553,3.2608695652173836,3.3238366571699984,4.174397031539878,65577.0,0.8,3.7052851314166357,13160.0,1.46484375,1.7769002961500524,2.9750479846449185,-2.9159519725557415
2020-12-13,2023,,923.0,44.0,28.0,,,2.0,10.0,,10.5,,2.0,,,,2.0,Labour,44.0,67227.0,14.0,2.516126080790526,13245.0,1.4436958614052031,3.6857419980601325,2.6095060577819185,-11.307420494699649,58968.0,-10.0,-9.33161123668066,11631.0,1.4534883720930258,3.7328094302554016,3.207547169811331,-13.496932515337424,65502.0,-0.8,0.707235324867006,12978.0,2.5341130604288553,3.2608695652173836,3.3238366571699984,4.174397031539878,65577.0,0.8,3.7052851314166357,13160.0,1.46484375,1.7769002961500524,2.9750479846449185,-2.9159519725557415
2021-01-24,2023,,937.0,47.0,25.0,,,2.0,9.0,,11.5,,2.0,,,,1.5,Labour,47.0,67548.0,0.5,2.2803670391569053,13297.0,1.4367816091954033,2.536585365853661,2.5974025974025983,-12.434782608695649,67227.0,14.0,2.516126080790526,13245.0,1.4436958614052031,3.6857419980601325,2.6095060577819185,-11.307420494699649,58968.0,-10.0,-9.33161123668066,11631.0,1.4534883720930258,3.7328094302554016,3.207547169811331,-13.496932515337424,66042.0,0.7,2.7875052528365307,13178.0,1.8536585365853675,2.499999999999991,2.9608404966571245,-0.7765314926660882
2021-02-21,2023,,924.0,45.0,29.0,,,1.5,7.5,,13.5,,1.0,,,,1.0,Labour,45.0,67548.0,0.5,2.2803670391569053,13297.0,1.4367816091954033,2.536585365853661,2.5974025974025983,-12.434782608695649,67227.0,14.0,2.516126080790526,13245.0,1.4436958614052031,3.6857419980601325,2.6095060577819185,-11.307420494699649,58968.0,-10.0,-9.33161123668066,11631.0,1.4534883720930258,3.7328094302554016,3.207547169811331,-13.496932515337424,66042.0,0.7,2.7875052528365307,13178.0,1.8536585365853675,2.499999999999991,2.9608404966571245,-0.7765314926660882
2021-03-13,2023,,1006.0,49.0,27.0,,,1.8,8.0,,9.0,,1.5,,,,1.2,Labour,49.0,67548.0,0.5,2.2803670391569053,13297.0,1.4367816091954033,2.536585365853661,2.5974025974025983,-12.434782608695649,67227.0,14.0,2.516126080790526,13245.0,1.4436958614052031,3.6857419980601325,2.6095060577819185,-11.307420494699649,58968.0,-10.0,-9.33161123668066,11631.0,1.4534883720930258,3.7328094302554016,3.207547169811331,-13.496932515337424,66042.0,0.7,2.7875052528365307,13178.0,1.8536585365853675,2.499999999999991,2.9608404966571245,-0.7765314926660882
2021-03-28,2023,,924.0,45.5,23.0,,,2.5,11.0,,12.0,,1.0,,,,2.0,Labour,45.5,67548.0,0.5,2.2803670391569053,13297.0,1.4367816091954033,2.536585365853661,2.5974025974025983,-12.434782608695649,67227.0,14.0,2.516126080790526,13245.0,1.4436958614052031,3.6857419980601325,2.6095060577819185,-11.307420494699649,58968.0,-10.0,-9.33161123668066,11631.0,1.4534883720930258,3.7328094302554016,3.207547169811331,-13.496932515337424,66042.0,0.7,2.7875052528365307,13178.0,1.8536585365853675,2.499999999999991,2.9608404966571245,-0.7765314926660882
2021-04-25,2023,,933.0,41.5,29.5,,,1.0,9.0,,13.5,,2.5,,,,0.5,Labour,41.5,68916.0,2.0,5.212054593752868,13560.0,1.520912547528508,1.1483253588516762,2.5735294117646967,-3.8290293855743562,67548.0,0.5,2.2803670391569053,13297.0,1.4367816091954033,2.536585365853661,2.5974025974025983,-12.434782608695649,67227.0,14.0,2.516126080790526,13245.0,1.4436958614052031,3.6857419980601325,2.6095060577819185,-11.307420494699649,65502.0,-0.8,0.707235324867006,12978.0,2.5341130604288553,3.2608695652173836,3.3238366571699984,4.174397031539878
2021-05-13,2023,,1000.0,52.7,27.0,,,1.9,6.9,,7.1,,1.2,,,,1.3,Labour,52.7,68916.0,2.0,5.212054593752868,13560.0,1.520912547528508,1.1483253588516762,2.5735294117646967,-3.8290293855743562,67548.0,0.5,2.2803670391569053,13297.0,1.4367816091954033,2.536585365853661,2.5974025974025983,-12.434782608695649,67227.0,14.0,2.516126080790526,13245.0,1.4436958614052031,3.6857419980601325,2.6095060577819185,-11.307420494699649,65502.0,-0.8,0.707235324867006,12978.0,2.5341130604288553,3.2608695652173836,3.3238366571699984,4.174397031539878
2021-05-23,2023,,932.0,45.0,28.5,,,2.0,9.0,,11.0,,1.5,,,,1.5,Labour,45.0,68916.0,2.0,5.212054593752868,13560.0,1.520912547528508,1.1483253588516762,2.5735294117646967,-3.8290293855743562,67548.0,0.5,2.2803670391569053,13297.0,1.4367816091954033,2.536585365853661,2.5974025974025983,-12.434782608695649,67227.0,14.0,2.516126080790526,13245.0,1.4436958614052031,3.6857419980601325,2.6095060577819185,-11.307420494699649,65502.0,-0.8,0.707235324867006,12978.0,2.5341130604288553,3.2608695652173836,3.3238366571699984,4.174397031539878
2021-05-26,2023,,1002.0,46.0,29.0,,,1.2,9.0,,8.0,,1.8,,,,1.8,Labour,46.0,68916.0,2.0,5.212054593752868,13560.0,1.520912547528508,1.1483253588516762,2.5735294117646967,-3.8290293855743562,67548.0,0.5,2.2803670391569053,13297.0,1.4367816091954033,2.536585365853661,2.5974025974025983,-12.434782608695649,67227.0,14.0,2.516126080790526,13245.0,1.4436958614052031,3.6857419980601325,2.6095060577819185,-11.307420494699649,65502.0,-0.8,0.707235324867006,12978.0,2.5341130604288553,3.2608695652173836,3.3238366571699984,4.174397031539878
2021-06-27,2023,,927.0,38.5,29.5,,,1.5,11.5,,12.5,,2.5,,,,2.0,Labour,38.5,68916.0,2.0,5.212054593752868,13560.0,1.520912547528508,1.1483253588516762,2.5735294117646967,-3.8290293855743562,67548.0,0.5,2.2803670391569053,13297.0,1.4367816091954033,2.536585365853661,2.5974025974025983,-12.434782608695649,67227.0,14.0,2.516126080790526,13245.0,1.4436958614052031,3.6857419980601325,2.6095060577819185,-11.307420494699649,65502.0,-0.8,0.707235324867006,12978.0,2.5341130604288553,3.2608695652173836,3.3238366571699984,4.174397031539878
2021-07-01,2023,,1199.0,48.0,24.0,,,5.0,11.0,,8.0,,1.5,,,,,Labour,48.0,69458.0,0.8,17.78930945597612,13662.0,3.3428844317096473,1.6098484848484862,3.9305301645338186,16.109422492401215,68916.0,2.0,5.212054593752868,13560.0,1.520912547528508,1.1483253588516762,2.5735294117646967,-3.8290293855743562,67548.0,0.5,2.2803670391569053,13297.0,1.4367816091954033,2.536585365853661,2.5974025974025983,-12.434782608695649,58968.0,-10.0,-9.33161123668066,11631.0,1.4534883720930258,3.7328094302554016,3.207547169811331,-13.496932515337424
2021-07-25,2023,,945.0,39.5,29.0,,,2.0,13.0,,10.0,,2.5,,,,3.0,Labour,39.5,69458.0,0.8,17.78930945597612,13662.0,3.3428844317096473,1.6098484848484862,3.9305301645338186,16.109422492401215,68916.0,2.0,5.212054593752868,13560.0,1.520912547528508,1.1483253588516762,2.5735294117646967,-3.8290293855743562,67548.0,0.5,2.2803670391569053,13297.0,1.4367816091954033,2.536585365853661,2.5974025974025983,-12.434782608695649,58968.0,-10.0,-9.33161123668066,11631.0,1.4534883720930258,3.7328094302554016,3.207547169811331,-13.496932515337424
2021-07-29,2023,,1000.0,43.0,28.7,,,3.4,11.1,,8.5,,1.9,,,,0.8,Labour,43.0,69458.0,0.8,17.78930945597612,13662.0,3.3428844317096473,1.6098484848484862,3.9305301645338186,16.109422492401215,68916.0,2.0,5.212054593752868,13560.0,1.520912547528508,1.1483253588516762,2.5735294117646967,-3.8290293855743562,67548.0,0.5,2.2803670391569053,13297.0,1.4367816091954033,2.536585365853661,2.5974025974025983,-12.434782608695649,58968.0,-10.0,-9.33161123668066,11631.0,1.4534883720930258,3.7328094302554016,3.207547169811331,-13.496932515337424
2021-08-01,2023,,1216.0,43.0,28.0,,,4.4,13.0,,7.0,,1.7,,,,,Labour,43.0,69458.0,0.8,17.78930945597612,13662.0,3.3428844317096473,1.6098484848484862,3.9305301645338186,16.109422492401215,68916.0,2.0,5.212054593752868,13560.0,1.520912547528508,1.1483253588516762,2.5735294117646967,-3.8290293855743562,67548.0,0.5,2.2803670391569053,13297.0,1.4367816091954033,2.536585365853661,2.5974025974025983,-12.434782608695649,58968.0,-10.0,-9.33161123668066,11631.0,1.4534883720930258,3.7328094302554016,3.207547169811331,-13.496932515337424
2021-08-22,2023,,940.0,39.5,25.0,,,2.5,13.0,,12.0,,2.5,,,,2.0,Labour,39.5,69458.0,0.8,17.78930945597612,13662.0,3.3428844317096473,1.6098484848484862,3.9305301645338186,16.109422492401215,68916.0,2.0,5.212054593752868,13560.0,1.520912547528508,1.1483253588516762,2.5735294117646967,-3.8290293855743562,67548.0,0.5,2.2803670391569053,13297.0,1.4367816091954033,2.536585365853661,2.5974025974025983,-12.434782608695649,58968.0,-10.0,-9.33161123668066,11631.0,1.4534883720930258,3.7328094302554016,3.207547169811331,-13.496932515337424
2021-09-06,2023,,1050.0,45.0,26.0,,,4.1,13.0,,6.0,,2.0,,,,,Labour,45.0,69458.0,0.8,17.78930945597612,13662.0,3.3428844317096473,1.6098484848484862,3.9305301645338186,16.109422492401215,68916.0,2.0,5.212054593752868,13560.0,1.520912547528508,1.1483253588516762,2.5735294117646967,-3.8290293855743562,67548.0,0.5,2.2803670391569053,13297.0,1.4367816091954033,2.536585365853661,2.5974025974025983,-12.434782608695649,58968.0,-10.0,-9.33161123668066,11631.0,1.4534883720930258,3.7328094302554016,3.207547169811331,-13.496932515337424
2021-09-09,2023,,1000.0,45.8,21.3,,,2.7,14.9,,9.6,,1.2,,,,,Labour,45.8,69458.0,0.8,17.78930945597612,13662.0,3.3428844317096473,1.6098484848484862,3.9305301645338186,16.109422492401215,68916.0,2.0,5.212054593752868,13560.0,1.520912547528508,1.1483253588516762,2.5735294117646967,-3.8290293855743562,67548.0,0.5,2.2803670391569053,13297.0,1.4367816091954033,2.536585365853661,2.5974025974025983,-12.434782608695649,58968.0,-10.0,-9.33161123668066,11631.0,1.4534883720930258,3.7328094302554016,3.207547169811331,-13.496932515337424
2021-09-26,2023,,1001.0,43.0,26.0,,,2.5,14.0,,8.0,,2.1,,,,1.2,Labour,43.0,69458.0,0.8,17.78930945597612,13662.0,3.3428844317096473,1.6098484848484862,3.9305301645338186,16.109422492401215,68916.0,2.0,5.212054593752868,13560.0,1.520912547528508,1.1483253588516762,2.5735294117646967,-3.8290293855743562,67548.0,0.5,2.2803670391569053,13297.0,1.4367816091954033,2.536585365853661,2.5974025974025983,-12.434782608695649,58968.0,-10.0,-9.33161123668066,11631.0,1.4534883720930258,3.7328094302554016,3.207547169811331,-13.496932515337424
2021-09-26,2023,,940.0,45.5,23.0,,,1.5,16.0,,9.5,,2.0,,,,1.5,Labour,45.5,69458.0,0.8,17.78930945597612,13662.0,3.3428844317096473,1.6098484848484862,3.9305301645338186,16.109422492401215,68916.0,2.0,5.212054593752868,13560.0,1.520912547528508,1.1483253588516762,2.5735294117646967,-3.8290293855743562,67548.0,0.5,2.2803670391569053,13297.0,1.4367816091954033,2.536585365853661,2.5974025974025983,-12.434782608695649,58968.0,-10.0,-9.33161123668066,11631.0,1.4534883720930258,3.7328094302554016,3.207547169811331,-13.496932515337424
2021-10-05,2023,,1200.0,46.0,22.0,,,3.8,16.0,,7.0,,1.9,,,,,Labour,46.0,66392.0,-4.4,-1.242060481651719,13056.0,4.933586337760909,3.0869971936389184,5.994550408719346,21.513944223107572,69458.0,0.8,17.78930945597612,13662.0,3.3428844317096473,1.6098484848484862,3.9305301645338186,16.109422492401215,68916.0,2.0,5.212054593752868,13560.0,1.520912547528508,1.1483253588516762,2.5735294117646967,-3.8290293855743562,67227.0,14.0,2.516126080790526,13245.0,1.4436958614052031,3.6857419980601325,2.6095060577819185,-11.307420494699649
2021-10-11,2023,,1000.0,44.8,22.5,,,3.6,16.6,,6.4,,1.5,,,,,Labour,44.8,66392.0,-4.4,-1.242060481651719,13056.0,4.933586337760909,3.0869971936389184,5.994550408719346,21.513944223107572,69458.0,0.8,17.78930945597612,13662.0,3.3428844317096473,1.6098484848484862,3.9305301645338186,16.109422492401215,68916.0,2.0,5.212054593752868,13560.0,1.520912547528508,1.1483253588516762,2.5735294117646967,-3.8290293855743562,67227.0,14.0,2.516126080790526,13245.0,1.4436958614052031,3.6857419980601325,2.6095060577819185,-11.307420494699649
2021-10-24,2023,,929.0,39.5,26.0,,,2.5,16.0,,10.5,,2.0,,,,1.0,Labour,39.5,66392.0,-4.4,-1.242060481651719,13056.0,4.933586337760909,3.0869971936389184,5.994550408719346,21.513944223107572,69458.0,0.8,17.78930945597612,13662.0,3.3428844317096473,1.6098484848484862,3.9305301645338186,16.109422492401215,68916.0,2.0,5.212054593752868,13560.0,1.520912547528508,1.1483253588516762,2.5735294117646967,-3.8290293855743562,67227.0,14.0,2.516126080790526,13245.0,1.4436958614052031,3.6857419980601325,2.6095060577819185,-11.307420494699649
2021-11-03,2023,,1023.0,41.0,24.0,,,4.2,17.0,,9.0,,2.4,,,,,Labour,41.0,66392.0,-4.4,-1.242060481651719,13056.0,4.933586337760909,3.0869971936389184,5.994550408719346,21.513944223107572,69458.0,0.8,17.78930945597612,13662.0,3.3428844317096473,1.6098484848484862,3.9305301645338186,16.109422492401215,68916.0,2.0,5.212054593752868,13560.0,1.520912547528508,1.1483253588516762,2.5735294117646967,-3.8290293855743562,67227.0,14.0,2.516126080790526,13245.0,1.4436958614052031,3.6857419980601325,2.6095060577819185,-11.307420494699649
2021-11-08,2023,,1000.0,39.3,26.2,,,1.7,15.9,,8.6,,2.3,,,,,Labour,39.3,66392.0,-4.4,-1.242060481651719,13056.0,4.933586337760909,3.0869971936389184,5.994550408719346,21.513944223107572,69458.0,0.8,17.78930945597612,13662.0,3.3428844317096473,1.6098484848484862,3.9305301645338186,16.109422492401215,68916.0,2.0,5.212054593752868,13560.0,1.520912547528508,1.1483253588516762,2.5735294117646967,-3.8290293855743562,67227.0,14.0,2.516126080790526,13245.0,1.4436958614052031,3.6857419980601325,2.6095060577819185,-11.307420494699649
2021-11-10,2023,,1001.0,41.0,28.0,,,3.3,14.0,,9.0,,0.9,,,,1.2,Labour,41.0,66392.0,-4.4,-1.242060481651719,13056.0,4.933586337760909,3.0869971936389184,5.994550408719346,21.513944223107572,69458.0,0.8,17.78930945597612,13662.0,3.3428844317096473,1.6098484848484862,3.9305301645338186,16.109422492401215,68916.0,2.0,5.212054593752868,13560.0,1.520912547528508,1.1483253588516762,2.5735294117646967,-3.8290293855743562,67227.0,14.0,2.516126080790526,13245.0,1.4436958614052031,3.6857419980601325,2.6095060577819185,-11.307420494699649
2021-11-17,2023,,1000.0,42.7,26.9,,,2.5,16.0,,7.2,,2.1,,,,1.2,Labour,42.7,66392.0,-4.4,-1.242060481651719,13056.0,4.933586337760909,3.0869971936389184,5.994550408719346,21.513944223107572,69458.0,0.8,17.78930945597612,13662.0,3.3428844317096473,1.6098484848484862,3.9305301645338186,16.109422492401215,68916.0,2.0,5.212054593752868,13560.0,1.520912547528508,1.1483253588516762,2.5735294117646967,-3.8290293855743562,67227.0,14.0,2.516126080790526,13245.0,1.4436958614052031,3.6857419980601325,2.6095060577819185,-11.307420494699649
2021-11-21,2023,,951.0,36.0,26.5,,,2.5,17.5,,10.5,,3.0,,,,1.5,Labour,36.0,66392.0,-4.4,-1.242060481651719,13056.0,4.933586337760909,3.0869971936389184,5.994550408719346,21.513944223107572,69458.0,0.8,17.78930945597612,13662.0,3.3428844317096473,1.6098484848484862,3.9305301645338186,16.109422492401215,68916.0,2.0,5.212054593752868,13560.0,1.520912547528508,1.1483253588516762,2.5735294117646967,-3.8290293855743562,67227.0,14.0,2.516126080790526,13245.0,1.4436958614052031,3.6857419980601325,2.6095060577819185,-11.307420494699649
2021-12-08,2023,,1000.0,39.5,32.6,,,2.3,10.6,,10.9,,3.0,,,,,Labour,39.5,66392.0,-4.4,-1.242060481651719,13056.0,4.933586337760909,3.0869971936389184,5.994550408719346,21.513944223107572,69458.0,0.8,17.78930945597612,13662.0,3.3428844317096473,1.6098484848484862,3.9305301645338186,16.109422492401215,68916.0,2.0,5.212054593752868,13560.0,1.520912547528508,1.1483253588516762,2.5735294117646967,-3.8290293855743562,67227.0,14.0,2.516126080790526,13245.0,1.4436958614052031,3.6857419980601325,2.6095060577819185,-11.307420494699649
2021-12-19,2023,,967.0,35.5,31.5,,,2.0,18.5,,8.5,,1.0,,,,1.0,Labour,35.5,66392.0,-4.4,-1.242060481651719,13056.0,4.933586337760909,3.0869971936389184,5.994550408719346,21.513944223107572,69458.0,0.8,17.78930945597612,13662.0,3.3428844317096473,1.6098484848484862,3.9305301645338186,16.109422492401215,68916.0,2.0,5.212054593752868,13560.0,1.520912547528508,1.1483253588516762,2.5735294117646967,-3.8290293855743562,67227.0,14.0,2.516126080790526,13245.0,1.4436958614052031,3.6857419980601325,2.6095060577819185,-11.307420494699649
2022-01-17,2023,,1000.0,41.2,33.0,,,0.9,11.5,,10.7,,0.5,,,,1.1,Labour,41.2,69099.0,4.1,2.296144963581459,13587.0,5.9490084985835745,4.091341579448149,7.594936708860756,30.48659384309831,66392.0,-4.4,-1.242060481651719,13056.0,4.933586337760909,3.0869971936389184,5.994550408719346,21.513944223107572,69458.0,0.8,17.78930945597612,13662.0,3.3428844317096473,1.6098484848484862,3.9305301645338186,16.109422492401215,67548.0,0.5,2.2803670391569053,13297.0,1.4367816091954033,2.536585365853661,2.5974025974025983,-12.434782608695649
2022-01-26,2023,,1000.0,40.0,32.0,,,1.8,11.0,,9.0,,1.6,,,,1.6,Labour,40.0,69099.0,4.1,2.296144963581459,13587.0,5.9490084985835745,4.091341579448149,7.594936708860756,30.48659384309831,66392.0,-4.4,-1.242060481651719,13056.0,4.933586337760909,3.0869971936389184,5.994550408719346,21.513944223107572,69458.0,0.8,17.78930945597612,13662.0,3.3428844317096473,1.6098484848484862,3.9305301645338186,16.109422492401215,67548.0,0.5,2.2803670391569053,13297.0,1.4367816091954033,2.536585365853661,2.5974025974025983,-12.434782608695649
2022-01-30,2023,,951.0,33.0,35.0,,,2.5,13.5,,10.5,,2.5,,,,1.5,Labour,33.0,69099.0,4.1,2.296144963581459,13587.0,5.9490084985835745,4.091341579448149,7.594936708860756,30.48659384309831,66392.0,-4.4,-1.242060481651719,13056.0,4.933586337760909,3.0869971936389184,5.994550408719346,21.513944223107572,69458.0,0.8,17.78930945597612,13662.0,3.3428844317096473,1.6098484848484862,3.9305301645338186,16.109422492401215,67548.0,0.5,2.2803670391569053,13297.0,1.4367816091954033,2.536585365853661,2.5974025974025983,-12.434782608695649
2022-02-04,2023,,1000.0,44.3,31.3,,,1.8,8.0,,9.6,,2.0,,,,1.5,Labour,44.3,69099.0,4.1,2.296144963581459,13587.0,5.9490084985835745,4.091341579448149,7.594936708860756,30.48659384309831,66392.0,-4.4,-1.242060481651719,13056.0,4.933586337760909,3.0869971936389184,5.994550408719346,21.513944223107572,69458.0,0.8,17.78930945597612,13662.0,3.3428844317096473,1.6098484848484862,3.9305301645338186,16.109422492401215,67548.0,0.5,2.2803670391569053,13297.0,1.4367816091954033,2.536585365853661,2.5974025974025983,-12.434782608695649
2022-02-10,2023,,1000.0,42.3,38.4,,,1.5,6.6,,6.3,,1.0,,,,2.0,Labour,42.3,69099.0,4.1,2.296144963581459,13587.0,5.9490084985835745,4.091341579448149,7.594936708860756,30.48659384309831,66392.0,-4.4,-1.242060481651719,13056.0,4.933586337760909,3.0869971936389184,5.994550408719346,21.513944223107572,69458.0,0.8,17.78930945597612,13662.0,3.3428844317096473,1.6098484848484862,3.9305301645338186,16.109422492401215,67548.0,0.5,2.2803670391569053,13297.0,1.4367816091954033,2.536585365853661,2.5974025974025983,-12.434782608695649
2022-02-27,2023,,963.0,32.0,38.0,,,2.0,11.5,,11.0,,2.0,,,,1.0,Labour,32.0,69099.0,4.1,2.296144963581459,13587.0,5.9490084985835745,4.091341579448149,7.594936708860756,30.48659384309831,66392.0,-4.4,-1.242060481651719,13056.0,4.933586337760909,3.0869971936389184,5.994550408719346,21.513944223107572,69458.0,0.8,17.78930945597612,13662.0,3.3428844317096473,1.6098484848484862,3.9305301645338186,16.109422492401215,67548.0,0.5,2.2803670391569053,13297.0,1.4367816091954033,2.536585365853661,2.5974025974025983,-12.434782608695649
2022-03-08,2023,,1000.0,37.0,39.0,,,2.2,8.0,,9.0,,2.3,,,,1.3,Labour,37.0,69099.0,4.1,2.296144963581459,13587.0,5.9490084985835745,4.091341579448149,7.594936708860756,30.48659384309831,66392.0,-4.4,-1.242060481651719,13056.0,4.933586337760909,3.0869971936389184,5.994550408719346,21.513944223107572,69458.0,0.8,17.78930945597612,13662.0,3.3428844317096473,1.6098484848484862,3.9305301645338186,16.109422492401215,67548.0,0.5,2.2803670391569053,13297.0,1.4367816091954033,2.536585365853661,2.5974025974025983,-12.434782608695649
2022-03-15,2023,,1000.0,36.2,35.3,,,1.8,11.2,,12.4,,0.2,,,,0.1,Labour,36.2,69099.0,4.1,2.296144963581459,13587.0,5.9490084985835745,4.091341579448149,7.594936708860756,30.48659384309831,66392.0,-4.4,-1.242060481651719,13056.0,4.933586337760909,3.0869971936389184,5.994550408719346,21.513944223107572,69458.0,0.8,17.78930945597612,13662.0,3.3428844317096473,1.6098484848484862,3.9305301645338186,16.109422492401215,67548.0,0.5,2.2803670391569053,13297.0,1.4367816091954033,2.536585365853661,2.5974025974025983,-12.434782608695649
2022-03-27,2023,,944.0,32.0,38.0,,,4.0,9.0,,10.5,,2.0,,,,1.5,Labour,32.0,69099.0,4.1,2.296144963581459,13587.0,5.9490084985835745,4.091341579448149,7.594936708860756,30.48659384309831,66392.0,-4.4,-1.242060481651719,13056.0,4.933586337760909,3.0869971936389184,5.994550408719346,21.513944223107572,69458.0,0.8,17.78930945597612,13662.0,3.3428844317096473,1.6098484848484862,3.9305301645338186,16.109422492401215,67548.0,0.5,2.2803670391569053,13297.0,1.4367816091954033,2.536585365853661,2.5974025974025983,-12.434782608695649
2022-04-13,2023,,1000.0,36.8,37.8,,,1.7,8.4,,9.4,,3.6,,,,,Labour,36.8,69143.0,0.1,0.32938649950664534,13601.0,6.928838951310867,6.717123935666991,8.602150537634401,32.31481481481482,69099.0,4.1,2.296144963581459,13587.0,5.9490084985835745,4.091341579448149,7.594936708860756,30.48659384309831,66392.0,-4.4,-1.242060481651719,13056.0,4.933586337760909,3.0869971936389184,5.994550408719346,21.513944223107572,68916.0,2.0,5.212054593752868,13560.0,1.520912547528508,1.1483253588516762,2.5735294117646967,-3.8290293855743562
2022-04-24,2023,,918.0,33.5,37.5,,,2.5,10.0,,10.5,,1.5,,,,2.0,Labour,33.5,69143.0,0.1,0.32938649950664534,13601.0,6.928838951310867,6.717123935666991,8.602150537634401,32.31481481481482,69099.0,4.1,2.296144963581459,13587.0,5.9490084985835745,4.091341579448149,7.594936708860756,30.48659384309831,66392.0,-4.4,-1.242060481651719,13056.0,4.933586337760909,3.0869971936389184,5.994550408719346,21.513944223107572,68916.0,2.0,5.212054593752868,13560.0,1.520912547528508,1.1483253588516762,2.5735294117646967,-3.8290293855743562
2022-04-27,2023,,1000.0,38.2,40.5,,,1.7,6.4,,8.4,,2.5,,,,0.9,Labour,38.2,69143.0,0.1,0.32938649950664534,13601.0,6.928838951310867,6.717123935666991,8.602150537634401,32.31481481481482,69099.0,4.1,2.296144963581459,13587.0,5.9490084985835745,4.091341579448149,7.594936708860756,30.48659384309831,66392.0,-4.4,-1.242060481651719,13056.0,4.933586337760909,3.0869971936389184,5.994550408719346,21.513944223107572,68916.0,2.0,5.212054593752868,13560.0,1.520912547528508,1.1483253588516762,2.5735294117646967,-3.8290293855743562
2022-05-10,2023,,,37.0,36.0,,,4.0,7.0,,8.0,,3.0,,,,,Labour,37.0,69143.0,0.1,0.32938649950664534,13601.0,6.928838951310867,6.717123935666991,8.602150537634401,32.31481481481482,69099.0,4.1,2.296144963581459,13587.0,5.9490084985835745,4.091341579448149,7.594936708860756,30.48659384309831,66392.0,-4.4,-1.242060481651719,13056.0,4.933586337760909,3.0869971936389184,5.994550408719346,21.513944223107572,68916.0,2.0,5.212054593752868,13560.0,1.520912547528508,1.1483253588516762,2.5735294117646967,-3.8290293855743562
2022-05-11,2023,,1000.0,34.2,36.8,,,1.8,10.9,,9.7,,2.4,,,,1.4,Labour,34.2,69143.0,0.1,0.32938649950664534,13601.0,6.928838951310867,6.717123935666991,8.602150537634401,32.31481481481482,69099.0,4.1,2.296144963581459,13587.0,5.9490084985835745,4.091341579448149,7.594936708860756,30.48659384309831,66392.0,-4.4,-1.242060481651719,13056.0,4.933586337760909,3.0869971936389184,5.994550408719346,21.513944223107572,68916.0,2.0,5.212054593752868,13560.0,1.520912547528508,1.1483253588516762,2.5735294117646967,-3.8290293855743562
2022-05-22,2023,,934.0,31.5,40.0,,,3.0,10.0,,11.5,,1.0,,,,1.0,Labour,31.5,69143.0,0.1,0.32938649950664534,13601.0,6.928838951310867,6.717123935666991,8.602150537634401,32.31481481481482,69099.0,4.1,2.296144963581459,13587.0,5.9490084985835745,4.091341579448149,7.594936708860756,30.48659384309831,66392.0,-4.4,-1.242060481651719,13056.0,4.933586337760909,3.0869971936389184,5.994550408719346,21.513944223107572,68916.0,2.0,5.212054593752868,13560.0,1.520912547528508,1.1483253588516762,2.5735294117646967,-3.8290293855743562
2022-05-25,2023,,1002.0,35.0,39.0,,,1.3,7.0,,10.0,,1.9,,,,1.7,Labour,35.0,69143.0,0.1,0.32938649950664534,13601.0,6.928838951310867,6.717123935666991,8.602150537634401,32.31481481481482,69099.0,4.1,2.296144963581459,13587.0,5.9490084985835745,4.091341579448149,7.594936708860756,30.48659384309831,66392.0,-4.4,-1.242060481651719,13056.0,4.933586337760909,3.0869971936389184,5.994550408719346,21.513944223107572,68916.0,2.0,5.212054593752868,13560.0,1.520912547528508,1.1483253588516762,2.5735294117646967,-3.8290293855743562
2022-06-10,2023,,1200.0,36.0,35.0,,,3.3,8.0,,10.0,,3.1,,,,,Labour,36.0,69143.0,0.1,0.32938649950664534,13601.0,6.928838951310867,6.717123935666991,8.602150537634401,32.31481481481482,69099.0,4.1,2.296144963581459,13587.0,5.9490084985835745,4.091341579448149,7.594936708860756,30.48659384309831,66392.0,-4.4,-1.242060481651719,13056.0,4.933586337760909,3.0869971936389184,5.994550408719346,21.513944223107572,68916.0,2.0,5.212054593752868,13560.0,1.520912547528508,1.1483253588516762,2.5735294117646967,-3.8290293855743562
2022-06-12,2023,,1200.0,34.2,37.4,,,2.3,9.4,,8.3,,1.8,,,,3.0,Labour,34.2,69143.0,0.1,0.32938649950664534,13601.0,6.928838951310867,6.717123935666991,8.602150537634401,32.31481481481482,69099.0,4.1,2.296144963581459,13587.0,5.9490084985835745,4.091341579448149,7.594936708860756,30.48659384309831,66392.0,-4.4,-1.242060481651719,13056.0,4.933586337760909,3.0869971936389184,5.994550408719346,21.513944223107572,68916.0,2.0,5.212054593752868,13560.0,1.520912547528508,1.1483253588516762,2.5735294117646967,-3.8290293855743562
2022-06-26,2023,,947.0,33.5,39.0,,,1.5,9.5,,10.0,,1.5,,,,2.0,Labour,33.5,69143.0,0.1,0.32938649950664534,13601.0,6.928838951310867,6.717123935666991,8.602150537634401,32.31481481481482,69099.0,4.1,2.296144963581459,13587.0,5.9490084985835745,4.091341579448149,7.594936708860756,30.48659384309831,66392.0,-4.4,-1.242060481651719,13056.0,4.933586337760909,3.0869971936389184,5.994550408719346,21.513944223107572,68916.0,2.0,5.212054593752868,13560.0,1.520912547528508,1.1483253588516762,2.5735294117646967,-3.8290293855743562
2022-07-01,2023,,937.0,34.0,35.0,,,1.5,11.0,,10.5,,4.0,,,,2.5,Labour,34.0,70031.0,1.3,0.8249589680094482,13781.0,7.301293900184835,6.523765144454807,9.058927000879514,32.460732984293195,69143.0,0.1,0.32938649950664534,13601.0,6.928838951310867,6.717123935666991,8.602150537634401,32.31481481481482,69099.0,4.1,2.296144963581459,13587.0,5.9490084985835745,4.091341579448149,7.594936708860756,30.48659384309831,69458.0,0.8,17.78930945597612,13662.0,3.3428844317096473,1.6098484848484862,3.9305301645338186,16.109422492401215
2022-07-10,2023,,1200.0,34.7,37.0,,,2.8,10.0,,8.5,,3.7,,,,,Labour,34.7,70031.0,1.3,0.8249589680094482,13781.0,7.301293900184835,6.523765144454807,9.058927000879514,32.460732984293195,69143.0,0.1,0.32938649950664534,13601.0,6.928838951310867,6.717123935666991,8.602150537634401,32.31481481481482,69099.0,4.1,2.296144963581459,13587.0,5.9490084985835745,4.091341579448149,7.594936708860756,30.48659384309831,69458.0,0.8,17.78930945597612,13662.0,3.3428844317096473,1.6098484848484862,3.9305301645338186,16.109422492401215
2022-08-03,2023,,1044.0,34.1,31.4,,,3.5,10.7,,10.2,,2.2,,,,1.7,Labour,34.1,70031.0,1.3,0.8249589680094482,13781.0,7.301293900184835,6.523765144454807,9.058927000879514,32.460732984293195,69143.0,0.1,0.32938649950664534,13601.0,6.928838951310867,6.717123935666991,8.602150537634401,32.31481481481482,69099.0,4.1,2.296144963581459,13587.0,5.9490084985835745,4.091341579448149,7.594936708860756,30.48659384309831,69458.0,0.8,17.78930945597612,13662.0,3.3428844317096473,1.6098484848484862,3.9305301645338186,16.109422492401215
2022-08-03,2023,,1023.0,33.0,37.0,,,2.6,11.0,,9.0,,2.3,,,,1.9,Labour,33.0,70031.0,1.3,0.8249589680094482,13781.0,7.301293900184835,6.523765144454807,9.058927000879514,32.460732984293195,69143.0,0.1,0.32938649950664534,13601.0,6.928838951310867,6.717123935666991,8.602150537634401,32.31481481481482,69099.0,4.1,2.296144963581459,13587.0,5.9490084985835745,4.091341579448149,7.594936708860756,30.48659384309831,69458.0,0.8,17.78930945597612,13662.0,3.3428844317096473,1.6098484848484862,3.9305301645338186,16.109422492401215
2022-08-08,2023,,,36.0,37.0,,,,10.0,,9.0,,,,,,,Labour,36.0,70031.0,1.3,0.8249589680094482,13781.0,7.301293900184835,6.523765144454807,9.058927000879514,32.460732984293195,69143.0,0.1,0.32938649950664534,13601.0,6.928838951310867,6.717123935666991,8.602150537634401,32.31481481481482,69099.0,4.1,2.296144963581459,13587.0,5.9490084985835745,4.091341579448149,7.594936708860756,30.48659384309831,69458.0,0.8,17.78930945597612,13662.0,3.3428844317096473,1.6098484848484862,3.9305301645338186,16.109422492401215
2022-08-11,2023,,1200.0,35.2,34.0,,,2.6,11.0,,9.5,,3.5,,,,,Labour,35.2,70031.0,1.3,0.8249589680094482,13781.0,7.301293900184835,6.523765144454807,9.058927000879514,32.460732984293195,69143.0,0.1,0.32938649950664534,13601.0,6.928838951310867,6.717123935666991,8.602150537634401,32.31481481481482,69099.0,4.1,2.296144963581459,13587.0,5.9490084985835745,4.091341579448149,7.594936708860756,30.48659384309831,69458.0,0.8,17.78930945597612,13662.0,3.3428844317096473,1.6098484848484862,3.9305301645338186,16.109422492401215
2022-08-21,2023,,947.0,35.0,35.5,,,1.5,10.5,,9.0,,5.0,,,,1.0,Labour,35.0,70031.0,1.3,0.8249589680094482,13781.0,7.301293900184835,6.523765144454807,9.058927000879514,32.460732984293195,69143.0,0.1,0.32938649950664534,13601.0,6.928838951310867,6.717123935666991,8.602150537634401,32.31481481481482,69099.0,4.1,2.296144963581459,13587.0,5.9490084985835745,4.091341579448149,7.594936708860756,30.48659384309831,69458.0,0.8,17.78930945597612,13662.0,3.3428844317096473,1.6098484848484862,3.9305301645338186,16.109422492401215
2022-09-07,2023,,,35.0,38.0,,,,9.0,,8.0,,3.0,,,,,Labour,35.0,70031.0,1.3,0.8249589680094482,13781.0,7.301293900184835,6.523765144454807,9.058927000879514,32.460732984293195,69143.0,0.1,0.32938649950664534,13601.0,6.928838951310867,6.717123935666991,8.602150537634401,32.31481481481482,69099.0,4.1,2.296144963581459,13587.0,5.9490084985835745,4.091341579448149,7.594936708860756,30.48659384309831,69458.0,0.8,17.78930945597612,13662.0,3.3428844317096473,1.6098484848484862,3.9305301645338186,16.109422492401215
2022-09-09,2023,,1000.0,33.4,37.0,,,1.6,12.4,,9.9,,1.5,,,,0.7,Labour,33.4,70031.0,1.3,0.8249589680094482,13781.0,7.301293900184835,6.523765144454807,9.058927000879514,32.460732984293195,69143.0,0.1,0.32938649950664534,13601.0,6.928838951310867,6.717123935666991,8.602150537634401,32.31481481481482,69099.0,4.1,2.296144963581459,13587.0,5.9490084985835745,4.091341579448149,7.594936708860756,30.48659384309831,69458.0,0.8,17.78930945597612,13662.0,3.3428844317096473,1.6098484848484862,3.9305301645338186,16.109422492401215
2022-09-21,2023,,1001.0,34.0,37.0,,,3.0,9.0,,9.0,,1.6,,,,1.3,Labour,34.0,70031.0,1.3,0.8249589680094482,13781.0,7.301293900184835,6.523765144454807,9.058927000879514,32.460732984293195,69143.0,0.1,0.32938649950664534,13601.0,6.928838951310867,6.717123935666991,8.602150537634401,32.31481481481482,69099.0,4.1,2.296144963581459,13587.0,5.9490084985835745,4.091341579448149,7.594936708860756,30.48659384309831,69458.0,0.8,17.78930945597612,13662.0,3.3428844317096473,1.6098484848484862,3.9305301645338186,16.109422492401215
2022-09-25,2023,,942.0,29.5,36.0,,,1.0,12.5,,12.5,,3.5,,,,2.5,Labour,29.5,70031.0,1.3,0.8249589680094482,13781.0,7.301293900184835,6.523765144454807,9.058927000879514,32.460732984293195,69143.0,0.1,0.32938649950664534,13601.0,6.928838951310867,6.717123935666991,8.602150537634401,32.31481481481482,69099.0,4.1,2.296144963581459,13587.0,5.9490084985835745,4.091341579448149,7.594936708860756,30.48659384309831,69458.0,0.8,17.78930945597612,13662.0,3.3428844317096473,1.6098484848484862,3.9305301645338186,16.109422492401215
2022-10-01,2023,,,35.0,35.0,,,4.0,11.0,,9.0,,2.2,,,,,Labour,35.0,71582.0,2.2,7.817206892396666,14070.0,7.233273056057876,7.985480943738654,8.740359897172233,18.7704918032787,70031.0,1.3,0.8249589680094482,13781.0,7.301293900184835,6.523765144454807,9.058927000879514,32.460732984293195,69143.0,0.1,0.32938649950664534,13601.0,6.928838951310867,6.717123935666991,8.602150537634401,32.31481481481482,66392.0,-4.4,-1.242060481651719,13056.0,4.933586337760909,3.0869971936389184,5.994550408719346,21.513944223107572
2022-10-11,2023,,1000.0,34.4,39.2,,,2.1,9.4,,7.2,,2.1,,,,3.4,Labour,34.4,71582.0,2.2,7.817206892396666,14070.0,7.233273056057876,7.985480943738654,8.740359897172233,18.7704918032787,70031.0,1.3,0.8249589680094482,13781.0,7.301293900184835,6.523765144454807,9.058927000879514,32.460732984293195,69143.0,0.1,0.32938649950664534,13601.0,6.928838951310867,6.717123935666991,8.602150537634401,32.31481481481482,66392.0,-4.4,-1.242060481651719,13056.0,4.933586337760909,3.0869971936389184,5.994550408719346,21.513944223107572
2022-10-23,2023,,951.0,29.0,32.0,,,3.5,12.5,,15.5,,3.0,,,,3.0,Labour,29.0,71582.0,2.2,7.817206892396666,14070.0,7.233273056057876,7.985480943738654,8.740359897172233,18.7704918032787,70031.0,1.3,0.8249589680094482,13781.0,7.301293900184835,6.523765144454807,9.058927000879514,32.460732984293195,69143.0,0.1,0.32938649950664534,13601.0,6.928838951310867,6.717123935666991,8.602150537634401,32.31481481481482,66392.0,-4.4,-1.242060481651719,13056.0,4.933586337760909,3.0869971936389184,5.994550408719346,21.513944223107572
2022-10-25,2023,,1154.0,29.7,26.6,,,7.2,13.5,,13.0,,2.2,,,,2.0,Labour,29.7,71582.0,2.2,7.817206892396666,14070.0,7.233273056057876,7.985480943738654,8.740359897172233,18.7704918032787,70031.0,1.3,0.8249589680094482,13781.0,7.301293900184835,6.523765144454807,9.058927000879514,32.460732984293195,69143.0,0.1,0.32938649950664534,13601.0,6.928838951310867,6.717123935666991,8.602150537634401,32.31481481481482,66392.0,-4.4,-1.242060481651719,13056.0,4.933586337760909,3.0869971936389184,5.994550408719346,21.513944223107572
2022-11-03,2023,,,32.3,40.7,,,3.3,10.0,,9.5,,1.9,,,,1.2,Labour,32.3,71582.0,2.2,7.817206892396666,14070.0,7.233273056057876,7.985480943738654,8.740359897172233,18.7704918032787,70031.0,1.3,0.8249589680094482,13781.0,7.301293900184835,6.523765144454807,9.058927000879514,32.460732984293195,69143.0,0.1,0.32938649950664534,13601.0,6.928838951310867,6.717123935666991,8.602150537634401,32.31481481481482,66392.0,-4.4,-1.242060481651719,13056.0,4.933586337760909,3.0869971936389184,5.994550408719346,21.513944223107572
2022-11-07,2023,,,34.0,35.0,,,4.4,10.0,,9.0,,3.2,,,,2.0,Labour,34.0,71582.0,2.2,7.817206892396666,14070.0,7.233273056057876,7.985480943738654,8.740359897172233,18.7704918032787,70031.0,1.3,0.8249589680094482,13781.0,7.301293900184835,6.523765144454807,9.058927000879514,32.460732984293195,69143.0,0.1,0.32938649950664534,13601.0,6.928838951310867,6.717123935666991,8.602150537634401,32.31481481481482,66392.0,-4.4,-1.242060481651719,13056.0,4.933586337760909,3.0869971936389184,5.994550408719346,21.513944223107572
2022-11-08,2023,,1000.0,35.3,37.6,,,3.8,9.9,,7.8,,1.6,,,,2.1,Labour,35.3,71582.0,2.2,7.817206892396666,14070.0,7.233273056057876,7.985480943738654,8.740359897172233,18.7704918032787,70031.0,1.3,0.8249589680094482,13781.0,7.301293900184835,6.523765144454807,9.058927000879514,32.460732984293195,69143.0,0.1,0.32938649950664534,13601.0,6.928838951310867,6.717123935666991,8.602150537634401,32.31481481481482,66392.0,-4.4,-1.242060481651719,13056.0,4.933586337760909,3.0869971936389184,5.994550408719346,21.513944223107572
2022-11-27,2023,,926.0,25.5,39.0,,,3.5,11.0,,12.0,,4.0,,,,2.5,Labour,25.5,71582.0,2.2,7.817206892396666,14070.0,7.233273056057876,7.985480943738654,8.740359897172233,18.7704918032787,70031.0,1.3,0.8249589680094482,13781.0,7.301293900184835,6.523765144454807,9.058927000879514,32.460732984293195,69143.0,0.1,0.32938649950664534,13601.0,6.928838951310867,6.717123935666991,8.602150537634401,32.31481481481482,66392.0,-4.4,-1.242060481651719,13056.0,4.933586337760909,3.0869971936389184,5.994550408719346,21.513944223107572
2022-11-30,2023,,1011.0,33.0,38.0,,,3.6,11.0,,9.0,,2.0,,,,1.7,Labour,33.0,71582.0,2.2,7.817206892396666,14070.0,7.233273056057876,7.985480943738654,8.740359897172233,18.7704918032787,70031.0,1.3,0.8249589680094482,13781.0,7.301293900184835,6.523765144454807,9.058927000879514,32.460732984293195,69143.0,0.1,0.32938649950664534,13601.0,6.928838951310867,6.717123935666991,8.602150537634401,32.31481481481482,66392.0,-4.4,-1.242060481651719,13056.0,4.933586337760909,3.0869971936389184,5.994550408719346,21.513944223107572
2022-12-01,2023,,947.0,27.5,35.0,,,4.0,14.5,,11.0,,4.0,,,,2.5,Labour,27.5,71582.0,2.2,7.817206892396666,14070.0,7.233273056057876,7.985480943738654,8.740359897172233,18.7704918032787,70031.0,1.3,0.8249589680094482,13781.0,7.301293900184835,6.523765144454807,9.058927000879514,32.460732984293195,69143.0,0.1,0.32938649950664534,13601.0,6.928838951310867,6.717123935666991,8.602150537634401,32.31481481481482,66392.0,-4.4,-1.242060481651719,13056.0,4.933586337760909,3.0869971936389184,5.994550408719346,21.513944223107572
2022-12-01,2023,,,32.0,35.0,,,4.3,11.0,,9.0,,3.5,,,,2.4,Labour,32.0,71582.0,2.2,7.817206892396666,14070.0,7.233273056057876,7.985480943738654,8.740359897172233,18.7704918032787,70031.0,1.3,0.8249589680094482,13781.0,7.301293900184835,6.523765144454807,9.058927000879514,32.460732984293195,69143.0,0.1,0.32938649950664534,13601.0,6.928838951310867,6.717123935666991,8.602150537634401,32.31481481481482,66392.0,-4.4,-1.242060481651719,13056.0,4.933586337760909,3.0869971936389184,5.994550408719346,21.513944223107572
2022-12-06,2023,,1000.0,33.1,39.4,,,2.9,10.4,,8.1,,3.5,,,,,Labour,33.1,71582.0,2.2,7.817206892396666,14070.0,7.233273056057876,7.985480943738654,8.740359897172233,18.7704918032787,70031.0,1.3,0.8249589680094482,13781.0,7.301293900184835,6.523765144454807,9.058927000879514,32.460732984293195,69143.0,0.1,0.32938649950664534,13601.0,6.928838951310867,6.717123935666991,8.602150537634401,32.31481481481482,66392.0,-4.4,-1.242060481651719,13056.0,4.933586337760909,3.0869971936389184,5.994550408719346,21.513944223107572
2023-01-16,2023,,1000.0,31.7,37.2,,,2.8,10.8,,10.6,,1.6,,,,,Labour,31.7,71797.0,0.3,3.9045427574928793,14058.0,7.219251336898402,10.694698354661792,7.983193277310918,2.3592085235920823,71582.0,2.2,7.817206892396666,14070.0,7.233273056057876,7.985480943738654,8.740359897172233,18.7704918032787,70031.0,1.3,0.8249589680094482,13781.0,7.301293900184835,6.523765144454807,9.058927000879514,32.460732984293195,69099.0,4.1,2.296144963581459,13587.0,5.9490084985835745,4.091341579448149,7.594936708860756,30.48659384309831
2023-01-27,2023,,,38.0,36.6,,,2.2,10.7,,8.1,,1.8,,,,1.5,Labour,38.0,71797.0,0.3,3.9045427574928793,14058.0,7.219251336898402,10.694698354661792,7.983193277310918,2.3592085235920823,71582.0,2.2,7.817206892396666,14070.0,7.233273056057876,7.985480943738654,8.740359897172233,18.7704918032787,70031.0,1.3,0.8249589680094482,13781.0,7.301293900184835,6.523765144454807,9.058927000879514,32.460732984293195,69099.0,4.1,2.296144963581459,13587.0,5.9490084985835745,4.091341579448149,7.594936708860756,30.48659384309831
2023-01-28,2023,,1147.0,35.5,27.7,,,4.5,13.0,,9.0,,4.6,,,,1.6,Labour,35.5,71797.0,0.3,3.9045427574928793,14058.0,7.219251336898402,10.694698354661792,7.983193277310918,2.3592085235920823,71582.0,2.2,7.817206892396666,14070.0,7.233273056057876,7.985480943738654,8.740359897172233,18.7704918032787,70031.0,1.3,0.8249589680094482,13781.0,7.301293900184835,6.523765144454807,9.058927000879514,32.460732984293195,69099.0,4.1,2.296144963581459,13587.0,5.9490084985835745,4.091341579448149,7.594936708860756,30.48659384309831
2023-01-29,2023,,1008.0,38.0,37.0,,,2.2,10.0,,7.0,,1.4,,,,1.1,Labour,38.0,71797.0,0.3,3.9045427574928793,14058.0,7.219251336898402,10.694698354661792,7.983193277310918,2.3592085235920823,71582.0,2.2,7.817206892396666,14070.0,7.233273056057876,7.985480943738654,8.740359897172233,18.7704918032787,70031.0,1.3,0.8249589680094482,13781.0,7.301293900184835,6.523765144454807,9.058927000879514,32.460732984293195,69099.0,4.1,2.296144963581459,13587.0,5.9490084985835745,4.091341579448149,7.594936708860756,30.48659384309831
2023-01-29,2023,,948.0,30.0,32.0,,,5.0,13.5,,12.0,,4.5,,,,1.5,Labour,30.0,71797.0,0.3,3.9045427574928793,14058.0,7.219251336898402,10.694698354661792,7.983193277310918,2.3592085235920823,71582.0,2.2,7.817206892396666,14070.0,7.233273056057876,7.985480943738654,8.740359897172233,18.7704918032787,70031.0,1.3,0.8249589680094482,13781.0,7.301293900184835,6.523765144454807,9.058927000879514,32.460732984293195,69099.0,4.1,2.296144963581459,13587.0,5.9490084985835745,4.091341579448149,7.594936708860756,30.48659384309831
2023-01-31,2023,,,33.0,36.0,,,3.4,10.0,,11.0,,3.0,,,,2.3,Labour,33.0,71797.0,0.3,3.9045427574928793,14058.0,7.219251336898402,10.694698354661792,7.983193277310918,2.3592085235920823,71582.0,2.2,7.817206892396666,14070.0,7.233273056057876,7.985480943738654,8.740359897172233,18.7704918032787,70031.0,1.3,0.8249589680094482,13781.0,7.301293900184835,6.523765144454807,9.058927000879514,32.460732984293195,69099.0,4.1,2.296144963581459,13587.0,5.9490084985835745,4.091341579448149,7.594936708860756,30.48659384309831
2023-02-09,2023,,1000.0,34.4,34.4,,,2.9,11.7,,7.8,,2.1,,,,2.0,Labour,34.4,71797.0,0.3,3.9045427574928793,14058.0,7.219251336898402,10.694698354661792,7.983193277310918,2.3592085235920823,71582.0,2.2,7.817206892396666,14070.0,7.233273056057876,7.985480943738654,8.740359897172233,18.7704918032787,70031.0,1.3,0.8249589680094482,13781.0,7.301293900184835,6.523765144454807,9.058927000879514,32.460732984293195,69099.0,4.1,2.296144963581459,13587.0,5.9490084985835745,4.091341579448149,7.594936708860756,30.48659384309831
2023-02-26,2023,,943.0,33.0,32.0,,,2.0,13.5,,12.5,,3.5,,,,2.5,Labour,33.0,71797.0,0.3,3.9045427574928793,14058.0,7.219251336898402,10.694698354661792,7.983193277310918,2.3592085235920823,71582.0,2.2,7.817206892396666,14070.0,7.233273056057876,7.985480943738654,8.740359897172233,18.7704918032787,70031.0,1.3,0.8249589680094482,13781.0,7.301293900184835,6.523765144454807,9.058927000879514,32.460732984293195,69099.0,4.1,2.296144963581459,13587.0,5.9490084985835745,4.091341579448149,7.594936708860756,30.48659384309831
2023-03-07,2023,,1000.0,35.5,34.8,,,4.2,9.3,,5.7,,1.4,,,,1.7,Labour,35.5,71797.0,0.3,3.9045427574928793,14058.0,7.219251336898402,10.694698354661792,7.983193277310918,2.3592085235920823,71582.0,2.2,7.817206892396666,14070.0,7.233273056057876,7.985480943738654,8.740359897172233,18.7704918032787,70031.0,1.3,0.8249589680094482,13781.0,7.301293900184835,6.523765144454807,9.058927000879514,32.460732984293195,69099.0,4.1,2.296144963581459,13587.0,5.9490084985835745,4.091341579448149,7.594936708860756,30.48659384309831
2023-03-08,2023,,1002.0,36.0,34.0,,,3.1,11.0,,11.0,,2.6,,,,1.0,Labour,36.0,71797.0,0.3,3.9045427574928793,14058.0,7.219251336898402,10.694698354661792,7.983193277310918,2.3592085235920823,71582.0,2.2,7.817206892396666,14070.0,7.233273056057876,7.985480943738654,8.740359897172233,18.7704918032787,70031.0,1.3,0.8249589680094482,13781.0,7.301293900184835,6.523765144454807,9.058927000879514,32.460732984293195,69099.0,4.1,2.296144963581459,13587.0,5.9490084985835745,4.091341579448149,7.594936708860756,30.48659384309831
2023-03-09,2023,,1021.0,37.0,34.0,,,2.9,12.0,,8.0,,3.2,,,,1.5,Labour,37.0,71797.0,0.3,3.9045427574928793,14058.0,7.219251336898402,10.694698354661792,7.983193277310918,2.3592085235920823,71582.0,2.2,7.817206892396666,14070.0,7.233273056057876,7.985480943738654,8.740359897172233,18.7704918032787,70031.0,1.3,0.8249589680094482,13781.0,7.301293900184835,6.523765144454807,9.058927000879514,32.460732984293195,69099.0,4.1,2.296144963581459,13587.0,5.9490084985835745,4.091341579448149,7.594936708860756,30.48659384309831
2023-03-26,2023,,943.0,33.0,32.0,,,3.0,13.0,,10.5,,2.0,,,,3.5,Labour,33.0,71797.0,0.3,3.9045427574928793,14058.0,7.219251336898402,10.694698354661792,7.983193277310918,2.3592085235920823,71582.0,2.2,7.817206892396666,14070.0,7.233273056057876,7.985480943738654,8.740359897172233,18.7704918032787,70031.0,1.3,0.8249589680094482,13781.0,7.301293900184835,6.523765144454807,9.058927000879514,32.460732984293195,69099.0,4.1,2.296144963581459,13587.0,5.9490084985835745,4.091341579448149,7.594936708860756,30.48659384309831
2023-04-05,2023,,1000.0,36.9,36.5,,,2.6,9.5,,6.7,,2.9,,,,0.8,Labour,36.9,71675.0,-0.2,3.661975905008452,13936.0,6.654991243432584,11.347517730496449,7.095709570957087,-8.327501749475152,71797.0,0.3,3.9045427574928793,14058.0,7.219251336898402,10.694698354661792,7.983193277310918,2.3592085235920823,71582.0,2.2,7.817206892396666,14070.0,7.233273056057876,7.985480943738654,8.740359897172233,18.7704918032787,69143.0,0.1,0.32938649950664534,13601.0,6.928838951310867,6.717123935666991,8.602150537634401,32.31481481481482
2023-04-05,2023,,,36.0,36.0,,,3.9,10.0,,9.0,,1.9,,,,0.8,Labour,36.0,71675.0,-0.2,3.661975905008452,13936.0,6.654991243432584,11.347517730496449,7.095709570957087,-8.327501749475152,71797.0,0.3,3.9045427574928793,14058.0,7.219251336898402,10.694698354661792,7.983193277310918,2.3592085235920823,71582.0,2.2,7.817206892396666,14070.0,7.233273056057876,7.985480943738654,8.740359897172233,18.7704918032787,69143.0,0.1,0.32938649950664534,13601.0,6.928838951310867,6.717123935666991,8.602150537634401,32.31481481481482
2023-04-23,2023,,929.0,30.0,32.0,,,4.5,12.5,,12.0,,4.5,,,,2.0,Labour,30.0,71675.0,-0.2,3.661975905008452,13936.0,6.654991243432584,11.347517730496449,7.095709570957087,-8.327501749475152,71797.0,0.3,3.9045427574928793,14058.0,7.219251336898402,10.694698354661792,7.983193277310918,2.3592085235920823,71582.0,2.2,7.817206892396666,14070.0,7.233273056057876,7.985480943738654,8.740359897172233,18.7704918032787,69143.0,0.1,0.32938649950664534,13601.0,6.928838951310867,6.717123935666991,8.602150537634401,32.31481481481482
2023-05-03,2023,,1046.0,33.0,36.0,,,3.4,10.0,,9.0,,4.1,,,,1.8,Labour,33.0,71675.0,-0.2,3.661975905008452,13936.0,6.654991243432584,11.347517730496449,7.095709570957087,-8.327501749475152,71797.0,0.3,3.9045427574928793,14058.0,7.219251336898402,10.694698354661792,7.983193277310918,2.3592085235920823,71582.0,2.2,7.817206892396666,14070.0,7.233273056057876,7.985480943738654,8.740359897172233,18.7704918032787,69143.0,0.1,0.32938649950664534,13601.0,6.928838951310867,6.717123935666991,8.602150537634401,32.31481481481482
2023-05-07,2023,,1000.0,33.8,35.6,,,2.6,12.7,,7.0,,3.7,,,,1.7,Labour,33.8,71675.0,-0.2,3.661975905008452,13936.0,6.654991243432584,11.347517730496449,7.095709570957087,-8.327501749475152,71797.0,0.3,3.9045427574928793,14058.0,7.219251336898402,10.694698354661792,7.983193277310918,2.3592085235920823,71582.0,2.2,7.817206892396666,14070.0,7.233273056057876,7.985480943738654,8.740359897172233,18.7704918032787,69143.0,0.1,0.32938649950664534,13601.0,6.928838951310867,6.717123935666991,8.602150537634401,32.31481481481482
2023-05-11,2023,,,35.9,35.3,,,3.0,10.8,,8.1,,3.5,,,,2.0,Labour,35.9,71675.0,-0.2,3.661975905008452,13936.0,6.654991243432584,11.347517730496449,7.095709570957087,-8.327501749475152,71797.0,0.3,3.9045427574928793,14058.0,7.219251336898402,10.694698354661792,7.983193277310918,2.3592085235920823,71582.0,2.2,7.817206892396666,14070.0,7.233273056057876,7.985480943738654,8.740359897172233,18.7704918032787,69143.0,0.1,0.32938649950664534,13601.0,6.928838951310867,6.717123935666991,8.602150537634401,32.31481481481482
2023-05-17,2023,,1563.0,34.4,26.5,,,5.3,12.3,,9.5,,4.3,,,,2.8,Labour,34.4,71675.0,-0.2,3.661975905008452,13936.0,6.654991243432584,11.347517730496449,7.095709570957087,-8.327501749475152,71797.0,0.3,3.9045427574928793,14058.0,7.219251336898402,10.694698354661792,7.983193277310918,2.3592085235920823,71582.0,2.2,7.817206892396666,14070.0,7.233273056057876,7.985480943738654,8.740359897172233,18.7704918032787,69143.0,0.1,0.32938649950664534,13601.0,6.928838951310867,6.717123935666991,8.602150537634401,32.31481481481482
2023-05-21,2023,,952.0,31.0,31.5,,,3.5,13.5,,12.0,,4.5,,,,2.0,Labour,31.0,71675.0,-0.2,3.661975905008452,13936.0,6.654991243432584,11.347517730496449,7.095709570957087,-8.327501749475152,71797.0,0.3,3.9045427574928793,14058.0,7.219251336898402,10.694698354661792,7.983193277310918,2.3592085235920823,71582.0,2.2,7.817206892396666,14070.0,7.233273056057876,7.985480943738654,8.740359897172233,18.7704918032787,69143.0,0.1,0.32938649950664534,13601.0,6.928838951310867,6.717123935666991,8.602150537634401,32.31481481481482
2023-05-24,2023,,1002.0,35.0,37.0,,,3.0,11.0,,7.0,,2.4,,,,1.4,Labour,35.0,71675.0,-0.2,3.661975905008452,13936.0,6.654991243432584,11.347517730496449,7.095709570957087,-8.327501749475152,71797.0,0.3,3.9045427574928793,14058.0,7.219251336898402,10.694698354661792,7.983193277310918,2.3592085235920823,71582.0,2.2,7.817206892396666,14070.0,7.233273056057876,7.985480943738654,8.740359897172233,18.7704918032787,69143.0,0.1,0.32938649950664534,13601.0,6.928838951310867,6.717123935666991,8.602150537634401,32.31481481481482
2023-06-06,2023,,1000.0,32.9,35.7,,,1.6,12.7,,9.7,,3.5,,,,0.8,Labour,32.9,71675.0,-0.2,3.661975905008452,13936.0,6.654991243432584,11.347517730496449,7.095709570957087,-8.327501749475152,71797.0,0.3,3.9045427574928793,14058.0,7.219251336898402,10.694698354661792,7.983193277310918,2.3592085235920823,71582.0,2.2,7.817206892396666,14070.0,7.233273056057876,7.985480943738654,8.740359897172233,18.7704918032787,69143.0,0.1,0.32938649950664534,13601.0,6.928838951310867,6.717123935666991,8.602150537634401,32.31481481481482
2023-06-06,2023,,1001.0,36.0,35.0,,,2.9,11.0,,7.0,,3.65,,,,,Labour,36.0,71675.0,-0.2,3.661975905008452,13936.0,6.654991243432584,11.347517730496449,7.095709570957087,-8.327501749475152,71797.0,0.3,3.9045427574928793,14058.0,7.219251336898402,10.694698354661792,7.983193277310918,2.3592085235920823,71582.0,2.2,7.817206892396666,14070.0,7.233273056057876,7.985480943738654,8.740359897172233,18.7704918032787,69143.0,0.1,0.32938649950664534,13601.0,6.928838951310867,6.717123935666991,8.602150537634401,32.31481481481482
2023-06-25,2023,,955.0,30.5,30.0,,,3.0,15.0,,9.5,,7.0,,,,3.0,Labour,30.5,71675.0,-0.2,3.661975905008452,13936.0,6.654991243432584,11.347517730496449,7.095709570957087,-8.327501749475152,71797.0,0.3,3.9045427574928793,14058.0,7.219251336898402,10.694698354661792,7.983193277310918,2.3592085235920823,71582.0,2.2,7.817206892396666,14070.0,7.233273056057876,7.985480943738654,8.740359897172233,18.7704918032787,69143.0,0.1,0.32938649950664534,13601.0,6.928838951310867,6.717123935666991,8.602150537634401,32.31481481481482
2023-07-02,2023,,1036.0,31.0,36.0,,,4.0,12.0,,8.0,,4.2,,,,2.9,Labour,31.0,72201.0,0.7,3.098627750567595,13930.0,6.029285099052539,12.335958005249337,5.967741935483861,-15.019762845849804,71675.0,-0.2,3.661975905008452,13936.0,6.654991243432584,11.347517730496449,7.095709570957087,-8.327501749475152,71797.0,0.3,3.9045427574928793,14058.0,7.219251336898402,10.694698354661792,7.983193277310918,2.3592085235920823,70031.0,1.3,0.8249589680094482,13781.0,7.301293900184835,6.523765144454807,9.058927000879514,32.460732984293195
2023-07-10,2023,,1000.0,31.1,33.3,,,3.3,13.2,,8.9,,5.0,,,,0.3,Labour,31.1,72201.0,0.7,3.098627750567595,13930.0,6.029285099052539,12.335958005249337,5.967741935483861,-15.019762845849804,71675.0,-0.2,3.661975905008452,13936.0,6.654991243432584,11.347517730496449,7.095709570957087,-8.327501749475152,71797.0,0.3,3.9045427574928793,14058.0,7.219251336898402,10.694698354661792,7.983193277310918,2.3592085235920823,70031.0,1.3,0.8249589680094482,13781.0,7.301293900184835,6.523765144454807,9.058927000879514,32.460732984293195
2023-07-12,2023,,1000.0,33.0,35.0,,,3.1,12.0,,10.0,,2.8,,,,1.7,Labour,33.0,72201.0,0.7,3.098627750567595,13930.0,6.029285099052539,12.335958005249337,5.967741935483861,-15.019762845849804,71675.0,-0.2,3.661975905008452,13936.0,6.654991243432584,11.347517730496449,7.095709570957087,-8.327501749475152,71797.0,0.3,3.9045427574928793,14058.0,7.219251336898402,10.694698354661792,7.983193277310918,2.3592085235920823,70031.0,1.3,0.8249589680094482,13781.0,7.301293900184835,6.523765144454807,9.058927000879514,32.460732984293195
2023-07-23,2023,,937.0,26.0,33.5,,,5.0,14.0,,9.0,,6.0,,,,4.0,Labour,26.0,72201.0,0.7,3.098627750567595,13930.0,6.029285099052539,12.335958005249337,5.967741935483861,-15.019762845849804,71675.0,-0.2,3.661975905008452,13936.0,6.654991243432584,11.347517730496449,7.095709570957087,-8.327501749475152,71797.0,0.3,3.9045427574928793,14058.0,7.219251336898402,10.694698354661792,7.983193277310918,2.3592085235920823,70031.0,1.3,0.8249589680094482,13781.0,7.301293900184835,6.523765144454807,9.058927000879514,32.460732984293195
2023-07-31,2023,,,32.3,36.6,,,4.1,12.1,,9.6,,2.7,,,,1.5,Labour,32.3,72201.0,0.7,3.098627750567595,13930.0,6.029285099052539,12.335958005249337,5.967741935483861,-15.019762845849804,71675.0,-0.2,3.661975905008452,13936.0,6.654991243432584,11.347517730496449,7.095709570957087,-8.327501749475152,71797.0,0.3,3.9045427574928793,14058.0,7.219251336898402,10.694698354661792,7.983193277310918,2.3592085235920823,70031.0,1.3,0.8249589680094482,13781.0,7.301293900184835,6.523765144454807,9.058927000879514,32.460732984293195
2023-08-06,2023,,1163.0,29.0,34.5,,,5.3,11.6,,8.5,,2.5,,,,,Labour,29.0,72201.0,0.7,3.098627750567595,13930.0,6.029285099052539,12.335958005249337,5.967741935483861,-15.019762845849804,71675.0,-0.2,3.661975905008452,13936.0,6.654991243432584,11.347517730496449,7.095709570957087,-8.327501749475152,71797.0,0.3,3.9045427574928793,14058.0,7.219251336898402,10.694698354661792,7.983193277310918,2.3592085235920823,70031.0,1.3,0.8249589680094482,13781.0,7.301293900184835,6.523765144454807,9.058927000879514,32.460732984293195
2023-08-07,2023,,1012.0,32.0,35.0,,,4.4,11.0,,10.0,,3.1,,,,1.8,Labour,32.0,72201.0,0.7,3.098627750567595,13930.0,6.029285099052539,12.335958005249337,5.967741935483861,-15.019762845849804,71675.0,-0.2,3.661975905008452,13936.0,6.654991243432584,11.347517730496449,7.095709570957087,-8.327501749475152,71797.0,0.3,3.9045427574928793,14058.0,7.219251336898402,10.694698354661792,7.983193277310918,2.3592085235920823,70031.0,1.3,0.8249589680094482,13781.0,7.301293900184835,6.523765144454807,9.058927000879514,32.460732984293195
2023-08-08,2023,,1000.0,27.1,34.9,,,5.8,13.0,,12.0,,2.5,,,,1.0,Labour,27.1,72201.0,0.7,3.098627750567595,13930.0,6.029285099052539,12.335958005249337,5.967741935483861,-15.019762845849804,71675.0,-0.2,3.661975905008452,13936.0,6.654991243432584,11.347517730496449,7.095709570957087,-8.327501749475152,71797.0,0.3,3.9045427574928793,14058.0,7.219251336898402,10.694698354661792,7.983193277310918,2.3592085235920823,70031.0,1.3,0.8249589680094482,13781.0,7.301293900184835,6.523765144454807,9.058927000879514,32.460732984293195
2023-08-16,2023,,1002.0,29.0,37.0,,,3.7,13.0,,12.0,,2.6,,,,0.6,Labour,29.0,72201.0,0.7,3.098627750567595,13930.0,6.029285099052539,12.335958005249337,5.967741935483861,-15.019762845849804,71675.0,-0.2,3.661975905008452,13936.0,6.654991243432584,11.347517730496449,7.095709570957087,-8.327501749475152,71797.0,0.3,3.9045427574928793,14058.0,7.219251336898402,10.694698354661792,7.983193277310918,2.3592085235920823,70031.0,1.3,0.8249589680094482,13781.0,7.301293900184835,6.523765144454807,9.058927000879514,32.460732984293195
2023-08-25,2023,,,32.0,34.0,,,6.0,10.0,,11.0,,4.0,,,,,Labour,32.0,72201.0,0.7,3.098627750567595,13930.0,6.029285099052539,12.335958005249337,5.967741935483861,-15.019762845849804,71675.0,-0.2,3.661975905008452,13936.0,6.654991243432584,11.347517730496449,7.095709570957087,-8.327501749475152,71797.0,0.3,3.9045427574928793,14058.0,7.219251336898402,10.694698354661792,7.983193277310918,2.3592085235920823,70031.0,1.3,0.8249589680094482,13781.0,7.301293900184835,6.523765144454807,9.058927000879514,32.460732984293195
2023-08-27,2023,,1046.0,24.0,31.0,,,5.5,18.0,,12.5,,4.0,,,,2.0,Labour,24.0,72201.0,0.7,3.098627750567595,13930.0,6.029285099052539,12.335958005249337,5.967741935483861,-15.019762845849804,71675.0,-0.2,3.661975905008452,13936.0,6.654991243432584,11.347517730496449,7.095709570957087,-8.327501749475152,71797.0,0.3,3.9045427574928793,14058.0,7.219251336898402,10.694698354661792,7.983193277310918,2.3592085235920823,70031.0,1.3,0.8249589680094482,13781.0,7.301293900184835,6.523765144454807,9.058927000879514,32.460732984293195
2023-08-30,2023,,,30.0,36.0,,,5.4,10.0,,12.0,,2.4,,,,1.5,Labour,30.0,72201.0,0.7,3.098627750567595,13930.0,6.029285099052539,12.335958005249337,5.967741935483861,-15.019762845849804,71675.0,-0.2,3.661975905008452,13936.0,6.654991243432584,11.347517730496449,7.095709570957087,-8.327501749475152,71797.0,0.3,3.9045427574928793,14058.0,7.219251336898402,10.694698354661792,7.983193277310918,2.3592085235920823,70031.0,1.3,0.8249589680094482,13781.0,7.301293900184835,6.523765144454807,9.058927000879514,32.460732984293195
2023-08-30,2023,,1511.0,26.0,36.0,,,6.0,11.0,,12.0,,3.0,,,,,Labour,26.0,72201.0,0.7,3.098627750567595,13930.0,6.029285099052539,12.335958005249337,5.967741935483861,-15.019762845849804,71675.0,-0.2,3.661975905008452,13936.0,6.654991243432584,11.347517730496449,7.095709570957087,-8.327501749475152,71797.0,0.3,3.9045427574928793,14058.0,7.219251336898402,10.694698354661792,7.983193277310918,2.3592085235920823,70031.0,1.3,0.8249589680094482,13781.0,7.301293900184835,6.523765144454807,9.058927000879514,32.460732984293195
2023-09-06,2023,,1000.0,26.5,35.0,,,3.9,14.3,,12.7,,2.9,,,,2.7,Labour,26.5,72201.0,0.7,3.098627750567595,13930.0,6.029285099052539,12.335958005249337,5.967741935483861,-15.019762845849804,71675.0,-0.2,3.661975905008452,13936.0,6.654991243432584,11.347517730496449,7.095709570957087,-8.327501749475152,71797.0,0.3,3.9045427574928793,14058.0,7.219251336898402,10.694698354661792,7.983193277310918,2.3592085235920823,70031.0,1.3,0.8249589680094482,13781.0,7.301293900184835,6.523765144454807,9.058927000879514,32.460732984293195
2023-09-09,2023,,,26.8,40.9,,,4.6,10.1,,12.3,,3.1,,,,0.7,Labour,26.8,72201.0,0.7,3.098627750567595,13930.0,6.029285099052539,12.335958005249337,5.967741935483861,-15.019762845849804,71675.0,-0.2,3.661975905008452,13936.0,6.654991243432584,11.347517730496449,7.095709570957087,-8.327501749475152,71797.0,0.3,3.9045427574928793,14058.0,7.219251336898402,10.694698354661792,7.983193277310918,2.3592085235920823,70031.0,1.3,0.8249589680094482,13781.0,7.301293900184835,6.523765144454807,9.058927000879514,32.460732984293195
2023-09-10,2023,,1154.0,26.9,34.5,,,6.0,10.3,,11.0,,2.5,,,,,Labour,26.9,72201.0,0.7,3.098627750567595,13930.0,6.029285099052539,12.335958005249337,5.967741935483861,-15.019762845849804,71675.0,-0.2,3.661975905008452,13936.0,6.654991243432584,11.347517730496449,7.095709570957087,-8.327501749475152,71797.0,0.3,3.9045427574928793,14058.0,7.219251336898402,10.694698354661792,7.983193277310918,2.3592085235920823,70031.0,1.3,0.8249589680094482,13781.0,7.301293900184835,6.523765144454807,9.058927000879514,32.460732984293195
2023-09-12,2023,,1002.0,28.0,39.0,,,5.0,10.0,,10.0,,2.6,,,,1.4,Labour,28.0,72201.0,0.7,3.098627750567595,13930.0,6.029285099052539,12.335958005249337,5.967741935483861,-15.019762845849804,71675.0,-0.2,3.661975905008452,13936.0,6.654991243432584,11.347517730496449,7.095709570957087,-8.327501749475152,71797.0,0.3,3.9045427574928793,14058.0,7.219251336898402,10.694698354661792,7.983193277310918,2.3592085235920823,70031.0,1.3,0.8249589680094482,13781.0,7.301293900184835,6.523765144454807,9.058927000879514,32.460732984293195
2023-09-19,2023,,1001.0,27.0,37.0,,,5.0,12.0,,12.0,,2.9,,,,1.4,Labour,27.0,72201.0,0.7,3.098627750567595,13930.0,6.029285099052539,12.335958005249337,5.967741935483861,-15.019762845849804,71675.0,-0.2,3.661975905008452,13936.0,6.654991243432584,11.347517730496449,7.095709570957087,-8.327501749475152,71797.0,0.3,3.9045427574928793,14058.0,7.219251336898402,10.694698354661792,7.983193277310918,2.3592085235920823,70031.0,1.3,0.8249589680094482,13781.0,7.301293900184835,6.523765144454807,9.058927000879514,32.460732984293195
2023-09-23,2023,,,26.5,39.1,,,5.2,8.8,,14.2,,2.2,,,,1.9,Labour,26.5,72201.0,0.7,3.098627750567595,13930.0,6.029285099052539,12.335958005249337,5.967741935483861,-15.019762845849804,71675.0,-0.2,3.661975905008452,13936.0,6.654991243432584,11.347517730496449,7.095709570957087,-8.327501749475152,71797.0,0.3,3.9045427574928793,14058.0,7.219251336898402,10.694698354661792,7.983193277310918,2.3592085235920823,70031.0,1.3,0.8249589680094482,13781.0,7.301293900184835,6.523765144454807,9.058927000879514,32.460732984293195
2023-09-26,2023,,1002.0,26.0,36.0,,,6.0,12.0,,13.0,,1.9,,,,1.3,Labour,26.0,72201.0,0.7,3.098627750567595,13930.0,6.029285099052539,12.335958005249337,5.967741935483861,-15.019762845849804,71675.0,-0.2,3.661975905008452,13936.0,6.654991243432584,11.347517730496449,7.095709570957087,-8.327501749475152,71797.0,0.3,3.9045427574928793,14058.0,7.219251336898402,10.694698354661792,7.983193277310918,2.3592085235920823,70031.0,1.3,0.8249589680094482,13781.0,7.301293900184835,6.523765144454807,9.058927000879514,32.460732984293195
2023-09-28,2023,,1027.0,27.0,38.0,,,6.4,9.0,,13.0,,3.1,,,,2.3,Labour,27.0,72201.0,0.7,3.098627750567595,13930.0,6.029285099052539,12.335958005249337,5.967741935483861,-15.019762845849804,71675.0,-0.2,3.661975905008452,13936.0,6.654991243432584,11.347517730496449,7.095709570957087,-8.327501749475152,71797.0,0.3,3.9045427574928793,14058.0,7.219251336898402,10.694698354661792,7.983193277310918,2.3592085235920823,70031.0,1.3,0.8249589680094482,13781.0,7.301293900184835,6.523765144454807,9.058927000879514,32.460732984293195
2023-10-03,2023,,1000.0,26.0,36.0,,,6.0,10.0,,13.0,,2.2,,,,1.5,Labour,26.0,72110.0,-0.1,0.737615601687569,13816.0,5.649241146711637,8.823529411764696,5.279747832939319,3.7267080745341685,72201.0,0.7,3.098627750567595,13930.0,6.029285099052539,12.335958005249337,5.967741935483861,-15.019762845849804,71675.0,-0.2,3.661975905008452,13936.0,6.654991243432584,11.347517730496449,7.095709570957087,-8.327501749475152,71582.0,2.2,7.817206892396666,14070.0,7.233273056057876,7.985480943738654,8.740359897172233,18.7704918032787
2023-10-04,2023,,1000.0,27.9,35.9,,,6.9,9.1,,10.6,,3.7,,,,2.9,Labour,27.9,72110.0,-0.1,0.737615601687569,13816.0,5.649241146711637,8.823529411764696,5.279747832939319,3.7267080745341685,72201.0,0.7,3.098627750567595,13930.0,6.029285099052539,12.335958005249337,5.967741935483861,-15.019762845849804,71675.0,-0.2,3.661975905008452,13936.0,6.654991243432584,11.347517730496449,7.095709570957087,-8.327501749475152,71582.0,2.2,7.817206892396666,14070.0,7.233273056057876,7.985480943738654,8.740359897172233,18.7704918032787
2023-10-08,2023,,1200.0,30.3,34.0,,,8.2,7.9,,10.6,,1.9,,,,,Labour,30.3,72110.0,-0.1,0.737615601687569,13816.0,5.649241146711637,8.823529411764696,5.279747832939319,3.7267080745341685,72201.0,0.7,3.098627750567595,13930.0,6.029285099052539,12.335958005249337,5.967741935483861,-15.019762845849804,71675.0,-0.2,3.661975905008452,13936.0,6.654991243432584,11.347517730496449,7.095709570957087,-8.327501749475152,71582.0,2.2,7.817206892396666,14070.0,7.233273056057876,7.985480943738654,8.740359897172233,18.7704918032787
2023-10-08,2023,,1250.0,26.0,30.5,,,7.5,11.5,,15.0,,3.0,,,,3.5,Labour,26.0,72110.0,-0.1,0.737615601687569,13816.0,5.649241146711637,8.823529411764696,5.279747832939319,3.7267080745341685,72201.0,0.7,3.098627750567595,13930.0,6.029285099052539,12.335958005249337,5.967741935483861,-15.019762845849804,71675.0,-0.2,3.661975905008452,13936.0,6.654991243432584,11.347517730496449,7.095709570957087,-8.327501749475152,71582.0,2.2,7.817206892396666,14070.0,7.233273056057876,7.985480943738654,8.740359897172233,18.7704918032787
2023-10-10,2023,,,27.5,34.5,,,6.8,8.8,,14.9,,2.7,,,,2.2,Labour,27.5,72110.0,-0.1,0.737615601687569,13816.0,5.649241146711637,8.823529411764696,5.279747832939319,3.7267080745341685,72201.0,0.7,3.098627750567595,13930.0,6.029285099052539,12.335958005249337,5.967741935483861,-15.019762845849804,71675.0,-0.2,3.661975905008452,13936.0,6.654991243432584,11.347517730496449,7.095709570957087,-8.327501749475152,71582.0,2.2,7.817206892396666,14070.0,7.233273056057876,7.985480943738654,8.740359897172233,18.7704918032787
2023-10-10,2023,,1001.0,28.0,37.0,,,6.0,9.0,,14.0,,1.7,,,,2.3,Labour,28.0,72110.0,-0.1,0.737615601687569,13816.0,5.649241146711637,8.823529411764696,5.279747832939319,3.7267080745341685,72201.0,0.7,3.098627750567595,13930.0,6.029285099052539,12.335958005249337,5.967741935483861,-15.019762845849804,71675.0,-0.2,3.661975905008452,13936.0,6.654991243432584,11.347517730496449,7.095709570957087,-8.327501749475152,71582.0,2.2,7.817206892396666,14070.0,7.233273056057876,7.985480943738654,8.740359897172233,18.7704918032787
2023-10-14,2026,,,26.92,38.08,,,6.09,8.64,,11.61,,3.08,,,,2.22,Labour,26.92,72110.0,-0.1,0.737615601687569,13816.0,5.649241146711637,8.823529411764696,5.279747832939319,3.7267080745341685,72201.0,0.7,3.098627750567595,13930.0,6.029285099052539,12.335958005249337,5.967741935483861,-15.019762845849804,71675.0,-0.2,3.661975905008452,13936.0,6.654991243432584,11.347517730496449,7.095709570957087,-8.327501749475152,71582.0,2.2,7.817206892396666,14070.0,7.233273056057876,7.985480943738654,8.740359897172233,18.7704918032787
2023-10-14,2023,,,26.92,38.08,,,6.09,8.64,,11.61,,3.08,,,,2.22,Labour,26.92,72110.0,-0.1,0.737615601687569,13816.0,5.649241146711637,8.823529411764696,5.279747832939319,3.7267080745341685,72201.0,0.7,3.098627750567595,13930.0,6.029285099052539,12.335958005249337,5.967741935483861,-15.019762845849804,71675.0,-0.2,3.661975905008452,13936.0,6.654991243432584,11.347517730496449,7.095709570957087,-8.327501749475152,71582.0,2.2,7.817206892396666,14070.0,7.233273056057876,7.985480943738654,8.740359897172233,18.7704918032787
2023-11-06,2026,,1000.0,28.3,37.0,,,6.0,8.1,,13.8,,3.4,,,,2.9,Labour,28.3,72110.0,-0.1,0.737615601687569,13816.0,5.649241146711637,8.823529411764696,5.279747832939319,3.7267080745341685,72201.0,0.7,3.098627750567595,13930.0,6.029285099052539,12.335958005249337,5.967741935483861,-15.019762845849804,71675.0,-0.2,3.661975905008452,13936.0,6.654991243432584,11.347517730496449,7.095709570957087,-8.327501749475152,71582.0,2.2,7.817206892396666,14070.0,7.233273056057876,7.985480943738654,8.740359897172233,18.7704918032787
2023-11-26,2026,,920.0,21.0,37.5,,,8.0,12.5,,12.5,,2.5,,,,3.5,Labour,21.0,72110.0,-0.1,0.737615601687569,13816.0,5.649241146711637,8.823529411764696,5.279747832939319,3.7267080745341685,72201.0,0.7,3.098627750567595,13930.0,6.029285099052539,12.335958005249337,5.967741935483861,-15.019762845849804,71675.0,-0.2,3.661975905008452,13936.0,6.654991243432584,11.347517730496449,7.095709570957087,-8.327501749475152,71582.0,2.2,7.817206892396666,14070.0,7.233273056057876,7.985480943738654,8.740359897172233,18.7704918032787
2023-12-05,2026,,,28.8,36.5,,,8.1,6.2,,10.8,,5.0,,,,,National,36.5,72110.0,-0.1,0.737615601687569,13816.0,5.649241146711637,8.823529411764696,5.279747832939319,3.7267080745341685,72201.0,0.7,3.098627750567595,13930.0,6.029285099052539,12.335958005249337,5.967741935483861,-15.019762845849804,71675.0,-0.2,3.661975905008452,13936.0,6.654991243432584,11.347517730496449,7.095709570957087,-8.327501749475152,71582.0,2.2,7.817206892396666,14070.0,7.233273056057876,7.985480943738654,8.740359897172233,18.7704918032787
2023-12-17,2026,,947.0,22.0,36.0,,,6.0,9.5,,15.5,,5.0,,,,4.0,National,36.0,72110.0,-0.1,0.737615601687569,13816.0,5.649241146711637,8.823529411764696,5.279747832939319,3.7267080745341685,72201.0,0.7,3.098627750567595,13930.0,6.029285099052539,12.335958005249337,5.967741935483861,-15.019762845849804,71675.0,-0.2,3.661975905008452,13936.0,6.654991243432584,11.347517730496449,7.095709570957087,-8.327501749475152,71582.0,2.2,7.817206892396666,14070.0,7.233273056057876,7.985480943738654,8.740359897172233,18.7704918032787
2024-01-10,2026,,1000.0,28.4,41.0,,,5.6,7.8,,9.5,,3.6,,,,,National,41.0,72428.0,0.4,0.8788668050197179,13793.0,4.655029093931828,5.6977704376548255,4.824902723735414,11.74721189591077,72110.0,-0.1,0.737615601687569,13816.0,5.649241146711637,8.823529411764696,5.279747832939319,3.7267080745341685,72201.0,0.7,3.098627750567595,13930.0,6.029285099052539,12.335958005249337,5.967741935483861,-15.019762845849804,71797.0,0.3,3.9045427574928793,14058.0,7.219251336898402,10.694698354661792,7.983193277310918,2.3592085235920823
2024-01-28,2026,,947.0,22.0,38.0,,,6.0,7.5,,15.5,,4.5,,,,4.5,National,38.0,72428.0,0.4,0.8788668050197179,13793.0,4.655029093931828,5.6977704376548255,4.824902723735414,11.74721189591077,72110.0,-0.1,0.737615601687569,13816.0,5.649241146711637,8.823529411764696,5.279747832939319,3.7267080745341685,72201.0,0.7,3.098627750567595,13930.0,6.029285099052539,12.335958005249337,5.967741935483861,-15.019762845849804,71797.0,0.3,3.9045427574928793,14058.0,7.219251336898402,10.694698354661792,7.983193277310918,2.3592085235920823
2024-02-07,2026,,1000.0,27.9,39.6,,,5.0,13.7,,9.0,,2.3,,,,,National,39.6,72428.0,0.4,0.8788668050197179,13793.0,4.655029093931828,5.6977704376548255,4.824902723735414,11.74721189591077,72110.0,-0.1,0.737615601687569,13816.0,5.649241146711637,8.823529411764696,5.279747832939319,3.7267080745341685,72201.0,0.7,3.098627750567595,13930.0,6.029285099052539,12.335958005249337,5.967741935483861,-15.019762845849804,71797.0,0.3,3.9045427574928793,14058.0,7.219251336898402,10.694698354661792,7.983193277310918,2.3592085235920823
2024-02-10,2026,,,29.0,38.0,,,6.2,7.0,,12.0,,4.9,,,,1.4,National,38.0,72428.0,0.4,0.8788668050197179,13793.0,4.655029093931828,5.6977704376548255,4.824902723735414,11.74721189591077,72110.0,-0.1,0.737615601687569,13816.0,5.649241146711637,8.823529411764696,5.279747832939319,3.7267080745341685,72201.0,0.7,3.098627750567595,13930.0,6.029285099052539,12.335958005249337,5.967741935483861,-15.019762845849804,71797.0,0.3,3.9045427574928793,14058.0,7.219251336898402,10.694698354661792,7.983193277310918,2.3592085235920823
2024-02-14,2026,,1002.0,28.0,38.0,,,6.0,8.0,,12.0,,3.7,,,,1.9,National,38.0,72428.0,0.4,0.8788668050197179,13793.0,4.655029093931828,5.6977704376548255,4.824902723735414,11.74721189591077,72110.0,-0.1,0.737615601687569,13816.0,5.649241146711637,8.823529411764696,5.279747832939319,3.7267080745341685,72201.0,0.7,3.098627750567595,13930.0,6.029285099052539,12.335958005249337,5.967741935483861,-15.019762845849804,71797.0,0.3,3.9045427574928793,14058.0,7.219251336898402,10.694698354661792,7.983193277310918,2.3592085235920823
2024-02-25,2026,,935.0,21.5,35.5,,,7.5,12.0,,15.5,,4.0,,,,2.5,National,35.5,72428.0,0.4,0.8788668050197179,13793.0,4.655029093931828,5.6977704376548255,4.824902723735414,11.74721189591077,72110.0,-0.1,0.737615601687569,13816.0,5.649241146711637,8.823529411764696,5.279747832939319,3.7267080745341685,72201.0,0.7,3.098627750567595,13930.0,6.029285099052539,12.335958005249337,5.967741935483861,-15.019762845849804,71797.0,0.3,3.9045427574928793,14058.0,7.219251336898402,10.694698354661792,7.983193277310918,2.3592085235920823
2024-03-05,2026,,1000.0,25.3,37.4,,,7.4,10.0,,11.3,,2.5,,,,2.1,National,37.4,72428.0,0.4,0.8788668050197179,13793.0,4.655029093931828,5.6977704376548255,4.824902723735414,11.74721189591077,72110.0,-0.1,0.737615601687569,13816.0,5.649241146711637,8.823529411764696,5.279747832939319,3.7267080745341685,72201.0,0.7,3.098627750567595,13930.0,6.029285099052539,12.335958005249337,5.967741935483861,-15.019762845849804,71797.0,0.3,3.9045427574928793,14058.0,7.219251336898402,10.694698354661792,7.983193277310918,2.3592085235920823
2024-03-10,2026,,1000.0,28.0,38.0,,,6.0,8.0,,14.0,,,,,,,National,38.0,72428.0,0.4,0.8788668050197179,13793.0,4.655029093931828,5.6977704376548255,4.824902723735414,11.74721189591077,72110.0,-0.1,0.737615601687569,13816.0,5.649241146711637,8.823529411764696,5.279747832939319,3.7267080745341685,72201.0,0.7,3.098627750567595,13930.0,6.029285099052539,12.335958005249337,5.967741935483861,-15.019762845849804,71797.0,0.3,3.9045427574928793,14058.0,7.219251336898402,10.694698354661792,7.983193277310918,2.3592085235920823
2024-03-24,2026,,931.0,23.0,38.0,,,6.5,11.5,,13.5,,3.5,,,,2.5,National,38.0,72428.0,0.4,0.8788668050197179,13793.0,4.655029093931828,5.6977704376548255,4.824902723735414,11.74721189591077,72110.0,-0.1,0.737615601687569,13816.0,5.649241146711637,8.823529411764696,5.279747832939319,3.7267080745341685,72201.0,0.7,3.098627750567595,13930.0,6.029285099052539,12.335958005249337,5.967741935483861,-15.019762845849804,71797.0,0.3,3.9045427574928793,14058.0,7.219251336898402,10.694698354661792,7.983193277310918,2.3592085235920823
2024-04-04,2026,,1000.0,25.7,37.1,,,6.3,7.2,,14.6,,4.6,,,,1.6,National,37.1,72522.0,0.1,1.1817230554586722,13753.0,4.022988505747116,2.3885350318471277,4.545454545454541,12.137404580152666,72428.0,0.4,0.8788668050197179,13793.0,4.655029093931828,5.6977704376548255,4.824902723735414,11.74721189591077,72110.0,-0.1,0.737615601687569,13816.0,5.649241146711637,8.823529411764696,5.279747832939319,3.7267080745341685,71675.0,-0.2,3.661975905008452,13936.0,6.654991243432584,11.347517730496449,7.095709570957087,-8.327501749475152
2024-04-21,2026,,934.0,24.5,36.5,,,5.5,11.0,,13.0,,5.5,,,,2.0,National,36.5,72522.0,0.1,1.1817230554586722,13753.0,4.022988505747116,2.3885350318471277,4.545454545454541,12.137404580152666,72428.0,0.4,0.8788668050197179,13793.0,4.655029093931828,5.6977704376548255,4.824902723735414,11.74721189591077,72110.0,-0.1,0.737615601687569,13816.0,5.649241146711637,8.823529411764696,5.279747832939319,3.7267080745341685,71675.0,-0.2,3.661975905008452,13936.0,6.654991243432584,11.347517730496449,7.095709570957087,-8.327501749475152
2024-04-24,2026,,1000.0,30.0,36.0,,,4.2,7.0,,14.0,,3.7,,,,1.2,National,36.0,72522.0,0.1,1.1817230554586722,13753.0,4.022988505747116,2.3885350318471277,4.545454545454541,12.137404580152666,72428.0,0.4,0.8788668050197179,13793.0,4.655029093931828,5.6977704376548255,4.824902723735414,11.74721189591077,72110.0,-0.1,0.737615601687569,13816.0,5.649241146711637,8.823529411764696,5.279747832939319,3.7267080745341685,71675.0,-0.2,3.661975905008452,13936.0,6.654991243432584,11.347517730496449,7.095709570957087,-8.327501749475152
2024-04-30,2026,,,33.0,34.0,,,6.0,7.0,,12.0,,4.0,,,,,National,34.0,72522.0,0.1,1.1817230554586722,13753.0,4.022988505747116,2.3885350318471277,4.545454545454541,12.137404580152666,72428.0,0.4,0.8788668050197179,13793.0,4.655029093931828,5.6977704376548255,4.824902723735414,11.74721189591077,72110.0,-0.1,0.737615601687569,13816.0,5.649241146711637,8.823529411764696,5.279747832939319,3.7267080745341685,71675.0,-0.2,3.661975905008452,13936.0,6.654991243432584,11.347517730496449,7.095709570957087,-8.327501749475152
2024-05-07,2026,,1000.0,30.0,37.3,,,5.5,9.4,,10.2,,3.1,,,,1.4,National,37.3,72522.0,0.1,1.1817230554586722,13753.0,4.022988505747116,2.3885350318471277,4.545454545454541,12.137404580152666,72428.0,0.4,0.8788668050197179,13793.0,4.655029093931828,5.6977704376548255,4.824902723735414,11.74721189591077,72110.0,-0.1,0.737615601687569,13816.0,5.649241146711637,8.823529411764696,5.279747832939319,3.7267080745341685,71675.0,-0.2,3.661975905008452,13936.0,6.654991243432584,11.347517730496449,7.095709570957087,-8.327501749475152
2024-05-10,2026,,,32.0,35.0,,,,,,,,,,,,,National,35.0,72522.0,0.1,1.1817230554586722,13753.0,4.022988505747116,2.3885350318471277,4.545454545454541,12.137404580152666,72428.0,0.4,0.8788668050197179,13793.0,4.655029093931828,5.6977704376548255,4.824902723735414,11.74721189591077,72110.0,-0.1,0.737615601687569,13816.0,5.649241146711637,8.823529411764696,5.279747832939319,3.7267080745341685,71675.0,-0.2,3.661975905008452,13936.0,6.654991243432584,11.347517730496449,7.095709570957087,-8.327501749475152
2024-05-19,2026,,925.0,30.0,33.5,,,5.5,9.5,,14.0,,3.0,,,,3.0,National,33.5,72522.0,0.1,1.1817230554586722,13753.0,4.022988505747116,2.3885350318471277,4.545454545454541,12.137404580152666,72428.0,0.4,0.8788668050197179,13793.0,4.655029093931828,5.6977704376548255,4.824902723735414,11.74721189591077,72110.0,-0.1,0.737615601687569,13816.0,5.649241146711637,8.823529411764696,5.279747832939319,3.7267080745341685,71675.0,-0.2,3.661975905008452,13936.0,6.654991243432584,11.347517730496449,7.095709570957087,-8.327501749475152
2024-06-06,2026,,1000.0,29.4,35.4,,,5.6,9.7,,12.7,,4.0,,,,0.8,National,35.4,72522.0,0.1,1.1817230554586722,13753.0,4.022988505747116,2.3885350318471277,4.545454545454541,12.137404580152666,72428.0,0.4,0.8788668050197179,13793.0,4.655029093931828,5.6977704376548255,4.824902723735414,11.74721189591077,72110.0,-0.1,0.737615601687569,13816.0,5.649241146711637,8.823529411764696,5.279747832939319,3.7267080745341685,71675.0,-0.2,3.661975905008452,13936.0,6.654991243432584,11.347517730496449,7.095709570957087,-8.327501749475152
2024-06-19,2026,,1002.0,29.0,38.0,,,6.0,7.0,,13.0,,3.3,,,,1.5,National,38.0,72522.0,0.1,1.1817230554586722,13753.0,4.022988505747116,2.3885350318471277,4.545454545454541,12.137404580152666,72428.0,0.4,0.8788668050197179,13793.0,4.655029093931828,5.6977704376548255,4.824902723735414,11.74721189591077,72110.0,-0.1,0.737615601687569,13816.0,5.649241146711637,8.823529411764696,5.279747832939319,3.7267080745341685,71675.0,-0.2,3.661975905008452,13936.0,6.654991243432584,11.347517730496449,7.095709570957087,-8.327501749475152
2024-06-23,2026,,930.0,27.5,35.0,,,5.5,9.0,,14.5,,3.5,,,,2.5,National,35.0,72522.0,0.1,1.1817230554586722,13753.0,4.022988505747116,2.3885350318471277,4.545454545454541,12.137404580152666,72428.0,0.4,0.8788668050197179,13793.0,4.655029093931828,5.6977704376548255,4.824902723735414,11.74721189591077,72110.0,-0.1,0.737615601687569,13816.0,5.649241146711637,8.823529411764696,5.279747832939319,3.7267080745341685,71675.0,-0.2,3.661975905008452,13936.0,6.654991243432584,11.347517730496449,7.095709570957087,-8.327501749475152
2024-07-08,2026,,1000.0,25.9,37.6,,,7.3,9.1,,12.5,,3.5,,,,2.4,National,37.6,72228.0,-0.4,0.03739560393900554,13663.0,3.3306255077172997,0.2336448598130758,4.414003044140036,14.651162790697668,72522.0,0.1,1.1817230554586722,13753.0,4.022988505747116,2.3885350318471277,4.545454545454541,12.137404580152666,72428.0,0.4,0.8788668050197179,13793.0,4.655029093931828,5.6977704376548255,4.824902723735414,11.74721189591077,72201.0,0.7,3.098627750567595,13930.0,6.029285099052539,12.335958005249337,5.967741935483861,-15.019762845849804
2024-07-21,2026,,930.0,24.0,32.5,,,6.5,11.0,,14.0,,6.0,,,,4.5,National,32.5,72228.0,-0.4,0.03739560393900554,13663.0,3.3306255077172997,0.2336448598130758,4.414003044140036,14.651162790697668,72522.0,0.1,1.1817230554586722,13753.0,4.022988505747116,2.3885350318471277,4.545454545454541,12.137404580152666,72428.0,0.4,0.8788668050197179,13793.0,4.655029093931828,5.6977704376548255,4.824902723735414,11.74721189591077,72201.0,0.7,3.098627750567595,13930.0,6.029285099052539,12.335958005249337,5.967741935483861,-15.019762845849804
2024-08-14,2026,,1001.0,30.0,38.0,,,6.0,7.0,,11.0,,4.2,,,,1.1,National,38.0,72228.0,-0.4,0.03739560393900554,13663.0,3.3306255077172997,0.2336448598130758,4.414003044140036,14.651162790697668,72522.0,0.1,1.1817230554586722,13753.0,4.022988505747116,2.3885350318471277,4.545454545454541,12.137404580152666,72428.0,0.4,0.8788668050197179,13793.0,4.655029093931828,5.6977704376548255,4.824902723735414,11.74721189591077,72201.0,0.7,3.098627750567595,13930.0,6.029285099052539,12.335958005249337,5.967741935483861,-15.019762845849804
2024-08-25,2026,,898.0,26.5,36.0,,,7.5,9.5,,13.0,,3.5,,,,2.5,National,36.0,72228.0,-0.4,0.03739560393900554,13663.0,3.3306255077172997,0.2336448598130758,4.414003044140036,14.651162790697668,72522.0,0.1,1.1817230554586722,13753.0,4.022988505747116,2.3885350318471277,4.545454545454541,12.137404580152666,72428.0,0.4,0.8788668050197179,13793.0,4.655029093931828,5.6977704376548255,4.824902723735414,11.74721189591077,72201.0,0.7,3.098627750567595,13930.0,6.029285099052539,12.335958005249337,5.967741935483861,-15.019762845849804
2024-09-10,2026,,,32.0,37.0,,,6.1,8.0,,10.0,,3.9,,,,,National,37.0,72228.0,-0.4,0.03739560393900554,13663.0,3.3306255077172997,0.2336448598130758,4.414003044140036,14.651162790697668,72522.0,0.1,1.1817230554586722,13753.0,4.022988505747116,2.3885350318471277,4.545454545454541,12.137404580152666,72428.0,0.4,0.8788668050197179,13793.0,4.655029093931828,5.6977704376548255,4.824902723735414,11.74721189591077,72201.0,0.7,3.098627750567595,13930.0,6.029285099052539,12.335958005249337,5.967741935483861,-15.019762845849804
2024-09-10,2026,,1000.0,26.7,39.0,,,6.8,8.8,,11.0,,5.0,,,,1.1,National,39.0,72228.0,-0.4,0.03739560393900554,13663.0,3.3306255077172997,0.2336448598130758,4.414003044140036,14.651162790697668,72522.0,0.1,1.1817230554586722,13753.0,4.022988505747116,2.3885350318471277,4.545454545454541,12.137404580152666,72428.0,0.4,0.8788668050197179,13793.0,4.655029093931828,5.6977704376548255,4.824902723735414,11.74721189591077,72201.0,0.7,3.098627750567595,13930.0,6.029285099052539,12.335958005249337,5.967741935483861,-15.019762845849804
2024-09-22,2026,,902.0,23.0,37.5,,,7.5,10.0,,14.0,,4.0,,,,2.5,National,37.5,72228.0,-0.4,0.03739560393900554,13663.0,3.3306255077172997,0.2336448598130758,4.414003044140036,14.651162790697668,72522.0,0.1,1.1817230554586722,13753.0,4.022988505747116,2.3885350318471277,4.545454545454541,12.137404580152666,72428.0,0.4,0.8788668050197179,13793.0,4.655029093931828,5.6977704376548255,4.824902723735414,11.74721189591077,72201.0,0.7,3.098627750567595,13930.0,6.029285099052539,12.335958005249337,5.967741935483861,-15.019762845849804
2024-10-07,2026,,1000.0,30.3,34.9,,,7.6,9.7,,10.4,,3.0,,,,2.5,National,34.9,71288.0,-1.3,-1.1399251144085465,13462.0,2.154828411811649,0.6949806949806847,4.6407185628742464,-7.984031936127744,72228.0,-0.4,0.03739560393900554,13663.0,3.3306255077172997,0.2336448598130758,4.414003044140036,14.651162790697668,72522.0,0.1,1.1817230554586722,13753.0,4.022988505747116,2.3885350318471277,4.545454545454541,12.137404580152666,72110.0,-0.1,0.737615601687569,13816.0,5.649241146711637,8.823529411764696,5.279747832939319,3.7267080745341685
2024-10-09,2026,,1000.0,29.0,37.0,,,5.0,8.0,,12.0,,3.8,,,,2.6,National,37.0,71288.0,-1.3,-1.1399251144085465,13462.0,2.154828411811649,0.6949806949806847,4.6407185628742464,-7.984031936127744,72228.0,-0.4,0.03739560393900554,13663.0,3.3306255077172997,0.2336448598130758,4.414003044140036,14.651162790697668,72522.0,0.1,1.1817230554586722,13753.0,4.022988505747116,2.3885350318471277,4.545454545454541,12.137404580152666,72110.0,-0.1,0.737615601687569,13816.0,5.649241146711637,8.823529411764696,5.279747832939319,3.7267080745341685
2024-10-20,2026,,883.0,29.0,31.0,,,7.0,9.0,,14.0,,5.0,,,,2.0,National,31.0,71288.0,-1.3,-1.1399251144085465,13462.0,2.154828411811649,0.6949806949806847,4.6407185628742464,-7.984031936127744,72228.0,-0.4,0.03739560393900554,13663.0,3.3306255077172997,0.2336448598130758,4.414003044140036,14.651162790697668,72522.0,0.1,1.1817230554586722,13753.0,4.022988505747116,2.3885350318471277,4.545454545454541,12.137404580152666,72110.0,-0.1,0.737615601687569,13816.0,5.649241146711637,8.823529411764696,5.279747832939319,3.7267080745341685
2024-11-10,2026,,,33.0,34.0,,,7.0,10.0,,10.0,,3.3,,,,,National,34.0,71288.0,-1.3,-1.1399251144085465,13462.0,2.154828411811649,0.6949806949806847,4.6407185628742464,-7.984031936127744,72228.0,-0.4,0.03739560393900554,13663.0,3.3306255077172997,0.2336448598130758,4.414003044140036,14.651162790697668,72522.0,0.1,1.1817230554586722,13753.0,4.022988505747116,2.3885350318471277,4.545454545454541,12.137404580152666,72110.0,-0.1,0.737615601687569,13816.0,5.649241146711637,8.823529411764696,5.279747832939319,3.7267080745341685
2024-11-10,2026,,1000.0,31.5,38.8,,,6.5,8.5,,9.3,,2.5,,,,0.9,National,38.8,71288.0,-1.3,-1.1399251144085465,13462.0,2.154828411811649,0.6949806949806847,4.6407185628742464,-7.984031936127744,72228.0,-0.4,0.03739560393900554,13663.0,3.3306255077172997,0.2336448598130758,4.414003044140036,14.651162790697668,72522.0,0.1,1.1817230554586722,13753.0,4.022988505747116,2.3885350318471277,4.545454545454541,12.137404580152666,72110.0,-0.1,0.737615601687569,13816.0,5.649241146711637,8.823529411764696,5.279747832939319,3.7267080745341685
2024-11-24,2026,,866.0,28.0,28.5,,,6.5,9.0,,13.5,,9.0,,,,3.5,National,28.5,71288.0,-1.3,-1.1399251144085465,13462.0,2.154828411811649,0.6949806949806847,4.6407185628742464,-7.984031936127744,72228.0,-0.4,0.03739560393900554,13663.0,3.3306255077172997,0.2336448598130758,4.414003044140036,14.651162790697668,72522.0,0.1,1.1817230554586722,13753.0,4.022988505747116,2.3885350318471277,4.545454545454541,12.137404580152666,72110.0,-0.1,0.737615601687569,13816.0,5.649241146711637,8.823529411764696,5.279747832939319,3.7267080745341685
2024-11-27,2026,,1150.0,31.0,34.0,,,6.0,8.0,,13.0,,4.0,,,,,National,34.0,71288.0,-1.3,-1.1399251144085465,13462.0,2.154828411811649,0.6949806949806847,4.6407185628742464,-7.984031936127744,72228.0,-0.4,0.03739560393900554,13663.0,3.3306255077172997,0.2336448598130758,4.414003044140036,14.651162790697668,72522.0,0.1,1.1817230554586722,13753.0,4.022988505747116,2.3885350318471277,4.545454545454541,12.137404580152666,72110.0,-0.1,0.737615601687569,13816.0,5.649241146711637,8.823529411764696,5.279747832939319,3.7267080745341685
2024-11-28,2026,,,32.0,31.0,,,6.0,10.0,,10.0,,7.0,,,,,National,31.0,71288.0,-1.3,-1.1399251144085465,13462.0,2.154828411811649,0.6949806949806847,4.6407185628742464,-7.984031936127744,72228.0,-0.4,0.03739560393900554,13663.0,3.3306255077172997,0.2336448598130758,4.414003044140036,14.651162790697668,72522.0,0.1,1.1817230554586722,13753.0,4.022988505747116,2.3885350318471277,4.545454545454541,12.137404580152666,72110.0,-0.1,0.737615601687569,13816.0,5.649241146711637,8.823529411764696,5.279747832939319,3.7267080745341685
2024-12-03,2026,,1000.0,26.9,34.2,,,5.4,13.0,,8.3,,5.5,,,,1.1,National,34.2,71288.0,-1.3,-1.1399251144085465,13462.0,2.154828411811649,0.6949806949806847,4.6407185628742464,-7.984031936127744,72228.0,-0.4,0.03739560393900554,13663.0,3.3306255077172997,0.2336448598130758,4.414003044140036,14.651162790697668,72522.0,0.1,1.1817230554586722,13753.0,4.022988505747116,2.3885350318471277,4.545454545454541,12.137404580152666,72110.0,-0.1,0.737615601687569,13816.0,5.649241146711637,8.823529411764696,5.279747832939319,3.7267080745341685
2024-12-04,2026,,1006.0,29.0,37.0,,,6.0,8.0,,10.0,,7.0,,,,1.5,National,37.0,71288.0,-1.3,-1.1399251144085465,13462.0,2.154828411811649,0.6949806949806847,4.6407185628742464,-7.984031936127744,72228.0,-0.4,0.03739560393900554,13663.0,3.3306255077172997,0.2336448598130758,4.414003044140036,14.651162790697668,72522.0,0.1,1.1817230554586722,13753.0,4.022988505747116,2.3885350318471277,4.545454545454541,12.137404580152666,72110.0,-0.1,0.737615601687569,13816.0,5.649241146711637,8.823529411764696,5.279747832939319,3.7267080745341685
2024-12-15,2026,,885.0,26.0,31.0,,,7.5,13.0,,13.5,,5.5,,,,1.0,National,31.0,71288.0,-1.3,-1.1399251144085465,13462.0,2.154828411811649,0.6949806949806847,4.6407185628742464,-7.984031936127744,72228.0,-0.4,0.03739560393900554,13663.0,3.3306255077172997,0.2336448598130758,4.414003044140036,14.651162790697668,72522.0,0.1,1.1817230554586722,13753.0,4.022988505747116,2.3885350318471277,4.545454545454541,12.137404580152666,72110.0,-0.1,0.737615601687569,13816.0,5.649241146711637,8.823529411764696,5.279747832939319,3.7267080745341685
2025-01-13,2026,,1000.0,30.9,29.6,,,8.1,10.8,,9.5,,5.3,,,,2.1,National,29.6,71423.0,0.2,-1.3875849119125205,13465.0,2.223987291501195,1.3281249999999911,4.305864884929478,-9.181636726546905,71288.0,-1.3,-1.1399251144085465,13462.0,2.154828411811649,0.6949806949806847,4.6407185628742464,-7.984031936127744,72228.0,-0.4,0.03739560393900554,13663.0,3.3306255077172997,0.2336448598130758,4.414003044140036,14.651162790697668,72428.0,0.4,0.8788668050197179,13793.0,4.655029093931828,5.6977704376548255,4.824902723735414,11.74721189591077
2025-01-26,2026,,885.0,28.5,32.5,,,8.5,9.0,,11.5,,6.5,,,,1.5,National,32.5,71423.0,0.2,-1.3875849119125205,13465.0,2.223987291501195,1.3281249999999911,4.305864884929478,-9.181636726546905,71288.0,-1.3,-1.1399251144085465,13462.0,2.154828411811649,0.6949806949806847,4.6407185628742464,-7.984031936127744,72228.0,-0.4,0.03739560393900554,13663.0,3.3306255077172997,0.2336448598130758,4.414003044140036,14.651162790697668,72428.0,0.4,0.8788668050197179,13793.0,4.655029093931828,5.6977704376548255,4.824902723735414,11.74721189591077
2025-01-27,2026,,1049.0,34.0,33.0,,,5.2,9.0,,12.0,,4.6,,,,,National,33.0,71423.0,0.2,-1.3875849119125205,13465.0,2.223987291501195,1.3281249999999911,4.305864884929478,-9.181636726546905,71288.0,-1.3,-1.1399251144085465,13462.0,2.154828411811649,0.6949806949806847,4.6407185628742464,-7.984031936127744,72228.0,-0.4,0.03739560393900554,13663.0,3.3306255077172997,0.2336448598130758,4.414003044140036,14.651162790697668,72428.0,0.4,0.8788668050197179,13793.0,4.655029093931828,5.6977704376548255,4.824902723735414,11.74721189591077
2025-02-04,2026,,1000.0,31.3,31.9,,,6.4,10.0,,13.2,,4.4,,,,0.5,National,31.9,71423.0,0.2,-1.3875849119125205,13465.0,2.223987291501195,1.3281249999999911,4.305864884929478,-9.181636726546905,71288.0,-1.3,-1.1399251144085465,13462.0,2.154828411811649,0.6949806949806847,4.6407185628742464,-7.984031936127744,72228.0,-0.4,0.03739560393900554,13663.0,3.3306255077172997,0.2336448598130758,4.414003044140036,14.651162790697668,72428.0,0.4,0.8788668050197179,13793.0,4.655029093931828,5.6977704376548255,4.824902723735414,11.74721189591077
2025-02-07,2026,,1002.0,33.0,34.0,,,5.0,9.0,,10.0,,3.7,,,,1.9,National,34.0,71423.0,0.2,-1.3875849119125205,13465.0,2.223987291501195,1.3281249999999911,4.305864884929478,-9.181636726546905,71288.0,-1.3,-1.1399251144085465,13462.0,2.154828411811649,0.6949806949806847,4.6407185628742464,-7.984031936127744,72228.0,-0.4,0.03739560393900554,13663.0,3.3306255077172997,0.2336448598130758,4.414003044140036,14.651162790697668,72428.0,0.4,0.8788668050197179,13793.0,4.655029093931828,5.6977704376548255,4.824902723735414,11.74721189591077
2025-02-23,2026,,888.0,29.0,30.5,,,6.0,11.0,,15.5,,3.0,,,,2.5,National,30.5,71423.0,0.2,-1.3875849119125205,13465.0,2.223987291501195,1.3281249999999911,4.305864884929478,-9.181636726546905,71288.0,-1.3,-1.1399251144085465,13462.0,2.154828411811649,0.6949806949806847,4.6407185628742464,-7.984031936127744,72228.0,-0.4,0.03739560393900554,13663.0,3.3306255077172997,0.2336448598130758,4.414003044140036,14.651162790697668,72428.0,0.4,0.8788668050197179,13793.0,4.655029093931828,5.6977704376548255,4.824902723735414,11.74721189591077
2025-03-04,2026,,1000.0,34.1,33.6,,,5.1,7.7,,10.0,,6.5,,,,0.5,National,33.6,71423.0,0.2,-1.3875849119125205,13465.0,2.223987291501195,1.3281249999999911,4.305864884929478,-9.181636726546905,71288.0,-1.3,-1.1399251144085465,13462.0,2.154828411811649,0.6949806949806847,4.6407185628742464,-7.984031936127744,72228.0,-0.4,0.03739560393900554,13663.0,3.3306255077172997,0.2336448598130758,4.414003044140036,14.651162790697668,72428.0,0.4,0.8788668050197179,13793.0,4.655029093931828,5.6977704376548255,4.824902723735414,11.74721189591077
2025-03-10,2026,,1003.0,34.0,31.0,,,6.1,10.0,,10.0,,4.4,,,,,National,31.0,71423.0,0.2,-1.3875849119125205,13465.0,2.223987291501195,1.3281249999999911,4.305864884929478,-9.181636726546905,71288.0,-1.3,-1.1399251144085465,13462.0,2.154828411811649,0.6949806949806847,4.6407185628742464,-7.984031936127744,72228.0,-0.4,0.03739560393900554,13663.0,3.3306255077172997,0.2336448598130758,4.414003044140036,14.651162790697668,72428.0,0.4,0.8788668050197179,13793.0,4.655029093931828,5.6977704376548255,4.824902723735414,11.74721189591077
2025-03-23,2026,,888.0,27.5,32.5,,,7.0,7.5,,14.5,,5.5,,,,4.0,National,32.5,71423.0,0.2,-1.3875849119125205,13465.0,2.223987291501195,1.3281249999999911,4.305864884929478,-9.181636726546905,71288.0,-1.3,-1.1399251144085465,13462.0,2.154828411811649,0.6949806949806847,4.6407185628742464,-7.984031936127744,72228.0,-0.4,0.03739560393900554,13663.0,3.3306255077172997,0.2336448598130758,4.414003044140036,14.651162790697668,72428.0,0.4,0.8788668050197179,13793.0,4.655029093931828,5.6977704376548255,4.824902723735414,11.74721189591077
2025-03-27,2026,,1000.0,32.3,32.9,,,7.2,9.4,,10.0,,5.0,,,,1.8,National,32.9,71423.0,0.2,-1.3875849119125205,13465.0,2.223987291501195,1.3281249999999911,4.305864884929478,-9.181636726546905,71288.0,-1.3,-1.1399251144085465,13462.0,2.154828411811649,0.6949806949806847,4.6407185628742464,-7.984031936127744,72228.0,-0.4,0.03739560393900554,13663.0,3.3306255077172997,0.2336448598130758,4.414003044140036,14.651162790697668,72428.0,0.4,0.8788668050197179,13793.0,4.655029093931828,5.6977704376548255,4.824902723735414,11.74721189591077
2025-04-01,2026,,1000.0,29.8,33.5,,,7.4,10.0,,11.0,,4.3,,,,1.5,National,33.5,72271.0,1.2,-0.3461018725352316,13604.0,2.525651144435681,2.6438569206842955,4.274134119380979,-2.791014295439076,71423.0,0.2,-1.3875849119125205,13465.0,2.223987291501195,1.3281249999999911,4.305864884929478,-9.181636726546905,71288.0,-1.3,-1.1399251144085465,13462.0,2.154828411811649,0.6949806949806847,4.6407185628742464,-7.984031936127744,72522.0,0.1,1.1817230554586722,13753.0,4.022988505747116,2.3885350318471277,4.545454545454541,12.137404580152666
2025-04-02,2026,,1000.0,32.0,36.0,,,7.0,9.0,,10.0,,3.4,,,,2.1,National,36.0,72271.0,1.2,-0.3461018725352316,13604.0,2.525651144435681,2.6438569206842955,4.274134119380979,-2.791014295439076,71423.0,0.2,-1.3875849119125205,13465.0,2.223987291501195,1.3281249999999911,4.305864884929478,-9.181636726546905,71288.0,-1.3,-1.1399251144085465,13462.0,2.154828411811649,0.6949806949806847,4.6407185628742464,-7.984031936127744,72522.0,0.1,1.1817230554586722,13753.0,4.022988505747116,2.3885350318471277,4.545454545454541,12.137404580152666
2025-04-20,2026,,829.0,28.5,31.0,,,9.0,9.0,,14.0,,4.5,,,,2.5,National,31.0,72271.0,1.2,-0.3461018725352316,13604.0,2.525651144435681,2.6438569206842955,4.274134119380979,-2.791014295439076,71423.0,0.2,-1.3875849119125205,13465.0,2.223987291501195,1.3281249999999911,4.305864884929478,-9.181636726546905,71288.0,-1.3,-1.1399251144085465,13462.0,2.154828411811649,0.6949806949806847,4.6407185628742464,-7.984031936127744,72522.0,0.1,1.1817230554586722,13753.0,4.022988505747116,2.3885350318471277,4.545454545454541,12.137404580152666
2025-05-04,2026,,1000.0,33.2,34.6,,,7.4,9.5,,9.1,,3.9,,,,0.5,National,34.6,72271.0,1.2,-0.3461018725352316,13604.0,2.525651144435681,2.6438569206842955,4.274134119380979,-2.791014295439076,71423.0,0.2,-1.3875849119125205,13465.0,2.223987291501195,1.3281249999999911,4.305864884929478,-9.181636726546905,71288.0,-1.3,-1.1399251144085465,13462.0,2.154828411811649,0.6949806949806847,4.6407185628742464,-7.984031936127744,72522.0,0.1,1.1817230554586722,13753.0,4.022988505747116,2.3885350318471277,4.545454545454541,12.137404580152666
2025-05-25,2026,,799.0,29.0,31.5,,,6.5,12.0,,11.5,,4.5,,,,3.0,National,31.5,72271.0,1.2,-0.3461018725352316,13604.0,2.525651144435681,2.6438569206842955,4.274134119380979,-2.791014295439076,71423.0,0.2,-1.3875849119125205,13465.0,2.223987291501195,1.3281249999999911,4.305864884929478,-9.181636726546905,71288.0,-1.3,-1.1399251144085465,13462.0,2.154828411811649,0.6949806949806847,4.6407185628742464,-7.984031936127744,72522.0,0.1,1.1817230554586722,13753.0,4.022988505747116,2.3885350318471277,4.545454545454541,12.137404580152666
2025-05-28,2026,,1002.0,29.0,34.0,,,8.0,8.0,,12.0,,3.7,,,,1.3,National,34.0,72271.0,1.2,-0.3461018725352316,13604.0,2.525651144435681,2.6438569206842955,4.274134119380979,-2.791014295439076,71423.0,0.2,-1.3875849119125205,13465.0,2.223987291501195,1.3281249999999911,4.305864884929478,-9.181636726546905,71288.0,-1.3,-1.1399251144085465,13462.0,2.154828411811649,0.6949806949806847,4.6407185628742464,-7.984031936127744,72522.0,0.1,1.1817230554586722,13753.0,4.022988505747116,2.3885350318471277,4.545454545454541,12.137404580152666
2025-05-30,2026,,1008.0,33.2,30.7,,,9.1,6.6,,11.6,,5.5,,,,2.2,National,30.7,72271.0,1.2,-0.3461018725352316,13604.0,2.525651144435681,2.6438569206842955,4.274134119380979,-2.791014295439076,71423.0,0.2,-1.3875849119125205,13465.0,2.223987291501195,1.3281249999999911,4.305864884929478,-9.181636726546905,71288.0,-1.3,-1.1399251144085465,13462.0,2.154828411811649,0.6949806949806847,4.6407185628742464,-7.984031936127744,72522.0,0.1,1.1817230554586722,13753.0,4.022988505747116,2.3885350318471277,4.545454545454541,12.137404580152666
2025-06-09,2026,,1000.0,34.8,33.5,,,6.1,9.1,,8.2,,3.3,,,,1.8,National,33.5,72271.0,1.2,-0.3461018725352316,13604.0,2.525651144435681,2.6438569206842955,4.274134119380979,-2.791014295439076,71423.0,0.2,-1.3875849119125205,13465.0,2.223987291501195,1.3281249999999911,4.305864884929478,-9.181636726546905,71288.0,-1.3,-1.1399251144085465,13462.0,2.154828411811649,0.6949806949806847,4.6407185628742464,-7.984031936127744,72522.0,0.1,1.1817230554586722,13753.0,4.022988505747116,2.3885350318471277,4.545454545454541,12.137404580152666
2025-06-15,2026,,1150.0,34.0,32.0,,,8.0,8.0,,11.0,,2.0,,,,,National,32.0,72271.0,1.2,-0.3461018725352316,13604.0,2.525651144435681,2.6438569206842955,4.274134119380979,-2.791014295439076,71423.0,0.2,-1.3875849119125205,13465.0,2.223987291501195,1.3281249999999911,4.305864884929478,-9.181636726546905,71288.0,-1.3,-1.1399251144085465,13462.0,2.154828411811649,0.6949806949806847,4.6407185628742464,-7.984031936127744,72522.0,0.1,1.1817230554586722,13753.0,4.022988505747116,2.3885350318471277,4.545454545454541,12.137404580152666
2025-06-22,2026,,812.0,28.5,32.0,,,8.0,11.5,,11.0,,5.0,,,,3.0,National,32.0,72271.0,1.2,-0.3461018725352316,13604.0,2.525651144435681,2.6438569206842955,4.274134119380979,-2.791014295439076,71423.0,0.2,-1.3875849119125205,13465.0,2.223987291501195,1.3281249999999911,4.305864884929478,-9.181636726546905,71288.0,-1.3,-1.1399251144085465,13462.0,2.154828411811649,0.6949806949806847,4.6407185628742464,-7.984031936127744,72522.0,0.1,1.1817230554586722,13753.0,4.022988505747116,2.3885350318471277,4.545454545454541,12.137404580152666
2025-07-06,2026,,1000.0,31.6,33.9,,,9.8,9.1,,9.4,,3.5,,,,1.2,National,33.9,71671.0,-0.8,-0.771169075704714,13473.0,2.672955974842761,4.195804195804187,4.008746355685133,-8.045977011494255,72271.0,1.2,-0.3461018725352316,13604.0,2.525651144435681,2.6438569206842955,4.274134119380979,-2.791014295439076,71423.0,0.2,-1.3875849119125205,13465.0,2.223987291501195,1.3281249999999911,4.305864884929478,-9.181636726546905,72228.0,-0.4,0.03739560393900554,13663.0,3.3306255077172997,0.2336448598130758,4.414003044140036,14.651162790697668
2025-07-10,2026,,1090.0,35.0,32.0,,,7.0,8.0,,12.0,,3.8,,,,,National,32.0,71671.0,-0.8,-0.771169075704714,13473.0,2.672955974842761,4.195804195804187,4.008746355685133,-8.045977011494255,72271.0,1.2,-0.3461018725352316,13604.0,2.525651144435681,2.6438569206842955,4.274134119380979,-2.791014295439076,71423.0,0.2,-1.3875849119125205,13465.0,2.223987291501195,1.3281249999999911,4.305864884929478,-9.181636726546905,72228.0,-0.4,0.03739560393900554,13663.0,3.3306255077172997,0.2336448598130758,4.414003044140036,14.651162790697668
2025-07-27,2026,,832.0,31.0,31.0,,,9.5,10.5,,11.5,,3.5,,,,1.0,National,31.0,71671.0,-0.8,-0.771169075704714,13473.0,2.672955974842761,4.195804195804187,4.008746355685133,-8.045977011494255,72271.0,1.2,-0.3461018725352316,13604.0,2.525651144435681,2.6438569206842955,4.274134119380979,-2.791014295439076,71423.0,0.2,-1.3875849119125205,13465.0,2.223987291501195,1.3281249999999911,4.305864884929478,-9.181636726546905,72228.0,-0.4,0.03739560393900554,13663.0,3.3306255077172997,0.2336448598130758,4.414003044140036,14.651162790697668
2025-08-05,2026,,1000.0,33.6,31.8,,,7.8,8.6,,9.8,,3.2,,,,2.6,National,31.8,71671.0,-0.8,-0.771169075704714,13473.0,2.672955974842761,4.195804195804187,4.008746355685133,-8.045977011494255,72271.0,1.2,-0.3461018725352316,13604.0,2.525651144435681,2.6438569206842955,4.274134119380979,-2.791014295439076,71423.0,0.2,-1.3875849119125205,13465.0,2.223987291501195,1.3281249999999911,4.305864884929478,-9.181636726546905,72228.0,-0.4,0.03739560393900554,13663.0,3.3306255077172997,0.2336448598130758,4.414003044140036,14.651162790697668
2025-08-06,2026,,1002.0,33.0,34.0,,,9.0,8.0,,10.0,,3.7,,,,1.3,National,34.0,71671.0,-0.8,-0.771169075704714,13473.0,2.672955974842761,4.195804195804187,4.008746355685133,-8.045977011494255,72271.0,1.2,-0.3461018725352316,13604.0,2.525651144435681,2.6438569206842955,4.274134119380979,-2.791014295439076,71423.0,0.2,-1.3875849119125205,13465.0,2.223987291501195,1.3281249999999911,4.305864884929478,-9.181636726546905,72228.0,-0.4,0.03739560393900554,13663.0,3.3306255077172997,0.2336448598130758,4.414003044140036,14.651162790697668
2025-08-10,2026,,1000.0,34.0,32.0,,,9.3,8.0,,11.0,,4.4,,,,2.8,National,32.0,71671.0,-0.8,-0.771169075704714,13473.0,2.672955974842761,4.195804195804187,4.008746355685133,-8.045977011494255,72271.0,1.2,-0.3461018725352316,13604.0,2.525651144435681,2.6438569206842955,4.274134119380979,-2.791014295439076,71423.0,0.2,-1.3875849119125205,13465.0,2.223987291501195,1.3281249999999911,4.305864884929478,-9.181636726546905,72228.0,-0.4,0.03739560393900554,13663.0,3.3306255077172997,0.2336448598130758,4.414003044140036,14.651162790697668
2025-08-24,2026,,873.0,34.0,29.0,,,7.0,10.5,,13.5,,2.5,,,,3.0,National,29.0,71671.0,-0.8,-0.771169075704714,13473.0,2.672955974842761,4.195804195804187,4.008746355685133,-8.045977011494255,72271.0,1.2,-0.3461018725352316,13604.0,2.525651144435681,2.6438569206842955,4.274134119380979,-2.791014295439076,71423.0,0.2,-1.3875849119125205,13465.0,2.223987291501195,1.3281249999999911,4.305864884929478,-9.181636726546905,72228.0,-0.4,0.03739560393900554,13663.0,3.3306255077172997,0.2336448598130758,4.414003044140036,14.651162790697668
2025-09-02,2026,,1000.0,33.8,33.1,,,8.1,6.7,,10.7,,4.3,,,,1.1,National,33.1,71671.0,-0.8,-0.771169075704714,13473.0,2.672955974842761,4.195804195804187,4.008746355685133,-8.045977011494255,72271.0,1.2,-0.3461018725352316,13604.0,2.525651144435681,2.6438569206842955,4.274134119380979,-2.791014295439076,71423.0,0.2,-1.3875849119125205,13465.0,2.223987291501195,1.3281249999999911,4.305864884929478,-9.181636726546905,72228.0,-0.4,0.03739560393900554,13663.0,3.3306255077172997,0.2336448598130758,4.414003044140036,14.651162790697668
2025-09-10,2026,,1000.0,35.0,31.0,,,10.0,7.0,,10.0,,4.0,,,,,National,31.0,71671.0,-0.8,-0.771169075704714,13473.0,2.672955974842761,4.195804195804187,4.008746355685133,-8.045977011494255,72271.0,1.2,-0.3461018725352316,13604.0,2.525651144435681,2.6438569206842955,4.274134119380979,-2.791014295439076,71423.0,0.2,-1.3875849119125205,13465.0,2.223987291501195,1.3281249999999911,4.305864884929478,-9.181636726546905,72228.0,-0.4,0.03739560393900554,13663.0,3.3306255077172997,0.2336448598130758,4.414003044140036,14.651162790697668
2025-09-12,2026,,1000.0,34.3,32.5,,,8.7,7.2,,10.9,,4.1,,,,1.4,National,32.5,71671.0,-0.8,-0.771169075704714,13473.0,2.672955974842761,4.195804195804187,4.008746355685133,-8.045977011494255,72271.0,1.2,-0.3461018725352316,13604.0,2.525651144435681,2.6438569206842955,4.274134119380979,-2.791014295439076,71423.0,0.2,-1.3875849119125205,13465.0,2.223987291501195,1.3281249999999911,4.305864884929478,-9.181636726546905,72228.0,-0.4,0.03739560393900554,13663.0,3.3306255077172997,0.2336448598130758,4.414003044140036,14.651162790697668
2025-09-21,2026,,870.0,28.5,31.5,,,8.0,9.0,,13.5,,5.5,,,,2.5,National,31.5,71671.0,-0.8,-0.771169075704714,13473.0,2.672955974842761,4.195804195804187,4.008746355685133,-8.045977011494255,72271.0,1.2,-0.3461018725352316,13604.0,2.525651144435681,2.6438569206842955,4.274134119380979,-2.791014295439076,71423.0,0.2,-1.3875849119125205,13465.0,2.223987291501195,1.3281249999999911,4.305864884929478,-9.181636726546905,72228.0,-0.4,0.03739560393900554,13663.0,3.3306255077172997,0.2336448598130758,4.414003044140036,14.651162790697668
2025-10-05,2026,,1000.0,31.2,29.6,,,10.6,6.6,,12.0,,4.4,,,,1.6,National,29.6,72607.0,1.3,1.8502412748288677,13628.0,3.0468750000000044,4.601226993865026,3.505007153075823,-1.590744757772955,71671.0,-0.8,-0.771169075704714,13473.0,2.672955974842761,4.195804195804187,4.008746355685133,-8.045977011494255,72271.0,1.2,-0.3461018725352316,13604.0,2.525651144435681,2.6438569206842955,4.274134119380979,-2.791014295439076,71288.0,-1.3,-1.1399251144085465,13462.0,2.154828411811649,0.6949806949806847,4.6407185628742464,-7.984031936127744
2025-10-08,2026,,1050.0,34.0,31.0,,,11.0,9.0,,9.0,,3.0,,,,,National,31.0,72607.0,1.3,1.8502412748288677,13628.0,3.0468750000000044,4.601226993865026,3.505007153075823,-1.590744757772955,71671.0,-0.8,-0.771169075704714,13473.0,2.672955974842761,4.195804195804187,4.008746355685133,-8.045977011494255,72271.0,1.2,-0.3461018725352316,13604.0,2.525651144435681,2.6438569206842955,4.274134119380979,-2.791014295439076,71288.0,-1.3,-1.1399251144085465,13462.0,2.154828411811649,0.6949806949806847,4.6407185628742464,-7.984031936127744
2025-10-08,2026,,1014.0,32.0,34.0,,,9.0,8.0,,11.0,,2.8,,,,0.8,National,34.0,72607.0,1.3,1.8502412748288677,13628.0,3.0468750000000044,4.601226993865026,3.505007153075823,-1.590744757772955,71671.0,-0.8,-0.771169075704714,13473.0,2.672955974842761,4.195804195804187,4.008746355685133,-8.045977011494255,72271.0,1.2,-0.3461018725352316,13604.0,2.525651144435681,2.6438569206842955,4.274134119380979,-2.791014295439076,71288.0,-1.3,-1.1399251144085465,13462.0,2.154828411811649,0.6949806949806847,4.6407185628742464,-7.984031936127744
2025-10-10,2026,,1097.0,35.0,29.0,,,12.0,8.0,,10.0,,4.0,,,,,National,29.0,72607.0,1.3,1.8502412748288677,13628.0,3.0468750000000044,4.601226993865026,3.505007153075823,-1.590744757772955,71671.0,-0.8,-0.771169075704714,13473.0,2.672955974842761,4.195804195804187,4.008746355685133,-8.045977011494255,72271.0,1.2,-0.3461018725352316,13604.0,2.525651144435681,2.6438569206842955,4.274134119380979,-2.791014295439076,71288.0,-1.3,-1.1399251144085465,13462.0,2.154828411811649,0.6949806949806847,4.6407185628742464,-7.984031936127744
2025-10-26,2026,,857.0,30.5,32.0,,,9.5,8.0,,12.0,,2.5,,,,2.5,National,32.0,72607.0,1.3,1.8502412748288677,13628.0,3.0468750000000044,4.601226993865026,3.505007153075823,-1.590744757772955,71671.0,-0.8,-0.771169075704714,13473.0,2.672955974842761,4.195804195804187,4.008746355685133,-8.045977011494255,72271.0,1.2,-0.3461018725352316,13604.0,2.525651144435681,2.6438569206842955,4.274134119380979,-2.791014295439076,71288.0,-1.3,-1.1399251144085465,13462.0,2.154828411811649,0.6949806949806847,4.6407185628742464,-7.984031936127744
2025-11-06,2026,,1000.0,33.3,30.2,,,9.1,8.6,,9.2,,3.3,,,,1.2,National,30.2,72607.0,1.3,1.8502412748288677,13628.0,3.0468750000000044,4.601226993865026,3.505007153075823,-1.590744757772955,71671.0,-0.8,-0.771169075704714,13473.0,2.672955974842761,4.195804195804187,4.008746355685133,-8.045977011494255,72271.0,1.2,-0.3461018725352316,13604.0,2.525651144435681,2.6438569206842955,4.274134119380979,-2.791014295439076,71288.0,-1.3,-1.1399251144085465,13462.0,2.154828411811649,0.6949806949806847,4.6407185628742464,-7.984031936127744
2025-11-10,2026,,1000.0,38.0,33.0,,,8.0,7.0,,9.0,,2.4,,,,,National,33.0,72607.0,1.3,1.8502412748288677,13628.0,3.0468750000000044,4.601226993865026,3.505007153075823,-1.590744757772955,71671.0,-0.8,-0.771169075704714,13473.0,2.672955974842761,4.195804195804187,4.008746355685133,-8.045977011494255,72271.0,1.2,-0.3461018725352316,13604.0,2.525651144435681,2.6438569206842955,4.274134119380979,-2.791014295439076,71288.0,-1.3,-1.1399251144085465,13462.0,2.154828411811649,0.6949806949806847,4.6407185628742464,-7.984031936127744
2025-11-23,2026,,829.0,28.0,33.0,,,9.0,8.0,,14.5,,2.0,,,,2.5,National,33.0,72607.0,1.3,1.8502412748288677,13628.0,3.0468750000000044,4.601226993865026,3.505007153075823,-1.590744757772955,71671.0,-0.8,-0.771169075704714,13473.0,2.672955974842761,4.195804195804187,4.008746355685133,-8.045977011494255,72271.0,1.2,-0.3461018725352316,13604.0,2.525651144435681,2.6438569206842955,4.274134119380979,-2.791014295439076,71288.0,-1.3,-1.1399251144085465,13462.0,2.154828411811649,0.6949806949806847,4.6407185628742464,-7.984031936127744
2025-12-03,2026,,1007.0,35.0,36.0,,,9.0,10.0,,7.0,,0.6,,,,0.4,National,36.0,72607.0,1.3,1.8502412748288677,13628.0,3.0468750000000044,4.601226993865026,3.505007153075823,-1.590744757772955,71671.0,-0.8,-0.771169075704714,13473.0,2.672955974842761,4.195804195804187,4.008746355685133,-8.045977011494255,72271.0,1.2,-0.3461018725352316,13604.0,2.525651144435681,2.6438569206842955,4.274134119380979,-2.791014295439076,71288.0,-1.3,-1.1399251144085465,13462.0,2.154828411811649,0.6949806949806847,4.6407185628742464,-7.984031936127744
2025-12-07,2026,,1000.0,31.6,30.0,,,8.1,8.9,,10.8,,3.1,,,,1.6,National,30.0,72607.0,1.3,1.8502412748288677,13628.0,3.0468750000000044,4.601226993865026,3.505007153075823,-1.590744757772955,71671.0,-0.8,-0.771169075704714,13473.0,2.672955974842761,4.195804195804187,4.008746355685133,-8.045977011494255,72271.0,1.2,-0.3461018725352316,13604.0,2.525651144435681,2.6438569206842955,4.274134119380979,-2.791014295439076,71288.0,-1.3,-1.1399251144085465,13462.0,2.154828411811649,0.6949806949806847,4.6407185628742464,-7.984031936127744
2025-12-10,2026,,1031.0,38.0,30.0,,,9.0,8.0,,8.0,,2.0,,,,,National,30.0,72607.0,1.3,1.8502412748288677,13628.0,3.0468750000000044,4.601226993865026,3.505007153075823,-1.590744757772955,71671.0,-0.8,-0.771169075704714,13473.0,2.672955974842761,4.195804195804187,4.008746355685133,-8.045977011494255,72271.0,1.2,-0.3461018725352316,13604.0,2.525651144435681,2.6438569206842955,4.274134119380979,-2.791014295439076,71288.0,-1.3,-1.1399251144085465,13462.0,2.154828411811649,0.6949806949806847,4.6407185628742464,-7.984031936127744
2025-12-21,2026,,859.0,32.5,33.0,,,10.0,7.5,,12.0,,2.5,,,,2.5,National,33.0,72607.0,1.3,1.8502412748288677,13628.0,3.0468750000000044,4.601226993865026,3.505007153075823,-1.590744757772955,71671.0,-0.8,-0.771169075704714,13473.0,2.672955974842761,4.195804195804187,4.008746355685133,-8.045977011494255,72271.0,1.2,-0.3461018725352316,13604.0,2.525651144435681,2.6438569206842955,4.274134119380979,-2.791014295439076,71288.0,-1.3,-1.1399251144085465,13462.0,2.154828411811649,0.6949806949806847,4.6407185628742464,-7.984031936127744
2026-01-18,2026,,1000.0,34.4,31.5,,,11.9,7.0,,7.7,,3.0,,,,0.7,National,31.5,,,1.6577293028856355,,3.108003108003099,4.317656129529679,3.4875444839857606,2.19780219780219,72607.0,1.3,1.8502412748288677,13628.0,3.0468750000000044,4.601226993865026,3.505007153075823,-1.590744757772955,71671.0,-0.8,-0.771169075704714,13473.0,2.672955974842761,4.195804195804187,4.008746355685133,-8.045977011494255,71423.0,0.2,-1.3875849119125205,13465.0,2.223987291501195,1.3281249999999911,4.305864884929478,-9.181636726546905
2026-01-22,2026,,1000.0,35.0,31.9,,,9.8,7.6,,9.6,,3.0,,,,2.3,National,31.9,,,1.6577293028856355,,3.108003108003099,4.317656129529679,3.4875444839857606,2.19780219780219,72607.0,1.3,1.8502412748288677,13628.0,3.0468750000000044,4.601226993865026,3.505007153075823,-1.590744757772955,71671.0,-0.8,-0.771169075704714,13473.0,2.672955974842761,4.195804195804187,4.008746355685133,-8.045977011494255,71423.0,0.2,-1.3875849119125205,13465.0,2.223987291501195,1.3281249999999911,4.305864884929478,-9.181636726546905
2026-01-26,2026,,881.0,30.5,34.5,,,9.0,8.5,,10.5,,3.0,,,,2.5,National,34.5,,,1.6577293028856355,,3.108003108003099,4.317656129529679,3.4875444839857606,2.19780219780219,72607.0,1.3,1.8502412748288677,13628.0,3.0468750000000044,4.601226993865026,3.505007153075823,-1.590744757772955,71671.0,-0.8,-0.771169075704714,13473.0,2.672955974842761,4.195804195804187,4.008746355685133,-8.045977011494255,71423.0,0.2,-1.3875849119125205,13465.0,2.223987291501195,1.3281249999999911,4.305864884929478,-9.181636726546905
2026-02-03,2026,,1000.0,34.1,31.3,,,10.5,6.7,,10.3,,2.9,,,,1.4,National,31.3,,,1.6577293028856355,,3.108003108003099,4.317656129529679,3.4875444839857606,2.19780219780219,72607.0,1.3,1.8502412748288677,13628.0,3.0468750000000044,4.601226993865026,3.505007153075823,-1.590744757772955,71671.0,-0.8,-0.771169075704714,13473.0,2.672955974842761,4.195804195804187,4.008746355685133,-8.045977011494255,71423.0,0.2,-1.3875849119125205,13465.0,2.223987291501195,1.3281249999999911,4.305864884929478,-9.181636726546905
